method,dataset,coverage,risk
quest_kg,cwq,0.002,1.0
quest_kg,cwq,0.004,1.0
quest_kg,cwq,0.006,1.0
quest_kg,cwq,0.008,1.0
quest_kg,cwq,0.01,1.0
quest_kg,cwq,0.012,1.0
quest_kg,cwq,0.014,1.0
quest_kg,cwq,0.016,1.0
quest_kg,cwq,0.018,0.8888888888888888
quest_kg,cwq,0.02,0.9
quest_kg,cwq,0.022,0.9090909090909091
quest_kg,cwq,0.024,0.8333333333333334
quest_kg,cwq,0.026,0.8461538461538461
quest_kg,cwq,0.028,0.8571428571428572
quest_kg,cwq,0.03,0.8666666666666667
quest_kg,cwq,0.032,0.8125
quest_kg,cwq,0.034,0.8235294117647058
quest_kg,cwq,0.036,0.8333333333333334
quest_kg,cwq,0.038,0.8421052631578947
quest_kg,cwq,0.04,0.85
quest_kg,cwq,0.042,0.8095238095238095
quest_kg,cwq,0.044,0.8181818181818181
quest_kg,cwq,0.046,0.8260869565217391
quest_kg,cwq,0.048,0.8333333333333334
quest_kg,cwq,0.05,0.84
quest_kg,cwq,0.052,0.8461538461538461
quest_kg,cwq,0.054,0.8518518518518519
quest_kg,cwq,0.056,0.8571428571428572
quest_kg,cwq,0.058,0.8620689655172413
quest_kg,cwq,0.06,0.8666666666666667
quest_kg,cwq,0.062,0.8387096774193549
quest_kg,cwq,0.064,0.84375
quest_kg,cwq,0.066,0.8484848484848485
quest_kg,cwq,0.068,0.8529411764705882
quest_kg,cwq,0.07,0.8571428571428572
quest_kg,cwq,0.072,0.8611111111111112
quest_kg,cwq,0.074,0.8648648648648649
quest_kg,cwq,0.076,0.868421052631579
quest_kg,cwq,0.078,0.8717948717948718
quest_kg,cwq,0.08,0.85
quest_kg,cwq,0.082,0.8536585365853658
quest_kg,cwq,0.084,0.8571428571428572
quest_kg,cwq,0.086,0.8604651162790697
quest_kg,cwq,0.088,0.8636363636363636
quest_kg,cwq,0.09,0.8666666666666667
quest_kg,cwq,0.092,0.8695652173913043
quest_kg,cwq,0.094,0.8723404255319149
quest_kg,cwq,0.096,0.875
quest_kg,cwq,0.098,0.8571428571428572
quest_kg,cwq,0.1,0.86
quest_kg,cwq,0.102,0.8431372549019608
quest_kg,cwq,0.104,0.8461538461538461
quest_kg,cwq,0.106,0.8490566037735849
quest_kg,cwq,0.108,0.8518518518518519
quest_kg,cwq,0.11,0.8545454545454545
quest_kg,cwq,0.112,0.8571428571428572
quest_kg,cwq,0.114,0.8596491228070176
quest_kg,cwq,0.116,0.8620689655172413
quest_kg,cwq,0.118,0.864406779661017
quest_kg,cwq,0.12,0.8666666666666667
quest_kg,cwq,0.122,0.8688524590163934
quest_kg,cwq,0.124,0.8709677419354839
quest_kg,cwq,0.126,0.873015873015873
quest_kg,cwq,0.128,0.875
quest_kg,cwq,0.13,0.8769230769230769
quest_kg,cwq,0.132,0.8787878787878788
quest_kg,cwq,0.134,0.8805970149253731
quest_kg,cwq,0.136,0.8823529411764706
quest_kg,cwq,0.138,0.8840579710144928
quest_kg,cwq,0.14,0.8857142857142857
quest_kg,cwq,0.142,0.8873239436619719
quest_kg,cwq,0.144,0.8888888888888888
quest_kg,cwq,0.146,0.8904109589041096
quest_kg,cwq,0.148,0.8918918918918919
quest_kg,cwq,0.15,0.8933333333333333
quest_kg,cwq,0.152,0.881578947368421
quest_kg,cwq,0.154,0.8831168831168831
quest_kg,cwq,0.156,0.8846153846153846
quest_kg,cwq,0.158,0.8734177215189873
quest_kg,cwq,0.16,0.875
quest_kg,cwq,0.162,0.8765432098765432
quest_kg,cwq,0.164,0.8780487804878049
quest_kg,cwq,0.166,0.8795180722891567
quest_kg,cwq,0.168,0.8809523809523809
quest_kg,cwq,0.17,0.8823529411764706
quest_kg,cwq,0.172,0.8837209302325582
quest_kg,cwq,0.174,0.8850574712643678
quest_kg,cwq,0.176,0.8863636363636364
quest_kg,cwq,0.178,0.8876404494382022
quest_kg,cwq,0.18,0.8888888888888888
quest_kg,cwq,0.182,0.8901098901098901
quest_kg,cwq,0.184,0.8913043478260869
quest_kg,cwq,0.186,0.8924731182795699
quest_kg,cwq,0.188,0.8936170212765957
quest_kg,cwq,0.19,0.8947368421052632
quest_kg,cwq,0.192,0.8854166666666666
quest_kg,cwq,0.194,0.8865979381443299
quest_kg,cwq,0.196,0.8877551020408163
quest_kg,cwq,0.198,0.8888888888888888
quest_kg,cwq,0.2,0.89
quest_kg,cwq,0.202,0.8910891089108911
quest_kg,cwq,0.204,0.8823529411764706
quest_kg,cwq,0.206,0.8737864077669903
quest_kg,cwq,0.208,0.875
quest_kg,cwq,0.21,0.8761904761904762
quest_kg,cwq,0.212,0.8773584905660378
quest_kg,cwq,0.214,0.8785046728971962
quest_kg,cwq,0.216,0.8796296296296297
quest_kg,cwq,0.218,0.8807339449541285
quest_kg,cwq,0.22,0.8818181818181818
quest_kg,cwq,0.222,0.8828828828828829
quest_kg,cwq,0.224,0.8839285714285714
quest_kg,cwq,0.226,0.8849557522123894
quest_kg,cwq,0.228,0.8859649122807017
quest_kg,cwq,0.23,0.8782608695652174
quest_kg,cwq,0.232,0.8793103448275862
quest_kg,cwq,0.234,0.8803418803418803
quest_kg,cwq,0.236,0.8728813559322034
quest_kg,cwq,0.238,0.8739495798319328
quest_kg,cwq,0.24,0.875
quest_kg,cwq,0.242,0.8760330578512396
quest_kg,cwq,0.244,0.8770491803278688
quest_kg,cwq,0.246,0.8780487804878049
quest_kg,cwq,0.248,0.8790322580645161
quest_kg,cwq,0.25,0.88
quest_kg,cwq,0.252,0.8809523809523809
quest_kg,cwq,0.254,0.8818897637795275
quest_kg,cwq,0.256,0.875
quest_kg,cwq,0.258,0.875968992248062
quest_kg,cwq,0.26,0.8692307692307693
quest_kg,cwq,0.262,0.8702290076335878
quest_kg,cwq,0.264,0.8712121212121212
quest_kg,cwq,0.266,0.8721804511278195
quest_kg,cwq,0.268,0.8731343283582089
quest_kg,cwq,0.27,0.8740740740740741
quest_kg,cwq,0.272,0.875
quest_kg,cwq,0.274,0.8759124087591241
quest_kg,cwq,0.276,0.8768115942028986
quest_kg,cwq,0.278,0.8776978417266187
quest_kg,cwq,0.28,0.8714285714285714
quest_kg,cwq,0.282,0.8723404255319149
quest_kg,cwq,0.284,0.8732394366197183
quest_kg,cwq,0.286,0.8741258741258742
quest_kg,cwq,0.288,0.875
quest_kg,cwq,0.29,0.8758620689655172
quest_kg,cwq,0.292,0.8767123287671232
quest_kg,cwq,0.294,0.8775510204081632
quest_kg,cwq,0.296,0.8783783783783784
quest_kg,cwq,0.298,0.8791946308724832
quest_kg,cwq,0.3,0.88
quest_kg,cwq,0.302,0.880794701986755
quest_kg,cwq,0.304,0.881578947368421
quest_kg,cwq,0.306,0.8823529411764706
quest_kg,cwq,0.308,0.8831168831168831
quest_kg,cwq,0.31,0.8838709677419355
quest_kg,cwq,0.312,0.8846153846153846
quest_kg,cwq,0.314,0.8853503184713376
quest_kg,cwq,0.316,0.879746835443038
quest_kg,cwq,0.318,0.8805031446540881
quest_kg,cwq,0.32,0.88125
quest_kg,cwq,0.322,0.8819875776397516
quest_kg,cwq,0.324,0.8765432098765432
quest_kg,cwq,0.326,0.8773006134969326
quest_kg,cwq,0.328,0.8780487804878049
quest_kg,cwq,0.33,0.8787878787878788
quest_kg,cwq,0.332,0.8795180722891567
quest_kg,cwq,0.334,0.8802395209580838
quest_kg,cwq,0.336,0.8809523809523809
quest_kg,cwq,0.338,0.8816568047337279
quest_kg,cwq,0.34,0.8823529411764706
quest_kg,cwq,0.342,0.8830409356725146
quest_kg,cwq,0.344,0.8837209302325582
quest_kg,cwq,0.346,0.8843930635838151
quest_kg,cwq,0.348,0.8850574712643678
quest_kg,cwq,0.35,0.8857142857142857
quest_kg,cwq,0.352,0.8863636363636364
quest_kg,cwq,0.354,0.8870056497175142
quest_kg,cwq,0.356,0.8876404494382022
quest_kg,cwq,0.358,0.888268156424581
quest_kg,cwq,0.36,0.8888888888888888
quest_kg,cwq,0.362,0.8895027624309393
quest_kg,cwq,0.364,0.8901098901098901
quest_kg,cwq,0.366,0.8907103825136612
quest_kg,cwq,0.368,0.8913043478260869
quest_kg,cwq,0.37,0.8918918918918919
quest_kg,cwq,0.372,0.8924731182795699
quest_kg,cwq,0.374,0.893048128342246
quest_kg,cwq,0.376,0.8936170212765957
quest_kg,cwq,0.378,0.8941798941798942
quest_kg,cwq,0.38,0.8947368421052632
quest_kg,cwq,0.382,0.8952879581151832
quest_kg,cwq,0.384,0.8958333333333334
quest_kg,cwq,0.386,0.8911917098445596
quest_kg,cwq,0.388,0.8917525773195876
quest_kg,cwq,0.39,0.8923076923076922
quest_kg,cwq,0.392,0.8928571428571429
quest_kg,cwq,0.394,0.8934010152284264
quest_kg,cwq,0.396,0.8939393939393939
quest_kg,cwq,0.398,0.8944723618090452
quest_kg,cwq,0.4,0.895
quest_kg,cwq,0.402,0.8955223880597015
quest_kg,cwq,0.404,0.8960396039603961
quest_kg,cwq,0.406,0.896551724137931
quest_kg,cwq,0.408,0.8970588235294118
quest_kg,cwq,0.41,0.8975609756097561
quest_kg,cwq,0.412,0.8980582524271845
quest_kg,cwq,0.414,0.8985507246376812
quest_kg,cwq,0.416,0.8990384615384616
quest_kg,cwq,0.418,0.8947368421052632
quest_kg,cwq,0.42,0.8952380952380953
quest_kg,cwq,0.422,0.8909952606635071
quest_kg,cwq,0.424,0.8915094339622641
quest_kg,cwq,0.426,0.892018779342723
quest_kg,cwq,0.428,0.8925233644859814
quest_kg,cwq,0.43,0.8930232558139535
quest_kg,cwq,0.432,0.8935185185185185
quest_kg,cwq,0.434,0.8894009216589862
quest_kg,cwq,0.436,0.8899082568807339
quest_kg,cwq,0.438,0.8904109589041096
quest_kg,cwq,0.44,0.8909090909090909
quest_kg,cwq,0.442,0.8868778280542986
quest_kg,cwq,0.444,0.8828828828828829
quest_kg,cwq,0.446,0.8834080717488789
quest_kg,cwq,0.448,0.8839285714285714
quest_kg,cwq,0.45,0.8844444444444445
quest_kg,cwq,0.452,0.8849557522123894
quest_kg,cwq,0.454,0.8810572687224669
quest_kg,cwq,0.456,0.881578947368421
quest_kg,cwq,0.458,0.8820960698689957
quest_kg,cwq,0.46,0.8782608695652174
quest_kg,cwq,0.462,0.8787878787878788
quest_kg,cwq,0.464,0.8793103448275862
quest_kg,cwq,0.466,0.8755364806866953
quest_kg,cwq,0.468,0.8717948717948718
quest_kg,cwq,0.47,0.8723404255319149
quest_kg,cwq,0.472,0.8728813559322034
quest_kg,cwq,0.474,0.8734177215189873
quest_kg,cwq,0.476,0.8739495798319328
quest_kg,cwq,0.478,0.8744769874476988
quest_kg,cwq,0.48,0.8708333333333333
quest_kg,cwq,0.482,0.8713692946058091
quest_kg,cwq,0.484,0.871900826446281
quest_kg,cwq,0.486,0.8724279835390947
quest_kg,cwq,0.488,0.8688524590163934
quest_kg,cwq,0.49,0.8693877551020408
quest_kg,cwq,0.492,0.8699186991869918
quest_kg,cwq,0.494,0.8704453441295547
quest_kg,cwq,0.496,0.8709677419354839
quest_kg,cwq,0.498,0.8714859437751004
quest_kg,cwq,0.5,0.872
quest_kg,cwq,0.502,0.8725099601593626
quest_kg,cwq,0.504,0.8690476190476191
quest_kg,cwq,0.506,0.8656126482213439
quest_kg,cwq,0.508,0.8661417322834646
quest_kg,cwq,0.51,0.8666666666666667
quest_kg,cwq,0.512,0.86328125
quest_kg,cwq,0.514,0.8638132295719845
quest_kg,cwq,0.516,0.8643410852713178
quest_kg,cwq,0.518,0.8648648648648649
quest_kg,cwq,0.52,0.8653846153846154
quest_kg,cwq,0.522,0.8659003831417624
quest_kg,cwq,0.524,0.8625954198473282
quest_kg,cwq,0.526,0.8631178707224334
quest_kg,cwq,0.528,0.8636363636363636
quest_kg,cwq,0.53,0.8641509433962264
quest_kg,cwq,0.532,0.8646616541353384
quest_kg,cwq,0.534,0.8651685393258427
quest_kg,cwq,0.536,0.8656716417910448
quest_kg,cwq,0.538,0.8661710037174721
quest_kg,cwq,0.54,0.8666666666666667
quest_kg,cwq,0.542,0.8671586715867159
quest_kg,cwq,0.544,0.8676470588235294
quest_kg,cwq,0.546,0.8681318681318682
quest_kg,cwq,0.548,0.8686131386861313
quest_kg,cwq,0.55,0.8654545454545455
quest_kg,cwq,0.552,0.8659420289855072
quest_kg,cwq,0.554,0.8664259927797834
quest_kg,cwq,0.556,0.8669064748201438
quest_kg,cwq,0.558,0.8673835125448028
quest_kg,cwq,0.56,0.8678571428571429
quest_kg,cwq,0.562,0.8683274021352313
quest_kg,cwq,0.564,0.8687943262411347
quest_kg,cwq,0.566,0.8692579505300353
quest_kg,cwq,0.568,0.869718309859155
quest_kg,cwq,0.57,0.8701754385964913
quest_kg,cwq,0.572,0.8706293706293706
quest_kg,cwq,0.574,0.8710801393728222
quest_kg,cwq,0.576,0.8715277777777778
quest_kg,cwq,0.578,0.8719723183391004
quest_kg,cwq,0.58,0.8724137931034482
quest_kg,cwq,0.582,0.872852233676976
quest_kg,cwq,0.584,0.8732876712328768
quest_kg,cwq,0.586,0.8737201365187713
quest_kg,cwq,0.588,0.8741496598639455
quest_kg,cwq,0.59,0.8745762711864407
quest_kg,cwq,0.592,0.875
quest_kg,cwq,0.594,0.8754208754208754
quest_kg,cwq,0.596,0.8758389261744967
quest_kg,cwq,0.598,0.8762541806020067
quest_kg,cwq,0.6,0.8766666666666667
quest_kg,cwq,0.602,0.8737541528239203
quest_kg,cwq,0.604,0.8741721854304636
quest_kg,cwq,0.606,0.8745874587458746
quest_kg,cwq,0.608,0.875
quest_kg,cwq,0.61,0.8754098360655738
quest_kg,cwq,0.612,0.8758169934640523
quest_kg,cwq,0.614,0.8762214983713354
quest_kg,cwq,0.616,0.8766233766233766
quest_kg,cwq,0.618,0.8770226537216829
quest_kg,cwq,0.62,0.8774193548387097
quest_kg,cwq,0.622,0.8778135048231511
quest_kg,cwq,0.624,0.8782051282051282
quest_kg,cwq,0.626,0.8753993610223643
quest_kg,cwq,0.628,0.8757961783439491
quest_kg,cwq,0.63,0.8761904761904762
quest_kg,cwq,0.632,0.8765822784810127
quest_kg,cwq,0.634,0.8769716088328076
quest_kg,cwq,0.636,0.8773584905660378
quest_kg,cwq,0.638,0.8746081504702194
quest_kg,cwq,0.64,0.875
quest_kg,cwq,0.642,0.8753894080996885
quest_kg,cwq,0.644,0.8757763975155279
quest_kg,cwq,0.646,0.8761609907120743
quest_kg,cwq,0.648,0.8765432098765432
quest_kg,cwq,0.65,0.8738461538461538
quest_kg,cwq,0.652,0.8742331288343559
quest_kg,cwq,0.654,0.8746177370030581
quest_kg,cwq,0.656,0.875
quest_kg,cwq,0.658,0.8753799392097265
quest_kg,cwq,0.66,0.8757575757575757
quest_kg,cwq,0.662,0.8761329305135952
quest_kg,cwq,0.664,0.8765060240963856
quest_kg,cwq,0.666,0.8738738738738738
quest_kg,cwq,0.668,0.8712574850299402
quest_kg,cwq,0.67,0.8716417910447761
quest_kg,cwq,0.672,0.8720238095238095
quest_kg,cwq,0.674,0.8724035608308606
quest_kg,cwq,0.676,0.8698224852071006
quest_kg,cwq,0.678,0.8702064896755162
quest_kg,cwq,0.68,0.8705882352941177
quest_kg,cwq,0.682,0.8709677419354839
quest_kg,cwq,0.684,0.8713450292397661
quest_kg,cwq,0.686,0.8717201166180758
quest_kg,cwq,0.688,0.872093023255814
quest_kg,cwq,0.69,0.8724637681159421
quest_kg,cwq,0.692,0.8728323699421965
quest_kg,cwq,0.694,0.8703170028818443
quest_kg,cwq,0.696,0.8706896551724138
quest_kg,cwq,0.698,0.8710601719197708
quest_kg,cwq,0.7,0.8714285714285714
quest_kg,cwq,0.702,0.8717948717948718
quest_kg,cwq,0.704,0.8721590909090909
quest_kg,cwq,0.706,0.8725212464589235
quest_kg,cwq,0.708,0.8700564971751412
quest_kg,cwq,0.71,0.8704225352112676
quest_kg,cwq,0.712,0.8707865168539326
quest_kg,cwq,0.714,0.8711484593837535
quest_kg,cwq,0.716,0.8715083798882681
quest_kg,cwq,0.718,0.8718662952646239
quest_kg,cwq,0.72,0.8722222222222222
quest_kg,cwq,0.722,0.8725761772853186
quest_kg,cwq,0.724,0.8729281767955801
quest_kg,cwq,0.726,0.8705234159779615
quest_kg,cwq,0.728,0.8708791208791209
quest_kg,cwq,0.73,0.8712328767123287
quest_kg,cwq,0.732,0.8715846994535519
quest_kg,cwq,0.734,0.8719346049046321
quest_kg,cwq,0.736,0.8722826086956521
quest_kg,cwq,0.738,0.8699186991869918
quest_kg,cwq,0.74,0.8702702702702703
quest_kg,cwq,0.742,0.8679245283018868
quest_kg,cwq,0.744,0.8682795698924731
quest_kg,cwq,0.746,0.868632707774799
quest_kg,cwq,0.748,0.8689839572192514
quest_kg,cwq,0.75,0.8693333333333333
quest_kg,cwq,0.752,0.8696808510638298
quest_kg,cwq,0.754,0.870026525198939
quest_kg,cwq,0.756,0.8703703703703703
quest_kg,cwq,0.758,0.8680738786279684
quest_kg,cwq,0.76,0.868421052631579
quest_kg,cwq,0.762,0.868766404199475
quest_kg,cwq,0.764,0.8691099476439791
quest_kg,cwq,0.766,0.8694516971279374
quest_kg,cwq,0.768,0.8697916666666666
quest_kg,cwq,0.77,0.8675324675324676
quest_kg,cwq,0.772,0.8678756476683938
quest_kg,cwq,0.774,0.8682170542635659
quest_kg,cwq,0.776,0.8685567010309279
quest_kg,cwq,0.778,0.8663239074550129
quest_kg,cwq,0.78,0.8666666666666667
quest_kg,cwq,0.782,0.8644501278772379
quest_kg,cwq,0.784,0.8647959183673469
quest_kg,cwq,0.786,0.8651399491094147
quest_kg,cwq,0.788,0.8654822335025381
quest_kg,cwq,0.79,0.8658227848101265
quest_kg,cwq,0.792,0.8661616161616161
quest_kg,cwq,0.794,0.8664987405541562
quest_kg,cwq,0.796,0.8668341708542714
quest_kg,cwq,0.798,0.8671679197994988
quest_kg,cwq,0.8,0.8674999999999999
quest_kg,cwq,0.802,0.8678304239401496
quest_kg,cwq,0.804,0.8681592039800995
quest_kg,cwq,0.806,0.8684863523573201
quest_kg,cwq,0.808,0.8688118811881188
quest_kg,cwq,0.81,0.8691358024691358
quest_kg,cwq,0.812,0.8694581280788177
quest_kg,cwq,0.814,0.8697788697788698
quest_kg,cwq,0.816,0.8700980392156863
quest_kg,cwq,0.818,0.8704156479217604
quest_kg,cwq,0.82,0.8707317073170732
quest_kg,cwq,0.822,0.8710462287104623
quest_kg,cwq,0.824,0.8713592233009708
quest_kg,cwq,0.826,0.8716707021791767
quest_kg,cwq,0.828,0.8719806763285024
quest_kg,cwq,0.83,0.8722891566265061
quest_kg,cwq,0.832,0.8701923076923077
quest_kg,cwq,0.834,0.8705035971223022
quest_kg,cwq,0.836,0.8708133971291866
quest_kg,cwq,0.838,0.8687350835322196
quest_kg,cwq,0.84,0.8690476190476191
quest_kg,cwq,0.842,0.8669833729216152
quest_kg,cwq,0.844,0.8672985781990521
quest_kg,cwq,0.846,0.8676122931442081
quest_kg,cwq,0.848,0.8679245283018868
quest_kg,cwq,0.85,0.8658823529411764
quest_kg,cwq,0.852,0.8661971830985915
quest_kg,cwq,0.854,0.8641686182669789
quest_kg,cwq,0.856,0.8644859813084113
quest_kg,cwq,0.858,0.8648018648018648
quest_kg,cwq,0.86,0.8651162790697674
quest_kg,cwq,0.862,0.8654292343387471
quest_kg,cwq,0.864,0.8634259259259259
quest_kg,cwq,0.866,0.8637413394919169
quest_kg,cwq,0.868,0.8617511520737327
quest_kg,cwq,0.87,0.8620689655172413
quest_kg,cwq,0.872,0.8623853211009174
quest_kg,cwq,0.874,0.8627002288329519
quest_kg,cwq,0.876,0.863013698630137
quest_kg,cwq,0.878,0.8633257403189066
quest_kg,cwq,0.88,0.8636363636363636
quest_kg,cwq,0.882,0.8639455782312925
quest_kg,cwq,0.884,0.8642533936651584
quest_kg,cwq,0.886,0.8645598194130926
quest_kg,cwq,0.888,0.8648648648648649
quest_kg,cwq,0.89,0.8651685393258427
quest_kg,cwq,0.892,0.8654708520179373
quest_kg,cwq,0.894,0.8635346756152125
quest_kg,cwq,0.896,0.8616071428571428
quest_kg,cwq,0.898,0.8619153674832962
quest_kg,cwq,0.9,0.8622222222222222
quest_kg,cwq,0.902,0.8625277161862528
quest_kg,cwq,0.904,0.8628318584070797
quest_kg,cwq,0.906,0.8631346578366446
quest_kg,cwq,0.908,0.8634361233480177
quest_kg,cwq,0.91,0.8637362637362638
quest_kg,cwq,0.912,0.8640350877192983
quest_kg,cwq,0.914,0.862144420131291
quest_kg,cwq,0.916,0.8624454148471616
quest_kg,cwq,0.918,0.8627450980392157
quest_kg,cwq,0.92,0.8630434782608696
quest_kg,cwq,0.922,0.8633405639913232
quest_kg,cwq,0.924,0.8636363636363636
quest_kg,cwq,0.926,0.8639308855291576
quest_kg,cwq,0.928,0.8620689655172413
quest_kg,cwq,0.93,0.8602150537634409
quest_kg,cwq,0.932,0.8605150214592274
quest_kg,cwq,0.934,0.8608137044967881
quest_kg,cwq,0.936,0.858974358974359
quest_kg,cwq,0.938,0.8592750533049041
quest_kg,cwq,0.94,0.8595744680851064
quest_kg,cwq,0.942,0.8598726114649682
quest_kg,cwq,0.944,0.8601694915254238
quest_kg,cwq,0.946,0.8604651162790697
quest_kg,cwq,0.948,0.8607594936708861
quest_kg,cwq,0.95,0.8610526315789474
quest_kg,cwq,0.952,0.8613445378151261
quest_kg,cwq,0.954,0.8616352201257862
quest_kg,cwq,0.956,0.8619246861924686
quest_kg,cwq,0.958,0.860125260960334
quest_kg,cwq,0.96,0.8604166666666666
quest_kg,cwq,0.962,0.8607068607068606
quest_kg,cwq,0.964,0.8609958506224067
quest_kg,cwq,0.966,0.8612836438923396
quest_kg,cwq,0.968,0.859504132231405
quest_kg,cwq,0.97,0.8597938144329897
quest_kg,cwq,0.972,0.8600823045267489
quest_kg,cwq,0.974,0.8603696098562629
quest_kg,cwq,0.976,0.860655737704918
quest_kg,cwq,0.978,0.8609406952965235
quest_kg,cwq,0.98,0.8612244897959184
quest_kg,cwq,0.982,0.8594704684317719
quest_kg,cwq,0.984,0.8597560975609756
quest_kg,cwq,0.986,0.8600405679513184
quest_kg,cwq,0.988,0.8582995951417004
quest_kg,cwq,0.99,0.8585858585858586
quest_kg,cwq,0.992,0.8588709677419355
quest_kg,cwq,0.994,0.8591549295774648
quest_kg,cwq,0.996,0.8594377510040161
quest_kg,cwq,0.998,0.8597194388777555
quest_kg,cwq,1.0,0.86
quest_kg,cwq,0.002,1.0
quest_kg,cwq,0.004,1.0
quest_kg,cwq,0.006,1.0
quest_kg,cwq,0.008,1.0
quest_kg,cwq,0.01,1.0
quest_kg,cwq,0.012,1.0
quest_kg,cwq,0.014,1.0
quest_kg,cwq,0.016,1.0
quest_kg,cwq,0.018,1.0
quest_kg,cwq,0.02,1.0
quest_kg,cwq,0.022,1.0
quest_kg,cwq,0.024,0.9166666666666666
quest_kg,cwq,0.026,0.9230769230769231
quest_kg,cwq,0.028,0.9285714285714286
quest_kg,cwq,0.03,0.9333333333333333
quest_kg,cwq,0.032,0.875
quest_kg,cwq,0.034,0.8823529411764706
quest_kg,cwq,0.036,0.8888888888888888
quest_kg,cwq,0.038,0.8947368421052632
quest_kg,cwq,0.04,0.9
quest_kg,cwq,0.042,0.8571428571428572
quest_kg,cwq,0.044,0.8636363636363636
quest_kg,cwq,0.046,0.8260869565217391
quest_kg,cwq,0.048,0.7916666666666666
quest_kg,cwq,0.05,0.8
quest_kg,cwq,0.052,0.8076923076923077
quest_kg,cwq,0.054,0.8148148148148149
quest_kg,cwq,0.056,0.8214285714285714
quest_kg,cwq,0.058,0.8275862068965517
quest_kg,cwq,0.06,0.8333333333333334
quest_kg,cwq,0.062,0.8387096774193549
quest_kg,cwq,0.064,0.84375
quest_kg,cwq,0.066,0.8484848484848485
quest_kg,cwq,0.068,0.8529411764705882
quest_kg,cwq,0.07,0.8571428571428572
quest_kg,cwq,0.072,0.8333333333333334
quest_kg,cwq,0.074,0.8378378378378378
quest_kg,cwq,0.076,0.8421052631578947
quest_kg,cwq,0.078,0.8461538461538461
quest_kg,cwq,0.08,0.85
quest_kg,cwq,0.082,0.8536585365853658
quest_kg,cwq,0.084,0.8571428571428572
quest_kg,cwq,0.086,0.8604651162790697
quest_kg,cwq,0.088,0.8636363636363636
quest_kg,cwq,0.09,0.8666666666666667
quest_kg,cwq,0.092,0.8695652173913043
quest_kg,cwq,0.094,0.8723404255319149
quest_kg,cwq,0.096,0.875
quest_kg,cwq,0.098,0.8775510204081632
quest_kg,cwq,0.1,0.88
quest_kg,cwq,0.102,0.8627450980392157
quest_kg,cwq,0.104,0.8653846153846154
quest_kg,cwq,0.106,0.8679245283018868
quest_kg,cwq,0.108,0.8703703703703703
quest_kg,cwq,0.11,0.8727272727272728
quest_kg,cwq,0.112,0.875
quest_kg,cwq,0.114,0.8771929824561404
quest_kg,cwq,0.116,0.8793103448275862
quest_kg,cwq,0.118,0.8813559322033898
quest_kg,cwq,0.12,0.8833333333333333
quest_kg,cwq,0.122,0.8852459016393442
quest_kg,cwq,0.124,0.8870967741935484
quest_kg,cwq,0.126,0.873015873015873
quest_kg,cwq,0.128,0.875
quest_kg,cwq,0.13,0.8769230769230769
quest_kg,cwq,0.132,0.8787878787878788
quest_kg,cwq,0.134,0.8805970149253731
quest_kg,cwq,0.136,0.8823529411764706
quest_kg,cwq,0.138,0.8840579710144928
quest_kg,cwq,0.14,0.8857142857142857
quest_kg,cwq,0.142,0.8873239436619719
quest_kg,cwq,0.144,0.8888888888888888
quest_kg,cwq,0.146,0.8904109589041096
quest_kg,cwq,0.148,0.8918918918918919
quest_kg,cwq,0.15,0.8933333333333333
quest_kg,cwq,0.152,0.8947368421052632
quest_kg,cwq,0.154,0.8961038961038961
quest_kg,cwq,0.156,0.8974358974358975
quest_kg,cwq,0.158,0.8987341772151899
quest_kg,cwq,0.16,0.9
quest_kg,cwq,0.162,0.9012345679012346
quest_kg,cwq,0.164,0.9024390243902439
quest_kg,cwq,0.166,0.9036144578313253
quest_kg,cwq,0.168,0.9047619047619048
quest_kg,cwq,0.17,0.9058823529411765
quest_kg,cwq,0.172,0.9069767441860466
quest_kg,cwq,0.174,0.9080459770114943
quest_kg,cwq,0.176,0.9090909090909091
quest_kg,cwq,0.178,0.9101123595505618
quest_kg,cwq,0.18,0.9111111111111111
quest_kg,cwq,0.182,0.9010989010989011
quest_kg,cwq,0.184,0.9021739130434783
quest_kg,cwq,0.186,0.9032258064516129
quest_kg,cwq,0.188,0.9042553191489362
quest_kg,cwq,0.19,0.9052631578947369
quest_kg,cwq,0.192,0.8958333333333334
quest_kg,cwq,0.194,0.8969072164948454
quest_kg,cwq,0.196,0.8979591836734694
quest_kg,cwq,0.198,0.898989898989899
quest_kg,cwq,0.2,0.9
quest_kg,cwq,0.202,0.900990099009901
quest_kg,cwq,0.204,0.892156862745098
quest_kg,cwq,0.206,0.8932038834951457
quest_kg,cwq,0.208,0.8942307692307693
quest_kg,cwq,0.21,0.8952380952380953
quest_kg,cwq,0.212,0.8962264150943396
quest_kg,cwq,0.214,0.897196261682243
quest_kg,cwq,0.216,0.8981481481481481
quest_kg,cwq,0.218,0.8990825688073394
quest_kg,cwq,0.22,0.9
quest_kg,cwq,0.222,0.8918918918918919
quest_kg,cwq,0.224,0.8839285714285714
quest_kg,cwq,0.226,0.8849557522123894
quest_kg,cwq,0.228,0.8859649122807017
quest_kg,cwq,0.23,0.8782608695652174
quest_kg,cwq,0.232,0.8793103448275862
quest_kg,cwq,0.234,0.8803418803418803
quest_kg,cwq,0.236,0.8813559322033898
quest_kg,cwq,0.238,0.8823529411764706
quest_kg,cwq,0.24,0.8833333333333333
quest_kg,cwq,0.242,0.884297520661157
quest_kg,cwq,0.244,0.8852459016393442
quest_kg,cwq,0.246,0.8780487804878049
quest_kg,cwq,0.248,0.8709677419354839
quest_kg,cwq,0.25,0.872
quest_kg,cwq,0.252,0.873015873015873
quest_kg,cwq,0.254,0.8740157480314961
quest_kg,cwq,0.256,0.8671875
quest_kg,cwq,0.258,0.8682170542635659
quest_kg,cwq,0.26,0.8615384615384616
quest_kg,cwq,0.262,0.8625954198473282
quest_kg,cwq,0.264,0.8636363636363636
quest_kg,cwq,0.266,0.8646616541353384
quest_kg,cwq,0.268,0.8656716417910448
quest_kg,cwq,0.27,0.8666666666666667
quest_kg,cwq,0.272,0.8676470588235294
quest_kg,cwq,0.274,0.8686131386861313
quest_kg,cwq,0.276,0.8695652173913043
quest_kg,cwq,0.278,0.8705035971223022
quest_kg,cwq,0.28,0.8642857142857143
quest_kg,cwq,0.282,0.8652482269503546
quest_kg,cwq,0.284,0.8661971830985915
quest_kg,cwq,0.286,0.8671328671328671
quest_kg,cwq,0.288,0.8680555555555556
quest_kg,cwq,0.29,0.8689655172413793
quest_kg,cwq,0.292,0.8698630136986302
quest_kg,cwq,0.294,0.8707482993197279
quest_kg,cwq,0.296,0.8716216216216216
quest_kg,cwq,0.298,0.87248322147651
quest_kg,cwq,0.3,0.8733333333333333
quest_kg,cwq,0.302,0.8675496688741722
quest_kg,cwq,0.304,0.868421052631579
quest_kg,cwq,0.306,0.869281045751634
quest_kg,cwq,0.308,0.8701298701298701
quest_kg,cwq,0.31,0.8709677419354839
quest_kg,cwq,0.312,0.8717948717948718
quest_kg,cwq,0.314,0.8726114649681529
quest_kg,cwq,0.316,0.8670886075949367
quest_kg,cwq,0.318,0.8679245283018868
quest_kg,cwq,0.32,0.86875
quest_kg,cwq,0.322,0.8695652173913043
quest_kg,cwq,0.324,0.8641975308641976
quest_kg,cwq,0.326,0.8650306748466258
quest_kg,cwq,0.328,0.8658536585365854
quest_kg,cwq,0.33,0.8666666666666667
quest_kg,cwq,0.332,0.8674698795180723
quest_kg,cwq,0.334,0.8682634730538922
quest_kg,cwq,0.336,0.8690476190476191
quest_kg,cwq,0.338,0.8698224852071006
quest_kg,cwq,0.34,0.8705882352941177
quest_kg,cwq,0.342,0.8713450292397661
quest_kg,cwq,0.344,0.872093023255814
quest_kg,cwq,0.346,0.8728323699421965
quest_kg,cwq,0.348,0.8735632183908046
quest_kg,cwq,0.35,0.8742857142857143
quest_kg,cwq,0.352,0.875
quest_kg,cwq,0.354,0.8757062146892656
quest_kg,cwq,0.356,0.8764044943820225
quest_kg,cwq,0.358,0.8770949720670391
quest_kg,cwq,0.36,0.8777777777777778
quest_kg,cwq,0.362,0.8784530386740331
quest_kg,cwq,0.364,0.8791208791208791
quest_kg,cwq,0.366,0.8797814207650273
quest_kg,cwq,0.368,0.8804347826086957
quest_kg,cwq,0.37,0.8810810810810811
quest_kg,cwq,0.372,0.8817204301075269
quest_kg,cwq,0.374,0.8823529411764706
quest_kg,cwq,0.376,0.8829787234042553
quest_kg,cwq,0.378,0.8835978835978836
quest_kg,cwq,0.38,0.8842105263157894
quest_kg,cwq,0.382,0.8848167539267016
quest_kg,cwq,0.384,0.8854166666666666
quest_kg,cwq,0.386,0.8808290155440415
quest_kg,cwq,0.388,0.8814432989690721
quest_kg,cwq,0.39,0.882051282051282
quest_kg,cwq,0.392,0.8826530612244898
quest_kg,cwq,0.394,0.883248730964467
quest_kg,cwq,0.396,0.8838383838383839
quest_kg,cwq,0.398,0.8844221105527639
quest_kg,cwq,0.4,0.885
quest_kg,cwq,0.402,0.8855721393034826
quest_kg,cwq,0.404,0.8861386138613861
quest_kg,cwq,0.406,0.8866995073891626
quest_kg,cwq,0.408,0.8872549019607843
quest_kg,cwq,0.41,0.8878048780487805
quest_kg,cwq,0.412,0.8883495145631068
quest_kg,cwq,0.414,0.8888888888888888
quest_kg,cwq,0.416,0.8894230769230769
quest_kg,cwq,0.418,0.8851674641148325
quest_kg,cwq,0.42,0.8857142857142857
quest_kg,cwq,0.422,0.8815165876777251
quest_kg,cwq,0.424,0.8820754716981132
quest_kg,cwq,0.426,0.8826291079812206
quest_kg,cwq,0.428,0.883177570093458
quest_kg,cwq,0.43,0.8837209302325582
quest_kg,cwq,0.432,0.8842592592592593
quest_kg,cwq,0.434,0.880184331797235
quest_kg,cwq,0.436,0.8807339449541285
quest_kg,cwq,0.438,0.8812785388127854
quest_kg,cwq,0.44,0.8818181818181818
quest_kg,cwq,0.442,0.8823529411764706
quest_kg,cwq,0.444,0.8783783783783784
quest_kg,cwq,0.446,0.8789237668161435
quest_kg,cwq,0.448,0.8794642857142857
quest_kg,cwq,0.45,0.88
quest_kg,cwq,0.452,0.8805309734513275
quest_kg,cwq,0.454,0.8766519823788547
quest_kg,cwq,0.456,0.8771929824561404
quest_kg,cwq,0.458,0.8777292576419214
quest_kg,cwq,0.46,0.8782608695652174
quest_kg,cwq,0.462,0.8787878787878788
quest_kg,cwq,0.464,0.8793103448275862
quest_kg,cwq,0.466,0.8798283261802575
quest_kg,cwq,0.468,0.8760683760683761
quest_kg,cwq,0.47,0.8765957446808511
quest_kg,cwq,0.472,0.8771186440677966
quest_kg,cwq,0.474,0.8776371308016877
quest_kg,cwq,0.476,0.8781512605042017
quest_kg,cwq,0.478,0.8786610878661087
quest_kg,cwq,0.48,0.875
quest_kg,cwq,0.482,0.8755186721991701
quest_kg,cwq,0.484,0.8760330578512396
quest_kg,cwq,0.486,0.8765432098765432
quest_kg,cwq,0.488,0.8729508196721312
quest_kg,cwq,0.49,0.8734693877551021
quest_kg,cwq,0.492,0.8739837398373984
quest_kg,cwq,0.494,0.8744939271255061
quest_kg,cwq,0.496,0.875
quest_kg,cwq,0.498,0.8714859437751004
quest_kg,cwq,0.5,0.872
quest_kg,cwq,0.502,0.8725099601593626
quest_kg,cwq,0.504,0.8690476190476191
quest_kg,cwq,0.506,0.8656126482213439
quest_kg,cwq,0.508,0.8661417322834646
quest_kg,cwq,0.51,0.8666666666666667
quest_kg,cwq,0.512,0.8671875
quest_kg,cwq,0.514,0.867704280155642
quest_kg,cwq,0.516,0.8682170542635659
quest_kg,cwq,0.518,0.8687258687258688
quest_kg,cwq,0.52,0.8692307692307693
quest_kg,cwq,0.522,0.8697318007662835
quest_kg,cwq,0.524,0.8702290076335878
quest_kg,cwq,0.526,0.870722433460076
quest_kg,cwq,0.528,0.8712121212121212
quest_kg,cwq,0.53,0.8716981132075472
quest_kg,cwq,0.532,0.8721804511278195
quest_kg,cwq,0.534,0.8726591760299626
quest_kg,cwq,0.536,0.8731343283582089
quest_kg,cwq,0.538,0.8736059479553904
quest_kg,cwq,0.54,0.8740740740740741
quest_kg,cwq,0.542,0.8745387453874539
quest_kg,cwq,0.544,0.875
quest_kg,cwq,0.546,0.8754578754578755
quest_kg,cwq,0.548,0.8759124087591241
quest_kg,cwq,0.55,0.8727272727272728
quest_kg,cwq,0.552,0.8731884057971014
quest_kg,cwq,0.554,0.8736462093862816
quest_kg,cwq,0.556,0.8741007194244604
quest_kg,cwq,0.558,0.8745519713261649
quest_kg,cwq,0.56,0.875
quest_kg,cwq,0.562,0.8754448398576512
quest_kg,cwq,0.564,0.875886524822695
quest_kg,cwq,0.566,0.8763250883392226
quest_kg,cwq,0.568,0.8767605633802817
quest_kg,cwq,0.57,0.8771929824561404
quest_kg,cwq,0.572,0.8776223776223776
quest_kg,cwq,0.574,0.8780487804878049
quest_kg,cwq,0.576,0.8784722222222222
quest_kg,cwq,0.578,0.8788927335640139
quest_kg,cwq,0.58,0.8793103448275862
quest_kg,cwq,0.582,0.8797250859106529
quest_kg,cwq,0.584,0.8801369863013698
quest_kg,cwq,0.586,0.8805460750853242
quest_kg,cwq,0.588,0.8809523809523809
quest_kg,cwq,0.59,0.8813559322033898
quest_kg,cwq,0.592,0.8817567567567568
quest_kg,cwq,0.594,0.8821548821548821
quest_kg,cwq,0.596,0.8825503355704698
quest_kg,cwq,0.598,0.882943143812709
quest_kg,cwq,0.6,0.8833333333333333
quest_kg,cwq,0.602,0.8803986710963455
quest_kg,cwq,0.604,0.880794701986755
quest_kg,cwq,0.606,0.8811881188118812
quest_kg,cwq,0.608,0.881578947368421
quest_kg,cwq,0.61,0.8819672131147541
quest_kg,cwq,0.612,0.8823529411764706
quest_kg,cwq,0.614,0.8827361563517915
quest_kg,cwq,0.616,0.8831168831168831
quest_kg,cwq,0.618,0.883495145631068
quest_kg,cwq,0.62,0.8838709677419355
quest_kg,cwq,0.622,0.8842443729903537
quest_kg,cwq,0.624,0.8846153846153846
quest_kg,cwq,0.626,0.8817891373801917
quest_kg,cwq,0.628,0.8821656050955414
quest_kg,cwq,0.63,0.8825396825396825
quest_kg,cwq,0.632,0.8829113924050633
quest_kg,cwq,0.634,0.8832807570977919
quest_kg,cwq,0.636,0.8836477987421384
quest_kg,cwq,0.638,0.8840125391849529
quest_kg,cwq,0.64,0.884375
quest_kg,cwq,0.642,0.8847352024922118
quest_kg,cwq,0.644,0.8850931677018634
quest_kg,cwq,0.646,0.8854489164086687
quest_kg,cwq,0.648,0.8858024691358025
quest_kg,cwq,0.65,0.8830769230769231
quest_kg,cwq,0.652,0.8834355828220859
quest_kg,cwq,0.654,0.8837920489296636
quest_kg,cwq,0.656,0.8841463414634146
quest_kg,cwq,0.658,0.8844984802431611
quest_kg,cwq,0.66,0.8848484848484849
quest_kg,cwq,0.662,0.8851963746223565
quest_kg,cwq,0.664,0.8855421686746988
quest_kg,cwq,0.666,0.8828828828828829
quest_kg,cwq,0.668,0.8802395209580838
quest_kg,cwq,0.67,0.8805970149253731
quest_kg,cwq,0.672,0.8809523809523809
quest_kg,cwq,0.674,0.8813056379821959
quest_kg,cwq,0.676,0.8816568047337279
quest_kg,cwq,0.678,0.8820058997050148
quest_kg,cwq,0.68,0.8823529411764706
quest_kg,cwq,0.682,0.8826979472140762
quest_kg,cwq,0.684,0.8830409356725146
quest_kg,cwq,0.686,0.8833819241982508
quest_kg,cwq,0.688,0.8837209302325582
quest_kg,cwq,0.69,0.8840579710144928
quest_kg,cwq,0.692,0.8843930635838151
quest_kg,cwq,0.694,0.8818443804034583
quest_kg,cwq,0.696,0.882183908045977
quest_kg,cwq,0.698,0.8825214899713467
quest_kg,cwq,0.7,0.8828571428571429
quest_kg,cwq,0.702,0.8831908831908832
quest_kg,cwq,0.704,0.8835227272727273
quest_kg,cwq,0.706,0.8838526912181304
quest_kg,cwq,0.708,0.884180790960452
quest_kg,cwq,0.71,0.8845070422535212
quest_kg,cwq,0.712,0.8848314606741573
quest_kg,cwq,0.714,0.8851540616246498
quest_kg,cwq,0.716,0.8854748603351955
quest_kg,cwq,0.718,0.8857938718662952
quest_kg,cwq,0.72,0.8861111111111111
quest_kg,cwq,0.722,0.8864265927977839
quest_kg,cwq,0.724,0.8867403314917127
quest_kg,cwq,0.726,0.8870523415977961
quest_kg,cwq,0.728,0.8873626373626373
quest_kg,cwq,0.73,0.8876712328767123
quest_kg,cwq,0.732,0.8879781420765027
quest_kg,cwq,0.734,0.888283378746594
quest_kg,cwq,0.736,0.8885869565217391
quest_kg,cwq,0.738,0.8888888888888888
quest_kg,cwq,0.74,0.8891891891891892
quest_kg,cwq,0.742,0.8867924528301887
quest_kg,cwq,0.744,0.8844086021505376
quest_kg,cwq,0.746,0.8847184986595175
quest_kg,cwq,0.748,0.8850267379679144
quest_kg,cwq,0.75,0.8853333333333333
quest_kg,cwq,0.752,0.8856382978723404
quest_kg,cwq,0.754,0.8859416445623343
quest_kg,cwq,0.756,0.8862433862433863
quest_kg,cwq,0.758,0.8865435356200527
quest_kg,cwq,0.76,0.8868421052631579
quest_kg,cwq,0.762,0.8871391076115486
quest_kg,cwq,0.764,0.8848167539267016
quest_kg,cwq,0.766,0.8851174934725848
quest_kg,cwq,0.768,0.8854166666666666
quest_kg,cwq,0.77,0.8831168831168831
quest_kg,cwq,0.772,0.883419689119171
quest_kg,cwq,0.774,0.8837209302325582
quest_kg,cwq,0.776,0.884020618556701
quest_kg,cwq,0.778,0.884318766066838
quest_kg,cwq,0.78,0.8846153846153846
quest_kg,cwq,0.782,0.8823529411764706
quest_kg,cwq,0.784,0.8826530612244898
quest_kg,cwq,0.786,0.8829516539440203
quest_kg,cwq,0.788,0.883248730964467
quest_kg,cwq,0.79,0.8835443037974684
quest_kg,cwq,0.792,0.8838383838383839
quest_kg,cwq,0.794,0.8841309823677582
quest_kg,cwq,0.796,0.8844221105527639
quest_kg,cwq,0.798,0.8847117794486216
quest_kg,cwq,0.8,0.885
quest_kg,cwq,0.802,0.885286783042394
quest_kg,cwq,0.804,0.8830845771144279
quest_kg,cwq,0.806,0.8833746898263027
quest_kg,cwq,0.808,0.8836633663366337
quest_kg,cwq,0.81,0.8839506172839506
quest_kg,cwq,0.812,0.8842364532019704
quest_kg,cwq,0.814,0.8845208845208845
quest_kg,cwq,0.816,0.8848039215686274
quest_kg,cwq,0.818,0.8850855745721271
quest_kg,cwq,0.82,0.8853658536585366
quest_kg,cwq,0.822,0.8856447688564477
quest_kg,cwq,0.824,0.8859223300970873
quest_kg,cwq,0.826,0.8861985472154964
quest_kg,cwq,0.828,0.8864734299516908
quest_kg,cwq,0.83,0.8867469879518073
quest_kg,cwq,0.832,0.8870192307692307
quest_kg,cwq,0.834,0.8872901678657075
quest_kg,cwq,0.836,0.8875598086124402
quest_kg,cwq,0.838,0.8878281622911695
quest_kg,cwq,0.84,0.888095238095238
quest_kg,cwq,0.842,0.8883610451306413
quest_kg,cwq,0.844,0.8886255924170616
quest_kg,cwq,0.846,0.8888888888888888
quest_kg,cwq,0.848,0.8891509433962264
quest_kg,cwq,0.85,0.8894117647058823
quest_kg,cwq,0.852,0.8896713615023474
quest_kg,cwq,0.854,0.8875878220140515
quest_kg,cwq,0.856,0.8878504672897196
quest_kg,cwq,0.858,0.8881118881118881
quest_kg,cwq,0.86,0.8883720930232558
quest_kg,cwq,0.862,0.888631090487239
quest_kg,cwq,0.864,0.8865740740740741
quest_kg,cwq,0.866,0.8868360277136259
quest_kg,cwq,0.868,0.8847926267281105
quest_kg,cwq,0.87,0.8850574712643678
quest_kg,cwq,0.872,0.8853211009174312
quest_kg,cwq,0.874,0.88558352402746
quest_kg,cwq,0.876,0.8858447488584476
quest_kg,cwq,0.878,0.8861047835990888
quest_kg,cwq,0.88,0.8863636363636364
quest_kg,cwq,0.882,0.8866213151927438
quest_kg,cwq,0.884,0.8868778280542986
quest_kg,cwq,0.886,0.8871331828442438
quest_kg,cwq,0.888,0.8873873873873874
quest_kg,cwq,0.89,0.8876404494382022
quest_kg,cwq,0.892,0.8878923766816144
quest_kg,cwq,0.894,0.8881431767337807
quest_kg,cwq,0.896,0.8883928571428571
quest_kg,cwq,0.898,0.888641425389755
quest_kg,cwq,0.9,0.8888888888888888
quest_kg,cwq,0.902,0.8891352549889135
quest_kg,cwq,0.904,0.8871681415929203
quest_kg,cwq,0.906,0.8874172185430463
quest_kg,cwq,0.908,0.8876651982378855
quest_kg,cwq,0.91,0.8879120879120879
quest_kg,cwq,0.912,0.8881578947368421
quest_kg,cwq,0.914,0.886214442013129
quest_kg,cwq,0.916,0.8842794759825328
quest_kg,cwq,0.918,0.8823529411764706
quest_kg,cwq,0.92,0.8826086956521739
quest_kg,cwq,0.922,0.8828633405639913
quest_kg,cwq,0.924,0.8831168831168831
quest_kg,cwq,0.926,0.8833693304535637
quest_kg,cwq,0.928,0.8836206896551724
quest_kg,cwq,0.93,0.8817204301075269
quest_kg,cwq,0.932,0.8819742489270386
quest_kg,cwq,0.934,0.8822269807280514
quest_kg,cwq,0.936,0.8803418803418803
quest_kg,cwq,0.938,0.8805970149253731
quest_kg,cwq,0.94,0.8808510638297873
quest_kg,cwq,0.942,0.881104033970276
quest_kg,cwq,0.944,0.8813559322033898
quest_kg,cwq,0.946,0.8816067653276956
quest_kg,cwq,0.948,0.8818565400843882
quest_kg,cwq,0.95,0.8821052631578947
quest_kg,cwq,0.952,0.8823529411764706
quest_kg,cwq,0.954,0.8825995807127882
quest_kg,cwq,0.956,0.8828451882845189
quest_kg,cwq,0.958,0.8830897703549061
quest_kg,cwq,0.96,0.8833333333333333
quest_kg,cwq,0.962,0.8835758835758836
quest_kg,cwq,0.964,0.8838174273858921
quest_kg,cwq,0.966,0.8840579710144928
quest_kg,cwq,0.968,0.884297520661157
quest_kg,cwq,0.97,0.8845360824742268
quest_kg,cwq,0.972,0.8847736625514403
quest_kg,cwq,0.974,0.8850102669404517
quest_kg,cwq,0.976,0.8852459016393442
quest_kg,cwq,0.978,0.885480572597137
quest_kg,cwq,0.98,0.8857142857142857
quest_kg,cwq,0.982,0.8859470468431772
quest_kg,cwq,0.984,0.8861788617886179
quest_kg,cwq,0.986,0.8864097363083164
quest_kg,cwq,0.988,0.8846153846153846
quest_kg,cwq,0.99,0.8848484848484849
quest_kg,cwq,0.992,0.8850806451612904
quest_kg,cwq,0.994,0.8853118712273642
quest_kg,cwq,0.996,0.8855421686746988
quest_kg,cwq,0.998,0.8857715430861723
quest_kg,cwq,1.0,0.886
quest_kg,cwq,0.002,1.0
quest_kg,cwq,0.004,1.0
quest_kg,cwq,0.006,1.0
quest_kg,cwq,0.008,1.0
quest_kg,cwq,0.01,1.0
quest_kg,cwq,0.012,1.0
quest_kg,cwq,0.014,1.0
quest_kg,cwq,0.016,1.0
quest_kg,cwq,0.018,1.0
quest_kg,cwq,0.02,0.9
quest_kg,cwq,0.022,0.9090909090909091
quest_kg,cwq,0.024,0.8333333333333334
quest_kg,cwq,0.026,0.8461538461538461
quest_kg,cwq,0.028,0.8571428571428572
quest_kg,cwq,0.03,0.8666666666666667
quest_kg,cwq,0.032,0.875
quest_kg,cwq,0.034,0.8823529411764706
quest_kg,cwq,0.036,0.8888888888888888
quest_kg,cwq,0.038,0.8947368421052632
quest_kg,cwq,0.04,0.9
quest_kg,cwq,0.042,0.9047619047619048
quest_kg,cwq,0.044,0.9090909090909091
quest_kg,cwq,0.046,0.9130434782608696
quest_kg,cwq,0.048,0.9166666666666666
quest_kg,cwq,0.05,0.92
quest_kg,cwq,0.052,0.9230769230769231
quest_kg,cwq,0.054,0.9259259259259259
quest_kg,cwq,0.056,0.9285714285714286
quest_kg,cwq,0.058,0.9310344827586207
quest_kg,cwq,0.06,0.9333333333333333
quest_kg,cwq,0.062,0.935483870967742
quest_kg,cwq,0.064,0.9375
quest_kg,cwq,0.066,0.9393939393939394
quest_kg,cwq,0.068,0.9411764705882353
quest_kg,cwq,0.07,0.9428571428571428
quest_kg,cwq,0.072,0.9444444444444444
quest_kg,cwq,0.074,0.9459459459459459
quest_kg,cwq,0.076,0.9473684210526316
quest_kg,cwq,0.078,0.9487179487179487
quest_kg,cwq,0.08,0.95
quest_kg,cwq,0.082,0.9512195121951219
quest_kg,cwq,0.084,0.9523809523809523
quest_kg,cwq,0.086,0.9534883720930233
quest_kg,cwq,0.088,0.9545454545454546
quest_kg,cwq,0.09,0.9555555555555556
quest_kg,cwq,0.092,0.9565217391304348
quest_kg,cwq,0.094,0.9574468085106383
quest_kg,cwq,0.096,0.9583333333333334
quest_kg,cwq,0.098,0.9591836734693877
quest_kg,cwq,0.1,0.96
quest_kg,cwq,0.102,0.9411764705882353
quest_kg,cwq,0.104,0.9423076923076923
quest_kg,cwq,0.106,0.9433962264150944
quest_kg,cwq,0.108,0.9444444444444444
quest_kg,cwq,0.11,0.9454545454545454
quest_kg,cwq,0.112,0.9464285714285714
quest_kg,cwq,0.114,0.9473684210526316
quest_kg,cwq,0.116,0.9482758620689655
quest_kg,cwq,0.118,0.9491525423728814
quest_kg,cwq,0.12,0.95
quest_kg,cwq,0.122,0.9508196721311475
quest_kg,cwq,0.124,0.935483870967742
quest_kg,cwq,0.126,0.9206349206349207
quest_kg,cwq,0.128,0.921875
quest_kg,cwq,0.13,0.9230769230769231
quest_kg,cwq,0.132,0.9242424242424242
quest_kg,cwq,0.134,0.9253731343283582
quest_kg,cwq,0.136,0.9264705882352942
quest_kg,cwq,0.138,0.927536231884058
quest_kg,cwq,0.14,0.9285714285714286
quest_kg,cwq,0.142,0.9295774647887324
quest_kg,cwq,0.144,0.9305555555555556
quest_kg,cwq,0.146,0.9315068493150684
quest_kg,cwq,0.148,0.9324324324324325
quest_kg,cwq,0.15,0.9333333333333333
quest_kg,cwq,0.152,0.9342105263157895
quest_kg,cwq,0.154,0.935064935064935
quest_kg,cwq,0.156,0.9358974358974359
quest_kg,cwq,0.158,0.9367088607594937
quest_kg,cwq,0.16,0.9375
quest_kg,cwq,0.162,0.9382716049382716
quest_kg,cwq,0.164,0.9390243902439024
quest_kg,cwq,0.166,0.9397590361445783
quest_kg,cwq,0.168,0.9404761904761905
quest_kg,cwq,0.17,0.9411764705882353
quest_kg,cwq,0.172,0.9418604651162791
quest_kg,cwq,0.174,0.9425287356321839
quest_kg,cwq,0.176,0.9431818181818182
quest_kg,cwq,0.178,0.9438202247191011
quest_kg,cwq,0.18,0.9444444444444444
quest_kg,cwq,0.182,0.945054945054945
quest_kg,cwq,0.184,0.9456521739130435
quest_kg,cwq,0.186,0.946236559139785
quest_kg,cwq,0.188,0.9468085106382979
quest_kg,cwq,0.19,0.9473684210526316
quest_kg,cwq,0.192,0.9375
quest_kg,cwq,0.194,0.9381443298969072
quest_kg,cwq,0.196,0.9387755102040817
quest_kg,cwq,0.198,0.9393939393939394
quest_kg,cwq,0.2,0.94
quest_kg,cwq,0.202,0.9405940594059405
quest_kg,cwq,0.204,0.9411764705882353
quest_kg,cwq,0.206,0.9320388349514563
quest_kg,cwq,0.208,0.9326923076923077
quest_kg,cwq,0.21,0.9333333333333333
quest_kg,cwq,0.212,0.9245283018867925
quest_kg,cwq,0.214,0.9252336448598131
quest_kg,cwq,0.216,0.9259259259259259
quest_kg,cwq,0.218,0.926605504587156
quest_kg,cwq,0.22,0.9272727272727272
quest_kg,cwq,0.222,0.9279279279279279
quest_kg,cwq,0.224,0.9196428571428571
quest_kg,cwq,0.226,0.9203539823008849
quest_kg,cwq,0.228,0.9210526315789473
quest_kg,cwq,0.23,0.9217391304347826
quest_kg,cwq,0.232,0.9224137931034483
quest_kg,cwq,0.234,0.9230769230769231
quest_kg,cwq,0.236,0.923728813559322
quest_kg,cwq,0.238,0.9243697478991597
quest_kg,cwq,0.24,0.925
quest_kg,cwq,0.242,0.9256198347107438
quest_kg,cwq,0.244,0.9262295081967213
quest_kg,cwq,0.246,0.926829268292683
quest_kg,cwq,0.248,0.9274193548387096
quest_kg,cwq,0.25,0.928
quest_kg,cwq,0.252,0.9285714285714286
quest_kg,cwq,0.254,0.9291338582677166
quest_kg,cwq,0.256,0.921875
quest_kg,cwq,0.258,0.9224806201550387
quest_kg,cwq,0.26,0.9153846153846154
quest_kg,cwq,0.262,0.916030534351145
quest_kg,cwq,0.264,0.9166666666666666
quest_kg,cwq,0.266,0.9172932330827068
quest_kg,cwq,0.268,0.917910447761194
quest_kg,cwq,0.27,0.9185185185185185
quest_kg,cwq,0.272,0.9191176470588235
quest_kg,cwq,0.274,0.9197080291970803
quest_kg,cwq,0.276,0.9202898550724637
quest_kg,cwq,0.278,0.920863309352518
quest_kg,cwq,0.28,0.9214285714285715
quest_kg,cwq,0.282,0.9219858156028369
quest_kg,cwq,0.284,0.9225352112676056
quest_kg,cwq,0.286,0.9230769230769231
quest_kg,cwq,0.288,0.9236111111111112
quest_kg,cwq,0.29,0.9241379310344827
quest_kg,cwq,0.292,0.9246575342465754
quest_kg,cwq,0.294,0.9251700680272109
quest_kg,cwq,0.296,0.9256756756756757
quest_kg,cwq,0.298,0.9194630872483222
quest_kg,cwq,0.3,0.92
quest_kg,cwq,0.302,0.9205298013245033
quest_kg,cwq,0.304,0.9210526315789473
quest_kg,cwq,0.306,0.9215686274509804
quest_kg,cwq,0.308,0.922077922077922
quest_kg,cwq,0.31,0.9225806451612903
quest_kg,cwq,0.312,0.9230769230769231
quest_kg,cwq,0.314,0.9235668789808917
quest_kg,cwq,0.316,0.9240506329113924
quest_kg,cwq,0.318,0.9245283018867925
quest_kg,cwq,0.32,0.925
quest_kg,cwq,0.322,0.9254658385093167
quest_kg,cwq,0.324,0.9197530864197531
quest_kg,cwq,0.326,0.9202453987730062
quest_kg,cwq,0.328,0.9207317073170732
quest_kg,cwq,0.33,0.9212121212121213
quest_kg,cwq,0.332,0.9216867469879518
quest_kg,cwq,0.334,0.9221556886227544
quest_kg,cwq,0.336,0.9226190476190477
quest_kg,cwq,0.338,0.9230769230769231
quest_kg,cwq,0.34,0.9235294117647059
quest_kg,cwq,0.342,0.9239766081871346
quest_kg,cwq,0.344,0.9244186046511628
quest_kg,cwq,0.346,0.9248554913294798
quest_kg,cwq,0.348,0.9252873563218391
quest_kg,cwq,0.35,0.9257142857142857
quest_kg,cwq,0.352,0.9261363636363636
quest_kg,cwq,0.354,0.9265536723163842
quest_kg,cwq,0.356,0.9269662921348315
quest_kg,cwq,0.358,0.9273743016759777
quest_kg,cwq,0.36,0.9277777777777778
quest_kg,cwq,0.362,0.9281767955801105
quest_kg,cwq,0.364,0.9285714285714286
quest_kg,cwq,0.366,0.9289617486338798
quest_kg,cwq,0.368,0.9293478260869565
quest_kg,cwq,0.37,0.9297297297297298
quest_kg,cwq,0.372,0.9301075268817205
quest_kg,cwq,0.374,0.9304812834224598
quest_kg,cwq,0.376,0.9308510638297872
quest_kg,cwq,0.378,0.9312169312169312
quest_kg,cwq,0.38,0.9315789473684211
quest_kg,cwq,0.382,0.9319371727748691
quest_kg,cwq,0.384,0.9322916666666666
quest_kg,cwq,0.386,0.9326424870466321
quest_kg,cwq,0.388,0.9329896907216495
quest_kg,cwq,0.39,0.9333333333333333
quest_kg,cwq,0.392,0.9336734693877551
quest_kg,cwq,0.394,0.934010152284264
quest_kg,cwq,0.396,0.9343434343434344
quest_kg,cwq,0.398,0.9346733668341709
quest_kg,cwq,0.4,0.935
quest_kg,cwq,0.402,0.9303482587064676
quest_kg,cwq,0.404,0.9306930693069306
quest_kg,cwq,0.406,0.9310344827586207
quest_kg,cwq,0.408,0.9313725490196079
quest_kg,cwq,0.41,0.9317073170731707
quest_kg,cwq,0.412,0.9320388349514563
quest_kg,cwq,0.414,0.9323671497584541
quest_kg,cwq,0.416,0.9326923076923077
quest_kg,cwq,0.418,0.9330143540669856
quest_kg,cwq,0.42,0.9333333333333333
quest_kg,cwq,0.422,0.9289099526066351
quest_kg,cwq,0.424,0.9292452830188679
quest_kg,cwq,0.426,0.9295774647887324
quest_kg,cwq,0.428,0.9299065420560748
quest_kg,cwq,0.43,0.9302325581395349
quest_kg,cwq,0.432,0.9305555555555556
quest_kg,cwq,0.434,0.9262672811059908
quest_kg,cwq,0.436,0.926605504587156
quest_kg,cwq,0.438,0.9269406392694064
quest_kg,cwq,0.44,0.9272727272727272
quest_kg,cwq,0.442,0.9230769230769231
quest_kg,cwq,0.444,0.9189189189189189
quest_kg,cwq,0.446,0.9192825112107623
quest_kg,cwq,0.448,0.9196428571428571
quest_kg,cwq,0.45,0.92
quest_kg,cwq,0.452,0.9203539823008849
quest_kg,cwq,0.454,0.920704845814978
quest_kg,cwq,0.456,0.9210526315789473
quest_kg,cwq,0.458,0.9213973799126638
quest_kg,cwq,0.46,0.9217391304347826
quest_kg,cwq,0.462,0.922077922077922
quest_kg,cwq,0.464,0.9224137931034483
quest_kg,cwq,0.466,0.9227467811158798
quest_kg,cwq,0.468,0.9188034188034188
quest_kg,cwq,0.47,0.9191489361702128
quest_kg,cwq,0.472,0.9194915254237288
quest_kg,cwq,0.474,0.919831223628692
quest_kg,cwq,0.476,0.9201680672268908
quest_kg,cwq,0.478,0.9205020920502092
quest_kg,cwq,0.48,0.9166666666666666
quest_kg,cwq,0.482,0.91701244813278
quest_kg,cwq,0.484,0.9173553719008265
quest_kg,cwq,0.486,0.9135802469135803
quest_kg,cwq,0.488,0.9098360655737705
quest_kg,cwq,0.49,0.9061224489795918
quest_kg,cwq,0.492,0.9065040650406504
quest_kg,cwq,0.494,0.9068825910931174
quest_kg,cwq,0.496,0.907258064516129
quest_kg,cwq,0.498,0.9076305220883534
quest_kg,cwq,0.5,0.908
quest_kg,cwq,0.502,0.9083665338645418
quest_kg,cwq,0.504,0.9047619047619048
quest_kg,cwq,0.506,0.9011857707509882
quest_kg,cwq,0.508,0.9015748031496063
quest_kg,cwq,0.51,0.9019607843137255
quest_kg,cwq,0.512,0.90234375
quest_kg,cwq,0.514,0.9027237354085603
quest_kg,cwq,0.516,0.9031007751937985
quest_kg,cwq,0.518,0.9034749034749034
quest_kg,cwq,0.52,0.9038461538461539
quest_kg,cwq,0.522,0.9042145593869731
quest_kg,cwq,0.524,0.9045801526717557
quest_kg,cwq,0.526,0.9049429657794676
quest_kg,cwq,0.528,0.9053030303030303
quest_kg,cwq,0.53,0.9056603773584906
quest_kg,cwq,0.532,0.9060150375939849
quest_kg,cwq,0.534,0.9063670411985019
quest_kg,cwq,0.536,0.9067164179104478
quest_kg,cwq,0.538,0.9070631970260223
quest_kg,cwq,0.54,0.9074074074074074
quest_kg,cwq,0.542,0.9077490774907749
quest_kg,cwq,0.544,0.9080882352941176
quest_kg,cwq,0.546,0.9084249084249084
quest_kg,cwq,0.548,0.9087591240875912
quest_kg,cwq,0.55,0.9054545454545455
quest_kg,cwq,0.552,0.9057971014492754
quest_kg,cwq,0.554,0.9061371841155235
quest_kg,cwq,0.556,0.9064748201438849
quest_kg,cwq,0.558,0.9068100358422939
quest_kg,cwq,0.56,0.9071428571428571
quest_kg,cwq,0.562,0.9074733096085409
quest_kg,cwq,0.564,0.9078014184397163
quest_kg,cwq,0.566,0.9081272084805654
quest_kg,cwq,0.568,0.9084507042253521
quest_kg,cwq,0.57,0.9052631578947369
quest_kg,cwq,0.572,0.9055944055944056
quest_kg,cwq,0.574,0.9059233449477352
quest_kg,cwq,0.576,0.90625
quest_kg,cwq,0.578,0.9065743944636678
quest_kg,cwq,0.58,0.903448275862069
quest_kg,cwq,0.582,0.9037800687285223
quest_kg,cwq,0.584,0.904109589041096
quest_kg,cwq,0.586,0.9044368600682594
quest_kg,cwq,0.588,0.9047619047619048
quest_kg,cwq,0.59,0.9050847457627118
quest_kg,cwq,0.592,0.902027027027027
quest_kg,cwq,0.594,0.9023569023569024
quest_kg,cwq,0.596,0.9026845637583892
quest_kg,cwq,0.598,0.903010033444816
quest_kg,cwq,0.6,0.9033333333333333
quest_kg,cwq,0.602,0.9003322259136213
quest_kg,cwq,0.604,0.9006622516556292
quest_kg,cwq,0.606,0.900990099009901
quest_kg,cwq,0.608,0.9013157894736842
quest_kg,cwq,0.61,0.9016393442622951
quest_kg,cwq,0.612,0.9019607843137255
quest_kg,cwq,0.614,0.9022801302931596
quest_kg,cwq,0.616,0.9025974025974026
quest_kg,cwq,0.618,0.9029126213592233
quest_kg,cwq,0.62,0.9032258064516129
quest_kg,cwq,0.622,0.9035369774919614
quest_kg,cwq,0.624,0.9038461538461539
quest_kg,cwq,0.626,0.9009584664536742
quest_kg,cwq,0.628,0.9012738853503185
quest_kg,cwq,0.63,0.9015873015873016
quest_kg,cwq,0.632,0.9018987341772152
quest_kg,cwq,0.634,0.9022082018927444
quest_kg,cwq,0.636,0.9025157232704403
quest_kg,cwq,0.638,0.9028213166144201
quest_kg,cwq,0.64,0.903125
quest_kg,cwq,0.642,0.9034267912772586
quest_kg,cwq,0.644,0.9037267080745341
quest_kg,cwq,0.646,0.9040247678018576
quest_kg,cwq,0.648,0.904320987654321
quest_kg,cwq,0.65,0.9015384615384615
quest_kg,cwq,0.652,0.901840490797546
quest_kg,cwq,0.654,0.9021406727828746
quest_kg,cwq,0.656,0.9024390243902439
quest_kg,cwq,0.658,0.9027355623100304
quest_kg,cwq,0.66,0.9030303030303031
quest_kg,cwq,0.662,0.9033232628398792
quest_kg,cwq,0.664,0.9036144578313253
quest_kg,cwq,0.666,0.9039039039039038
quest_kg,cwq,0.668,0.9011976047904191
quest_kg,cwq,0.67,0.8985074626865672
quest_kg,cwq,0.672,0.8988095238095238
quest_kg,cwq,0.674,0.8991097922848664
quest_kg,cwq,0.676,0.8994082840236687
quest_kg,cwq,0.678,0.8997050147492626
quest_kg,cwq,0.68,0.9
quest_kg,cwq,0.682,0.9002932551319648
quest_kg,cwq,0.684,0.9005847953216375
quest_kg,cwq,0.686,0.9008746355685131
quest_kg,cwq,0.688,0.9011627906976745
quest_kg,cwq,0.69,0.9014492753623189
quest_kg,cwq,0.692,0.9017341040462428
quest_kg,cwq,0.694,0.9020172910662825
quest_kg,cwq,0.696,0.8994252873563219
quest_kg,cwq,0.698,0.8997134670487106
quest_kg,cwq,0.7,0.9
quest_kg,cwq,0.702,0.9002849002849003
quest_kg,cwq,0.704,0.9005681818181819
quest_kg,cwq,0.706,0.9008498583569405
quest_kg,cwq,0.708,0.9011299435028248
quest_kg,cwq,0.71,0.9014084507042254
quest_kg,cwq,0.712,0.901685393258427
quest_kg,cwq,0.714,0.9019607843137255
quest_kg,cwq,0.716,0.9022346368715084
quest_kg,cwq,0.718,0.9025069637883009
quest_kg,cwq,0.72,0.9027777777777778
quest_kg,cwq,0.722,0.9030470914127424
quest_kg,cwq,0.724,0.9033149171270718
quest_kg,cwq,0.726,0.9035812672176309
quest_kg,cwq,0.728,0.9038461538461539
quest_kg,cwq,0.73,0.904109589041096
quest_kg,cwq,0.732,0.9043715846994536
quest_kg,cwq,0.734,0.9046321525885559
quest_kg,cwq,0.736,0.904891304347826
quest_kg,cwq,0.738,0.9051490514905149
quest_kg,cwq,0.74,0.9054054054054054
quest_kg,cwq,0.742,0.9029649595687331
quest_kg,cwq,0.744,0.9032258064516129
quest_kg,cwq,0.746,0.903485254691689
quest_kg,cwq,0.748,0.9037433155080214
quest_kg,cwq,0.75,0.904
quest_kg,cwq,0.752,0.9042553191489362
quest_kg,cwq,0.754,0.9045092838196287
quest_kg,cwq,0.756,0.9047619047619048
quest_kg,cwq,0.758,0.9050131926121372
quest_kg,cwq,0.76,0.9052631578947369
quest_kg,cwq,0.762,0.905511811023622
quest_kg,cwq,0.764,0.9031413612565445
quest_kg,cwq,0.766,0.9033942558746736
quest_kg,cwq,0.768,0.9036458333333334
quest_kg,cwq,0.77,0.9012987012987013
quest_kg,cwq,0.772,0.9015544041450777
quest_kg,cwq,0.774,0.9018087855297158
quest_kg,cwq,0.776,0.8994845360824743
quest_kg,cwq,0.778,0.8997429305912596
quest_kg,cwq,0.78,0.9
quest_kg,cwq,0.782,0.8976982097186701
quest_kg,cwq,0.784,0.8979591836734694
quest_kg,cwq,0.786,0.8982188295165394
quest_kg,cwq,0.788,0.8984771573604061
quest_kg,cwq,0.79,0.8987341772151899
quest_kg,cwq,0.792,0.898989898989899
quest_kg,cwq,0.794,0.8992443324937027
quest_kg,cwq,0.796,0.8969849246231156
quest_kg,cwq,0.798,0.8972431077694236
quest_kg,cwq,0.8,0.8975
quest_kg,cwq,0.802,0.8977556109725686
quest_kg,cwq,0.804,0.8955223880597015
quest_kg,cwq,0.806,0.8957816377171216
quest_kg,cwq,0.808,0.8960396039603961
quest_kg,cwq,0.81,0.8962962962962963
quest_kg,cwq,0.812,0.896551724137931
quest_kg,cwq,0.814,0.8968058968058968
quest_kg,cwq,0.816,0.8970588235294118
quest_kg,cwq,0.818,0.8973105134474327
quest_kg,cwq,0.82,0.8975609756097561
quest_kg,cwq,0.822,0.8978102189781022
quest_kg,cwq,0.824,0.8980582524271845
quest_kg,cwq,0.826,0.8983050847457628
quest_kg,cwq,0.828,0.8985507246376812
quest_kg,cwq,0.83,0.8987951807228916
quest_kg,cwq,0.832,0.8990384615384616
quest_kg,cwq,0.834,0.8992805755395683
quest_kg,cwq,0.836,0.8995215311004785
quest_kg,cwq,0.838,0.8997613365155132
quest_kg,cwq,0.84,0.9
quest_kg,cwq,0.842,0.9002375296912114
quest_kg,cwq,0.844,0.9004739336492891
quest_kg,cwq,0.846,0.900709219858156
quest_kg,cwq,0.848,0.9009433962264151
quest_kg,cwq,0.85,0.9011764705882352
quest_kg,cwq,0.852,0.9014084507042254
quest_kg,cwq,0.854,0.8992974238875878
quest_kg,cwq,0.856,0.8995327102803738
quest_kg,cwq,0.858,0.8997668997668997
quest_kg,cwq,0.86,0.9
quest_kg,cwq,0.862,0.9002320185614849
quest_kg,cwq,0.864,0.8981481481481481
quest_kg,cwq,0.866,0.8983833718244804
quest_kg,cwq,0.868,0.8986175115207373
quest_kg,cwq,0.87,0.8988505747126436
quest_kg,cwq,0.872,0.8967889908256881
quest_kg,cwq,0.874,0.897025171624714
quest_kg,cwq,0.876,0.8972602739726028
quest_kg,cwq,0.878,0.89749430523918
quest_kg,cwq,0.88,0.8977272727272727
quest_kg,cwq,0.882,0.8979591836734694
quest_kg,cwq,0.884,0.8981900452488688
quest_kg,cwq,0.886,0.8984198645598194
quest_kg,cwq,0.888,0.8986486486486487
quest_kg,cwq,0.89,0.898876404494382
quest_kg,cwq,0.892,0.899103139013453
quest_kg,cwq,0.894,0.8993288590604027
quest_kg,cwq,0.896,0.8995535714285714
quest_kg,cwq,0.898,0.8997772828507795
quest_kg,cwq,0.9,0.9
quest_kg,cwq,0.902,0.8980044345898004
quest_kg,cwq,0.904,0.8982300884955752
quest_kg,cwq,0.906,0.8984547461368654
quest_kg,cwq,0.908,0.8986784140969163
quest_kg,cwq,0.91,0.8989010989010989
quest_kg,cwq,0.912,0.8991228070175439
quest_kg,cwq,0.914,0.8971553610503282
quest_kg,cwq,0.916,0.8951965065502183
quest_kg,cwq,0.918,0.8954248366013072
quest_kg,cwq,0.92,0.8956521739130435
quest_kg,cwq,0.922,0.89587852494577
quest_kg,cwq,0.924,0.8961038961038961
quest_kg,cwq,0.926,0.8963282937365011
quest_kg,cwq,0.928,0.896551724137931
quest_kg,cwq,0.93,0.8946236559139785
quest_kg,cwq,0.932,0.8948497854077253
quest_kg,cwq,0.934,0.8950749464668094
quest_kg,cwq,0.936,0.8931623931623932
quest_kg,cwq,0.938,0.8933901918976546
quest_kg,cwq,0.94,0.8936170212765957
quest_kg,cwq,0.942,0.8938428874734607
quest_kg,cwq,0.944,0.8940677966101696
quest_kg,cwq,0.946,0.8942917547568711
quest_kg,cwq,0.948,0.8945147679324894
quest_kg,cwq,0.95,0.8947368421052632
quest_kg,cwq,0.952,0.8949579831932774
quest_kg,cwq,0.954,0.8951781970649895
quest_kg,cwq,0.956,0.895397489539749
quest_kg,cwq,0.958,0.8956158663883089
quest_kg,cwq,0.96,0.8958333333333334
quest_kg,cwq,0.962,0.896049896049896
quest_kg,cwq,0.964,0.8962655601659751
quest_kg,cwq,0.966,0.8964803312629399
quest_kg,cwq,0.968,0.8966942148760331
quest_kg,cwq,0.97,0.8969072164948454
quest_kg,cwq,0.972,0.897119341563786
quest_kg,cwq,0.974,0.8973305954825462
quest_kg,cwq,0.976,0.8975409836065573
quest_kg,cwq,0.978,0.8977505112474438
quest_kg,cwq,0.98,0.8979591836734694
quest_kg,cwq,0.982,0.8981670061099796
quest_kg,cwq,0.984,0.8983739837398375
quest_kg,cwq,0.986,0.8985801217038539
quest_kg,cwq,0.988,0.8987854251012146
quest_kg,cwq,0.99,0.898989898989899
quest_kg,cwq,0.992,0.8991935483870968
quest_kg,cwq,0.994,0.8993963782696177
quest_kg,cwq,0.996,0.8995983935742972
quest_kg,cwq,0.998,0.8997995991983968
quest_kg,cwq,1.0,0.9
quest_kg,cwq,0.002,0.0
quest_kg,cwq,0.004,0.0
quest_kg,cwq,0.006,0.33333333333333337
quest_kg,cwq,0.008,0.5
quest_kg,cwq,0.01,0.6
quest_kg,cwq,0.012,0.6666666666666667
quest_kg,cwq,0.014,0.7142857142857143
quest_kg,cwq,0.016,0.75
quest_kg,cwq,0.018,0.6666666666666667
quest_kg,cwq,0.02,0.7
quest_kg,cwq,0.022,0.6363636363636364
quest_kg,cwq,0.024,0.5833333333333333
quest_kg,cwq,0.026,0.6153846153846154
quest_kg,cwq,0.028,0.6428571428571428
quest_kg,cwq,0.03,0.6666666666666667
quest_kg,cwq,0.032,0.6875
quest_kg,cwq,0.034,0.7058823529411764
quest_kg,cwq,0.036,0.7222222222222222
quest_kg,cwq,0.038,0.6842105263157895
quest_kg,cwq,0.04,0.65
quest_kg,cwq,0.042,0.6666666666666667
quest_kg,cwq,0.044,0.6818181818181819
quest_kg,cwq,0.046,0.6956521739130435
quest_kg,cwq,0.048,0.6666666666666667
quest_kg,cwq,0.05,0.6799999999999999
quest_kg,cwq,0.052,0.6538461538461539
quest_kg,cwq,0.054,0.6296296296296297
quest_kg,cwq,0.056,0.6428571428571428
quest_kg,cwq,0.058,0.6551724137931034
quest_kg,cwq,0.06,0.6333333333333333
quest_kg,cwq,0.062,0.6451612903225806
quest_kg,cwq,0.064,0.65625
quest_kg,cwq,0.066,0.6363636363636364
quest_kg,cwq,0.068,0.6470588235294117
quest_kg,cwq,0.07,0.6285714285714286
quest_kg,cwq,0.072,0.6388888888888888
quest_kg,cwq,0.074,0.6486486486486487
quest_kg,cwq,0.076,0.6578947368421053
quest_kg,cwq,0.078,0.641025641025641
quest_kg,cwq,0.08,0.625
quest_kg,cwq,0.082,0.6341463414634146
quest_kg,cwq,0.084,0.6190476190476191
quest_kg,cwq,0.086,0.6046511627906976
quest_kg,cwq,0.088,0.5909090909090908
quest_kg,cwq,0.09,0.6
quest_kg,cwq,0.092,0.6086956521739131
quest_kg,cwq,0.094,0.6170212765957447
quest_kg,cwq,0.096,0.625
quest_kg,cwq,0.098,0.6326530612244898
quest_kg,cwq,0.1,0.64
quest_kg,cwq,0.102,0.6470588235294117
quest_kg,cwq,0.104,0.6346153846153846
quest_kg,cwq,0.106,0.6415094339622642
quest_kg,cwq,0.108,0.6481481481481481
quest_kg,cwq,0.11,0.6545454545454545
quest_kg,cwq,0.112,0.6607142857142857
quest_kg,cwq,0.114,0.6666666666666667
quest_kg,cwq,0.116,0.6724137931034483
quest_kg,cwq,0.118,0.6779661016949152
quest_kg,cwq,0.12,0.6666666666666667
quest_kg,cwq,0.122,0.6721311475409837
quest_kg,cwq,0.124,0.6774193548387097
quest_kg,cwq,0.126,0.6825396825396826
quest_kg,cwq,0.128,0.6875
quest_kg,cwq,0.13,0.6923076923076923
quest_kg,cwq,0.132,0.696969696969697
quest_kg,cwq,0.134,0.7014925373134329
quest_kg,cwq,0.136,0.6911764705882353
quest_kg,cwq,0.138,0.6956521739130435
quest_kg,cwq,0.14,0.7
quest_kg,cwq,0.142,0.704225352112676
quest_kg,cwq,0.144,0.7083333333333333
quest_kg,cwq,0.146,0.6986301369863014
quest_kg,cwq,0.148,0.6891891891891893
quest_kg,cwq,0.15,0.6933333333333334
quest_kg,cwq,0.152,0.6842105263157895
quest_kg,cwq,0.154,0.6883116883116883
quest_kg,cwq,0.156,0.6923076923076923
quest_kg,cwq,0.158,0.6962025316455696
quest_kg,cwq,0.16,0.7
quest_kg,cwq,0.162,0.7037037037037037
quest_kg,cwq,0.164,0.7073170731707317
quest_kg,cwq,0.166,0.7108433734939759
quest_kg,cwq,0.168,0.7142857142857143
quest_kg,cwq,0.17,0.7176470588235294
quest_kg,cwq,0.172,0.7209302325581395
quest_kg,cwq,0.174,0.7241379310344828
quest_kg,cwq,0.176,0.7272727272727273
quest_kg,cwq,0.178,0.7303370786516854
quest_kg,cwq,0.18,0.7222222222222222
quest_kg,cwq,0.182,0.7252747252747253
quest_kg,cwq,0.184,0.7282608695652174
quest_kg,cwq,0.186,0.7311827956989247
quest_kg,cwq,0.188,0.7340425531914894
quest_kg,cwq,0.19,0.736842105263158
quest_kg,cwq,0.192,0.7291666666666667
quest_kg,cwq,0.194,0.7216494845360825
quest_kg,cwq,0.196,0.7244897959183674
quest_kg,cwq,0.198,0.7272727272727273
quest_kg,cwq,0.2,0.73
quest_kg,cwq,0.202,0.7326732673267327
quest_kg,cwq,0.204,0.7352941176470589
quest_kg,cwq,0.206,0.7378640776699029
quest_kg,cwq,0.208,0.7403846153846154
quest_kg,cwq,0.21,0.7428571428571429
quest_kg,cwq,0.212,0.7358490566037736
quest_kg,cwq,0.214,0.7383177570093458
quest_kg,cwq,0.216,0.7407407407407407
quest_kg,cwq,0.218,0.7339449541284404
quest_kg,cwq,0.22,0.7363636363636363
quest_kg,cwq,0.222,0.7387387387387387
quest_kg,cwq,0.224,0.7410714285714286
quest_kg,cwq,0.226,0.7433628318584071
quest_kg,cwq,0.228,0.7456140350877193
quest_kg,cwq,0.23,0.7391304347826086
quest_kg,cwq,0.232,0.7413793103448276
quest_kg,cwq,0.234,0.7350427350427351
quest_kg,cwq,0.236,0.7372881355932204
quest_kg,cwq,0.238,0.7394957983193278
quest_kg,cwq,0.24,0.7416666666666667
quest_kg,cwq,0.242,0.743801652892562
quest_kg,cwq,0.244,0.7377049180327868
quest_kg,cwq,0.246,0.7317073170731707
quest_kg,cwq,0.248,0.7258064516129032
quest_kg,cwq,0.25,0.728
quest_kg,cwq,0.252,0.7222222222222222
quest_kg,cwq,0.254,0.7244094488188977
quest_kg,cwq,0.256,0.7265625
quest_kg,cwq,0.258,0.7286821705426356
quest_kg,cwq,0.26,0.7307692307692308
quest_kg,cwq,0.262,0.7251908396946565
quest_kg,cwq,0.264,0.7272727272727273
quest_kg,cwq,0.266,0.7293233082706767
quest_kg,cwq,0.268,0.7313432835820896
quest_kg,cwq,0.27,0.7333333333333334
quest_kg,cwq,0.272,0.7279411764705883
quest_kg,cwq,0.274,0.7226277372262774
quest_kg,cwq,0.276,0.7173913043478262
quest_kg,cwq,0.278,0.7194244604316546
quest_kg,cwq,0.28,0.7214285714285714
quest_kg,cwq,0.282,0.7163120567375887
quest_kg,cwq,0.284,0.7112676056338028
quest_kg,cwq,0.286,0.7062937062937062
quest_kg,cwq,0.288,0.7083333333333333
quest_kg,cwq,0.29,0.7103448275862069
quest_kg,cwq,0.292,0.7123287671232876
quest_kg,cwq,0.294,0.7142857142857143
quest_kg,cwq,0.296,0.7094594594594594
quest_kg,cwq,0.298,0.7046979865771812
quest_kg,cwq,0.3,0.7066666666666667
quest_kg,cwq,0.302,0.7086092715231789
quest_kg,cwq,0.304,0.7105263157894737
quest_kg,cwq,0.306,0.7124183006535948
quest_kg,cwq,0.308,0.7142857142857143
quest_kg,cwq,0.31,0.7161290322580645
quest_kg,cwq,0.312,0.717948717948718
quest_kg,cwq,0.314,0.7197452229299364
quest_kg,cwq,0.316,0.7151898734177216
quest_kg,cwq,0.318,0.7169811320754718
quest_kg,cwq,0.32,0.71875
quest_kg,cwq,0.322,0.7204968944099379
quest_kg,cwq,0.324,0.7222222222222222
quest_kg,cwq,0.326,0.7239263803680982
quest_kg,cwq,0.328,0.725609756097561
quest_kg,cwq,0.33,0.7212121212121212
quest_kg,cwq,0.332,0.7228915662650602
quest_kg,cwq,0.334,0.7245508982035929
quest_kg,cwq,0.336,0.7261904761904762
quest_kg,cwq,0.338,0.7218934911242604
quest_kg,cwq,0.34,0.7235294117647059
quest_kg,cwq,0.342,0.7251461988304093
quest_kg,cwq,0.344,0.7209302325581395
quest_kg,cwq,0.346,0.7225433526011561
quest_kg,cwq,0.348,0.7241379310344828
quest_kg,cwq,0.35,0.7257142857142858
quest_kg,cwq,0.352,0.7272727272727273
quest_kg,cwq,0.354,0.7231638418079096
quest_kg,cwq,0.356,0.7247191011235955
quest_kg,cwq,0.358,0.7262569832402235
quest_kg,cwq,0.36,0.7277777777777779
quest_kg,cwq,0.362,0.7237569060773481
quest_kg,cwq,0.364,0.7252747252747253
quest_kg,cwq,0.366,0.7213114754098361
quest_kg,cwq,0.368,0.7228260869565217
quest_kg,cwq,0.37,0.7243243243243243
quest_kg,cwq,0.372,0.7258064516129032
quest_kg,cwq,0.374,0.7272727272727273
quest_kg,cwq,0.376,0.7287234042553192
quest_kg,cwq,0.378,0.7301587301587302
quest_kg,cwq,0.38,0.7263157894736842
quest_kg,cwq,0.382,0.7277486910994764
quest_kg,cwq,0.384,0.7291666666666667
quest_kg,cwq,0.386,0.7305699481865284
quest_kg,cwq,0.388,0.731958762886598
quest_kg,cwq,0.39,0.7333333333333334
quest_kg,cwq,0.392,0.7346938775510203
quest_kg,cwq,0.394,0.7360406091370558
quest_kg,cwq,0.396,0.7373737373737373
quest_kg,cwq,0.398,0.7386934673366834
quest_kg,cwq,0.4,0.74
quest_kg,cwq,0.402,0.736318407960199
quest_kg,cwq,0.404,0.7376237623762376
quest_kg,cwq,0.406,0.7389162561576355
quest_kg,cwq,0.408,0.7401960784313726
quest_kg,cwq,0.41,0.7414634146341463
quest_kg,cwq,0.412,0.7427184466019418
quest_kg,cwq,0.414,0.7439613526570048
quest_kg,cwq,0.416,0.7451923076923077
quest_kg,cwq,0.418,0.7464114832535885
quest_kg,cwq,0.42,0.7476190476190476
quest_kg,cwq,0.422,0.7488151658767772
quest_kg,cwq,0.424,0.75
quest_kg,cwq,0.426,0.7511737089201878
quest_kg,cwq,0.428,0.7523364485981309
quest_kg,cwq,0.43,0.7534883720930232
quest_kg,cwq,0.432,0.7546296296296297
quest_kg,cwq,0.434,0.7511520737327189
quest_kg,cwq,0.436,0.7522935779816513
quest_kg,cwq,0.438,0.7534246575342466
quest_kg,cwq,0.44,0.7545454545454545
quest_kg,cwq,0.442,0.755656108597285
quest_kg,cwq,0.444,0.7567567567567568
quest_kg,cwq,0.446,0.757847533632287
quest_kg,cwq,0.448,0.7589285714285714
quest_kg,cwq,0.45,0.76
quest_kg,cwq,0.452,0.7610619469026548
quest_kg,cwq,0.454,0.762114537444934
quest_kg,cwq,0.456,0.7631578947368421
quest_kg,cwq,0.458,0.759825327510917
quest_kg,cwq,0.46,0.7608695652173914
quest_kg,cwq,0.462,0.7619047619047619
quest_kg,cwq,0.464,0.7629310344827587
quest_kg,cwq,0.466,0.7639484978540773
quest_kg,cwq,0.468,0.7649572649572649
quest_kg,cwq,0.47,0.7659574468085106
quest_kg,cwq,0.472,0.7669491525423728
quest_kg,cwq,0.474,0.7679324894514767
quest_kg,cwq,0.476,0.7647058823529411
quest_kg,cwq,0.478,0.7615062761506276
quest_kg,cwq,0.48,0.7625
quest_kg,cwq,0.482,0.7634854771784232
quest_kg,cwq,0.484,0.7644628099173554
quest_kg,cwq,0.486,0.7613168724279835
quest_kg,cwq,0.488,0.7581967213114754
quest_kg,cwq,0.49,0.7551020408163265
quest_kg,cwq,0.492,0.7560975609756098
quest_kg,cwq,0.494,0.7530364372469636
quest_kg,cwq,0.496,0.75
quest_kg,cwq,0.498,0.7469879518072289
quest_kg,cwq,0.5,0.748
quest_kg,cwq,0.502,0.7450199203187251
quest_kg,cwq,0.504,0.746031746031746
quest_kg,cwq,0.506,0.7430830039525691
quest_kg,cwq,0.508,0.7440944881889764
quest_kg,cwq,0.51,0.7450980392156863
quest_kg,cwq,0.512,0.74609375
quest_kg,cwq,0.514,0.7470817120622568
quest_kg,cwq,0.516,0.748062015503876
quest_kg,cwq,0.518,0.7490347490347491
quest_kg,cwq,0.52,0.7461538461538462
quest_kg,cwq,0.522,0.7471264367816092
quest_kg,cwq,0.524,0.7480916030534351
quest_kg,cwq,0.526,0.7490494296577948
quest_kg,cwq,0.528,0.75
quest_kg,cwq,0.53,0.7509433962264151
quest_kg,cwq,0.532,0.7518796992481203
quest_kg,cwq,0.534,0.752808988764045
quest_kg,cwq,0.536,0.7537313432835822
quest_kg,cwq,0.538,0.7546468401486989
quest_kg,cwq,0.54,0.7555555555555555
quest_kg,cwq,0.542,0.7564575645756457
quest_kg,cwq,0.544,0.7573529411764706
quest_kg,cwq,0.546,0.7582417582417582
quest_kg,cwq,0.548,0.7591240875912408
quest_kg,cwq,0.55,0.7563636363636363
quest_kg,cwq,0.552,0.7572463768115942
quest_kg,cwq,0.554,0.7581227436823105
quest_kg,cwq,0.556,0.7553956834532374
quest_kg,cwq,0.558,0.7562724014336918
quest_kg,cwq,0.56,0.7535714285714286
quest_kg,cwq,0.562,0.7508896797153025
quest_kg,cwq,0.564,0.75177304964539
quest_kg,cwq,0.566,0.7526501766784452
quest_kg,cwq,0.568,0.7535211267605634
quest_kg,cwq,0.57,0.7543859649122807
quest_kg,cwq,0.572,0.7552447552447552
quest_kg,cwq,0.574,0.7560975609756098
quest_kg,cwq,0.576,0.7534722222222222
quest_kg,cwq,0.578,0.754325259515571
quest_kg,cwq,0.58,0.7551724137931035
quest_kg,cwq,0.582,0.7560137457044673
quest_kg,cwq,0.584,0.7568493150684932
quest_kg,cwq,0.586,0.7542662116040956
quest_kg,cwq,0.588,0.7517006802721089
quest_kg,cwq,0.59,0.752542372881356
quest_kg,cwq,0.592,0.75
quest_kg,cwq,0.594,0.7474747474747474
quest_kg,cwq,0.596,0.7483221476510067
quest_kg,cwq,0.598,0.745819397993311
quest_kg,cwq,0.6,0.7433333333333334
quest_kg,cwq,0.602,0.7441860465116279
quest_kg,cwq,0.604,0.7450331125827814
quest_kg,cwq,0.606,0.7425742574257426
quest_kg,cwq,0.608,0.743421052631579
quest_kg,cwq,0.61,0.7442622950819673
quest_kg,cwq,0.612,0.7450980392156863
quest_kg,cwq,0.614,0.745928338762215
quest_kg,cwq,0.616,0.7467532467532467
quest_kg,cwq,0.618,0.7443365695792881
quest_kg,cwq,0.62,0.7419354838709677
quest_kg,cwq,0.622,0.7427652733118971
quest_kg,cwq,0.624,0.7435897435897436
quest_kg,cwq,0.626,0.744408945686901
quest_kg,cwq,0.628,0.7452229299363058
quest_kg,cwq,0.63,0.746031746031746
quest_kg,cwq,0.632,0.7436708860759493
quest_kg,cwq,0.634,0.7444794952681388
quest_kg,cwq,0.636,0.7452830188679245
quest_kg,cwq,0.638,0.7460815047021944
quest_kg,cwq,0.64,0.746875
quest_kg,cwq,0.642,0.7476635514018692
quest_kg,cwq,0.644,0.7484472049689441
quest_kg,cwq,0.646,0.7461300309597523
quest_kg,cwq,0.648,0.7469135802469136
quest_kg,cwq,0.65,0.7476923076923077
quest_kg,cwq,0.652,0.7484662576687117
quest_kg,cwq,0.654,0.7492354740061162
quest_kg,cwq,0.656,0.75
quest_kg,cwq,0.658,0.7507598784194529
quest_kg,cwq,0.66,0.7515151515151515
quest_kg,cwq,0.662,0.7492447129909365
quest_kg,cwq,0.664,0.75
quest_kg,cwq,0.666,0.7507507507507507
quest_kg,cwq,0.668,0.7514970059880239
quest_kg,cwq,0.67,0.7522388059701492
quest_kg,cwq,0.672,0.7529761904761905
quest_kg,cwq,0.674,0.7537091988130564
quest_kg,cwq,0.676,0.7544378698224852
quest_kg,cwq,0.678,0.7551622418879056
quest_kg,cwq,0.68,0.7558823529411764
quest_kg,cwq,0.682,0.7565982404692082
quest_kg,cwq,0.684,0.7573099415204678
quest_kg,cwq,0.686,0.7580174927113703
quest_kg,cwq,0.688,0.7587209302325582
quest_kg,cwq,0.69,0.7594202898550725
quest_kg,cwq,0.692,0.7601156069364162
quest_kg,cwq,0.694,0.760806916426513
quest_kg,cwq,0.696,0.7614942528735632
quest_kg,cwq,0.698,0.7621776504297995
quest_kg,cwq,0.7,0.76
quest_kg,cwq,0.702,0.7606837606837606
quest_kg,cwq,0.704,0.7613636363636364
quest_kg,cwq,0.706,0.7592067988668555
quest_kg,cwq,0.708,0.7598870056497176
quest_kg,cwq,0.71,0.7605633802816901
quest_kg,cwq,0.712,0.7612359550561798
quest_kg,cwq,0.714,0.7619047619047619
quest_kg,cwq,0.716,0.7625698324022346
quest_kg,cwq,0.718,0.7632311977715878
quest_kg,cwq,0.72,0.7638888888888888
quest_kg,cwq,0.722,0.7617728531855956
quest_kg,cwq,0.724,0.7624309392265194
quest_kg,cwq,0.726,0.7630853994490359
quest_kg,cwq,0.728,0.7637362637362637
quest_kg,cwq,0.73,0.7643835616438356
quest_kg,cwq,0.732,0.7650273224043715
quest_kg,cwq,0.734,0.7656675749318801
quest_kg,cwq,0.736,0.7635869565217391
quest_kg,cwq,0.738,0.7642276422764227
quest_kg,cwq,0.74,0.7621621621621621
quest_kg,cwq,0.742,0.7628032345013477
quest_kg,cwq,0.744,0.7634408602150538
quest_kg,cwq,0.746,0.7613941018766757
quest_kg,cwq,0.748,0.7593582887700535
quest_kg,cwq,0.75,0.76
quest_kg,cwq,0.752,0.7606382978723404
quest_kg,cwq,0.754,0.7612732095490716
quest_kg,cwq,0.756,0.7619047619047619
quest_kg,cwq,0.758,0.762532981530343
quest_kg,cwq,0.76,0.7631578947368421
quest_kg,cwq,0.762,0.7637795275590551
quest_kg,cwq,0.764,0.7643979057591623
quest_kg,cwq,0.766,0.7650130548302871
quest_kg,cwq,0.768,0.7630208333333334
quest_kg,cwq,0.77,0.7636363636363637
quest_kg,cwq,0.772,0.7642487046632125
quest_kg,cwq,0.774,0.7648578811369509
quest_kg,cwq,0.776,0.7654639175257731
quest_kg,cwq,0.778,0.7634961439588689
quest_kg,cwq,0.78,0.764102564102564
quest_kg,cwq,0.782,0.7647058823529411
quest_kg,cwq,0.784,0.7627551020408163
quest_kg,cwq,0.786,0.7633587786259541
quest_kg,cwq,0.788,0.7614213197969544
quest_kg,cwq,0.79,0.7620253164556963
quest_kg,cwq,0.792,0.7626262626262627
quest_kg,cwq,0.794,0.7632241813602015
quest_kg,cwq,0.796,0.7638190954773869
quest_kg,cwq,0.798,0.7644110275689223
quest_kg,cwq,0.8,0.765
quest_kg,cwq,0.802,0.7655860349127181
quest_kg,cwq,0.804,0.7661691542288558
quest_kg,cwq,0.806,0.7667493796526055
quest_kg,cwq,0.808,0.7673267326732673
quest_kg,cwq,0.81,0.7679012345679013
quest_kg,cwq,0.812,0.7684729064039408
quest_kg,cwq,0.814,0.7665847665847666
quest_kg,cwq,0.816,0.767156862745098
quest_kg,cwq,0.818,0.7677261613691931
quest_kg,cwq,0.82,0.7682926829268293
quest_kg,cwq,0.822,0.7688564476885644
quest_kg,cwq,0.824,0.7694174757281553
quest_kg,cwq,0.826,0.7699757869249395
quest_kg,cwq,0.828,0.7705314009661836
quest_kg,cwq,0.83,0.7710843373493976
quest_kg,cwq,0.832,0.7716346153846154
quest_kg,cwq,0.834,0.7721822541966427
quest_kg,cwq,0.836,0.7727272727272727
quest_kg,cwq,0.838,0.7732696897374702
quest_kg,cwq,0.84,0.7738095238095238
quest_kg,cwq,0.842,0.7719714964370546
quest_kg,cwq,0.844,0.7725118483412322
quest_kg,cwq,0.846,0.7730496453900709
quest_kg,cwq,0.848,0.7735849056603774
quest_kg,cwq,0.85,0.7741176470588236
quest_kg,cwq,0.852,0.7746478873239436
quest_kg,cwq,0.854,0.775175644028103
quest_kg,cwq,0.856,0.7757009345794392
quest_kg,cwq,0.858,0.7738927738927739
quest_kg,cwq,0.86,0.7744186046511627
quest_kg,cwq,0.862,0.7749419953596288
quest_kg,cwq,0.864,0.775462962962963
quest_kg,cwq,0.866,0.7759815242494226
quest_kg,cwq,0.868,0.7764976958525346
quest_kg,cwq,0.87,0.7770114942528735
quest_kg,cwq,0.872,0.7752293577981652
quest_kg,cwq,0.874,0.7757437070938216
quest_kg,cwq,0.876,0.7762557077625571
quest_kg,cwq,0.878,0.7767653758542141
quest_kg,cwq,0.88,0.7772727272727273
quest_kg,cwq,0.882,0.7777777777777778
quest_kg,cwq,0.884,0.7782805429864253
quest_kg,cwq,0.886,0.7787810383747178
quest_kg,cwq,0.888,0.777027027027027
quest_kg,cwq,0.89,0.7775280898876404
quest_kg,cwq,0.892,0.7780269058295964
quest_kg,cwq,0.894,0.7785234899328859
quest_kg,cwq,0.896,0.7790178571428572
quest_kg,cwq,0.898,0.77728285077951
quest_kg,cwq,0.9,0.7777777777777778
quest_kg,cwq,0.902,0.7782705099778271
quest_kg,cwq,0.904,0.7787610619469026
quest_kg,cwq,0.906,0.7792494481236203
quest_kg,cwq,0.908,0.7797356828193833
quest_kg,cwq,0.91,0.7802197802197802
quest_kg,cwq,0.912,0.7807017543859649
quest_kg,cwq,0.914,0.7811816192560175
quest_kg,cwq,0.916,0.7816593886462881
quest_kg,cwq,0.918,0.7821350762527233
quest_kg,cwq,0.92,0.782608695652174
quest_kg,cwq,0.922,0.7809110629067245
quest_kg,cwq,0.924,0.7813852813852814
quest_kg,cwq,0.926,0.7818574514038876
quest_kg,cwq,0.928,0.7823275862068966
quest_kg,cwq,0.93,0.7827956989247312
quest_kg,cwq,0.932,0.7832618025751072
quest_kg,cwq,0.934,0.7837259100642399
quest_kg,cwq,0.936,0.7841880341880342
quest_kg,cwq,0.938,0.7846481876332623
quest_kg,cwq,0.94,0.7851063829787234
quest_kg,cwq,0.942,0.7855626326963907
quest_kg,cwq,0.944,0.7860169491525424
quest_kg,cwq,0.946,0.7864693446088795
quest_kg,cwq,0.948,0.7869198312236287
quest_kg,cwq,0.95,0.7873684210526316
quest_kg,cwq,0.952,0.7878151260504201
quest_kg,cwq,0.954,0.7882599580712788
quest_kg,cwq,0.956,0.7887029288702929
quest_kg,cwq,0.958,0.7891440501043842
quest_kg,cwq,0.96,0.7895833333333333
quest_kg,cwq,0.962,0.7900207900207901
quest_kg,cwq,0.964,0.7904564315352697
quest_kg,cwq,0.966,0.7908902691511387
quest_kg,cwq,0.968,0.7913223140495868
quest_kg,cwq,0.97,0.7917525773195876
quest_kg,cwq,0.972,0.7921810699588477
quest_kg,cwq,0.974,0.7926078028747433
quest_kg,cwq,0.976,0.7930327868852459
quest_kg,cwq,0.978,0.7934560327198363
quest_kg,cwq,0.98,0.7938775510204081
quest_kg,cwq,0.982,0.7942973523421588
quest_kg,cwq,0.984,0.7947154471544715
quest_kg,cwq,0.986,0.795131845841785
quest_kg,cwq,0.988,0.7955465587044535
quest_kg,cwq,0.99,0.795959595959596
quest_kg,cwq,0.992,0.7963709677419355
quest_kg,cwq,0.994,0.7947686116700201
quest_kg,cwq,0.996,0.7951807228915663
quest_kg,cwq,0.998,0.7955911823647295
quest_kg,cwq,1.0,0.796
quest_kg,icews18,0.006666666666666667,1.0
quest_kg,icews18,0.013333333333333334,1.0
quest_kg,icews18,0.02,1.0
quest_kg,icews18,0.02666666666666667,1.0
quest_kg,icews18,0.03333333333333333,1.0
quest_kg,icews18,0.04,1.0
quest_kg,icews18,0.04666666666666667,1.0
quest_kg,icews18,0.05333333333333334,1.0
quest_kg,icews18,0.06,1.0
quest_kg,icews18,0.06666666666666667,1.0
quest_kg,icews18,0.07333333333333333,1.0
quest_kg,icews18,0.08,1.0
quest_kg,icews18,0.08666666666666667,1.0
quest_kg,icews18,0.09333333333333334,1.0
quest_kg,icews18,0.1,1.0
quest_kg,icews18,0.10666666666666667,1.0
quest_kg,icews18,0.11333333333333333,1.0
quest_kg,icews18,0.12,1.0
quest_kg,icews18,0.12666666666666668,1.0
quest_kg,icews18,0.13333333333333333,1.0
quest_kg,icews18,0.14,1.0
quest_kg,icews18,0.14666666666666667,1.0
quest_kg,icews18,0.15333333333333332,1.0
quest_kg,icews18,0.16,1.0
quest_kg,icews18,0.16666666666666666,1.0
quest_kg,icews18,0.17333333333333334,1.0
quest_kg,icews18,0.18,1.0
quest_kg,icews18,0.18666666666666668,1.0
quest_kg,icews18,0.19333333333333333,1.0
quest_kg,icews18,0.2,1.0
quest_kg,icews18,0.20666666666666667,1.0
quest_kg,icews18,0.21333333333333335,1.0
quest_kg,icews18,0.22,1.0
quest_kg,icews18,0.22666666666666666,1.0
quest_kg,icews18,0.23333333333333334,1.0
quest_kg,icews18,0.24,0.9722222222222222
quest_kg,icews18,0.24666666666666667,0.972972972972973
quest_kg,icews18,0.25333333333333335,0.9736842105263158
quest_kg,icews18,0.26,0.9743589743589743
quest_kg,icews18,0.26666666666666666,0.975
quest_kg,icews18,0.2733333333333333,0.975609756097561
quest_kg,icews18,0.28,0.9761904761904762
quest_kg,icews18,0.2866666666666667,0.9767441860465116
quest_kg,icews18,0.29333333333333333,0.9772727272727273
quest_kg,icews18,0.3,0.9777777777777777
quest_kg,icews18,0.30666666666666664,0.9782608695652174
quest_kg,icews18,0.31333333333333335,0.9787234042553191
quest_kg,icews18,0.32,0.9791666666666666
quest_kg,icews18,0.32666666666666666,0.9795918367346939
quest_kg,icews18,0.3333333333333333,0.98
quest_kg,icews18,0.34,0.9803921568627451
quest_kg,icews18,0.3466666666666667,0.9807692307692307
quest_kg,icews18,0.35333333333333333,0.9811320754716981
quest_kg,icews18,0.36,0.9814814814814815
quest_kg,icews18,0.36666666666666664,0.9818181818181818
quest_kg,icews18,0.37333333333333335,0.9821428571428571
quest_kg,icews18,0.38,0.9824561403508771
quest_kg,icews18,0.38666666666666666,0.9827586206896551
quest_kg,icews18,0.3933333333333333,0.9830508474576272
quest_kg,icews18,0.4,0.9833333333333333
quest_kg,icews18,0.4066666666666667,0.9836065573770492
quest_kg,icews18,0.41333333333333333,0.9838709677419355
quest_kg,icews18,0.42,0.9841269841269842
quest_kg,icews18,0.4266666666666667,0.984375
quest_kg,icews18,0.43333333333333335,0.9846153846153847
quest_kg,icews18,0.44,0.9848484848484849
quest_kg,icews18,0.44666666666666666,0.9850746268656716
quest_kg,icews18,0.4533333333333333,0.9852941176470589
quest_kg,icews18,0.46,0.9855072463768116
quest_kg,icews18,0.4666666666666667,0.9857142857142858
quest_kg,icews18,0.47333333333333333,0.9859154929577465
quest_kg,icews18,0.48,0.9861111111111112
quest_kg,icews18,0.4866666666666667,0.9863013698630136
quest_kg,icews18,0.49333333333333335,0.9864864864864865
quest_kg,icews18,0.5,0.9866666666666667
quest_kg,icews18,0.5066666666666667,0.9868421052631579
quest_kg,icews18,0.5133333333333333,0.987012987012987
quest_kg,icews18,0.52,0.9871794871794872
quest_kg,icews18,0.5266666666666666,0.9873417721518988
quest_kg,icews18,0.5333333333333333,0.9875
quest_kg,icews18,0.54,0.9876543209876543
quest_kg,icews18,0.5466666666666666,0.9878048780487805
quest_kg,icews18,0.5533333333333333,0.9879518072289156
quest_kg,icews18,0.56,0.9880952380952381
quest_kg,icews18,0.5666666666666667,0.9882352941176471
quest_kg,icews18,0.5733333333333334,0.9883720930232558
quest_kg,icews18,0.58,0.9885057471264368
quest_kg,icews18,0.5866666666666667,0.9886363636363636
quest_kg,icews18,0.5933333333333334,0.9887640449438202
quest_kg,icews18,0.6,0.9888888888888889
quest_kg,icews18,0.6066666666666667,0.989010989010989
quest_kg,icews18,0.6133333333333333,0.9891304347826086
quest_kg,icews18,0.62,0.989247311827957
quest_kg,icews18,0.6266666666666667,0.9893617021276596
quest_kg,icews18,0.6333333333333333,0.9894736842105263
quest_kg,icews18,0.64,0.9895833333333334
quest_kg,icews18,0.6466666666666666,0.9896907216494846
quest_kg,icews18,0.6533333333333333,0.9897959183673469
quest_kg,icews18,0.66,0.98989898989899
quest_kg,icews18,0.6666666666666666,0.99
quest_kg,icews18,0.6733333333333333,0.9900990099009901
quest_kg,icews18,0.68,0.9901960784313726
quest_kg,icews18,0.6866666666666666,0.9902912621359223
quest_kg,icews18,0.6933333333333334,0.9903846153846154
quest_kg,icews18,0.7,0.9904761904761905
quest_kg,icews18,0.7066666666666667,0.9905660377358491
quest_kg,icews18,0.7133333333333334,0.9906542056074766
quest_kg,icews18,0.72,0.9907407407407407
quest_kg,icews18,0.7266666666666667,0.9908256880733946
quest_kg,icews18,0.7333333333333333,0.990909090909091
quest_kg,icews18,0.74,0.990990990990991
quest_kg,icews18,0.7466666666666667,0.9910714285714286
quest_kg,icews18,0.7533333333333333,0.9911504424778761
quest_kg,icews18,0.76,0.9912280701754386
quest_kg,icews18,0.7666666666666667,0.991304347826087
quest_kg,icews18,0.7733333333333333,0.9913793103448276
quest_kg,icews18,0.78,0.9914529914529915
quest_kg,icews18,0.7866666666666666,0.9915254237288136
quest_kg,icews18,0.7933333333333333,0.9915966386554622
quest_kg,icews18,0.8,0.9916666666666667
quest_kg,icews18,0.8066666666666666,0.9917355371900827
quest_kg,icews18,0.8133333333333334,0.9918032786885246
quest_kg,icews18,0.82,0.991869918699187
quest_kg,icews18,0.8266666666666667,0.9919354838709677
quest_kg,icews18,0.8333333333333334,0.992
quest_kg,icews18,0.84,0.9920634920634921
quest_kg,icews18,0.8466666666666667,0.9921259842519685
quest_kg,icews18,0.8533333333333334,0.9921875
quest_kg,icews18,0.86,0.9922480620155039
quest_kg,icews18,0.8666666666666667,0.9923076923076923
quest_kg,icews18,0.8733333333333333,0.9923664122137404
quest_kg,icews18,0.88,0.9924242424242424
quest_kg,icews18,0.8866666666666667,0.9924812030075187
quest_kg,icews18,0.8933333333333333,0.9925373134328358
quest_kg,icews18,0.9,0.9925925925925926
quest_kg,icews18,0.9066666666666666,0.9926470588235294
quest_kg,icews18,0.9133333333333333,0.9927007299270073
quest_kg,icews18,0.92,0.9927536231884058
quest_kg,icews18,0.9266666666666666,0.9928057553956835
quest_kg,icews18,0.9333333333333333,0.9928571428571429
quest_kg,icews18,0.94,0.9929078014184397
quest_kg,icews18,0.9466666666666667,0.9929577464788732
quest_kg,icews18,0.9533333333333334,0.993006993006993
quest_kg,icews18,0.96,0.9930555555555556
quest_kg,icews18,0.9666666666666667,0.993103448275862
quest_kg,icews18,0.9733333333333334,0.9931506849315068
quest_kg,icews18,0.98,0.9931972789115646
quest_kg,icews18,0.9866666666666667,0.9932432432432432
quest_kg,icews18,0.9933333333333333,0.9932885906040269
quest_kg,icews18,1.0,0.9933333333333333
quest_kg,orgaccess,0.0013333333333333333,0.0
quest_kg,orgaccess,0.0026666666666666666,0.0
quest_kg,orgaccess,0.004,0.0
quest_kg,orgaccess,0.005333333333333333,0.0
quest_kg,orgaccess,0.006666666666666667,0.0
quest_kg,orgaccess,0.008,0.0
quest_kg,orgaccess,0.009333333333333334,0.0
quest_kg,orgaccess,0.010666666666666666,0.0
quest_kg,orgaccess,0.012,0.0
quest_kg,orgaccess,0.013333333333333334,0.0
quest_kg,orgaccess,0.014666666666666666,0.0
quest_kg,orgaccess,0.016,0.0
quest_kg,orgaccess,0.017333333333333333,0.0
quest_kg,orgaccess,0.018666666666666668,0.0
quest_kg,orgaccess,0.02,0.0
quest_kg,orgaccess,0.021333333333333333,0.0
quest_kg,orgaccess,0.02266666666666667,0.0
quest_kg,orgaccess,0.024,0.0
quest_kg,orgaccess,0.025333333333333333,0.0
quest_kg,orgaccess,0.02666666666666667,0.0
quest_kg,orgaccess,0.028,0.0
quest_kg,orgaccess,0.029333333333333333,0.0
quest_kg,orgaccess,0.030666666666666665,0.0
quest_kg,orgaccess,0.032,0.0
quest_kg,orgaccess,0.03333333333333333,0.0
quest_kg,orgaccess,0.034666666666666665,0.038461538461538436
quest_kg,orgaccess,0.036,0.03703703703703709
quest_kg,orgaccess,0.037333333333333336,0.0357142857142857
quest_kg,orgaccess,0.03866666666666667,0.03448275862068961
quest_kg,orgaccess,0.04,0.033333333333333326
quest_kg,orgaccess,0.04133333333333333,0.032258064516129004
quest_kg,orgaccess,0.042666666666666665,0.03125
quest_kg,orgaccess,0.044,0.030303030303030276
quest_kg,orgaccess,0.04533333333333334,0.02941176470588236
quest_kg,orgaccess,0.04666666666666667,0.02857142857142858
quest_kg,orgaccess,0.048,0.02777777777777779
quest_kg,orgaccess,0.04933333333333333,0.027027027027026973
quest_kg,orgaccess,0.050666666666666665,0.02631578947368418
quest_kg,orgaccess,0.052,0.02564102564102566
quest_kg,orgaccess,0.05333333333333334,0.025000000000000022
quest_kg,orgaccess,0.05466666666666667,0.024390243902439046
quest_kg,orgaccess,0.056,0.04761904761904767
quest_kg,orgaccess,0.05733333333333333,0.046511627906976716
quest_kg,orgaccess,0.058666666666666666,0.045454545454545414
quest_kg,orgaccess,0.06,0.0444444444444444
quest_kg,orgaccess,0.06133333333333333,0.06521739130434778
quest_kg,orgaccess,0.06266666666666666,0.06382978723404253
quest_kg,orgaccess,0.064,0.0625
quest_kg,orgaccess,0.06533333333333333,0.061224489795918324
quest_kg,orgaccess,0.06666666666666667,0.06000000000000005
quest_kg,orgaccess,0.068,0.05882352941176472
quest_kg,orgaccess,0.06933333333333333,0.05769230769230771
quest_kg,orgaccess,0.07066666666666667,0.05660377358490565
quest_kg,orgaccess,0.072,0.05555555555555558
quest_kg,orgaccess,0.07333333333333333,0.054545454545454564
quest_kg,orgaccess,0.07466666666666667,0.0535714285714286
quest_kg,orgaccess,0.076,0.052631578947368474
quest_kg,orgaccess,0.07733333333333334,0.06896551724137934
quest_kg,orgaccess,0.07866666666666666,0.06779661016949157
quest_kg,orgaccess,0.08,0.06666666666666665
quest_kg,orgaccess,0.08133333333333333,0.06557377049180324
quest_kg,orgaccess,0.08266666666666667,0.06451612903225812
quest_kg,orgaccess,0.084,0.06349206349206349
quest_kg,orgaccess,0.08533333333333333,0.0625
quest_kg,orgaccess,0.08666666666666667,0.06153846153846154
quest_kg,orgaccess,0.088,0.06060606060606055
quest_kg,orgaccess,0.08933333333333333,0.05970149253731338
quest_kg,orgaccess,0.09066666666666667,0.05882352941176472
quest_kg,orgaccess,0.092,0.05797101449275366
quest_kg,orgaccess,0.09333333333333334,0.05714285714285716
quest_kg,orgaccess,0.09466666666666666,0.05633802816901412
quest_kg,orgaccess,0.096,0.05555555555555558
quest_kg,orgaccess,0.09733333333333333,0.0547945205479452
quest_kg,orgaccess,0.09866666666666667,0.05405405405405406
quest_kg,orgaccess,0.1,0.053333333333333344
quest_kg,orgaccess,0.10133333333333333,0.052631578947368474
quest_kg,orgaccess,0.10266666666666667,0.051948051948051965
quest_kg,orgaccess,0.104,0.05128205128205132
quest_kg,orgaccess,0.10533333333333333,0.05063291139240511
quest_kg,orgaccess,0.10666666666666667,0.050000000000000044
quest_kg,orgaccess,0.108,0.04938271604938271
quest_kg,orgaccess,0.10933333333333334,0.04878048780487809
quest_kg,orgaccess,0.11066666666666666,0.048192771084337394
quest_kg,orgaccess,0.112,0.04761904761904767
quest_kg,orgaccess,0.11333333333333333,0.04705882352941182
quest_kg,orgaccess,0.11466666666666667,0.046511627906976716
quest_kg,orgaccess,0.116,0.04597701149425293
quest_kg,orgaccess,0.11733333333333333,0.045454545454545414
quest_kg,orgaccess,0.11866666666666667,0.0449438202247191
quest_kg,orgaccess,0.12,0.0444444444444444
quest_kg,orgaccess,0.12133333333333333,0.04395604395604391
quest_kg,orgaccess,0.12266666666666666,0.04347826086956519
quest_kg,orgaccess,0.124,0.043010752688172005
quest_kg,orgaccess,0.12533333333333332,0.04255319148936165
quest_kg,orgaccess,0.12666666666666668,0.04210526315789476
quest_kg,orgaccess,0.128,0.05208333333333337
quest_kg,orgaccess,0.12933333333333333,0.05154639175257736
quest_kg,orgaccess,0.13066666666666665,0.05102040816326525
quest_kg,orgaccess,0.132,0.0505050505050505
quest_kg,orgaccess,0.13333333333333333,0.050000000000000044
quest_kg,orgaccess,0.13466666666666666,0.04950495049504955
quest_kg,orgaccess,0.136,0.0490196078431373
quest_kg,orgaccess,0.13733333333333334,0.04854368932038833
quest_kg,orgaccess,0.13866666666666666,0.04807692307692313
quest_kg,orgaccess,0.14,0.04761904761904767
quest_kg,orgaccess,0.14133333333333334,0.047169811320754707
quest_kg,orgaccess,0.14266666666666666,0.04672897196261683
quest_kg,orgaccess,0.144,0.04629629629629628
quest_kg,orgaccess,0.14533333333333334,0.04587155963302747
quest_kg,orgaccess,0.14666666666666667,0.045454545454545414
quest_kg,orgaccess,0.148,0.04504504504504503
quest_kg,orgaccess,0.14933333333333335,0.0535714285714286
quest_kg,orgaccess,0.15066666666666667,0.053097345132743334
quest_kg,orgaccess,0.152,0.052631578947368474
quest_kg,orgaccess,0.15333333333333332,0.05217391304347829
quest_kg,orgaccess,0.15466666666666667,0.051724137931034475
quest_kg,orgaccess,0.156,0.05128205128205132
quest_kg,orgaccess,0.15733333333333333,0.05084745762711862
quest_kg,orgaccess,0.15866666666666668,0.050420168067226934
quest_kg,orgaccess,0.16,0.05833333333333335
quest_kg,orgaccess,0.16133333333333333,0.05785123966942152
quest_kg,orgaccess,0.16266666666666665,0.05737704918032782
quest_kg,orgaccess,0.164,0.05691056910569103
quest_kg,orgaccess,0.16533333333333333,0.056451612903225756
quest_kg,orgaccess,0.16666666666666666,0.05600000000000005
quest_kg,orgaccess,0.168,0.05555555555555558
quest_kg,orgaccess,0.16933333333333334,0.055118110236220486
quest_kg,orgaccess,0.17066666666666666,0.0546875
quest_kg,orgaccess,0.172,0.054263565891472854
quest_kg,orgaccess,0.17333333333333334,0.05384615384615388
quest_kg,orgaccess,0.17466666666666666,0.05343511450381677
quest_kg,orgaccess,0.176,0.05303030303030298
quest_kg,orgaccess,0.17733333333333334,0.052631578947368474
quest_kg,orgaccess,0.17866666666666667,0.052238805970149294
quest_kg,orgaccess,0.18,0.051851851851851816
quest_kg,orgaccess,0.18133333333333335,0.05147058823529416
quest_kg,orgaccess,0.18266666666666667,0.051094890510948954
quest_kg,orgaccess,0.184,0.050724637681159424
quest_kg,orgaccess,0.18533333333333332,0.05035971223021585
quest_kg,orgaccess,0.18666666666666668,0.050000000000000044
quest_kg,orgaccess,0.188,0.049645390070921946
quest_kg,orgaccess,0.18933333333333333,0.04929577464788737
quest_kg,orgaccess,0.19066666666666668,0.04895104895104896
quest_kg,orgaccess,0.192,0.04861111111111116
quest_kg,orgaccess,0.19333333333333333,0.0482758620689655
quest_kg,orgaccess,0.19466666666666665,0.047945205479452024
quest_kg,orgaccess,0.196,0.04761904761904767
quest_kg,orgaccess,0.19733333333333333,0.04729729729729726
quest_kg,orgaccess,0.19866666666666666,0.046979865771812124
quest_kg,orgaccess,0.2,0.046666666666666634
quest_kg,orgaccess,0.20133333333333334,0.04635761589403975
quest_kg,orgaccess,0.20266666666666666,0.046052631578947345
quest_kg,orgaccess,0.204,0.04575163398692805
quest_kg,orgaccess,0.20533333333333334,0.045454545454545414
quest_kg,orgaccess,0.20666666666666667,0.05161290322580647
quest_kg,orgaccess,0.208,0.05128205128205132
quest_kg,orgaccess,0.20933333333333334,0.05095541401273884
quest_kg,orgaccess,0.21066666666666667,0.05063291139240511
quest_kg,orgaccess,0.212,0.05031446540880502
quest_kg,orgaccess,0.21333333333333335,0.050000000000000044
quest_kg,orgaccess,0.21466666666666667,0.0496894409937888
quest_kg,orgaccess,0.216,0.04938271604938271
quest_kg,orgaccess,0.21733333333333332,0.049079754601227044
quest_kg,orgaccess,0.21866666666666668,0.04878048780487809
quest_kg,orgaccess,0.22,0.048484848484848464
quest_kg,orgaccess,0.22133333333333333,0.048192771084337394
quest_kg,orgaccess,0.22266666666666668,0.053892215568862256
quest_kg,orgaccess,0.224,0.0535714285714286
quest_kg,orgaccess,0.22533333333333333,0.053254437869822535
quest_kg,orgaccess,0.22666666666666666,0.05294117647058827
quest_kg,orgaccess,0.228,0.052631578947368474
quest_kg,orgaccess,0.22933333333333333,0.05232558139534882
quest_kg,orgaccess,0.23066666666666666,0.052023121387283267
quest_kg,orgaccess,0.232,0.05747126436781613
quest_kg,orgaccess,0.23333333333333334,0.05714285714285716
quest_kg,orgaccess,0.23466666666666666,0.0625
quest_kg,orgaccess,0.236,0.062146892655367214
quest_kg,orgaccess,0.23733333333333334,0.061797752808988804
quest_kg,orgaccess,0.23866666666666667,0.06145251396648044
quest_kg,orgaccess,0.24,0.061111111111111116
quest_kg,orgaccess,0.24133333333333334,0.06077348066298338
quest_kg,orgaccess,0.24266666666666667,0.06043956043956045
quest_kg,orgaccess,0.244,0.060109289617486295
quest_kg,orgaccess,0.24533333333333332,0.05978260869565222
quest_kg,orgaccess,0.24666666666666667,0.05945945945945941
quest_kg,orgaccess,0.248,0.05913978494623651
quest_kg,orgaccess,0.24933333333333332,0.05882352941176472
quest_kg,orgaccess,0.25066666666666665,0.058510638297872286
quest_kg,orgaccess,0.252,0.05820105820105825
quest_kg,orgaccess,0.25333333333333335,0.05789473684210522
quest_kg,orgaccess,0.25466666666666665,0.05759162303664922
quest_kg,orgaccess,0.256,0.05729166666666663
quest_kg,orgaccess,0.25733333333333336,0.05699481865284972
quest_kg,orgaccess,0.25866666666666666,0.05670103092783507
quest_kg,orgaccess,0.26,0.05641025641025643
quest_kg,orgaccess,0.2613333333333333,0.056122448979591844
quest_kg,orgaccess,0.26266666666666666,0.055837563451776595
quest_kg,orgaccess,0.264,0.05555555555555558
quest_kg,orgaccess,0.2653333333333333,0.055276381909547756
quest_kg,orgaccess,0.26666666666666666,0.05500000000000005
quest_kg,orgaccess,0.268,0.05472636815920395
quest_kg,orgaccess,0.2693333333333333,0.054455445544554504
quest_kg,orgaccess,0.27066666666666667,0.054187192118226646
quest_kg,orgaccess,0.272,0.05392156862745101
quest_kg,orgaccess,0.2733333333333333,0.0536585365853659
quest_kg,orgaccess,0.27466666666666667,0.058252427184465994
quest_kg,orgaccess,0.276,0.05797101449275366
quest_kg,orgaccess,0.2773333333333333,0.05769230769230771
quest_kg,orgaccess,0.2786666666666667,0.0574162679425837
quest_kg,orgaccess,0.28,0.05714285714285716
quest_kg,orgaccess,0.2813333333333333,0.056872037914691975
quest_kg,orgaccess,0.2826666666666667,0.05660377358490565
quest_kg,orgaccess,0.284,0.05633802816901412
quest_kg,orgaccess,0.2853333333333333,0.05607476635514019
quest_kg,orgaccess,0.2866666666666667,0.05581395348837215
quest_kg,orgaccess,0.288,0.05555555555555558
quest_kg,orgaccess,0.28933333333333333,0.055299539170506895
quest_kg,orgaccess,0.2906666666666667,0.05504587155963303
quest_kg,orgaccess,0.292,0.0547945205479452
quest_kg,orgaccess,0.29333333333333333,0.054545454545454564
quest_kg,orgaccess,0.2946666666666667,0.05429864253393668
quest_kg,orgaccess,0.296,0.05405405405405406
quest_kg,orgaccess,0.29733333333333334,0.053811659192825156
quest_kg,orgaccess,0.2986666666666667,0.0535714285714286
quest_kg,orgaccess,0.3,0.053333333333333344
quest_kg,orgaccess,0.30133333333333334,0.053097345132743334
quest_kg,orgaccess,0.30266666666666664,0.052863436123347984
quest_kg,orgaccess,0.304,0.05701754385964908
quest_kg,orgaccess,0.30533333333333335,0.05676855895196509
quest_kg,orgaccess,0.30666666666666664,0.05652173913043479
quest_kg,orgaccess,0.308,0.06060606060606055
quest_kg,orgaccess,0.30933333333333335,0.06034482758620685
quest_kg,orgaccess,0.31066666666666665,0.06008583690987124
quest_kg,orgaccess,0.312,0.05982905982905984
quest_kg,orgaccess,0.31333333333333335,0.05957446808510636
quest_kg,orgaccess,0.31466666666666665,0.05932203389830504
quest_kg,orgaccess,0.316,0.05907172995780585
quest_kg,orgaccess,0.31733333333333336,0.05882352941176472
quest_kg,orgaccess,0.31866666666666665,0.05857740585774063
quest_kg,orgaccess,0.32,0.0625
quest_kg,orgaccess,0.32133333333333336,0.06224066390041494
quest_kg,orgaccess,0.32266666666666666,0.06198347107438018
quest_kg,orgaccess,0.324,0.06172839506172845
quest_kg,orgaccess,0.3253333333333333,0.061475409836065587
quest_kg,orgaccess,0.32666666666666666,0.061224489795918324
quest_kg,orgaccess,0.328,0.060975609756097615
quest_kg,orgaccess,0.3293333333333333,0.06072874493927127
quest_kg,orgaccess,0.33066666666666666,0.06048387096774188
quest_kg,orgaccess,0.332,0.06024096385542166
quest_kg,orgaccess,0.3333333333333333,0.06000000000000005
quest_kg,orgaccess,0.33466666666666667,0.05976095617529875
quest_kg,orgaccess,0.336,0.059523809523809534
quest_kg,orgaccess,0.3373333333333333,0.059288537549407105
quest_kg,orgaccess,0.33866666666666667,0.05905511811023623
quest_kg,orgaccess,0.34,0.05882352941176472
quest_kg,orgaccess,0.3413333333333333,0.05859375
quest_kg,orgaccess,0.3426666666666667,0.05836575875486383
quest_kg,orgaccess,0.344,0.05813953488372092
quest_kg,orgaccess,0.3453333333333333,0.05791505791505791
quest_kg,orgaccess,0.3466666666666667,0.06153846153846154
quest_kg,orgaccess,0.348,0.06130268199233713
quest_kg,orgaccess,0.34933333333333333,0.06106870229007633
quest_kg,orgaccess,0.3506666666666667,0.06083650190114065
quest_kg,orgaccess,0.352,0.06060606060606055
quest_kg,orgaccess,0.35333333333333333,0.060377358490566024
quest_kg,orgaccess,0.3546666666666667,0.06015037593984962
quest_kg,orgaccess,0.356,0.05992509363295884
quest_kg,orgaccess,0.35733333333333334,0.05970149253731338
quest_kg,orgaccess,0.3586666666666667,0.059479553903345694
quest_kg,orgaccess,0.36,0.059259259259259234
quest_kg,orgaccess,0.36133333333333334,0.059040590405904037
quest_kg,orgaccess,0.3626666666666667,0.05882352941176472
quest_kg,orgaccess,0.364,0.05860805860805862
quest_kg,orgaccess,0.36533333333333334,0.058394160583941646
quest_kg,orgaccess,0.36666666666666664,0.05818181818181822
quest_kg,orgaccess,0.368,0.05797101449275366
quest_kg,orgaccess,0.36933333333333335,0.0577617328519856
quest_kg,orgaccess,0.37066666666666664,0.05755395683453235
quest_kg,orgaccess,0.372,0.06093189964157708
quest_kg,orgaccess,0.37333333333333335,0.06071428571428572
quest_kg,orgaccess,0.37466666666666665,0.06049822064056942
quest_kg,orgaccess,0.376,0.06382978723404253
quest_kg,orgaccess,0.37733333333333335,0.06360424028268552
quest_kg,orgaccess,0.37866666666666665,0.06338028169014087
quest_kg,orgaccess,0.38,0.06666666666666665
quest_kg,orgaccess,0.38133333333333336,0.06643356643356646
quest_kg,orgaccess,0.38266666666666665,0.0662020905923345
quest_kg,orgaccess,0.384,0.06597222222222221
quest_kg,orgaccess,0.38533333333333336,0.0692041522491349
quest_kg,orgaccess,0.38666666666666666,0.06896551724137934
quest_kg,orgaccess,0.388,0.07216494845360821
quest_kg,orgaccess,0.3893333333333333,0.07191780821917804
quest_kg,orgaccess,0.39066666666666666,0.07508532423208192
quest_kg,orgaccess,0.392,0.07482993197278909
quest_kg,orgaccess,0.3933333333333333,0.07457627118644072
quest_kg,orgaccess,0.39466666666666667,0.07432432432432434
quest_kg,orgaccess,0.396,0.07407407407407407
quest_kg,orgaccess,0.3973333333333333,0.0738255033557047
quest_kg,orgaccess,0.39866666666666667,0.0735785953177257
quest_kg,orgaccess,0.4,0.07333333333333336
quest_kg,orgaccess,0.4013333333333333,0.07308970099667778
quest_kg,orgaccess,0.4026666666666667,0.07284768211920534
quest_kg,orgaccess,0.404,0.07590759075907594
quest_kg,orgaccess,0.4053333333333333,0.07565789473684215
quest_kg,orgaccess,0.4066666666666667,0.07540983606557372
quest_kg,orgaccess,0.408,0.07516339869281041
quest_kg,orgaccess,0.4093333333333333,0.07491856677524433
quest_kg,orgaccess,0.4106666666666667,0.07467532467532467
quest_kg,orgaccess,0.412,0.0744336569579288
quest_kg,orgaccess,0.41333333333333333,0.0741935483870968
quest_kg,orgaccess,0.4146666666666667,0.07395498392282962
quest_kg,orgaccess,0.416,0.07371794871794868
quest_kg,orgaccess,0.41733333333333333,0.07348242811501593
quest_kg,orgaccess,0.4186666666666667,0.07324840764331209
quest_kg,orgaccess,0.42,0.07301587301587298
quest_kg,orgaccess,0.42133333333333334,0.07278481012658233
quest_kg,orgaccess,0.4226666666666667,0.0725552050473186
quest_kg,orgaccess,0.424,0.07232704402515722
quest_kg,orgaccess,0.42533333333333334,0.07523510971786829
quest_kg,orgaccess,0.4266666666666667,0.078125
quest_kg,orgaccess,0.428,0.07788161993769471
quest_kg,orgaccess,0.42933333333333334,0.07763975155279501
quest_kg,orgaccess,0.43066666666666664,0.08049535603715174
quest_kg,orgaccess,0.432,0.08024691358024694
quest_kg,orgaccess,0.43333333333333335,0.07999999999999996
quest_kg,orgaccess,0.43466666666666665,0.07975460122699385
quest_kg,orgaccess,0.436,0.07951070336391441
quest_kg,orgaccess,0.43733333333333335,0.07926829268292679
quest_kg,orgaccess,0.43866666666666665,0.07902735562310026
quest_kg,orgaccess,0.44,0.07878787878787874
quest_kg,orgaccess,0.44133333333333336,0.08157099697885195
quest_kg,orgaccess,0.44266666666666665,0.08132530120481929
quest_kg,orgaccess,0.444,0.08108108108108103
quest_kg,orgaccess,0.44533333333333336,0.08383233532934131
quest_kg,orgaccess,0.44666666666666666,0.08358208955223878
quest_kg,orgaccess,0.448,0.08333333333333337
quest_kg,orgaccess,0.4493333333333333,0.08308605341246289
quest_kg,orgaccess,0.45066666666666666,0.08284023668639051
quest_kg,orgaccess,0.452,0.08259587020648973
quest_kg,orgaccess,0.4533333333333333,0.08235294117647063
quest_kg,orgaccess,0.45466666666666666,0.08211143695014667
quest_kg,orgaccess,0.456,0.08187134502923976
quest_kg,orgaccess,0.4573333333333333,0.08163265306122447
quest_kg,orgaccess,0.45866666666666667,0.08139534883720934
quest_kg,orgaccess,0.46,0.08115942028985512
quest_kg,orgaccess,0.4613333333333333,0.08092485549132944
quest_kg,orgaccess,0.46266666666666667,0.0806916426512968
quest_kg,orgaccess,0.464,0.08045977011494254
quest_kg,orgaccess,0.4653333333333333,0.08022922636103147
quest_kg,orgaccess,0.4666666666666667,0.07999999999999996
quest_kg,orgaccess,0.468,0.07977207977207978
quest_kg,orgaccess,0.4693333333333333,0.07954545454545459
quest_kg,orgaccess,0.4706666666666667,0.07932011331444755
quest_kg,orgaccess,0.472,0.07909604519774016
quest_kg,orgaccess,0.47333333333333333,0.07887323943661972
quest_kg,orgaccess,0.4746666666666667,0.0786516853932584
quest_kg,orgaccess,0.476,0.07843137254901966
quest_kg,orgaccess,0.47733333333333333,0.07821229050279332
quest_kg,orgaccess,0.4786666666666667,0.07799442896935938
quest_kg,orgaccess,0.48,0.0805555555555556
quest_kg,orgaccess,0.48133333333333334,0.08033240997229918
quest_kg,orgaccess,0.4826666666666667,0.08011049723756902
quest_kg,orgaccess,0.484,0.07988980716253447
quest_kg,orgaccess,0.48533333333333334,0.07967032967032972
quest_kg,orgaccess,0.4866666666666667,0.07945205479452055
quest_kg,orgaccess,0.488,0.0792349726775956
quest_kg,orgaccess,0.48933333333333334,0.07901907356948223
quest_kg,orgaccess,0.49066666666666664,0.07880434782608692
quest_kg,orgaccess,0.492,0.07859078590785906
quest_kg,orgaccess,0.49333333333333335,0.07837837837837835
quest_kg,orgaccess,0.49466666666666664,0.07816711590296499
quest_kg,orgaccess,0.496,0.07795698924731187
quest_kg,orgaccess,0.49733333333333335,0.07774798927613946
quest_kg,orgaccess,0.49866666666666665,0.07754010695187163
quest_kg,orgaccess,0.5,0.07733333333333337
quest_kg,orgaccess,0.5013333333333333,0.0771276595744681
quest_kg,orgaccess,0.5026666666666667,0.07692307692307687
quest_kg,orgaccess,0.504,0.07671957671957674
quest_kg,orgaccess,0.5053333333333333,0.07651715039577833
quest_kg,orgaccess,0.5066666666666667,0.07894736842105265
quest_kg,orgaccess,0.508,0.07874015748031493
quest_kg,orgaccess,0.5093333333333333,0.07853403141361259
quest_kg,orgaccess,0.5106666666666667,0.07832898172323755
quest_kg,orgaccess,0.512,0.078125
quest_kg,orgaccess,0.5133333333333333,0.07792207792207795
quest_kg,orgaccess,0.5146666666666667,0.07772020725388606
quest_kg,orgaccess,0.516,0.07751937984496127
quest_kg,orgaccess,0.5173333333333333,0.07731958762886593
quest_kg,orgaccess,0.5186666666666667,0.07712082262210795
quest_kg,orgaccess,0.52,0.07692307692307687
quest_kg,orgaccess,0.5213333333333333,0.07672634271099743
quest_kg,orgaccess,0.5226666666666666,0.07653061224489799
quest_kg,orgaccess,0.524,0.07633587786259544
quest_kg,orgaccess,0.5253333333333333,0.07614213197969544
quest_kg,orgaccess,0.5266666666666666,0.07594936708860756
quest_kg,orgaccess,0.528,0.0757575757575758
quest_kg,orgaccess,0.5293333333333333,0.07556675062972296
quest_kg,orgaccess,0.5306666666666666,0.07537688442211055
quest_kg,orgaccess,0.532,0.07769423558897248
quest_kg,orgaccess,0.5333333333333333,0.07750000000000001
quest_kg,orgaccess,0.5346666666666666,0.07980049875311723
quest_kg,orgaccess,0.536,0.07960199004975121
quest_kg,orgaccess,0.5373333333333333,0.07940446650124067
quest_kg,orgaccess,0.5386666666666666,0.07920792079207917
quest_kg,orgaccess,0.54,0.07901234567901239
quest_kg,orgaccess,0.5413333333333333,0.0788177339901478
quest_kg,orgaccess,0.5426666666666666,0.07862407862407861
quest_kg,orgaccess,0.544,0.07843137254901966
quest_kg,orgaccess,0.5453333333333333,0.07823960880195602
quest_kg,orgaccess,0.5466666666666666,0.07804878048780484
quest_kg,orgaccess,0.548,0.08029197080291972
quest_kg,orgaccess,0.5493333333333333,0.08009708737864074
quest_kg,orgaccess,0.5506666666666666,0.07990314769975781
quest_kg,orgaccess,0.552,0.07971014492753625
quest_kg,orgaccess,0.5533333333333333,0.07951807228915664
quest_kg,orgaccess,0.5546666666666666,0.07932692307692313
quest_kg,orgaccess,0.556,0.07913669064748197
quest_kg,orgaccess,0.5573333333333333,0.07894736842105265
quest_kg,orgaccess,0.5586666666666666,0.07875894988066823
quest_kg,orgaccess,0.56,0.07857142857142863
quest_kg,orgaccess,0.5613333333333334,0.07838479809976251
quest_kg,orgaccess,0.5626666666666666,0.0781990521327014
quest_kg,orgaccess,0.564,0.07801418439716312
quest_kg,orgaccess,0.5653333333333334,0.08018867924528306
quest_kg,orgaccess,0.5666666666666667,0.07999999999999996
quest_kg,orgaccess,0.568,0.07981220657277
quest_kg,orgaccess,0.5693333333333334,0.07962529274004682
quest_kg,orgaccess,0.5706666666666667,0.07943925233644855
quest_kg,orgaccess,0.572,0.07925407925407923
quest_kg,orgaccess,0.5733333333333334,0.07906976744186045
quest_kg,orgaccess,0.5746666666666667,0.07888631090487241
quest_kg,orgaccess,0.576,0.07870370370370372
quest_kg,orgaccess,0.5773333333333334,0.07852193995381063
quest_kg,orgaccess,0.5786666666666667,0.07834101382488479
quest_kg,orgaccess,0.58,0.07816091954022986
quest_kg,orgaccess,0.5813333333333334,0.07798165137614677
quest_kg,orgaccess,0.5826666666666667,0.0778032036613272
quest_kg,orgaccess,0.584,0.07762557077625576
quest_kg,orgaccess,0.5853333333333334,0.07744874715261962
quest_kg,orgaccess,0.5866666666666667,0.07727272727272727
quest_kg,orgaccess,0.588,0.07709750566893425
quest_kg,orgaccess,0.5893333333333334,0.07692307692307687
quest_kg,orgaccess,0.5906666666666667,0.07674943566591419
quest_kg,orgaccess,0.592,0.07657657657657657
quest_kg,orgaccess,0.5933333333333334,0.07640449438202246
quest_kg,orgaccess,0.5946666666666667,0.07623318385650224
quest_kg,orgaccess,0.596,0.07606263982102912
quest_kg,orgaccess,0.5973333333333334,0.0758928571428571
quest_kg,orgaccess,0.5986666666666667,0.07795100222717144
quest_kg,orgaccess,0.6,0.07777777777777772
quest_kg,orgaccess,0.6013333333333334,0.07760532150776056
quest_kg,orgaccess,0.6026666666666667,0.07743362831858402
quest_kg,orgaccess,0.604,0.07726269315673284
quest_kg,orgaccess,0.6053333333333333,0.0770925110132159
quest_kg,orgaccess,0.6066666666666667,0.07692307692307687
quest_kg,orgaccess,0.608,0.07675438596491224
quest_kg,orgaccess,0.6093333333333333,0.07658643326039383
quest_kg,orgaccess,0.6106666666666667,0.07641921397379914
quest_kg,orgaccess,0.612,0.07625272331154687
quest_kg,orgaccess,0.6133333333333333,0.07608695652173914
quest_kg,orgaccess,0.6146666666666667,0.07592190889370931
quest_kg,orgaccess,0.616,0.0757575757575758
quest_kg,orgaccess,0.6173333333333333,0.0755939524838013
quest_kg,orgaccess,0.6186666666666667,0.07543103448275867
quest_kg,orgaccess,0.62,0.07526881720430112
quest_kg,orgaccess,0.6213333333333333,0.07510729613733902
quest_kg,orgaccess,0.6226666666666667,0.07494646680942185
quest_kg,orgaccess,0.624,0.07478632478632474
quest_kg,orgaccess,0.6253333333333333,0.07462686567164178
quest_kg,orgaccess,0.6266666666666667,0.07446808510638303
quest_kg,orgaccess,0.628,0.07430997876857748
quest_kg,orgaccess,0.6293333333333333,0.07627118644067798
quest_kg,orgaccess,0.6306666666666667,0.07610993657505283
quest_kg,orgaccess,0.632,0.07805907172995785
quest_kg,orgaccess,0.6333333333333333,0.07789473684210524
quest_kg,orgaccess,0.6346666666666667,0.07773109243697474
quest_kg,orgaccess,0.636,0.07756813417190778
quest_kg,orgaccess,0.6373333333333333,0.07740585774058573
quest_kg,orgaccess,0.6386666666666667,0.0772442588726514
quest_kg,orgaccess,0.64,0.07708333333333328
quest_kg,orgaccess,0.6413333333333333,0.07692307692307687
quest_kg,orgaccess,0.6426666666666667,0.07676348547717837
quest_kg,orgaccess,0.644,0.07660455486542439
quest_kg,orgaccess,0.6453333333333333,0.07644628099173556
quest_kg,orgaccess,0.6466666666666666,0.07628865979381438
quest_kg,orgaccess,0.648,0.0761316872427984
quest_kg,orgaccess,0.6493333333333333,0.07597535934291577
quest_kg,orgaccess,0.6506666666666666,0.07581967213114749
quest_kg,orgaccess,0.652,0.07566462167689159
quest_kg,orgaccess,0.6533333333333333,0.07551020408163267
quest_kg,orgaccess,0.6546666666666666,0.07535641547861505
quest_kg,orgaccess,0.656,0.07520325203252032
quest_kg,orgaccess,0.6573333333333333,0.07505070993914809
quest_kg,orgaccess,0.6586666666666666,0.0748987854251012
quest_kg,orgaccess,0.66,0.07474747474747478
quest_kg,orgaccess,0.6613333333333333,0.07459677419354838
quest_kg,orgaccess,0.6626666666666666,0.07444668008048294
quest_kg,orgaccess,0.664,0.07429718875502012
quest_kg,orgaccess,0.6653333333333333,0.07414829659318634
quest_kg,orgaccess,0.6666666666666666,0.07399999999999995
quest_kg,orgaccess,0.668,0.07385229540918159
quest_kg,orgaccess,0.6693333333333333,0.07370517928286857
quest_kg,orgaccess,0.6706666666666666,0.07355864811133206
quest_kg,orgaccess,0.672,0.07341269841269837
quest_kg,orgaccess,0.6733333333333333,0.07326732673267322
quest_kg,orgaccess,0.6746666666666666,0.0731225296442688
quest_kg,orgaccess,0.676,0.07297830374753456
quest_kg,orgaccess,0.6773333333333333,0.07283464566929132
quest_kg,orgaccess,0.6786666666666666,0.07269155206286837
quest_kg,orgaccess,0.68,0.0725490196078431
quest_kg,orgaccess,0.6813333333333333,0.07240704500978479
quest_kg,orgaccess,0.6826666666666666,0.072265625
quest_kg,orgaccess,0.684,0.0721247563352827
quest_kg,orgaccess,0.6853333333333333,0.07198443579766534
quest_kg,orgaccess,0.6866666666666666,0.07184466019417479
quest_kg,orgaccess,0.688,0.07170542635658916
quest_kg,orgaccess,0.6893333333333334,0.07156673114119927
quest_kg,orgaccess,0.6906666666666667,0.0714285714285714
quest_kg,orgaccess,0.692,0.07129094412331405
quest_kg,orgaccess,0.6933333333333334,0.07115384615384612
quest_kg,orgaccess,0.6946666666666667,0.07101727447216888
quest_kg,orgaccess,0.696,0.07088122605363989
quest_kg,orgaccess,0.6973333333333334,0.07074569789674956
quest_kg,orgaccess,0.6986666666666667,0.07061068702290074
quest_kg,orgaccess,0.7,0.07047619047619047
quest_kg,orgaccess,0.7013333333333334,0.07034220532319391
quest_kg,orgaccess,0.7026666666666667,0.0702087286527514
quest_kg,orgaccess,0.704,0.07007575757575757
quest_kg,orgaccess,0.7053333333333334,0.06994328922495274
quest_kg,orgaccess,0.7066666666666667,0.06981132075471697
quest_kg,orgaccess,0.708,0.07156308851224102
quest_kg,orgaccess,0.7093333333333334,0.0714285714285714
quest_kg,orgaccess,0.7106666666666667,0.07129455909943716
quest_kg,orgaccess,0.712,0.07116104868913853
quest_kg,orgaccess,0.7133333333333334,0.07102803738317753
quest_kg,orgaccess,0.7146666666666667,0.07089552238805974
quest_kg,orgaccess,0.716,0.07076350093109873
quest_kg,orgaccess,0.7173333333333334,0.07249070631970256
quest_kg,orgaccess,0.7186666666666667,0.07235621521335811
quest_kg,orgaccess,0.72,0.07222222222222219
quest_kg,orgaccess,0.7213333333333334,0.07208872458410354
quest_kg,orgaccess,0.7226666666666667,0.0719557195571956
quest_kg,orgaccess,0.724,0.07182320441988954
quest_kg,orgaccess,0.7253333333333334,0.0716911764705882
quest_kg,orgaccess,0.7266666666666667,0.07155963302752288
quest_kg,orgaccess,0.728,0.0714285714285714
quest_kg,orgaccess,0.7293333333333333,0.07129798903107865
quest_kg,orgaccess,0.7306666666666667,0.07116788321167888
quest_kg,orgaccess,0.732,0.07103825136612019
quest_kg,orgaccess,0.7333333333333333,0.07090909090909092
quest_kg,orgaccess,0.7346666666666667,0.07078039927404722
quest_kg,orgaccess,0.736,0.07065217391304346
quest_kg,orgaccess,0.7373333333333333,0.07052441229656414
quest_kg,orgaccess,0.7386666666666667,0.0703971119133574
quest_kg,orgaccess,0.74,0.07027027027027022
quest_kg,orgaccess,0.7413333333333333,0.07014388489208634
quest_kg,orgaccess,0.7426666666666667,0.0700179533213644
quest_kg,orgaccess,0.744,0.06989247311827962
quest_kg,orgaccess,0.7453333333333333,0.07155635062611809
quest_kg,orgaccess,0.7466666666666667,0.0714285714285714
quest_kg,orgaccess,0.748,0.071301247771836
quest_kg,orgaccess,0.7493333333333333,0.07117437722419928
quest_kg,orgaccess,0.7506666666666667,0.0710479573712256
quest_kg,orgaccess,0.752,0.07092198581560283
quest_kg,orgaccess,0.7533333333333333,0.07079646017699115
quest_kg,orgaccess,0.7546666666666667,0.07067137809187274
quest_kg,orgaccess,0.756,0.07054673721340388
quest_kg,orgaccess,0.7573333333333333,0.07042253521126762
quest_kg,orgaccess,0.7586666666666667,0.07029876977152905
quest_kg,orgaccess,0.76,0.07017543859649122
quest_kg,orgaccess,0.7613333333333333,0.07005253940455336
quest_kg,orgaccess,0.7626666666666667,0.0699300699300699
quest_kg,orgaccess,0.764,0.06980802792321117
quest_kg,orgaccess,0.7653333333333333,0.06968641114982577
quest_kg,orgaccess,0.7666666666666667,0.06956521739130439
quest_kg,orgaccess,0.768,0.06944444444444442
quest_kg,orgaccess,0.7693333333333333,0.06932409012131713
quest_kg,orgaccess,0.7706666666666667,0.0692041522491349
quest_kg,orgaccess,0.772,0.06908462867012088
quest_kg,orgaccess,0.7733333333333333,0.06896551724137934
quest_kg,orgaccess,0.7746666666666666,0.0688468158347676
quest_kg,orgaccess,0.776,0.06872852233676974
quest_kg,orgaccess,0.7773333333333333,0.06861063464837047
quest_kg,orgaccess,0.7786666666666666,0.06849315068493156
quest_kg,orgaccess,0.78,0.06837606837606836
quest_kg,orgaccess,0.7813333333333333,0.06825938566552903
quest_kg,orgaccess,0.7826666666666666,0.0681431005110733
quest_kg,orgaccess,0.784,0.0680272108843537
quest_kg,orgaccess,0.7853333333333333,0.06791171477079794
quest_kg,orgaccess,0.7866666666666666,0.06779661016949157
quest_kg,orgaccess,0.788,0.06768189509306266
quest_kg,orgaccess,0.7893333333333333,0.06756756756756754
quest_kg,orgaccess,0.7906666666666666,0.06745362563237778
quest_kg,orgaccess,0.792,0.06734006734006737
quest_kg,orgaccess,0.7933333333333333,0.0672268907563025
quest_kg,orgaccess,0.7946666666666666,0.06711409395973156
quest_kg,orgaccess,0.796,0.06700167504187604
quest_kg,orgaccess,0.7973333333333333,0.06688963210702337
quest_kg,orgaccess,0.7986666666666666,0.06844741235392315
quest_kg,orgaccess,0.8,0.06833333333333336
quest_kg,orgaccess,0.8013333333333333,0.06821963394342767
quest_kg,orgaccess,0.8026666666666666,0.06810631229235875
quest_kg,orgaccess,0.804,0.06799336650082921
quest_kg,orgaccess,0.8053333333333333,0.06788079470198671
quest_kg,orgaccess,0.8066666666666666,0.06776859504132227
quest_kg,orgaccess,0.808,0.06765676567656764
quest_kg,orgaccess,0.8093333333333333,0.06754530477759468
quest_kg,orgaccess,0.8106666666666666,0.06743421052631582
quest_kg,orgaccess,0.812,0.0673234811165846
quest_kg,orgaccess,0.8133333333333334,0.06721311475409841
quest_kg,orgaccess,0.8146666666666667,0.06710310965630117
quest_kg,orgaccess,0.816,0.06699346405228757
quest_kg,orgaccess,0.8173333333333334,0.06688417618270803
quest_kg,orgaccess,0.8186666666666667,0.0667752442996743
quest_kg,orgaccess,0.82,0.06666666666666665
quest_kg,orgaccess,0.8213333333333334,0.0665584415584416
quest_kg,orgaccess,0.8226666666666667,0.06645056726094001
quest_kg,orgaccess,0.824,0.06796116504854366
quest_kg,orgaccess,0.8253333333333334,0.06785137318255252
quest_kg,orgaccess,0.8266666666666667,0.06774193548387097
quest_kg,orgaccess,0.828,0.06763285024154586
quest_kg,orgaccess,0.8293333333333334,0.067524115755627
quest_kg,orgaccess,0.8306666666666667,0.0674157303370787
quest_kg,orgaccess,0.832,0.06730769230769229
quest_kg,orgaccess,0.8333333333333334,0.06720000000000004
quest_kg,orgaccess,0.8346666666666667,0.06709265175718848
quest_kg,orgaccess,0.836,0.06698564593301437
quest_kg,orgaccess,0.8373333333333334,0.06687898089171973
quest_kg,orgaccess,0.8386666666666667,0.06677265500794916
quest_kg,orgaccess,0.84,0.06666666666666665
quest_kg,orgaccess,0.8413333333333334,0.06656101426307448
quest_kg,orgaccess,0.8426666666666667,0.06645569620253167
quest_kg,orgaccess,0.844,0.06635071090047395
quest_kg,orgaccess,0.8453333333333334,0.06624605678233442
quest_kg,orgaccess,0.8466666666666667,0.06614173228346454
quest_kg,orgaccess,0.848,0.06603773584905659
quest_kg,orgaccess,0.8493333333333334,0.06750392464678179
quest_kg,orgaccess,0.8506666666666667,0.06739811912225702
quest_kg,orgaccess,0.852,0.06885758998435054
quest_kg,orgaccess,0.8533333333333334,0.06874999999999998
quest_kg,orgaccess,0.8546666666666667,0.07020280811232449
quest_kg,orgaccess,0.856,0.07009345794392519
quest_kg,orgaccess,0.8573333333333333,0.07153965785381022
quest_kg,orgaccess,0.8586666666666667,0.0714285714285714
quest_kg,orgaccess,0.86,0.07131782945736431
quest_kg,orgaccess,0.8613333333333333,0.07120743034055732
quest_kg,orgaccess,0.8626666666666667,0.07109737248840808
quest_kg,orgaccess,0.864,0.07098765432098764
quest_kg,orgaccess,0.8653333333333333,0.07087827426810478
quest_kg,orgaccess,0.8666666666666667,0.0707692307692308
quest_kg,orgaccess,0.868,0.07066052227342545
quest_kg,orgaccess,0.8693333333333333,0.07055214723926384
quest_kg,orgaccess,0.8706666666666667,0.07044410413476265
quest_kg,orgaccess,0.872,0.07033639143730885
quest_kg,orgaccess,0.8733333333333333,0.07022900763358775
quest_kg,orgaccess,0.8746666666666667,0.07012195121951215
quest_kg,orgaccess,0.876,0.0700152207001522
quest_kg,orgaccess,0.8773333333333333,0.06990881458966569
quest_kg,orgaccess,0.8786666666666667,0.06980273141122917
quest_kg,orgaccess,0.88,0.0696969696969697
quest_kg,orgaccess,0.8813333333333333,0.06959152798789714
quest_kg,orgaccess,0.8826666666666667,0.06948640483383683
quest_kg,orgaccess,0.884,0.06938159879336347
quest_kg,orgaccess,0.8853333333333333,0.06927710843373491
quest_kg,orgaccess,0.8866666666666667,0.07067669172932334
quest_kg,orgaccess,0.888,0.07057057057057059
quest_kg,orgaccess,0.8893333333333333,0.07046476761619191
quest_kg,orgaccess,0.8906666666666667,0.07035928143712578
quest_kg,orgaccess,0.892,0.07025411061285503
quest_kg,orgaccess,0.8933333333333333,0.07014925373134329
quest_kg,orgaccess,0.8946666666666667,0.07004470938897167
quest_kg,orgaccess,0.896,0.06994047619047616
quest_kg,orgaccess,0.8973333333333333,0.06983655274888556
quest_kg,orgaccess,0.8986666666666666,0.06973293768545996
quest_kg,orgaccess,0.9,0.0696296296296296
quest_kg,orgaccess,0.9013333333333333,0.06952662721893488
quest_kg,orgaccess,0.9026666666666666,0.069423929098966
quest_kg,orgaccess,0.904,0.07079646017699115
quest_kg,orgaccess,0.9053333333333333,0.07069219440353458
quest_kg,orgaccess,0.9066666666666666,0.07058823529411762
quest_kg,orgaccess,0.908,0.07048458149779735
quest_kg,orgaccess,0.9093333333333333,0.0703812316715543
quest_kg,orgaccess,0.9106666666666666,0.07027818448023426
quest_kg,orgaccess,0.912,0.07017543859649122
quest_kg,orgaccess,0.9133333333333333,0.07007299270072997
quest_kg,orgaccess,0.9146666666666666,0.06997084548104959
quest_kg,orgaccess,0.916,0.06986899563318782
quest_kg,orgaccess,0.9173333333333333,0.06976744186046513
quest_kg,orgaccess,0.9186666666666666,0.06966618287373005
quest_kg,orgaccess,0.92,0.06956521739130439
quest_kg,orgaccess,0.9213333333333333,0.06946454413892911
quest_kg,orgaccess,0.9226666666666666,0.06936416184971095
quest_kg,orgaccess,0.924,0.06926406926406925
quest_kg,orgaccess,0.9253333333333333,0.06916426512968299
quest_kg,orgaccess,0.9266666666666666,0.06906474820143882
quest_kg,orgaccess,0.928,0.06896551724137934
quest_kg,orgaccess,0.9293333333333333,0.06886657101865135
quest_kg,orgaccess,0.9306666666666666,0.06876790830945556
quest_kg,orgaccess,0.932,0.06866952789699576
quest_kg,orgaccess,0.9333333333333333,0.06857142857142862
quest_kg,orgaccess,0.9346666666666666,0.0684736091298146
quest_kg,orgaccess,0.936,0.06980056980056981
quest_kg,orgaccess,0.9373333333333334,0.06970128022759603
quest_kg,orgaccess,0.9386666666666666,0.06960227272727271
quest_kg,orgaccess,0.94,0.06950354609929077
quest_kg,orgaccess,0.9413333333333334,0.06940509915014159
quest_kg,orgaccess,0.9426666666666667,0.06930693069306926
quest_kg,orgaccess,0.944,0.0692090395480226
quest_kg,orgaccess,0.9453333333333334,0.0691114245416079
quest_kg,orgaccess,0.9466666666666667,0.06901408450704227
quest_kg,orgaccess,0.948,0.0689170182841069
quest_kg,orgaccess,0.9493333333333334,0.0688202247191011
quest_kg,orgaccess,0.9506666666666667,0.06872370266479666
quest_kg,orgaccess,0.952,0.07002801120448177
quest_kg,orgaccess,0.9533333333333334,0.0699300699300699
quest_kg,orgaccess,0.9546666666666667,0.06983240223463683
quest_kg,orgaccess,0.956,0.06973500697350066
quest_kg,orgaccess,0.9573333333333334,0.0696378830083565
quest_kg,orgaccess,0.9586666666666667,0.06954102920723226
quest_kg,orgaccess,0.96,0.06944444444444442
quest_kg,orgaccess,0.9613333333333334,0.06934812760055475
quest_kg,orgaccess,0.9626666666666667,0.06925207756232687
quest_kg,orgaccess,0.964,0.06915629322268324
quest_kg,orgaccess,0.9653333333333334,0.06906077348066297
quest_kg,orgaccess,0.9666666666666667,0.06896551724137934
quest_kg,orgaccess,0.968,0.06887052341597799
quest_kg,orgaccess,0.9693333333333334,0.06877579092159558
quest_kg,orgaccess,0.9706666666666667,0.06868131868131866
quest_kg,orgaccess,0.972,0.06858710562414261
quest_kg,orgaccess,0.9733333333333334,0.06849315068493156
quest_kg,orgaccess,0.9746666666666667,0.06839945280437754
quest_kg,orgaccess,0.976,0.06830601092896171
quest_kg,orgaccess,0.9773333333333334,0.068212824010914
quest_kg,orgaccess,0.9786666666666667,0.0681198910081744
quest_kg,orgaccess,0.98,0.0680272108843537
quest_kg,orgaccess,0.9813333333333333,0.06793478260869568
quest_kg,orgaccess,0.9826666666666667,0.06784260515603802
quest_kg,orgaccess,0.984,0.0677506775067751
quest_kg,orgaccess,0.9853333333333333,0.06765899864682001
quest_kg,orgaccess,0.9866666666666667,0.06756756756756754
quest_kg,orgaccess,0.988,0.06747638326585692
quest_kg,orgaccess,0.9893333333333333,0.06738544474393526
quest_kg,orgaccess,0.9906666666666667,0.06729475100942128
quest_kg,orgaccess,0.992,0.06720430107526887
quest_kg,orgaccess,0.9933333333333333,0.06711409395973156
quest_kg,orgaccess,0.9946666666666667,0.06702412868632712
quest_kg,orgaccess,0.996,0.06693440428380193
quest_kg,orgaccess,0.9973333333333333,0.0668449197860963
quest_kg,orgaccess,0.9986666666666667,0.06675567423230977
quest_kg,orgaccess,1.0,0.06666666666666665
quest_kg,webqsp,0.002,1.0
quest_kg,webqsp,0.004,1.0
quest_kg,webqsp,0.006,1.0
quest_kg,webqsp,0.008,1.0
quest_kg,webqsp,0.01,1.0
quest_kg,webqsp,0.012,1.0
quest_kg,webqsp,0.014,1.0
quest_kg,webqsp,0.016,1.0
quest_kg,webqsp,0.018,0.8888888888888888
quest_kg,webqsp,0.02,0.8
quest_kg,webqsp,0.022,0.8181818181818181
quest_kg,webqsp,0.024,0.75
quest_kg,webqsp,0.026,0.7692307692307692
quest_kg,webqsp,0.028,0.7857142857142857
quest_kg,webqsp,0.03,0.8
quest_kg,webqsp,0.032,0.8125
quest_kg,webqsp,0.034,0.8235294117647058
quest_kg,webqsp,0.036,0.8333333333333334
quest_kg,webqsp,0.038,0.8421052631578947
quest_kg,webqsp,0.04,0.85
quest_kg,webqsp,0.042,0.8571428571428572
quest_kg,webqsp,0.044,0.8181818181818181
quest_kg,webqsp,0.046,0.8260869565217391
quest_kg,webqsp,0.048,0.8333333333333334
quest_kg,webqsp,0.05,0.84
quest_kg,webqsp,0.052,0.8076923076923077
quest_kg,webqsp,0.054,0.8148148148148149
quest_kg,webqsp,0.056,0.8214285714285714
quest_kg,webqsp,0.058,0.8275862068965517
quest_kg,webqsp,0.06,0.8
quest_kg,webqsp,0.062,0.8064516129032258
quest_kg,webqsp,0.064,0.8125
quest_kg,webqsp,0.066,0.7878787878787878
quest_kg,webqsp,0.068,0.7941176470588236
quest_kg,webqsp,0.07,0.8
quest_kg,webqsp,0.072,0.8055555555555556
quest_kg,webqsp,0.074,0.8108108108108107
quest_kg,webqsp,0.076,0.8157894736842105
quest_kg,webqsp,0.078,0.8205128205128205
quest_kg,webqsp,0.08,0.825
quest_kg,webqsp,0.082,0.8048780487804879
quest_kg,webqsp,0.084,0.8095238095238095
quest_kg,webqsp,0.086,0.813953488372093
quest_kg,webqsp,0.088,0.8181818181818181
quest_kg,webqsp,0.09,0.8222222222222222
quest_kg,webqsp,0.092,0.8260869565217391
quest_kg,webqsp,0.094,0.8297872340425532
quest_kg,webqsp,0.096,0.8333333333333334
quest_kg,webqsp,0.098,0.8367346938775511
quest_kg,webqsp,0.1,0.84
quest_kg,webqsp,0.102,0.8235294117647058
quest_kg,webqsp,0.104,0.8076923076923077
quest_kg,webqsp,0.106,0.8113207547169812
quest_kg,webqsp,0.108,0.8148148148148149
quest_kg,webqsp,0.11,0.8181818181818181
quest_kg,webqsp,0.112,0.8035714285714286
quest_kg,webqsp,0.114,0.7894736842105263
quest_kg,webqsp,0.116,0.7931034482758621
quest_kg,webqsp,0.118,0.7796610169491526
quest_kg,webqsp,0.12,0.7833333333333333
quest_kg,webqsp,0.122,0.7868852459016393
quest_kg,webqsp,0.124,0.7903225806451613
quest_kg,webqsp,0.126,0.7777777777777778
quest_kg,webqsp,0.128,0.78125
quest_kg,webqsp,0.13,0.7846153846153846
quest_kg,webqsp,0.132,0.7727272727272727
quest_kg,webqsp,0.134,0.7761194029850746
quest_kg,webqsp,0.136,0.7794117647058824
quest_kg,webqsp,0.138,0.782608695652174
quest_kg,webqsp,0.14,0.7857142857142857
quest_kg,webqsp,0.142,0.7746478873239436
quest_kg,webqsp,0.144,0.7638888888888888
quest_kg,webqsp,0.146,0.7671232876712328
quest_kg,webqsp,0.148,0.7567567567567568
quest_kg,webqsp,0.15,0.76
quest_kg,webqsp,0.152,0.7631578947368421
quest_kg,webqsp,0.154,0.7662337662337663
quest_kg,webqsp,0.156,0.7692307692307692
quest_kg,webqsp,0.158,0.7721518987341772
quest_kg,webqsp,0.16,0.7625
quest_kg,webqsp,0.162,0.7530864197530864
quest_kg,webqsp,0.164,0.7439024390243902
quest_kg,webqsp,0.166,0.7469879518072289
quest_kg,webqsp,0.168,0.75
quest_kg,webqsp,0.17,0.7529411764705882
quest_kg,webqsp,0.172,0.7441860465116279
quest_kg,webqsp,0.174,0.7471264367816092
quest_kg,webqsp,0.176,0.75
quest_kg,webqsp,0.178,0.752808988764045
quest_kg,webqsp,0.18,0.7555555555555555
quest_kg,webqsp,0.182,0.7582417582417582
quest_kg,webqsp,0.184,0.7608695652173914
quest_kg,webqsp,0.186,0.7526881720430108
quest_kg,webqsp,0.188,0.7553191489361702
quest_kg,webqsp,0.19,0.7578947368421053
quest_kg,webqsp,0.192,0.7604166666666666
quest_kg,webqsp,0.194,0.7628865979381443
quest_kg,webqsp,0.196,0.7653061224489796
quest_kg,webqsp,0.198,0.7676767676767677
quest_kg,webqsp,0.2,0.77
quest_kg,webqsp,0.202,0.7722772277227723
quest_kg,webqsp,0.204,0.7647058823529411
quest_kg,webqsp,0.206,0.7669902912621359
quest_kg,webqsp,0.208,0.7692307692307692
quest_kg,webqsp,0.21,0.7619047619047619
quest_kg,webqsp,0.212,0.7641509433962264
quest_kg,webqsp,0.214,0.7570093457943925
quest_kg,webqsp,0.216,0.75
quest_kg,webqsp,0.218,0.7522935779816513
quest_kg,webqsp,0.22,0.7545454545454545
quest_kg,webqsp,0.222,0.7477477477477478
quest_kg,webqsp,0.224,0.7410714285714286
quest_kg,webqsp,0.226,0.7433628318584071
quest_kg,webqsp,0.228,0.7456140350877193
quest_kg,webqsp,0.23,0.7478260869565218
quest_kg,webqsp,0.232,0.75
quest_kg,webqsp,0.234,0.7521367521367521
quest_kg,webqsp,0.236,0.7542372881355932
quest_kg,webqsp,0.238,0.7563025210084033
quest_kg,webqsp,0.24,0.75
quest_kg,webqsp,0.242,0.7520661157024793
quest_kg,webqsp,0.244,0.7540983606557377
quest_kg,webqsp,0.246,0.7560975609756098
quest_kg,webqsp,0.248,0.75
quest_kg,webqsp,0.25,0.744
quest_kg,webqsp,0.252,0.7380952380952381
quest_kg,webqsp,0.254,0.7401574803149606
quest_kg,webqsp,0.256,0.7421875
quest_kg,webqsp,0.258,0.7441860465116279
quest_kg,webqsp,0.26,0.7384615384615385
quest_kg,webqsp,0.262,0.732824427480916
quest_kg,webqsp,0.264,0.7348484848484849
quest_kg,webqsp,0.266,0.736842105263158
quest_kg,webqsp,0.268,0.7388059701492538
quest_kg,webqsp,0.27,0.7333333333333334
quest_kg,webqsp,0.272,0.7352941176470589
quest_kg,webqsp,0.274,0.7372262773722628
quest_kg,webqsp,0.276,0.7391304347826086
quest_kg,webqsp,0.278,0.7410071942446044
quest_kg,webqsp,0.28,0.7357142857142858
quest_kg,webqsp,0.282,0.7375886524822695
quest_kg,webqsp,0.284,0.7394366197183099
quest_kg,webqsp,0.286,0.7412587412587412
quest_kg,webqsp,0.288,0.7361111111111112
quest_kg,webqsp,0.29,0.7379310344827585
quest_kg,webqsp,0.292,0.7397260273972603
quest_kg,webqsp,0.294,0.7346938775510203
quest_kg,webqsp,0.296,0.7297297297297297
quest_kg,webqsp,0.298,0.7315436241610738
quest_kg,webqsp,0.3,0.7333333333333334
quest_kg,webqsp,0.302,0.7350993377483444
quest_kg,webqsp,0.304,0.736842105263158
quest_kg,webqsp,0.306,0.738562091503268
quest_kg,webqsp,0.308,0.7402597402597403
quest_kg,webqsp,0.31,0.7419354838709677
quest_kg,webqsp,0.312,0.7435897435897436
quest_kg,webqsp,0.314,0.7452229299363058
quest_kg,webqsp,0.316,0.7468354430379747
quest_kg,webqsp,0.318,0.7484276729559749
quest_kg,webqsp,0.32,0.75
quest_kg,webqsp,0.322,0.7453416149068324
quest_kg,webqsp,0.324,0.7469135802469136
quest_kg,webqsp,0.326,0.7423312883435582
quest_kg,webqsp,0.328,0.7378048780487805
quest_kg,webqsp,0.33,0.7393939393939394
quest_kg,webqsp,0.332,0.7409638554216867
quest_kg,webqsp,0.334,0.7365269461077844
quest_kg,webqsp,0.336,0.7380952380952381
quest_kg,webqsp,0.338,0.7396449704142012
quest_kg,webqsp,0.34,0.7411764705882353
quest_kg,webqsp,0.342,0.736842105263158
quest_kg,webqsp,0.344,0.7383720930232558
quest_kg,webqsp,0.346,0.7398843930635839
quest_kg,webqsp,0.348,0.7413793103448276
quest_kg,webqsp,0.35,0.7428571428571429
quest_kg,webqsp,0.352,0.7443181818181819
quest_kg,webqsp,0.354,0.7457627118644068
quest_kg,webqsp,0.356,0.7415730337078652
quest_kg,webqsp,0.358,0.7374301675977654
quest_kg,webqsp,0.36,0.7388888888888889
quest_kg,webqsp,0.362,0.7348066298342542
quest_kg,webqsp,0.364,0.7362637362637363
quest_kg,webqsp,0.366,0.7377049180327868
quest_kg,webqsp,0.368,0.7391304347826086
quest_kg,webqsp,0.37,0.7351351351351352
quest_kg,webqsp,0.372,0.7311827956989247
quest_kg,webqsp,0.374,0.732620320855615
quest_kg,webqsp,0.376,0.7340425531914894
quest_kg,webqsp,0.378,0.7301587301587302
quest_kg,webqsp,0.38,0.7263157894736842
quest_kg,webqsp,0.382,0.7277486910994764
quest_kg,webqsp,0.384,0.7291666666666667
quest_kg,webqsp,0.386,0.7305699481865284
quest_kg,webqsp,0.388,0.731958762886598
quest_kg,webqsp,0.39,0.7333333333333334
quest_kg,webqsp,0.392,0.7346938775510203
quest_kg,webqsp,0.394,0.7360406091370558
quest_kg,webqsp,0.396,0.7373737373737373
quest_kg,webqsp,0.398,0.7386934673366834
quest_kg,webqsp,0.4,0.735
quest_kg,webqsp,0.402,0.736318407960199
quest_kg,webqsp,0.404,0.7376237623762376
quest_kg,webqsp,0.406,0.7339901477832512
quest_kg,webqsp,0.408,0.7303921568627452
quest_kg,webqsp,0.41,0.7317073170731707
quest_kg,webqsp,0.412,0.7330097087378641
quest_kg,webqsp,0.414,0.7342995169082125
quest_kg,webqsp,0.416,0.7355769230769231
quest_kg,webqsp,0.418,0.7320574162679425
quest_kg,webqsp,0.42,0.7333333333333334
quest_kg,webqsp,0.422,0.7345971563981042
quest_kg,webqsp,0.424,0.7311320754716981
quest_kg,webqsp,0.426,0.7323943661971831
quest_kg,webqsp,0.428,0.7336448598130841
quest_kg,webqsp,0.43,0.7302325581395348
quest_kg,webqsp,0.432,0.7314814814814814
quest_kg,webqsp,0.434,0.728110599078341
quest_kg,webqsp,0.436,0.7293577981651376
quest_kg,webqsp,0.438,0.730593607305936
quest_kg,webqsp,0.44,0.7318181818181818
quest_kg,webqsp,0.442,0.7285067873303168
quest_kg,webqsp,0.444,0.7297297297297297
quest_kg,webqsp,0.446,0.7309417040358744
quest_kg,webqsp,0.448,0.7276785714285714
quest_kg,webqsp,0.45,0.7288888888888889
quest_kg,webqsp,0.452,0.7300884955752213
quest_kg,webqsp,0.454,0.7312775330396476
quest_kg,webqsp,0.456,0.7280701754385965
quest_kg,webqsp,0.458,0.7292576419213974
quest_kg,webqsp,0.46,0.7260869565217392
quest_kg,webqsp,0.462,0.7272727272727273
quest_kg,webqsp,0.464,0.728448275862069
quest_kg,webqsp,0.466,0.7296137339055794
quest_kg,webqsp,0.468,0.7307692307692308
quest_kg,webqsp,0.47,0.7319148936170212
quest_kg,webqsp,0.472,0.7330508474576272
quest_kg,webqsp,0.474,0.729957805907173
quest_kg,webqsp,0.476,0.7268907563025211
quest_kg,webqsp,0.478,0.7238493723849373
quest_kg,webqsp,0.48,0.725
quest_kg,webqsp,0.482,0.7261410788381742
quest_kg,webqsp,0.484,0.7231404958677685
quest_kg,webqsp,0.486,0.7242798353909465
quest_kg,webqsp,0.488,0.7254098360655737
quest_kg,webqsp,0.49,0.726530612244898
quest_kg,webqsp,0.492,0.7276422764227642
quest_kg,webqsp,0.494,0.728744939271255
quest_kg,webqsp,0.496,0.7258064516129032
quest_kg,webqsp,0.498,0.7269076305220883
quest_kg,webqsp,0.5,0.728
quest_kg,webqsp,0.502,0.7290836653386454
quest_kg,webqsp,0.504,0.7301587301587302
quest_kg,webqsp,0.506,0.7312252964426877
quest_kg,webqsp,0.508,0.7322834645669292
quest_kg,webqsp,0.51,0.7333333333333334
quest_kg,webqsp,0.512,0.73046875
quest_kg,webqsp,0.514,0.7315175097276265
quest_kg,webqsp,0.516,0.7325581395348837
quest_kg,webqsp,0.518,0.7297297297297297
quest_kg,webqsp,0.52,0.7307692307692308
quest_kg,webqsp,0.522,0.7318007662835249
quest_kg,webqsp,0.524,0.732824427480916
quest_kg,webqsp,0.526,0.7338403041825095
quest_kg,webqsp,0.528,0.7348484848484849
quest_kg,webqsp,0.53,0.7358490566037736
quest_kg,webqsp,0.532,0.736842105263158
quest_kg,webqsp,0.534,0.7340823970037453
quest_kg,webqsp,0.536,0.7350746268656716
quest_kg,webqsp,0.538,0.7360594795539033
quest_kg,webqsp,0.54,0.7333333333333334
quest_kg,webqsp,0.542,0.7343173431734318
quest_kg,webqsp,0.544,0.7316176470588236
quest_kg,webqsp,0.546,0.7326007326007327
quest_kg,webqsp,0.548,0.7299270072992701
quest_kg,webqsp,0.55,0.7272727272727273
quest_kg,webqsp,0.552,0.7282608695652174
quest_kg,webqsp,0.554,0.7292418772563176
quest_kg,webqsp,0.556,0.7302158273381295
quest_kg,webqsp,0.558,0.7311827956989247
quest_kg,webqsp,0.56,0.7285714285714286
quest_kg,webqsp,0.562,0.7295373665480427
quest_kg,webqsp,0.564,0.7304964539007093
quest_kg,webqsp,0.566,0.7314487632508834
quest_kg,webqsp,0.568,0.7323943661971831
quest_kg,webqsp,0.57,0.7333333333333334
quest_kg,webqsp,0.572,0.7342657342657343
quest_kg,webqsp,0.574,0.7317073170731707
quest_kg,webqsp,0.576,0.7326388888888888
quest_kg,webqsp,0.578,0.7301038062283737
quest_kg,webqsp,0.58,0.7275862068965517
quest_kg,webqsp,0.582,0.7250859106529209
quest_kg,webqsp,0.584,0.7226027397260274
quest_kg,webqsp,0.586,0.7201365187713311
quest_kg,webqsp,0.588,0.7210884353741497
quest_kg,webqsp,0.59,0.7220338983050847
quest_kg,webqsp,0.592,0.722972972972973
quest_kg,webqsp,0.594,0.7239057239057238
quest_kg,webqsp,0.596,0.7248322147651007
quest_kg,webqsp,0.598,0.725752508361204
quest_kg,webqsp,0.6,0.7266666666666667
quest_kg,webqsp,0.602,0.7275747508305648
quest_kg,webqsp,0.604,0.7251655629139073
quest_kg,webqsp,0.606,0.7260726072607261
quest_kg,webqsp,0.608,0.7269736842105263
quest_kg,webqsp,0.61,0.7245901639344262
quest_kg,webqsp,0.612,0.7222222222222222
quest_kg,webqsp,0.614,0.7231270358306189
quest_kg,webqsp,0.616,0.724025974025974
quest_kg,webqsp,0.618,0.7216828478964401
quest_kg,webqsp,0.62,0.7225806451612904
quest_kg,webqsp,0.622,0.7234726688102894
quest_kg,webqsp,0.624,0.7243589743589743
quest_kg,webqsp,0.626,0.7220447284345048
quest_kg,webqsp,0.628,0.7197452229299364
quest_kg,webqsp,0.63,0.7206349206349206
quest_kg,webqsp,0.632,0.7215189873417722
quest_kg,webqsp,0.634,0.722397476340694
quest_kg,webqsp,0.636,0.720125786163522
quest_kg,webqsp,0.638,0.7210031347962382
quest_kg,webqsp,0.64,0.721875
quest_kg,webqsp,0.642,0.7227414330218069
quest_kg,webqsp,0.644,0.7204968944099379
quest_kg,webqsp,0.646,0.7213622291021672
quest_kg,webqsp,0.648,0.7222222222222222
quest_kg,webqsp,0.65,0.7230769230769231
quest_kg,webqsp,0.652,0.7239263803680982
quest_kg,webqsp,0.654,0.7247706422018348
quest_kg,webqsp,0.656,0.725609756097561
quest_kg,webqsp,0.658,0.7264437689969605
quest_kg,webqsp,0.66,0.7272727272727273
quest_kg,webqsp,0.662,0.7250755287009063
quest_kg,webqsp,0.664,0.7259036144578312
quest_kg,webqsp,0.666,0.7237237237237237
quest_kg,webqsp,0.668,0.7245508982035929
quest_kg,webqsp,0.67,0.7223880597014926
quest_kg,webqsp,0.672,0.7232142857142857
quest_kg,webqsp,0.674,0.7240356083086054
quest_kg,webqsp,0.676,0.7248520710059172
quest_kg,webqsp,0.678,0.7256637168141593
quest_kg,webqsp,0.68,0.7264705882352941
quest_kg,webqsp,0.682,0.7272727272727273
quest_kg,webqsp,0.684,0.7280701754385965
quest_kg,webqsp,0.686,0.7288629737609329
quest_kg,webqsp,0.688,0.7267441860465116
quest_kg,webqsp,0.69,0.7275362318840579
quest_kg,webqsp,0.692,0.7283236994219653
quest_kg,webqsp,0.694,0.729106628242075
quest_kg,webqsp,0.696,0.7298850574712643
quest_kg,webqsp,0.698,0.7306590257879656
quest_kg,webqsp,0.7,0.7285714285714286
quest_kg,webqsp,0.702,0.7293447293447293
quest_kg,webqsp,0.704,0.7272727272727273
quest_kg,webqsp,0.706,0.725212464589235
quest_kg,webqsp,0.708,0.7259887005649718
quest_kg,webqsp,0.71,0.7267605633802816
quest_kg,webqsp,0.712,0.7275280898876404
quest_kg,webqsp,0.714,0.7282913165266107
quest_kg,webqsp,0.716,0.7262569832402235
quest_kg,webqsp,0.718,0.7270194986072424
quest_kg,webqsp,0.72,0.7277777777777779
quest_kg,webqsp,0.722,0.7285318559556786
quest_kg,webqsp,0.724,0.7292817679558011
quest_kg,webqsp,0.726,0.7300275482093663
quest_kg,webqsp,0.728,0.7280219780219781
quest_kg,webqsp,0.73,0.7287671232876712
quest_kg,webqsp,0.732,0.7267759562841529
quest_kg,webqsp,0.734,0.7247956403269755
quest_kg,webqsp,0.736,0.7228260869565217
quest_kg,webqsp,0.738,0.7235772357723578
quest_kg,webqsp,0.74,0.7243243243243243
quest_kg,webqsp,0.742,0.7223719676549865
quest_kg,webqsp,0.744,0.7231182795698925
quest_kg,webqsp,0.746,0.7238605898123325
quest_kg,webqsp,0.748,0.7245989304812834
quest_kg,webqsp,0.75,0.7253333333333334
quest_kg,webqsp,0.752,0.7234042553191489
quest_kg,webqsp,0.754,0.7241379310344828
quest_kg,webqsp,0.756,0.7248677248677249
quest_kg,webqsp,0.758,0.7255936675461742
quest_kg,webqsp,0.76,0.7263157894736842
quest_kg,webqsp,0.762,0.7270341207349081
quest_kg,webqsp,0.764,0.7277486910994764
quest_kg,webqsp,0.766,0.7284595300261096
quest_kg,webqsp,0.768,0.7291666666666667
quest_kg,webqsp,0.77,0.7298701298701299
quest_kg,webqsp,0.772,0.7305699481865284
quest_kg,webqsp,0.774,0.7286821705426356
quest_kg,webqsp,0.776,0.7293814432989691
quest_kg,webqsp,0.778,0.7300771208226221
quest_kg,webqsp,0.78,0.7307692307692308
quest_kg,webqsp,0.782,0.7314578005115089
quest_kg,webqsp,0.784,0.7321428571428572
quest_kg,webqsp,0.786,0.732824427480916
quest_kg,webqsp,0.788,0.733502538071066
quest_kg,webqsp,0.79,0.7316455696202532
quest_kg,webqsp,0.792,0.7323232323232323
quest_kg,webqsp,0.794,0.7304785894206549
quest_kg,webqsp,0.796,0.7311557788944724
quest_kg,webqsp,0.798,0.731829573934837
quest_kg,webqsp,0.8,0.7324999999999999
quest_kg,webqsp,0.802,0.7331670822942644
quest_kg,webqsp,0.804,0.7313432835820896
quest_kg,webqsp,0.806,0.7320099255583127
quest_kg,webqsp,0.808,0.7326732673267327
quest_kg,webqsp,0.81,0.7308641975308642
quest_kg,webqsp,0.812,0.7315270935960592
quest_kg,webqsp,0.814,0.7321867321867321
quest_kg,webqsp,0.816,0.732843137254902
quest_kg,webqsp,0.818,0.7310513447432763
quest_kg,webqsp,0.82,0.7317073170731707
quest_kg,webqsp,0.822,0.732360097323601
quest_kg,webqsp,0.824,0.7330097087378641
quest_kg,webqsp,0.826,0.7336561743341404
quest_kg,webqsp,0.828,0.7342995169082125
quest_kg,webqsp,0.83,0.7349397590361446
quest_kg,webqsp,0.832,0.7331730769230769
quest_kg,webqsp,0.834,0.7338129496402878
quest_kg,webqsp,0.836,0.7320574162679425
quest_kg,webqsp,0.838,0.7326968973747017
quest_kg,webqsp,0.84,0.730952380952381
quest_kg,webqsp,0.842,0.7315914489311164
quest_kg,webqsp,0.844,0.7322274881516588
quest_kg,webqsp,0.846,0.7328605200945626
quest_kg,webqsp,0.848,0.7334905660377358
quest_kg,webqsp,0.85,0.7341176470588235
quest_kg,webqsp,0.852,0.7323943661971831
quest_kg,webqsp,0.854,0.7330210772833723
quest_kg,webqsp,0.856,0.7336448598130841
quest_kg,webqsp,0.858,0.7342657342657343
quest_kg,webqsp,0.86,0.7348837209302326
quest_kg,webqsp,0.862,0.7354988399071926
quest_kg,webqsp,0.864,0.7337962962962963
quest_kg,webqsp,0.866,0.7321016166281755
quest_kg,webqsp,0.868,0.7327188940092166
quest_kg,webqsp,0.87,0.7333333333333334
quest_kg,webqsp,0.872,0.7339449541284404
quest_kg,webqsp,0.874,0.7345537757437071
quest_kg,webqsp,0.876,0.7351598173515982
quest_kg,webqsp,0.878,0.7357630979498861
quest_kg,webqsp,0.88,0.7340909090909091
quest_kg,webqsp,0.882,0.7324263038548753
quest_kg,webqsp,0.884,0.7330316742081449
quest_kg,webqsp,0.886,0.7336343115124153
quest_kg,webqsp,0.888,0.7342342342342343
quest_kg,webqsp,0.89,0.7325842696629213
quest_kg,webqsp,0.892,0.7331838565022422
quest_kg,webqsp,0.894,0.7337807606263982
quest_kg,webqsp,0.896,0.7321428571428572
quest_kg,webqsp,0.898,0.732739420935412
quest_kg,webqsp,0.9,0.7333333333333334
quest_kg,webqsp,0.902,0.7339246119733924
quest_kg,webqsp,0.904,0.7323008849557522
quest_kg,webqsp,0.906,0.7328918322295805
quest_kg,webqsp,0.908,0.7334801762114538
quest_kg,webqsp,0.91,0.7340659340659341
quest_kg,webqsp,0.912,0.7346491228070176
quest_kg,webqsp,0.914,0.7352297592997812
quest_kg,webqsp,0.916,0.7358078602620087
quest_kg,webqsp,0.918,0.7363834422657952
quest_kg,webqsp,0.92,0.7347826086956522
quest_kg,webqsp,0.922,0.735357917570499
quest_kg,webqsp,0.924,0.7359307359307359
quest_kg,webqsp,0.926,0.734341252699784
quest_kg,webqsp,0.928,0.7349137931034483
quest_kg,webqsp,0.93,0.7354838709677419
quest_kg,webqsp,0.932,0.7339055793991416
quest_kg,webqsp,0.934,0.734475374732334
quest_kg,webqsp,0.936,0.7350427350427351
quest_kg,webqsp,0.938,0.7334754797441365
quest_kg,webqsp,0.94,0.7340425531914894
quest_kg,webqsp,0.942,0.7324840764331211
quest_kg,webqsp,0.944,0.7330508474576272
quest_kg,webqsp,0.946,0.733615221987315
quest_kg,webqsp,0.948,0.7320675105485233
quest_kg,webqsp,0.95,0.7326315789473684
quest_kg,webqsp,0.952,0.7331932773109244
quest_kg,webqsp,0.954,0.7337526205450734
quest_kg,webqsp,0.956,0.7343096234309623
quest_kg,webqsp,0.958,0.7348643006263048
quest_kg,webqsp,0.96,0.7333333333333334
quest_kg,webqsp,0.962,0.7338877338877339
quest_kg,webqsp,0.964,0.7344398340248963
quest_kg,webqsp,0.966,0.7349896480331263
quest_kg,webqsp,0.968,0.7355371900826446
quest_kg,webqsp,0.97,0.7360824742268042
quest_kg,webqsp,0.972,0.7345679012345678
quest_kg,webqsp,0.974,0.73305954825462
quest_kg,webqsp,0.976,0.7336065573770492
quest_kg,webqsp,0.978,0.7341513292433538
quest_kg,webqsp,0.98,0.7346938775510203
quest_kg,webqsp,0.982,0.7352342158859471
quest_kg,webqsp,0.984,0.7357723577235773
quest_kg,webqsp,0.986,0.7342799188640974
quest_kg,webqsp,0.988,0.7348178137651822
quest_kg,webqsp,0.99,0.7333333333333334
quest_kg,webqsp,0.992,0.7318548387096775
quest_kg,webqsp,0.994,0.7323943661971831
quest_kg,webqsp,0.996,0.7309236947791165
quest_kg,webqsp,0.998,0.7294589178356714
quest_kg,webqsp,1.0,0.728
quest_kg,webqsp,0.002,1.0
quest_kg,webqsp,0.004,1.0
quest_kg,webqsp,0.006,1.0
quest_kg,webqsp,0.008,1.0
quest_kg,webqsp,0.01,1.0
quest_kg,webqsp,0.012,1.0
quest_kg,webqsp,0.014,1.0
quest_kg,webqsp,0.016,1.0
quest_kg,webqsp,0.018,0.8888888888888888
quest_kg,webqsp,0.02,0.8
quest_kg,webqsp,0.022,0.8181818181818181
quest_kg,webqsp,0.024,0.75
quest_kg,webqsp,0.026,0.7692307692307692
quest_kg,webqsp,0.028,0.7857142857142857
quest_kg,webqsp,0.03,0.8
quest_kg,webqsp,0.032,0.8125
quest_kg,webqsp,0.034,0.8235294117647058
quest_kg,webqsp,0.036,0.8333333333333334
quest_kg,webqsp,0.038,0.8421052631578947
quest_kg,webqsp,0.04,0.85
quest_kg,webqsp,0.042,0.8571428571428572
quest_kg,webqsp,0.044,0.8181818181818181
quest_kg,webqsp,0.046,0.8260869565217391
quest_kg,webqsp,0.048,0.8333333333333334
quest_kg,webqsp,0.05,0.84
quest_kg,webqsp,0.052,0.8076923076923077
quest_kg,webqsp,0.054,0.8148148148148149
quest_kg,webqsp,0.056,0.8214285714285714
quest_kg,webqsp,0.058,0.8275862068965517
quest_kg,webqsp,0.06,0.8333333333333334
quest_kg,webqsp,0.062,0.8387096774193549
quest_kg,webqsp,0.064,0.84375
quest_kg,webqsp,0.066,0.8181818181818181
quest_kg,webqsp,0.068,0.8235294117647058
quest_kg,webqsp,0.07,0.8285714285714285
quest_kg,webqsp,0.072,0.8333333333333334
quest_kg,webqsp,0.074,0.8108108108108107
quest_kg,webqsp,0.076,0.8157894736842105
quest_kg,webqsp,0.078,0.8205128205128205
quest_kg,webqsp,0.08,0.825
quest_kg,webqsp,0.082,0.8292682926829268
quest_kg,webqsp,0.084,0.8333333333333334
quest_kg,webqsp,0.086,0.8372093023255813
quest_kg,webqsp,0.088,0.8409090909090909
quest_kg,webqsp,0.09,0.8444444444444444
quest_kg,webqsp,0.092,0.8478260869565217
quest_kg,webqsp,0.094,0.851063829787234
quest_kg,webqsp,0.096,0.8541666666666666
quest_kg,webqsp,0.098,0.8571428571428572
quest_kg,webqsp,0.1,0.86
quest_kg,webqsp,0.102,0.8431372549019608
quest_kg,webqsp,0.104,0.8269230769230769
quest_kg,webqsp,0.106,0.8301886792452831
quest_kg,webqsp,0.108,0.8333333333333334
quest_kg,webqsp,0.11,0.8363636363636364
quest_kg,webqsp,0.112,0.8214285714285714
quest_kg,webqsp,0.114,0.8070175438596492
quest_kg,webqsp,0.116,0.8103448275862069
quest_kg,webqsp,0.118,0.7966101694915254
quest_kg,webqsp,0.12,0.8
quest_kg,webqsp,0.122,0.8032786885245902
quest_kg,webqsp,0.124,0.8064516129032258
quest_kg,webqsp,0.126,0.8095238095238095
quest_kg,webqsp,0.128,0.8125
quest_kg,webqsp,0.13,0.8153846153846154
quest_kg,webqsp,0.132,0.803030303030303
quest_kg,webqsp,0.134,0.8059701492537313
quest_kg,webqsp,0.136,0.8088235294117647
quest_kg,webqsp,0.138,0.8115942028985508
quest_kg,webqsp,0.14,0.8142857142857143
quest_kg,webqsp,0.142,0.8028169014084507
quest_kg,webqsp,0.144,0.8055555555555556
quest_kg,webqsp,0.146,0.8082191780821918
quest_kg,webqsp,0.148,0.7972972972972973
quest_kg,webqsp,0.15,0.8
quest_kg,webqsp,0.152,0.8026315789473684
quest_kg,webqsp,0.154,0.8051948051948052
quest_kg,webqsp,0.156,0.8076923076923077
quest_kg,webqsp,0.158,0.810126582278481
quest_kg,webqsp,0.16,0.8
quest_kg,webqsp,0.162,0.7901234567901234
quest_kg,webqsp,0.164,0.7804878048780488
quest_kg,webqsp,0.166,0.7831325301204819
quest_kg,webqsp,0.168,0.7857142857142857
quest_kg,webqsp,0.17,0.788235294117647
quest_kg,webqsp,0.172,0.7790697674418605
quest_kg,webqsp,0.174,0.7816091954022988
quest_kg,webqsp,0.176,0.7840909090909091
quest_kg,webqsp,0.178,0.7865168539325843
quest_kg,webqsp,0.18,0.7888888888888889
quest_kg,webqsp,0.182,0.7912087912087912
quest_kg,webqsp,0.184,0.7934782608695652
quest_kg,webqsp,0.186,0.7849462365591398
quest_kg,webqsp,0.188,0.7872340425531915
quest_kg,webqsp,0.19,0.7894736842105263
quest_kg,webqsp,0.192,0.7916666666666666
quest_kg,webqsp,0.194,0.7938144329896908
quest_kg,webqsp,0.196,0.7959183673469388
quest_kg,webqsp,0.198,0.797979797979798
quest_kg,webqsp,0.2,0.8
quest_kg,webqsp,0.202,0.801980198019802
quest_kg,webqsp,0.204,0.803921568627451
quest_kg,webqsp,0.206,0.8058252427184466
quest_kg,webqsp,0.208,0.8076923076923077
quest_kg,webqsp,0.21,0.8
quest_kg,webqsp,0.212,0.8018867924528301
quest_kg,webqsp,0.214,0.794392523364486
quest_kg,webqsp,0.216,0.787037037037037
quest_kg,webqsp,0.218,0.7889908256880733
quest_kg,webqsp,0.22,0.7909090909090909
quest_kg,webqsp,0.222,0.7837837837837838
quest_kg,webqsp,0.224,0.7767857142857143
quest_kg,webqsp,0.226,0.7787610619469026
quest_kg,webqsp,0.228,0.7807017543859649
quest_kg,webqsp,0.23,0.782608695652174
quest_kg,webqsp,0.232,0.7844827586206897
quest_kg,webqsp,0.234,0.7863247863247863
quest_kg,webqsp,0.236,0.788135593220339
quest_kg,webqsp,0.238,0.7899159663865546
quest_kg,webqsp,0.24,0.7833333333333333
quest_kg,webqsp,0.242,0.7851239669421488
quest_kg,webqsp,0.244,0.7868852459016393
quest_kg,webqsp,0.246,0.7886178861788617
quest_kg,webqsp,0.248,0.782258064516129
quest_kg,webqsp,0.25,0.776
quest_kg,webqsp,0.252,0.7698412698412699
quest_kg,webqsp,0.254,0.7716535433070866
quest_kg,webqsp,0.256,0.7734375
quest_kg,webqsp,0.258,0.7751937984496124
quest_kg,webqsp,0.26,0.7692307692307692
quest_kg,webqsp,0.262,0.7709923664122138
quest_kg,webqsp,0.264,0.7727272727272727
quest_kg,webqsp,0.266,0.7744360902255639
quest_kg,webqsp,0.268,0.7761194029850746
quest_kg,webqsp,0.27,0.7703703703703704
quest_kg,webqsp,0.272,0.7720588235294118
quest_kg,webqsp,0.274,0.7737226277372262
quest_kg,webqsp,0.276,0.7753623188405797
quest_kg,webqsp,0.278,0.7769784172661871
quest_kg,webqsp,0.28,0.7714285714285715
quest_kg,webqsp,0.282,0.7730496453900709
quest_kg,webqsp,0.284,0.7746478873239436
quest_kg,webqsp,0.286,0.7762237762237763
quest_kg,webqsp,0.288,0.7708333333333334
quest_kg,webqsp,0.29,0.7724137931034483
quest_kg,webqsp,0.292,0.773972602739726
quest_kg,webqsp,0.294,0.7755102040816326
quest_kg,webqsp,0.296,0.7702702702702703
quest_kg,webqsp,0.298,0.7718120805369127
quest_kg,webqsp,0.3,0.7733333333333333
quest_kg,webqsp,0.302,0.7748344370860927
quest_kg,webqsp,0.304,0.7763157894736842
quest_kg,webqsp,0.306,0.7777777777777778
quest_kg,webqsp,0.308,0.7792207792207793
quest_kg,webqsp,0.31,0.7806451612903226
quest_kg,webqsp,0.312,0.782051282051282
quest_kg,webqsp,0.314,0.7834394904458599
quest_kg,webqsp,0.316,0.7848101265822784
quest_kg,webqsp,0.318,0.7861635220125787
quest_kg,webqsp,0.32,0.7875
quest_kg,webqsp,0.322,0.782608695652174
quest_kg,webqsp,0.324,0.7839506172839507
quest_kg,webqsp,0.326,0.7791411042944785
quest_kg,webqsp,0.328,0.774390243902439
quest_kg,webqsp,0.33,0.7757575757575758
quest_kg,webqsp,0.332,0.7771084337349398
quest_kg,webqsp,0.334,0.7784431137724551
quest_kg,webqsp,0.336,0.7797619047619048
quest_kg,webqsp,0.338,0.7810650887573964
quest_kg,webqsp,0.34,0.7823529411764706
quest_kg,webqsp,0.342,0.7836257309941521
quest_kg,webqsp,0.344,0.7848837209302326
quest_kg,webqsp,0.346,0.7861271676300579
quest_kg,webqsp,0.348,0.7816091954022988
quest_kg,webqsp,0.35,0.7828571428571429
quest_kg,webqsp,0.352,0.7840909090909091
quest_kg,webqsp,0.354,0.7853107344632768
quest_kg,webqsp,0.356,0.7808988764044944
quest_kg,webqsp,0.358,0.776536312849162
quest_kg,webqsp,0.36,0.7777777777777778
quest_kg,webqsp,0.362,0.7734806629834254
quest_kg,webqsp,0.364,0.7747252747252747
quest_kg,webqsp,0.366,0.7759562841530054
quest_kg,webqsp,0.368,0.7771739130434783
quest_kg,webqsp,0.37,0.7783783783783784
quest_kg,webqsp,0.372,0.7795698924731183
quest_kg,webqsp,0.374,0.7807486631016043
quest_kg,webqsp,0.376,0.7819148936170213
quest_kg,webqsp,0.378,0.7777777777777778
quest_kg,webqsp,0.38,0.7789473684210526
quest_kg,webqsp,0.382,0.7801047120418848
quest_kg,webqsp,0.384,0.78125
quest_kg,webqsp,0.386,0.7823834196891192
quest_kg,webqsp,0.388,0.7783505154639175
quest_kg,webqsp,0.39,0.7794871794871795
quest_kg,webqsp,0.392,0.7806122448979592
quest_kg,webqsp,0.394,0.7817258883248731
quest_kg,webqsp,0.396,0.7828282828282829
quest_kg,webqsp,0.398,0.7839195979899498
quest_kg,webqsp,0.4,0.78
quest_kg,webqsp,0.402,0.7810945273631841
quest_kg,webqsp,0.404,0.7821782178217822
quest_kg,webqsp,0.406,0.7783251231527093
quest_kg,webqsp,0.408,0.7745098039215687
quest_kg,webqsp,0.41,0.775609756097561
quest_kg,webqsp,0.412,0.7766990291262136
quest_kg,webqsp,0.414,0.7777777777777778
quest_kg,webqsp,0.416,0.7788461538461539
quest_kg,webqsp,0.418,0.7799043062200957
quest_kg,webqsp,0.42,0.780952380952381
quest_kg,webqsp,0.422,0.7819905213270142
quest_kg,webqsp,0.424,0.7783018867924528
quest_kg,webqsp,0.426,0.7793427230046949
quest_kg,webqsp,0.428,0.780373831775701
quest_kg,webqsp,0.43,0.7767441860465116
quest_kg,webqsp,0.432,0.7777777777777778
quest_kg,webqsp,0.434,0.7741935483870968
quest_kg,webqsp,0.436,0.7752293577981652
quest_kg,webqsp,0.438,0.7762557077625571
quest_kg,webqsp,0.44,0.7772727272727273
quest_kg,webqsp,0.442,0.7737556561085973
quest_kg,webqsp,0.444,0.7747747747747747
quest_kg,webqsp,0.446,0.7757847533632287
quest_kg,webqsp,0.448,0.7723214285714286
quest_kg,webqsp,0.45,0.7733333333333333
quest_kg,webqsp,0.452,0.7743362831858407
quest_kg,webqsp,0.454,0.775330396475771
quest_kg,webqsp,0.456,0.7763157894736842
quest_kg,webqsp,0.458,0.777292576419214
quest_kg,webqsp,0.46,0.7739130434782608
quest_kg,webqsp,0.462,0.7748917748917749
quest_kg,webqsp,0.464,0.7758620689655172
quest_kg,webqsp,0.466,0.7768240343347639
quest_kg,webqsp,0.468,0.7777777777777778
quest_kg,webqsp,0.47,0.7787234042553192
quest_kg,webqsp,0.472,0.7796610169491526
quest_kg,webqsp,0.474,0.7763713080168777
quest_kg,webqsp,0.476,0.773109243697479
quest_kg,webqsp,0.478,0.7698744769874477
quest_kg,webqsp,0.48,0.7708333333333334
quest_kg,webqsp,0.482,0.7717842323651453
quest_kg,webqsp,0.484,0.768595041322314
quest_kg,webqsp,0.486,0.7695473251028806
quest_kg,webqsp,0.488,0.7704918032786885
quest_kg,webqsp,0.49,0.7714285714285715
quest_kg,webqsp,0.492,0.7723577235772358
quest_kg,webqsp,0.494,0.7732793522267206
quest_kg,webqsp,0.496,0.7701612903225806
quest_kg,webqsp,0.498,0.7710843373493976
quest_kg,webqsp,0.5,0.772
quest_kg,webqsp,0.502,0.7729083665338645
quest_kg,webqsp,0.504,0.7738095238095238
quest_kg,webqsp,0.506,0.7747035573122529
quest_kg,webqsp,0.508,0.7755905511811023
quest_kg,webqsp,0.51,0.7764705882352941
quest_kg,webqsp,0.512,0.7734375
quest_kg,webqsp,0.514,0.7704280155642024
quest_kg,webqsp,0.516,0.7713178294573644
quest_kg,webqsp,0.518,0.7683397683397684
quest_kg,webqsp,0.52,0.7692307692307692
quest_kg,webqsp,0.522,0.7701149425287357
quest_kg,webqsp,0.524,0.7709923664122138
quest_kg,webqsp,0.526,0.7718631178707225
quest_kg,webqsp,0.528,0.7727272727272727
quest_kg,webqsp,0.53,0.7735849056603774
quest_kg,webqsp,0.532,0.7744360902255639
quest_kg,webqsp,0.534,0.7715355805243446
quest_kg,webqsp,0.536,0.7723880597014925
quest_kg,webqsp,0.538,0.7732342007434945
quest_kg,webqsp,0.54,0.7703703703703704
quest_kg,webqsp,0.542,0.7712177121771218
quest_kg,webqsp,0.544,0.7683823529411764
quest_kg,webqsp,0.546,0.7692307692307692
quest_kg,webqsp,0.548,0.7700729927007299
quest_kg,webqsp,0.55,0.7672727272727273
quest_kg,webqsp,0.552,0.7681159420289855
quest_kg,webqsp,0.554,0.7689530685920578
quest_kg,webqsp,0.556,0.7697841726618705
quest_kg,webqsp,0.558,0.7706093189964158
quest_kg,webqsp,0.56,0.7678571428571428
quest_kg,webqsp,0.562,0.7686832740213523
quest_kg,webqsp,0.564,0.7695035460992907
quest_kg,webqsp,0.566,0.7703180212014135
quest_kg,webqsp,0.568,0.7711267605633803
quest_kg,webqsp,0.57,0.7719298245614035
quest_kg,webqsp,0.572,0.7727272727272727
quest_kg,webqsp,0.574,0.7700348432055749
quest_kg,webqsp,0.576,0.7708333333333334
quest_kg,webqsp,0.578,0.7681660899653979
quest_kg,webqsp,0.58,0.7655172413793103
quest_kg,webqsp,0.582,0.7628865979381443
quest_kg,webqsp,0.584,0.7602739726027398
quest_kg,webqsp,0.586,0.757679180887372
quest_kg,webqsp,0.588,0.7585034013605443
quest_kg,webqsp,0.59,0.7593220338983051
quest_kg,webqsp,0.592,0.7601351351351351
quest_kg,webqsp,0.594,0.7609427609427609
quest_kg,webqsp,0.596,0.761744966442953
quest_kg,webqsp,0.598,0.7625418060200668
quest_kg,webqsp,0.6,0.7633333333333333
quest_kg,webqsp,0.602,0.7641196013289037
quest_kg,webqsp,0.604,0.7615894039735099
quest_kg,webqsp,0.606,0.7623762376237624
quest_kg,webqsp,0.608,0.7631578947368421
quest_kg,webqsp,0.61,0.760655737704918
quest_kg,webqsp,0.612,0.7581699346405228
quest_kg,webqsp,0.614,0.758957654723127
quest_kg,webqsp,0.616,0.7597402597402597
quest_kg,webqsp,0.618,0.7572815533980582
quest_kg,webqsp,0.62,0.7580645161290323
quest_kg,webqsp,0.622,0.7588424437299035
quest_kg,webqsp,0.624,0.7596153846153846
quest_kg,webqsp,0.626,0.7571884984025559
quest_kg,webqsp,0.628,0.7547770700636942
quest_kg,webqsp,0.63,0.7555555555555555
quest_kg,webqsp,0.632,0.7563291139240507
quest_kg,webqsp,0.634,0.7570977917981072
quest_kg,webqsp,0.636,0.7547169811320755
quest_kg,webqsp,0.638,0.755485893416928
quest_kg,webqsp,0.64,0.75625
quest_kg,webqsp,0.642,0.7570093457943925
quest_kg,webqsp,0.644,0.7546583850931677
quest_kg,webqsp,0.646,0.7554179566563468
quest_kg,webqsp,0.648,0.7530864197530864
quest_kg,webqsp,0.65,0.7538461538461538
quest_kg,webqsp,0.652,0.754601226993865
quest_kg,webqsp,0.654,0.7553516819571866
quest_kg,webqsp,0.656,0.7560975609756098
quest_kg,webqsp,0.658,0.756838905775076
quest_kg,webqsp,0.66,0.7575757575757576
quest_kg,webqsp,0.662,0.7583081570996979
quest_kg,webqsp,0.664,0.7590361445783133
quest_kg,webqsp,0.666,0.7567567567567568
quest_kg,webqsp,0.668,0.7574850299401198
quest_kg,webqsp,0.67,0.755223880597015
quest_kg,webqsp,0.672,0.7559523809523809
quest_kg,webqsp,0.674,0.7566765578635015
quest_kg,webqsp,0.676,0.757396449704142
quest_kg,webqsp,0.678,0.7581120943952803
quest_kg,webqsp,0.68,0.7588235294117647
quest_kg,webqsp,0.682,0.7595307917888563
quest_kg,webqsp,0.684,0.760233918128655
quest_kg,webqsp,0.686,0.760932944606414
quest_kg,webqsp,0.688,0.7587209302325582
quest_kg,webqsp,0.69,0.7594202898550725
quest_kg,webqsp,0.692,0.7601156069364162
quest_kg,webqsp,0.694,0.760806916426513
quest_kg,webqsp,0.696,0.7614942528735632
quest_kg,webqsp,0.698,0.7621776504297995
quest_kg,webqsp,0.7,0.76
quest_kg,webqsp,0.702,0.7606837606837606
quest_kg,webqsp,0.704,0.7585227272727273
quest_kg,webqsp,0.706,0.7563739376770539
quest_kg,webqsp,0.708,0.7570621468926554
quest_kg,webqsp,0.71,0.7577464788732394
quest_kg,webqsp,0.712,0.7584269662921348
quest_kg,webqsp,0.714,0.7591036414565826
quest_kg,webqsp,0.716,0.7569832402234637
quest_kg,webqsp,0.718,0.7576601671309192
quest_kg,webqsp,0.72,0.7583333333333333
quest_kg,webqsp,0.722,0.7590027700831025
quest_kg,webqsp,0.724,0.7596685082872928
quest_kg,webqsp,0.726,0.7603305785123967
quest_kg,webqsp,0.728,0.7582417582417582
quest_kg,webqsp,0.73,0.7589041095890411
quest_kg,webqsp,0.732,0.7595628415300546
quest_kg,webqsp,0.734,0.7574931880108992
quest_kg,webqsp,0.736,0.7554347826086957
quest_kg,webqsp,0.738,0.7560975609756098
quest_kg,webqsp,0.74,0.7567567567567568
quest_kg,webqsp,0.742,0.7547169811320755
quest_kg,webqsp,0.744,0.7553763440860215
quest_kg,webqsp,0.746,0.7560321715817695
quest_kg,webqsp,0.748,0.7566844919786097
quest_kg,webqsp,0.75,0.7573333333333333
quest_kg,webqsp,0.752,0.7553191489361702
quest_kg,webqsp,0.754,0.7559681697612732
quest_kg,webqsp,0.756,0.7566137566137566
quest_kg,webqsp,0.758,0.7572559366754618
quest_kg,webqsp,0.76,0.7578947368421053
quest_kg,webqsp,0.762,0.7585301837270342
quest_kg,webqsp,0.764,0.7591623036649214
quest_kg,webqsp,0.766,0.7597911227154047
quest_kg,webqsp,0.768,0.7604166666666666
quest_kg,webqsp,0.77,0.7610389610389611
quest_kg,webqsp,0.772,0.7616580310880829
quest_kg,webqsp,0.774,0.7622739018087855
quest_kg,webqsp,0.776,0.7628865979381443
quest_kg,webqsp,0.778,0.7634961439588689
quest_kg,webqsp,0.78,0.764102564102564
quest_kg,webqsp,0.782,0.7647058823529411
quest_kg,webqsp,0.784,0.7627551020408163
quest_kg,webqsp,0.786,0.7633587786259541
quest_kg,webqsp,0.788,0.7639593908629442
quest_kg,webqsp,0.79,0.7620253164556963
quest_kg,webqsp,0.792,0.7626262626262627
quest_kg,webqsp,0.794,0.7632241813602015
quest_kg,webqsp,0.796,0.7638190954773869
quest_kg,webqsp,0.798,0.7644110275689223
quest_kg,webqsp,0.8,0.765
quest_kg,webqsp,0.802,0.7655860349127181
quest_kg,webqsp,0.804,0.7661691542288558
quest_kg,webqsp,0.806,0.7642679900744417
quest_kg,webqsp,0.808,0.7648514851485149
quest_kg,webqsp,0.81,0.762962962962963
quest_kg,webqsp,0.812,0.7635467980295567
quest_kg,webqsp,0.814,0.7641277641277642
quest_kg,webqsp,0.816,0.7647058823529411
quest_kg,webqsp,0.818,0.7628361858190709
quest_kg,webqsp,0.82,0.7634146341463415
quest_kg,webqsp,0.822,0.7639902676399026
quest_kg,webqsp,0.824,0.7645631067961165
quest_kg,webqsp,0.826,0.7651331719128329
quest_kg,webqsp,0.828,0.7657004830917874
quest_kg,webqsp,0.83,0.7662650602409639
quest_kg,webqsp,0.832,0.7668269230769231
quest_kg,webqsp,0.834,0.7673860911270983
quest_kg,webqsp,0.836,0.7655502392344498
quest_kg,webqsp,0.838,0.766109785202864
quest_kg,webqsp,0.84,0.7642857142857142
quest_kg,webqsp,0.842,0.7648456057007126
quest_kg,webqsp,0.844,0.7654028436018957
quest_kg,webqsp,0.846,0.7659574468085106
quest_kg,webqsp,0.848,0.7665094339622641
quest_kg,webqsp,0.85,0.7670588235294118
quest_kg,webqsp,0.852,0.7652582159624413
quest_kg,webqsp,0.854,0.765807962529274
quest_kg,webqsp,0.856,0.7663551401869159
quest_kg,webqsp,0.858,0.7668997668997669
quest_kg,webqsp,0.86,0.7674418604651163
quest_kg,webqsp,0.862,0.7679814385150812
quest_kg,webqsp,0.864,0.7662037037037037
quest_kg,webqsp,0.866,0.7644341801385681
quest_kg,webqsp,0.868,0.7649769585253456
quest_kg,webqsp,0.87,0.7655172413793103
quest_kg,webqsp,0.872,0.7660550458715596
quest_kg,webqsp,0.874,0.7665903890160183
quest_kg,webqsp,0.876,0.7671232876712328
quest_kg,webqsp,0.878,0.7676537585421412
quest_kg,webqsp,0.88,0.7659090909090909
quest_kg,webqsp,0.882,0.7664399092970522
quest_kg,webqsp,0.884,0.7669683257918551
quest_kg,webqsp,0.886,0.7674943566591422
quest_kg,webqsp,0.888,0.7680180180180181
quest_kg,webqsp,0.89,0.7662921348314606
quest_kg,webqsp,0.892,0.7668161434977578
quest_kg,webqsp,0.894,0.767337807606264
quest_kg,webqsp,0.896,0.765625
quest_kg,webqsp,0.898,0.7661469933184855
quest_kg,webqsp,0.9,0.7666666666666666
quest_kg,webqsp,0.902,0.7671840354767184
quest_kg,webqsp,0.904,0.7654867256637168
quest_kg,webqsp,0.906,0.7660044150110376
quest_kg,webqsp,0.908,0.7665198237885462
quest_kg,webqsp,0.91,0.767032967032967
quest_kg,webqsp,0.912,0.7675438596491229
quest_kg,webqsp,0.914,0.7680525164113785
quest_kg,webqsp,0.916,0.7685589519650655
quest_kg,webqsp,0.918,0.7690631808278867
quest_kg,webqsp,0.92,0.7673913043478261
quest_kg,webqsp,0.922,0.7678958785249458
quest_kg,webqsp,0.924,0.7683982683982684
quest_kg,webqsp,0.926,0.7688984881209503
quest_kg,webqsp,0.928,0.7693965517241379
quest_kg,webqsp,0.93,0.7698924731182796
quest_kg,webqsp,0.932,0.7682403433476395
quest_kg,webqsp,0.934,0.7687366167023555
quest_kg,webqsp,0.936,0.7692307692307692
quest_kg,webqsp,0.938,0.767590618336887
quest_kg,webqsp,0.94,0.7680851063829788
quest_kg,webqsp,0.942,0.7664543524416136
quest_kg,webqsp,0.944,0.7669491525423728
quest_kg,webqsp,0.946,0.7674418604651163
quest_kg,webqsp,0.948,0.7679324894514767
quest_kg,webqsp,0.95,0.7684210526315789
quest_kg,webqsp,0.952,0.76890756302521
quest_kg,webqsp,0.954,0.7693920335429769
quest_kg,webqsp,0.956,0.7698744769874477
quest_kg,webqsp,0.958,0.7703549060542798
quest_kg,webqsp,0.96,0.7708333333333334
quest_kg,webqsp,0.962,0.7713097713097713
quest_kg,webqsp,0.964,0.7717842323651453
quest_kg,webqsp,0.966,0.7722567287784678
quest_kg,webqsp,0.968,0.7727272727272727
quest_kg,webqsp,0.97,0.7731958762886598
quest_kg,webqsp,0.972,0.7736625514403292
quest_kg,webqsp,0.974,0.7720739219712526
quest_kg,webqsp,0.976,0.7725409836065573
quest_kg,webqsp,0.978,0.7709611451942741
quest_kg,webqsp,0.98,0.7714285714285715
quest_kg,webqsp,0.982,0.7718940936863543
quest_kg,webqsp,0.984,0.7723577235772358
quest_kg,webqsp,0.986,0.7707910750507099
quest_kg,webqsp,0.988,0.771255060728745
quest_kg,webqsp,0.99,0.7696969696969697
quest_kg,webqsp,0.992,0.7681451612903226
quest_kg,webqsp,0.994,0.7686116700201208
quest_kg,webqsp,0.996,0.7670682730923695
quest_kg,webqsp,0.998,0.7655310621242485
quest_kg,webqsp,1.0,0.764
quest_kg,webqsp,0.002,1.0
quest_kg,webqsp,0.004,1.0
quest_kg,webqsp,0.006,1.0
quest_kg,webqsp,0.008,1.0
quest_kg,webqsp,0.01,1.0
quest_kg,webqsp,0.012,1.0
quest_kg,webqsp,0.014,1.0
quest_kg,webqsp,0.016,1.0
quest_kg,webqsp,0.018,0.8888888888888888
quest_kg,webqsp,0.02,0.9
quest_kg,webqsp,0.022,0.9090909090909091
quest_kg,webqsp,0.024,0.8333333333333334
quest_kg,webqsp,0.026,0.8461538461538461
quest_kg,webqsp,0.028,0.7857142857142857
quest_kg,webqsp,0.03,0.8
quest_kg,webqsp,0.032,0.8125
quest_kg,webqsp,0.034,0.8235294117647058
quest_kg,webqsp,0.036,0.8333333333333334
quest_kg,webqsp,0.038,0.8421052631578947
quest_kg,webqsp,0.04,0.85
quest_kg,webqsp,0.042,0.8571428571428572
quest_kg,webqsp,0.044,0.8181818181818181
quest_kg,webqsp,0.046,0.8260869565217391
quest_kg,webqsp,0.048,0.7916666666666666
quest_kg,webqsp,0.05,0.8
quest_kg,webqsp,0.052,0.7692307692307692
quest_kg,webqsp,0.054,0.7777777777777778
quest_kg,webqsp,0.056,0.7857142857142857
quest_kg,webqsp,0.058,0.7931034482758621
quest_kg,webqsp,0.06,0.7666666666666666
quest_kg,webqsp,0.062,0.7741935483870968
quest_kg,webqsp,0.064,0.78125
quest_kg,webqsp,0.066,0.7575757575757576
quest_kg,webqsp,0.068,0.7647058823529411
quest_kg,webqsp,0.07,0.7714285714285715
quest_kg,webqsp,0.072,0.7777777777777778
quest_kg,webqsp,0.074,0.7837837837837838
quest_kg,webqsp,0.076,0.7894736842105263
quest_kg,webqsp,0.078,0.7948717948717949
quest_kg,webqsp,0.08,0.8
quest_kg,webqsp,0.082,0.8048780487804879
quest_kg,webqsp,0.084,0.7857142857142857
quest_kg,webqsp,0.086,0.7906976744186046
quest_kg,webqsp,0.088,0.7954545454545454
quest_kg,webqsp,0.09,0.7777777777777778
quest_kg,webqsp,0.092,0.782608695652174
quest_kg,webqsp,0.094,0.7872340425531915
quest_kg,webqsp,0.096,0.7708333333333334
quest_kg,webqsp,0.098,0.7755102040816326
quest_kg,webqsp,0.1,0.78
quest_kg,webqsp,0.102,0.7647058823529411
quest_kg,webqsp,0.104,0.75
quest_kg,webqsp,0.106,0.7547169811320755
quest_kg,webqsp,0.108,0.7592592592592593
quest_kg,webqsp,0.11,0.7636363636363637
quest_kg,webqsp,0.112,0.7678571428571428
quest_kg,webqsp,0.114,0.7543859649122807
quest_kg,webqsp,0.116,0.7586206896551724
quest_kg,webqsp,0.118,0.7457627118644068
quest_kg,webqsp,0.12,0.75
quest_kg,webqsp,0.122,0.7377049180327868
quest_kg,webqsp,0.124,0.7419354838709677
quest_kg,webqsp,0.126,0.7301587301587302
quest_kg,webqsp,0.128,0.71875
quest_kg,webqsp,0.13,0.7230769230769231
quest_kg,webqsp,0.132,0.7121212121212122
quest_kg,webqsp,0.134,0.7164179104477613
quest_kg,webqsp,0.136,0.7205882352941176
quest_kg,webqsp,0.138,0.7101449275362319
quest_kg,webqsp,0.14,0.7142857142857143
quest_kg,webqsp,0.142,0.704225352112676
quest_kg,webqsp,0.144,0.6944444444444444
quest_kg,webqsp,0.146,0.6986301369863014
quest_kg,webqsp,0.148,0.6891891891891893
quest_kg,webqsp,0.15,0.6933333333333334
quest_kg,webqsp,0.152,0.6842105263157895
quest_kg,webqsp,0.154,0.6883116883116883
quest_kg,webqsp,0.156,0.6923076923076923
quest_kg,webqsp,0.158,0.6962025316455696
quest_kg,webqsp,0.16,0.6875
quest_kg,webqsp,0.162,0.6790123456790124
quest_kg,webqsp,0.164,0.6707317073170731
quest_kg,webqsp,0.166,0.6746987951807228
quest_kg,webqsp,0.168,0.6785714285714286
quest_kg,webqsp,0.17,0.6823529411764706
quest_kg,webqsp,0.172,0.6744186046511628
quest_kg,webqsp,0.174,0.6781609195402298
quest_kg,webqsp,0.176,0.6818181818181819
quest_kg,webqsp,0.178,0.6853932584269663
quest_kg,webqsp,0.18,0.6888888888888889
quest_kg,webqsp,0.182,0.6923076923076923
quest_kg,webqsp,0.184,0.6956521739130435
quest_kg,webqsp,0.186,0.6881720430107527
quest_kg,webqsp,0.188,0.6914893617021276
quest_kg,webqsp,0.19,0.6947368421052631
quest_kg,webqsp,0.192,0.6979166666666667
quest_kg,webqsp,0.194,0.7010309278350515
quest_kg,webqsp,0.196,0.7040816326530612
quest_kg,webqsp,0.198,0.7070707070707071
quest_kg,webqsp,0.2,0.71
quest_kg,webqsp,0.202,0.7128712871287128
quest_kg,webqsp,0.204,0.7156862745098039
quest_kg,webqsp,0.206,0.7184466019417476
quest_kg,webqsp,0.208,0.7211538461538461
quest_kg,webqsp,0.21,0.7142857142857143
quest_kg,webqsp,0.212,0.7169811320754718
quest_kg,webqsp,0.214,0.7102803738317758
quest_kg,webqsp,0.216,0.7037037037037037
quest_kg,webqsp,0.218,0.7064220183486238
quest_kg,webqsp,0.22,0.7090909090909091
quest_kg,webqsp,0.222,0.7117117117117118
quest_kg,webqsp,0.224,0.7053571428571428
quest_kg,webqsp,0.226,0.7079646017699115
quest_kg,webqsp,0.228,0.7105263157894737
quest_kg,webqsp,0.23,0.7130434782608696
quest_kg,webqsp,0.232,0.7155172413793103
quest_kg,webqsp,0.234,0.7094017094017093
quest_kg,webqsp,0.236,0.711864406779661
quest_kg,webqsp,0.238,0.7142857142857143
quest_kg,webqsp,0.24,0.7083333333333333
quest_kg,webqsp,0.242,0.7024793388429752
quest_kg,webqsp,0.244,0.6967213114754098
quest_kg,webqsp,0.246,0.6991869918699187
quest_kg,webqsp,0.248,0.6935483870967742
quest_kg,webqsp,0.25,0.688
quest_kg,webqsp,0.252,0.6825396825396826
quest_kg,webqsp,0.254,0.6850393700787402
quest_kg,webqsp,0.256,0.6875
quest_kg,webqsp,0.258,0.689922480620155
quest_kg,webqsp,0.26,0.6846153846153846
quest_kg,webqsp,0.262,0.6793893129770993
quest_kg,webqsp,0.264,0.6818181818181819
quest_kg,webqsp,0.266,0.6842105263157895
quest_kg,webqsp,0.268,0.6865671641791045
quest_kg,webqsp,0.27,0.6814814814814815
quest_kg,webqsp,0.272,0.6764705882352942
quest_kg,webqsp,0.274,0.6788321167883211
quest_kg,webqsp,0.276,0.6739130434782609
quest_kg,webqsp,0.278,0.6762589928057554
quest_kg,webqsp,0.28,0.6714285714285715
quest_kg,webqsp,0.282,0.6737588652482269
quest_kg,webqsp,0.284,0.676056338028169
quest_kg,webqsp,0.286,0.6783216783216783
quest_kg,webqsp,0.288,0.6736111111111112
quest_kg,webqsp,0.29,0.6758620689655173
quest_kg,webqsp,0.292,0.678082191780822
quest_kg,webqsp,0.294,0.6734693877551021
quest_kg,webqsp,0.296,0.6689189189189189
quest_kg,webqsp,0.298,0.6711409395973154
quest_kg,webqsp,0.3,0.6733333333333333
quest_kg,webqsp,0.302,0.6754966887417219
quest_kg,webqsp,0.304,0.6776315789473684
quest_kg,webqsp,0.306,0.6797385620915033
quest_kg,webqsp,0.308,0.6818181818181819
quest_kg,webqsp,0.31,0.6838709677419355
quest_kg,webqsp,0.312,0.6858974358974359
quest_kg,webqsp,0.314,0.6878980891719746
quest_kg,webqsp,0.316,0.689873417721519
quest_kg,webqsp,0.318,0.6918238993710693
quest_kg,webqsp,0.32,0.69375
quest_kg,webqsp,0.322,0.68944099378882
quest_kg,webqsp,0.324,0.6851851851851851
quest_kg,webqsp,0.326,0.6809815950920246
quest_kg,webqsp,0.328,0.6768292682926829
quest_kg,webqsp,0.33,0.6787878787878787
quest_kg,webqsp,0.332,0.6807228915662651
quest_kg,webqsp,0.334,0.6766467065868264
quest_kg,webqsp,0.336,0.6785714285714286
quest_kg,webqsp,0.338,0.680473372781065
quest_kg,webqsp,0.34,0.6823529411764706
quest_kg,webqsp,0.342,0.6783625730994152
quest_kg,webqsp,0.344,0.6802325581395349
quest_kg,webqsp,0.346,0.6820809248554913
quest_kg,webqsp,0.348,0.6839080459770115
quest_kg,webqsp,0.35,0.6857142857142857
quest_kg,webqsp,0.352,0.6875
quest_kg,webqsp,0.354,0.6892655367231638
quest_kg,webqsp,0.356,0.6853932584269663
quest_kg,webqsp,0.358,0.6815642458100559
quest_kg,webqsp,0.36,0.6777777777777778
quest_kg,webqsp,0.362,0.6740331491712708
quest_kg,webqsp,0.364,0.6758241758241759
quest_kg,webqsp,0.366,0.6721311475409837
quest_kg,webqsp,0.368,0.6739130434782609
quest_kg,webqsp,0.37,0.6702702702702703
quest_kg,webqsp,0.372,0.6720430107526882
quest_kg,webqsp,0.374,0.6737967914438503
quest_kg,webqsp,0.376,0.675531914893617
quest_kg,webqsp,0.378,0.671957671957672
quest_kg,webqsp,0.38,0.668421052631579
quest_kg,webqsp,0.382,0.6701570680628273
quest_kg,webqsp,0.384,0.671875
quest_kg,webqsp,0.386,0.6735751295336787
quest_kg,webqsp,0.388,0.6752577319587629
quest_kg,webqsp,0.39,0.676923076923077
quest_kg,webqsp,0.392,0.6785714285714286
quest_kg,webqsp,0.394,0.6802030456852792
quest_kg,webqsp,0.396,0.6818181818181819
quest_kg,webqsp,0.398,0.6783919597989949
quest_kg,webqsp,0.4,0.675
quest_kg,webqsp,0.402,0.6716417910447761
quest_kg,webqsp,0.404,0.6732673267326732
quest_kg,webqsp,0.406,0.6699507389162562
quest_kg,webqsp,0.408,0.6666666666666667
quest_kg,webqsp,0.41,0.6682926829268292
quest_kg,webqsp,0.412,0.6699029126213591
quest_kg,webqsp,0.414,0.6666666666666667
quest_kg,webqsp,0.416,0.6682692307692308
quest_kg,webqsp,0.418,0.6650717703349283
quest_kg,webqsp,0.42,0.6666666666666667
quest_kg,webqsp,0.422,0.6682464454976303
quest_kg,webqsp,0.424,0.6650943396226415
quest_kg,webqsp,0.426,0.6666666666666667
quest_kg,webqsp,0.428,0.6682242990654206
quest_kg,webqsp,0.43,0.6651162790697674
quest_kg,webqsp,0.432,0.6666666666666667
quest_kg,webqsp,0.434,0.663594470046083
quest_kg,webqsp,0.436,0.6651376146788991
quest_kg,webqsp,0.438,0.6666666666666667
quest_kg,webqsp,0.44,0.6681818181818182
quest_kg,webqsp,0.442,0.6651583710407241
quest_kg,webqsp,0.444,0.6666666666666667
quest_kg,webqsp,0.446,0.6681614349775784
quest_kg,webqsp,0.448,0.6651785714285714
quest_kg,webqsp,0.45,0.6666666666666667
quest_kg,webqsp,0.452,0.668141592920354
quest_kg,webqsp,0.454,0.6696035242290749
quest_kg,webqsp,0.456,0.6666666666666667
quest_kg,webqsp,0.458,0.6681222707423581
quest_kg,webqsp,0.46,0.6652173913043478
quest_kg,webqsp,0.462,0.6666666666666667
quest_kg,webqsp,0.464,0.6681034482758621
quest_kg,webqsp,0.466,0.6695278969957081
quest_kg,webqsp,0.468,0.670940170940171
quest_kg,webqsp,0.47,0.672340425531915
quest_kg,webqsp,0.472,0.6694915254237288
quest_kg,webqsp,0.474,0.6666666666666667
quest_kg,webqsp,0.476,0.6638655462184874
quest_kg,webqsp,0.478,0.6610878661087867
quest_kg,webqsp,0.48,0.6583333333333333
quest_kg,webqsp,0.482,0.6556016597510373
quest_kg,webqsp,0.484,0.6528925619834711
quest_kg,webqsp,0.486,0.654320987654321
quest_kg,webqsp,0.488,0.6516393442622951
quest_kg,webqsp,0.49,0.653061224489796
quest_kg,webqsp,0.492,0.6544715447154472
quest_kg,webqsp,0.494,0.6558704453441295
quest_kg,webqsp,0.496,0.6532258064516129
quest_kg,webqsp,0.498,0.6546184738955823
quest_kg,webqsp,0.5,0.656
quest_kg,webqsp,0.502,0.6573705179282869
quest_kg,webqsp,0.504,0.6547619047619048
quest_kg,webqsp,0.506,0.6561264822134387
quest_kg,webqsp,0.508,0.6574803149606299
quest_kg,webqsp,0.51,0.6588235294117647
quest_kg,webqsp,0.512,0.65625
quest_kg,webqsp,0.514,0.6575875486381323
quest_kg,webqsp,0.516,0.6589147286821706
quest_kg,webqsp,0.518,0.6563706563706564
quest_kg,webqsp,0.52,0.6576923076923077
quest_kg,webqsp,0.522,0.6590038314176245
quest_kg,webqsp,0.524,0.6603053435114503
quest_kg,webqsp,0.526,0.6577946768060836
quest_kg,webqsp,0.528,0.6553030303030303
quest_kg,webqsp,0.53,0.6566037735849057
quest_kg,webqsp,0.532,0.6578947368421053
quest_kg,webqsp,0.534,0.6591760299625469
quest_kg,webqsp,0.536,0.6604477611940298
quest_kg,webqsp,0.538,0.6617100371747212
quest_kg,webqsp,0.54,0.6592592592592592
quest_kg,webqsp,0.542,0.6605166051660516
quest_kg,webqsp,0.544,0.6580882352941176
quest_kg,webqsp,0.546,0.6593406593406593
quest_kg,webqsp,0.548,0.656934306569343
quest_kg,webqsp,0.55,0.6545454545454545
quest_kg,webqsp,0.552,0.6521739130434783
quest_kg,webqsp,0.554,0.6534296028880866
quest_kg,webqsp,0.556,0.6510791366906474
quest_kg,webqsp,0.558,0.6523297491039426
quest_kg,webqsp,0.56,0.6535714285714286
quest_kg,webqsp,0.562,0.6548042704626335
quest_kg,webqsp,0.564,0.6524822695035462
quest_kg,webqsp,0.566,0.6501766784452296
quest_kg,webqsp,0.568,0.6514084507042254
quest_kg,webqsp,0.57,0.6526315789473685
quest_kg,webqsp,0.572,0.6538461538461539
quest_kg,webqsp,0.574,0.6515679442508711
quest_kg,webqsp,0.576,0.6527777777777778
quest_kg,webqsp,0.578,0.6505190311418685
quest_kg,webqsp,0.58,0.6482758620689655
quest_kg,webqsp,0.582,0.6460481099656357
quest_kg,webqsp,0.584,0.6438356164383562
quest_kg,webqsp,0.586,0.6416382252559727
quest_kg,webqsp,0.588,0.6428571428571428
quest_kg,webqsp,0.59,0.6440677966101696
quest_kg,webqsp,0.592,0.6452702702702703
quest_kg,webqsp,0.594,0.6464646464646464
quest_kg,webqsp,0.596,0.6476510067114094
quest_kg,webqsp,0.598,0.6454849498327759
quest_kg,webqsp,0.6,0.6433333333333333
quest_kg,webqsp,0.602,0.6411960132890365
quest_kg,webqsp,0.604,0.6390728476821192
quest_kg,webqsp,0.606,0.6402640264026402
quest_kg,webqsp,0.608,0.6414473684210527
quest_kg,webqsp,0.61,0.639344262295082
quest_kg,webqsp,0.612,0.6372549019607843
quest_kg,webqsp,0.614,0.6384364820846906
quest_kg,webqsp,0.616,0.6396103896103896
quest_kg,webqsp,0.618,0.6375404530744336
quest_kg,webqsp,0.62,0.6387096774193548
quest_kg,webqsp,0.622,0.639871382636656
quest_kg,webqsp,0.624,0.6378205128205128
quest_kg,webqsp,0.626,0.6357827476038338
quest_kg,webqsp,0.628,0.6337579617834395
quest_kg,webqsp,0.63,0.6317460317460317
quest_kg,webqsp,0.632,0.6329113924050633
quest_kg,webqsp,0.634,0.6340694006309149
quest_kg,webqsp,0.636,0.6320754716981132
quest_kg,webqsp,0.638,0.6332288401253918
quest_kg,webqsp,0.64,0.634375
quest_kg,webqsp,0.642,0.6355140186915889
quest_kg,webqsp,0.644,0.6335403726708074
quest_kg,webqsp,0.646,0.6346749226006192
quest_kg,webqsp,0.648,0.6358024691358024
quest_kg,webqsp,0.65,0.6369230769230769
quest_kg,webqsp,0.652,0.6380368098159509
quest_kg,webqsp,0.654,0.6391437308868502
quest_kg,webqsp,0.656,0.6402439024390244
quest_kg,webqsp,0.658,0.6413373860182371
quest_kg,webqsp,0.66,0.6424242424242423
quest_kg,webqsp,0.662,0.6435045317220545
quest_kg,webqsp,0.664,0.6445783132530121
quest_kg,webqsp,0.666,0.6426426426426426
quest_kg,webqsp,0.668,0.6437125748502994
quest_kg,webqsp,0.67,0.6417910447761195
quest_kg,webqsp,0.672,0.6428571428571428
quest_kg,webqsp,0.674,0.6439169139465875
quest_kg,webqsp,0.676,0.6420118343195267
quest_kg,webqsp,0.678,0.6430678466076696
quest_kg,webqsp,0.68,0.6411764705882352
quest_kg,webqsp,0.682,0.6422287390029325
quest_kg,webqsp,0.684,0.6432748538011697
quest_kg,webqsp,0.686,0.6443148688046647
quest_kg,webqsp,0.688,0.6424418604651163
quest_kg,webqsp,0.69,0.6434782608695653
quest_kg,webqsp,0.692,0.6445086705202312
quest_kg,webqsp,0.694,0.6426512968299711
quest_kg,webqsp,0.696,0.6436781609195402
quest_kg,webqsp,0.698,0.6418338108882522
quest_kg,webqsp,0.7,0.64
quest_kg,webqsp,0.702,0.6381766381766382
quest_kg,webqsp,0.704,0.6363636363636364
quest_kg,webqsp,0.706,0.6345609065155807
quest_kg,webqsp,0.708,0.6327683615819208
quest_kg,webqsp,0.71,0.6338028169014085
quest_kg,webqsp,0.712,0.6348314606741573
quest_kg,webqsp,0.714,0.6358543417366946
quest_kg,webqsp,0.716,0.6340782122905029
quest_kg,webqsp,0.718,0.6350974930362117
quest_kg,webqsp,0.72,0.6361111111111111
quest_kg,webqsp,0.722,0.6371191135734072
quest_kg,webqsp,0.724,0.638121546961326
quest_kg,webqsp,0.726,0.6391184573002755
quest_kg,webqsp,0.728,0.6373626373626373
quest_kg,webqsp,0.73,0.6383561643835616
quest_kg,webqsp,0.732,0.6366120218579234
quest_kg,webqsp,0.734,0.6348773841961852
quest_kg,webqsp,0.736,0.6331521739130435
quest_kg,webqsp,0.738,0.6341463414634146
quest_kg,webqsp,0.74,0.6351351351351351
quest_kg,webqsp,0.742,0.633423180592992
quest_kg,webqsp,0.744,0.6344086021505376
quest_kg,webqsp,0.746,0.6353887399463807
quest_kg,webqsp,0.748,0.6363636363636364
quest_kg,webqsp,0.75,0.6373333333333333
quest_kg,webqsp,0.752,0.6356382978723405
quest_kg,webqsp,0.754,0.636604774535809
quest_kg,webqsp,0.756,0.6349206349206349
quest_kg,webqsp,0.758,0.633245382585752
quest_kg,webqsp,0.76,0.6342105263157894
quest_kg,webqsp,0.762,0.6325459317585302
quest_kg,webqsp,0.764,0.6335078534031413
quest_kg,webqsp,0.766,0.6344647519582245
quest_kg,webqsp,0.768,0.6354166666666667
quest_kg,webqsp,0.77,0.6337662337662338
quest_kg,webqsp,0.772,0.6321243523316062
quest_kg,webqsp,0.774,0.6330749354005167
quest_kg,webqsp,0.776,0.6314432989690721
quest_kg,webqsp,0.778,0.6323907455012854
quest_kg,webqsp,0.78,0.6333333333333333
quest_kg,webqsp,0.782,0.6342710997442456
quest_kg,webqsp,0.784,0.6352040816326531
quest_kg,webqsp,0.786,0.633587786259542
quest_kg,webqsp,0.788,0.6345177664974619
quest_kg,webqsp,0.79,0.6329113924050633
quest_kg,webqsp,0.792,0.6338383838383839
quest_kg,webqsp,0.794,0.6322418136020151
quest_kg,webqsp,0.796,0.6306532663316583
quest_kg,webqsp,0.798,0.6290726817042607
quest_kg,webqsp,0.8,0.63
quest_kg,webqsp,0.802,0.6309226932668329
quest_kg,webqsp,0.804,0.6293532338308458
quest_kg,webqsp,0.806,0.630272952853598
quest_kg,webqsp,0.808,0.6311881188118812
quest_kg,webqsp,0.81,0.6296296296296297
quest_kg,webqsp,0.812,0.6305418719211823
quest_kg,webqsp,0.814,0.6314496314496314
quest_kg,webqsp,0.816,0.6323529411764706
quest_kg,webqsp,0.818,0.6308068459657702
quest_kg,webqsp,0.82,0.6317073170731707
quest_kg,webqsp,0.822,0.6326034063260341
quest_kg,webqsp,0.824,0.633495145631068
quest_kg,webqsp,0.826,0.6343825665859564
quest_kg,webqsp,0.828,0.6352657004830917
quest_kg,webqsp,0.83,0.636144578313253
quest_kg,webqsp,0.832,0.6346153846153846
quest_kg,webqsp,0.834,0.6354916067146283
quest_kg,webqsp,0.836,0.6339712918660287
quest_kg,webqsp,0.838,0.6324582338902147
quest_kg,webqsp,0.84,0.6333333333333333
quest_kg,webqsp,0.842,0.6342042755344418
quest_kg,webqsp,0.844,0.6350710900473934
quest_kg,webqsp,0.846,0.635933806146572
quest_kg,webqsp,0.848,0.6367924528301887
quest_kg,webqsp,0.85,0.6376470588235295
quest_kg,webqsp,0.852,0.636150234741784
quest_kg,webqsp,0.854,0.6370023419203747
quest_kg,webqsp,0.856,0.6378504672897196
quest_kg,webqsp,0.858,0.6386946386946387
quest_kg,webqsp,0.86,0.6395348837209303
quest_kg,webqsp,0.862,0.6403712296983759
quest_kg,webqsp,0.864,0.6388888888888888
quest_kg,webqsp,0.866,0.6374133949191686
quest_kg,webqsp,0.868,0.6382488479262673
quest_kg,webqsp,0.87,0.639080459770115
quest_kg,webqsp,0.872,0.6376146788990826
quest_kg,webqsp,0.874,0.6384439359267735
quest_kg,webqsp,0.876,0.639269406392694
quest_kg,webqsp,0.878,0.6400911161731208
quest_kg,webqsp,0.88,0.6409090909090909
quest_kg,webqsp,0.882,0.6417233560090703
quest_kg,webqsp,0.884,0.6425339366515836
quest_kg,webqsp,0.886,0.6433408577878104
quest_kg,webqsp,0.888,0.6441441441441442
quest_kg,webqsp,0.89,0.6426966292134831
quest_kg,webqsp,0.892,0.6434977578475336
quest_kg,webqsp,0.894,0.6442953020134228
quest_kg,webqsp,0.896,0.6428571428571428
quest_kg,webqsp,0.898,0.643652561247216
quest_kg,webqsp,0.9,0.6444444444444444
quest_kg,webqsp,0.902,0.6452328159645233
quest_kg,webqsp,0.904,0.6438053097345133
quest_kg,webqsp,0.906,0.6445916114790287
quest_kg,webqsp,0.908,0.6431718061674009
quest_kg,webqsp,0.91,0.6439560439560439
quest_kg,webqsp,0.912,0.6447368421052632
quest_kg,webqsp,0.914,0.6455142231947484
quest_kg,webqsp,0.916,0.6462882096069869
quest_kg,webqsp,0.918,0.6470588235294117
quest_kg,webqsp,0.92,0.6456521739130434
quest_kg,webqsp,0.922,0.6464208242950109
quest_kg,webqsp,0.924,0.6471861471861472
quest_kg,webqsp,0.926,0.6457883369330454
quest_kg,webqsp,0.928,0.646551724137931
quest_kg,webqsp,0.93,0.6451612903225806
quest_kg,webqsp,0.932,0.6437768240343348
quest_kg,webqsp,0.934,0.6423982869379015
quest_kg,webqsp,0.936,0.6431623931623931
quest_kg,webqsp,0.938,0.6439232409381663
quest_kg,webqsp,0.94,0.6425531914893616
quest_kg,webqsp,0.942,0.6411889596602973
quest_kg,webqsp,0.944,0.6419491525423728
quest_kg,webqsp,0.946,0.642706131078224
quest_kg,webqsp,0.948,0.6434599156118144
quest_kg,webqsp,0.95,0.6442105263157895
quest_kg,webqsp,0.952,0.6449579831932772
quest_kg,webqsp,0.954,0.6457023060796645
quest_kg,webqsp,0.956,0.6464435146443515
quest_kg,webqsp,0.958,0.6471816283924843
quest_kg,webqsp,0.96,0.6458333333333333
quest_kg,webqsp,0.962,0.6465696465696466
quest_kg,webqsp,0.964,0.6473029045643153
quest_kg,webqsp,0.966,0.6459627329192547
quest_kg,webqsp,0.968,0.6466942148760331
quest_kg,webqsp,0.97,0.647422680412371
quest_kg,webqsp,0.972,0.6460905349794239
quest_kg,webqsp,0.974,0.6447638603696099
quest_kg,webqsp,0.976,0.6454918032786885
quest_kg,webqsp,0.978,0.6462167689161554
quest_kg,webqsp,0.98,0.6469387755102041
quest_kg,webqsp,0.982,0.6476578411405296
quest_kg,webqsp,0.984,0.6483739837398375
quest_kg,webqsp,0.986,0.6470588235294117
quest_kg,webqsp,0.988,0.6477732793522267
quest_kg,webqsp,0.99,0.6464646464646464
quest_kg,webqsp,0.992,0.6451612903225806
quest_kg,webqsp,0.994,0.6458752515090543
quest_kg,webqsp,0.996,0.6445783132530121
quest_kg,webqsp,0.998,0.6432865731462926
quest_kg,webqsp,1.0,0.642
quest_kg,webqsp,0.002,1.0
quest_kg,webqsp,0.004,1.0
quest_kg,webqsp,0.006,1.0
quest_kg,webqsp,0.008,1.0
quest_kg,webqsp,0.01,1.0
quest_kg,webqsp,0.012,1.0
quest_kg,webqsp,0.014,1.0
quest_kg,webqsp,0.016,1.0
quest_kg,webqsp,0.018,0.8888888888888888
quest_kg,webqsp,0.02,0.9
quest_kg,webqsp,0.022,0.9090909090909091
quest_kg,webqsp,0.024,0.8333333333333334
quest_kg,webqsp,0.026,0.8461538461538461
quest_kg,webqsp,0.028,0.8571428571428572
quest_kg,webqsp,0.03,0.8666666666666667
quest_kg,webqsp,0.032,0.875
quest_kg,webqsp,0.034,0.8823529411764706
quest_kg,webqsp,0.036,0.8888888888888888
quest_kg,webqsp,0.038,0.8947368421052632
quest_kg,webqsp,0.04,0.9
quest_kg,webqsp,0.042,0.9047619047619048
quest_kg,webqsp,0.044,0.8636363636363636
quest_kg,webqsp,0.046,0.8695652173913043
quest_kg,webqsp,0.048,0.875
quest_kg,webqsp,0.05,0.88
quest_kg,webqsp,0.052,0.8461538461538461
quest_kg,webqsp,0.054,0.8518518518518519
quest_kg,webqsp,0.056,0.8571428571428572
quest_kg,webqsp,0.058,0.8620689655172413
quest_kg,webqsp,0.06,0.8333333333333334
quest_kg,webqsp,0.062,0.8387096774193549
quest_kg,webqsp,0.064,0.84375
quest_kg,webqsp,0.066,0.8181818181818181
quest_kg,webqsp,0.068,0.8235294117647058
quest_kg,webqsp,0.07,0.8285714285714285
quest_kg,webqsp,0.072,0.8333333333333334
quest_kg,webqsp,0.074,0.8378378378378378
quest_kg,webqsp,0.076,0.8421052631578947
quest_kg,webqsp,0.078,0.8461538461538461
quest_kg,webqsp,0.08,0.85
quest_kg,webqsp,0.082,0.8292682926829268
quest_kg,webqsp,0.084,0.8333333333333334
quest_kg,webqsp,0.086,0.8372093023255813
quest_kg,webqsp,0.088,0.8409090909090909
quest_kg,webqsp,0.09,0.8222222222222222
quest_kg,webqsp,0.092,0.8260869565217391
quest_kg,webqsp,0.094,0.8297872340425532
quest_kg,webqsp,0.096,0.8333333333333334
quest_kg,webqsp,0.098,0.8367346938775511
quest_kg,webqsp,0.1,0.84
quest_kg,webqsp,0.102,0.8235294117647058
quest_kg,webqsp,0.104,0.8076923076923077
quest_kg,webqsp,0.106,0.8113207547169812
quest_kg,webqsp,0.108,0.8148148148148149
quest_kg,webqsp,0.11,0.8181818181818181
quest_kg,webqsp,0.112,0.8214285714285714
quest_kg,webqsp,0.114,0.8070175438596492
quest_kg,webqsp,0.116,0.8103448275862069
quest_kg,webqsp,0.118,0.7966101694915254
quest_kg,webqsp,0.12,0.8
quest_kg,webqsp,0.122,0.7868852459016393
quest_kg,webqsp,0.124,0.7903225806451613
quest_kg,webqsp,0.126,0.7936507936507937
quest_kg,webqsp,0.128,0.796875
quest_kg,webqsp,0.13,0.8
quest_kg,webqsp,0.132,0.7878787878787878
quest_kg,webqsp,0.134,0.791044776119403
quest_kg,webqsp,0.136,0.7941176470588236
quest_kg,webqsp,0.138,0.7971014492753623
quest_kg,webqsp,0.14,0.8
quest_kg,webqsp,0.142,0.7887323943661972
quest_kg,webqsp,0.144,0.7777777777777778
quest_kg,webqsp,0.146,0.7808219178082192
quest_kg,webqsp,0.148,0.7702702702702703
quest_kg,webqsp,0.15,0.7733333333333333
quest_kg,webqsp,0.152,0.7763157894736842
quest_kg,webqsp,0.154,0.7792207792207793
quest_kg,webqsp,0.156,0.782051282051282
quest_kg,webqsp,0.158,0.7848101265822784
quest_kg,webqsp,0.16,0.775
quest_kg,webqsp,0.162,0.7654320987654322
quest_kg,webqsp,0.164,0.7560975609756098
quest_kg,webqsp,0.166,0.7590361445783133
quest_kg,webqsp,0.168,0.7619047619047619
quest_kg,webqsp,0.17,0.7647058823529411
quest_kg,webqsp,0.172,0.7558139534883721
quest_kg,webqsp,0.174,0.7586206896551724
quest_kg,webqsp,0.176,0.7613636363636364
quest_kg,webqsp,0.178,0.7640449438202247
quest_kg,webqsp,0.18,0.7666666666666666
quest_kg,webqsp,0.182,0.7692307692307692
quest_kg,webqsp,0.184,0.7717391304347826
quest_kg,webqsp,0.186,0.7634408602150538
quest_kg,webqsp,0.188,0.7659574468085106
quest_kg,webqsp,0.19,0.7684210526315789
quest_kg,webqsp,0.192,0.7708333333333334
quest_kg,webqsp,0.194,0.7731958762886598
quest_kg,webqsp,0.196,0.7755102040816326
quest_kg,webqsp,0.198,0.7777777777777778
quest_kg,webqsp,0.2,0.78
quest_kg,webqsp,0.202,0.7821782178217822
quest_kg,webqsp,0.204,0.7745098039215687
quest_kg,webqsp,0.206,0.7766990291262136
quest_kg,webqsp,0.208,0.7788461538461539
quest_kg,webqsp,0.21,0.7714285714285715
quest_kg,webqsp,0.212,0.7735849056603774
quest_kg,webqsp,0.214,0.7663551401869159
quest_kg,webqsp,0.216,0.7592592592592593
quest_kg,webqsp,0.218,0.7614678899082569
quest_kg,webqsp,0.22,0.7636363636363637
quest_kg,webqsp,0.222,0.7657657657657657
quest_kg,webqsp,0.224,0.7589285714285714
quest_kg,webqsp,0.226,0.7610619469026548
quest_kg,webqsp,0.228,0.7631578947368421
quest_kg,webqsp,0.23,0.7652173913043478
quest_kg,webqsp,0.232,0.7672413793103449
quest_kg,webqsp,0.234,0.7606837606837606
quest_kg,webqsp,0.236,0.7627118644067796
quest_kg,webqsp,0.238,0.7647058823529411
quest_kg,webqsp,0.24,0.7583333333333333
quest_kg,webqsp,0.242,0.7520661157024793
quest_kg,webqsp,0.244,0.7540983606557377
quest_kg,webqsp,0.246,0.7560975609756098
quest_kg,webqsp,0.248,0.75
quest_kg,webqsp,0.25,0.744
quest_kg,webqsp,0.252,0.7380952380952381
quest_kg,webqsp,0.254,0.7401574803149606
quest_kg,webqsp,0.256,0.7421875
quest_kg,webqsp,0.258,0.7441860465116279
quest_kg,webqsp,0.26,0.7384615384615385
quest_kg,webqsp,0.262,0.732824427480916
quest_kg,webqsp,0.264,0.7348484848484849
quest_kg,webqsp,0.266,0.736842105263158
quest_kg,webqsp,0.268,0.7388059701492538
quest_kg,webqsp,0.27,0.7333333333333334
quest_kg,webqsp,0.272,0.7352941176470589
quest_kg,webqsp,0.274,0.7372262773722628
quest_kg,webqsp,0.276,0.7391304347826086
quest_kg,webqsp,0.278,0.7410071942446044
quest_kg,webqsp,0.28,0.7357142857142858
quest_kg,webqsp,0.282,0.7375886524822695
quest_kg,webqsp,0.284,0.7394366197183099
quest_kg,webqsp,0.286,0.7412587412587412
quest_kg,webqsp,0.288,0.7361111111111112
quest_kg,webqsp,0.29,0.7379310344827585
quest_kg,webqsp,0.292,0.7328767123287672
quest_kg,webqsp,0.294,0.727891156462585
quest_kg,webqsp,0.296,0.722972972972973
quest_kg,webqsp,0.298,0.7248322147651007
quest_kg,webqsp,0.3,0.7266666666666667
quest_kg,webqsp,0.302,0.7284768211920529
quest_kg,webqsp,0.304,0.7302631578947368
quest_kg,webqsp,0.306,0.7320261437908497
quest_kg,webqsp,0.308,0.7337662337662338
quest_kg,webqsp,0.31,0.7354838709677419
quest_kg,webqsp,0.312,0.7371794871794872
quest_kg,webqsp,0.314,0.7388535031847134
quest_kg,webqsp,0.316,0.740506329113924
quest_kg,webqsp,0.318,0.7421383647798743
quest_kg,webqsp,0.32,0.74375
quest_kg,webqsp,0.322,0.7391304347826086
quest_kg,webqsp,0.324,0.7407407407407407
quest_kg,webqsp,0.326,0.7361963190184049
quest_kg,webqsp,0.328,0.7317073170731707
quest_kg,webqsp,0.33,0.7333333333333334
quest_kg,webqsp,0.332,0.7349397590361446
quest_kg,webqsp,0.334,0.7305389221556886
quest_kg,webqsp,0.336,0.7321428571428572
quest_kg,webqsp,0.338,0.7337278106508875
quest_kg,webqsp,0.34,0.7352941176470589
quest_kg,webqsp,0.342,0.7309941520467836
quest_kg,webqsp,0.344,0.7325581395348837
quest_kg,webqsp,0.346,0.7341040462427746
quest_kg,webqsp,0.348,0.735632183908046
quest_kg,webqsp,0.35,0.7371428571428571
quest_kg,webqsp,0.352,0.7386363636363636
quest_kg,webqsp,0.354,0.7401129943502824
quest_kg,webqsp,0.356,0.7359550561797753
quest_kg,webqsp,0.358,0.7318435754189945
quest_kg,webqsp,0.36,0.7333333333333334
quest_kg,webqsp,0.362,0.7292817679558011
quest_kg,webqsp,0.364,0.7307692307692308
quest_kg,webqsp,0.366,0.7267759562841529
quest_kg,webqsp,0.368,0.7282608695652174
quest_kg,webqsp,0.37,0.7243243243243243
quest_kg,webqsp,0.372,0.7204301075268817
quest_kg,webqsp,0.374,0.7219251336898396
quest_kg,webqsp,0.376,0.7234042553191489
quest_kg,webqsp,0.378,0.7195767195767195
quest_kg,webqsp,0.38,0.7157894736842105
quest_kg,webqsp,0.382,0.7172774869109948
quest_kg,webqsp,0.384,0.71875
quest_kg,webqsp,0.386,0.7202072538860104
quest_kg,webqsp,0.388,0.7216494845360825
quest_kg,webqsp,0.39,0.7230769230769231
quest_kg,webqsp,0.392,0.7244897959183674
quest_kg,webqsp,0.394,0.7258883248730965
quest_kg,webqsp,0.396,0.7272727272727273
quest_kg,webqsp,0.398,0.728643216080402
quest_kg,webqsp,0.4,0.725
quest_kg,webqsp,0.402,0.7213930348258706
quest_kg,webqsp,0.404,0.7178217821782178
quest_kg,webqsp,0.406,0.7142857142857143
quest_kg,webqsp,0.408,0.7107843137254901
quest_kg,webqsp,0.41,0.7121951219512195
quest_kg,webqsp,0.412,0.7135922330097088
quest_kg,webqsp,0.414,0.7101449275362319
quest_kg,webqsp,0.416,0.7115384615384616
quest_kg,webqsp,0.418,0.708133971291866
quest_kg,webqsp,0.42,0.7095238095238094
quest_kg,webqsp,0.422,0.7109004739336493
quest_kg,webqsp,0.424,0.7075471698113207
quest_kg,webqsp,0.426,0.7089201877934272
quest_kg,webqsp,0.428,0.7102803738317758
quest_kg,webqsp,0.43,0.7069767441860465
quest_kg,webqsp,0.432,0.7083333333333333
quest_kg,webqsp,0.434,0.7050691244239631
quest_kg,webqsp,0.436,0.7064220183486238
quest_kg,webqsp,0.438,0.7077625570776256
quest_kg,webqsp,0.44,0.7090909090909091
quest_kg,webqsp,0.442,0.7058823529411764
quest_kg,webqsp,0.444,0.7072072072072072
quest_kg,webqsp,0.446,0.7085201793721974
quest_kg,webqsp,0.448,0.7053571428571428
quest_kg,webqsp,0.45,0.7066666666666667
quest_kg,webqsp,0.452,0.7079646017699115
quest_kg,webqsp,0.454,0.7092511013215859
quest_kg,webqsp,0.456,0.706140350877193
quest_kg,webqsp,0.458,0.7074235807860262
quest_kg,webqsp,0.46,0.7043478260869565
quest_kg,webqsp,0.462,0.7056277056277056
quest_kg,webqsp,0.464,0.7068965517241379
quest_kg,webqsp,0.466,0.7081545064377682
quest_kg,webqsp,0.468,0.7094017094017093
quest_kg,webqsp,0.47,0.7106382978723405
quest_kg,webqsp,0.472,0.711864406779661
quest_kg,webqsp,0.474,0.7088607594936709
quest_kg,webqsp,0.476,0.7058823529411764
quest_kg,webqsp,0.478,0.7029288702928871
quest_kg,webqsp,0.48,0.7041666666666666
quest_kg,webqsp,0.482,0.7012448132780082
quest_kg,webqsp,0.484,0.6983471074380165
quest_kg,webqsp,0.486,0.6995884773662551
quest_kg,webqsp,0.488,0.7008196721311475
quest_kg,webqsp,0.49,0.7020408163265306
quest_kg,webqsp,0.492,0.7032520325203252
quest_kg,webqsp,0.494,0.7044534412955465
quest_kg,webqsp,0.496,0.7016129032258065
quest_kg,webqsp,0.498,0.7028112449799198
quest_kg,webqsp,0.5,0.704
quest_kg,webqsp,0.502,0.7051792828685259
quest_kg,webqsp,0.504,0.7023809523809523
quest_kg,webqsp,0.506,0.7035573122529644
quest_kg,webqsp,0.508,0.704724409448819
quest_kg,webqsp,0.51,0.7058823529411764
quest_kg,webqsp,0.512,0.703125
quest_kg,webqsp,0.514,0.7042801556420233
quest_kg,webqsp,0.516,0.7054263565891472
quest_kg,webqsp,0.518,0.7027027027027026
quest_kg,webqsp,0.52,0.7038461538461538
quest_kg,webqsp,0.522,0.7049808429118773
quest_kg,webqsp,0.524,0.7061068702290076
quest_kg,webqsp,0.526,0.7034220532319392
quest_kg,webqsp,0.528,0.7045454545454546
quest_kg,webqsp,0.53,0.7056603773584906
quest_kg,webqsp,0.532,0.7067669172932332
quest_kg,webqsp,0.534,0.7078651685393258
quest_kg,webqsp,0.536,0.708955223880597
quest_kg,webqsp,0.538,0.7100371747211895
quest_kg,webqsp,0.54,0.7074074074074075
quest_kg,webqsp,0.542,0.7084870848708487
quest_kg,webqsp,0.544,0.7058823529411764
quest_kg,webqsp,0.546,0.7069597069597069
quest_kg,webqsp,0.548,0.7043795620437956
quest_kg,webqsp,0.55,0.7018181818181819
quest_kg,webqsp,0.552,0.7028985507246377
quest_kg,webqsp,0.554,0.703971119133574
quest_kg,webqsp,0.556,0.7050359712230216
quest_kg,webqsp,0.558,0.7060931899641577
quest_kg,webqsp,0.56,0.7035714285714285
quest_kg,webqsp,0.562,0.7046263345195729
quest_kg,webqsp,0.564,0.7056737588652482
quest_kg,webqsp,0.566,0.7031802120141343
quest_kg,webqsp,0.568,0.704225352112676
quest_kg,webqsp,0.57,0.7052631578947368
quest_kg,webqsp,0.572,0.7062937062937062
quest_kg,webqsp,0.574,0.7038327526132404
quest_kg,webqsp,0.576,0.7048611111111112
quest_kg,webqsp,0.578,0.7024221453287197
quest_kg,webqsp,0.58,0.7
quest_kg,webqsp,0.582,0.697594501718213
quest_kg,webqsp,0.584,0.6952054794520548
quest_kg,webqsp,0.586,0.6928327645051194
quest_kg,webqsp,0.588,0.6938775510204082
quest_kg,webqsp,0.59,0.6949152542372881
quest_kg,webqsp,0.592,0.6959459459459459
quest_kg,webqsp,0.594,0.696969696969697
quest_kg,webqsp,0.596,0.697986577181208
quest_kg,webqsp,0.598,0.6956521739130435
quest_kg,webqsp,0.6,0.6933333333333334
quest_kg,webqsp,0.602,0.6910299003322259
quest_kg,webqsp,0.604,0.6887417218543046
quest_kg,webqsp,0.606,0.6897689768976898
quest_kg,webqsp,0.608,0.6907894736842105
quest_kg,webqsp,0.61,0.6885245901639344
quest_kg,webqsp,0.612,0.6862745098039216
quest_kg,webqsp,0.614,0.6872964169381108
quest_kg,webqsp,0.616,0.6883116883116883
quest_kg,webqsp,0.618,0.6860841423948221
quest_kg,webqsp,0.62,0.6870967741935483
quest_kg,webqsp,0.622,0.6881028938906752
quest_kg,webqsp,0.624,0.6858974358974359
quest_kg,webqsp,0.626,0.6837060702875399
quest_kg,webqsp,0.628,0.6815286624203822
quest_kg,webqsp,0.63,0.6825396825396826
quest_kg,webqsp,0.632,0.6835443037974683
quest_kg,webqsp,0.634,0.6845425867507886
quest_kg,webqsp,0.636,0.6823899371069182
quest_kg,webqsp,0.638,0.6833855799373041
quest_kg,webqsp,0.64,0.684375
quest_kg,webqsp,0.642,0.6853582554517135
quest_kg,webqsp,0.644,0.6832298136645962
quest_kg,webqsp,0.646,0.6842105263157895
quest_kg,webqsp,0.648,0.6851851851851851
quest_kg,webqsp,0.65,0.6861538461538461
quest_kg,webqsp,0.652,0.6871165644171779
quest_kg,webqsp,0.654,0.6880733944954128
quest_kg,webqsp,0.656,0.6890243902439024
quest_kg,webqsp,0.658,0.6899696048632219
quest_kg,webqsp,0.66,0.6909090909090909
quest_kg,webqsp,0.662,0.6888217522658611
quest_kg,webqsp,0.664,0.6897590361445782
quest_kg,webqsp,0.666,0.6876876876876876
quest_kg,webqsp,0.668,0.688622754491018
quest_kg,webqsp,0.67,0.6865671641791045
quest_kg,webqsp,0.672,0.6875
quest_kg,webqsp,0.674,0.685459940652819
quest_kg,webqsp,0.676,0.6834319526627219
quest_kg,webqsp,0.678,0.6843657817109144
quest_kg,webqsp,0.68,0.6823529411764706
quest_kg,webqsp,0.682,0.6832844574780059
quest_kg,webqsp,0.684,0.6842105263157895
quest_kg,webqsp,0.686,0.685131195335277
quest_kg,webqsp,0.688,0.6831395348837209
quest_kg,webqsp,0.69,0.6840579710144927
quest_kg,webqsp,0.692,0.684971098265896
quest_kg,webqsp,0.694,0.6829971181556196
quest_kg,webqsp,0.696,0.6839080459770115
quest_kg,webqsp,0.698,0.6819484240687679
quest_kg,webqsp,0.7,0.6799999999999999
quest_kg,webqsp,0.702,0.6809116809116809
quest_kg,webqsp,0.704,0.6789772727272727
quest_kg,webqsp,0.706,0.6770538243626063
quest_kg,webqsp,0.708,0.6779661016949152
quest_kg,webqsp,0.71,0.6788732394366197
quest_kg,webqsp,0.712,0.6797752808988764
quest_kg,webqsp,0.714,0.680672268907563
quest_kg,webqsp,0.716,0.6787709497206704
quest_kg,webqsp,0.718,0.6796657381615598
quest_kg,webqsp,0.72,0.6805555555555556
quest_kg,webqsp,0.722,0.6814404432132963
quest_kg,webqsp,0.724,0.6823204419889503
quest_kg,webqsp,0.726,0.6831955922865014
quest_kg,webqsp,0.728,0.6813186813186813
quest_kg,webqsp,0.73,0.6821917808219178
quest_kg,webqsp,0.732,0.680327868852459
quest_kg,webqsp,0.734,0.6784741144414169
quest_kg,webqsp,0.736,0.6766304347826086
quest_kg,webqsp,0.738,0.6775067750677507
quest_kg,webqsp,0.74,0.6783783783783783
quest_kg,webqsp,0.742,0.6765498652291105
quest_kg,webqsp,0.744,0.6774193548387097
quest_kg,webqsp,0.746,0.67828418230563
quest_kg,webqsp,0.748,0.679144385026738
quest_kg,webqsp,0.75,0.6799999999999999
quest_kg,webqsp,0.752,0.6781914893617021
quest_kg,webqsp,0.754,0.6790450928381964
quest_kg,webqsp,0.756,0.6772486772486772
quest_kg,webqsp,0.758,0.6781002638522428
quest_kg,webqsp,0.76,0.6789473684210526
quest_kg,webqsp,0.762,0.6771653543307087
quest_kg,webqsp,0.764,0.6780104712041886
quest_kg,webqsp,0.766,0.6788511749347259
quest_kg,webqsp,0.768,0.6796875
quest_kg,webqsp,0.77,0.6779220779220779
quest_kg,webqsp,0.772,0.6761658031088082
quest_kg,webqsp,0.774,0.6744186046511628
quest_kg,webqsp,0.776,0.6726804123711341
quest_kg,webqsp,0.778,0.6735218508997429
quest_kg,webqsp,0.78,0.6743589743589744
quest_kg,webqsp,0.782,0.6751918158567776
quest_kg,webqsp,0.784,0.6734693877551021
quest_kg,webqsp,0.786,0.6717557251908397
quest_kg,webqsp,0.788,0.6725888324873097
quest_kg,webqsp,0.79,0.6708860759493671
quest_kg,webqsp,0.792,0.6717171717171717
quest_kg,webqsp,0.794,0.6700251889168766
quest_kg,webqsp,0.796,0.6683417085427136
quest_kg,webqsp,0.798,0.6666666666666667
quest_kg,webqsp,0.8,0.6675
quest_kg,webqsp,0.802,0.6683291770573566
quest_kg,webqsp,0.804,0.6666666666666667
quest_kg,webqsp,0.806,0.6674937965260546
quest_kg,webqsp,0.808,0.6683168316831682
quest_kg,webqsp,0.81,0.6666666666666667
quest_kg,webqsp,0.812,0.6674876847290641
quest_kg,webqsp,0.814,0.6683046683046683
quest_kg,webqsp,0.816,0.6691176470588236
quest_kg,webqsp,0.818,0.6674816625916871
quest_kg,webqsp,0.82,0.6682926829268292
quest_kg,webqsp,0.822,0.6690997566909975
quest_kg,webqsp,0.824,0.6699029126213591
quest_kg,webqsp,0.826,0.6707021791767555
quest_kg,webqsp,0.828,0.6714975845410628
quest_kg,webqsp,0.83,0.672289156626506
quest_kg,webqsp,0.832,0.6706730769230769
quest_kg,webqsp,0.834,0.6714628297362111
quest_kg,webqsp,0.836,0.6698564593301435
quest_kg,webqsp,0.838,0.6706443914081146
quest_kg,webqsp,0.84,0.6690476190476191
quest_kg,webqsp,0.842,0.669833729216152
quest_kg,webqsp,0.844,0.6706161137440758
quest_kg,webqsp,0.846,0.6713947990543736
quest_kg,webqsp,0.848,0.6721698113207547
quest_kg,webqsp,0.85,0.6729411764705882
quest_kg,webqsp,0.852,0.6713615023474178
quest_kg,webqsp,0.854,0.6721311475409837
quest_kg,webqsp,0.856,0.6728971962616823
quest_kg,webqsp,0.858,0.6736596736596736
quest_kg,webqsp,0.86,0.6744186046511628
quest_kg,webqsp,0.862,0.6751740139211138
quest_kg,webqsp,0.864,0.6736111111111112
quest_kg,webqsp,0.866,0.6720554272517321
quest_kg,webqsp,0.868,0.6728110599078341
quest_kg,webqsp,0.87,0.6735632183908046
quest_kg,webqsp,0.872,0.6743119266055047
quest_kg,webqsp,0.874,0.6750572082379862
quest_kg,webqsp,0.876,0.6757990867579908
quest_kg,webqsp,0.878,0.6765375854214123
quest_kg,webqsp,0.88,0.675
quest_kg,webqsp,0.882,0.6734693877551021
quest_kg,webqsp,0.884,0.6742081447963801
quest_kg,webqsp,0.886,0.6749435665914221
quest_kg,webqsp,0.888,0.6756756756756757
quest_kg,webqsp,0.89,0.6741573033707865
quest_kg,webqsp,0.892,0.6748878923766817
quest_kg,webqsp,0.894,0.6756152125279642
quest_kg,webqsp,0.896,0.6741071428571428
quest_kg,webqsp,0.898,0.6748329621380846
quest_kg,webqsp,0.9,0.6755555555555556
quest_kg,webqsp,0.902,0.6762749445676275
quest_kg,webqsp,0.904,0.6747787610619469
quest_kg,webqsp,0.906,0.6754966887417219
quest_kg,webqsp,0.908,0.6740088105726872
quest_kg,webqsp,0.91,0.6747252747252748
quest_kg,webqsp,0.912,0.6754385964912281
quest_kg,webqsp,0.914,0.6761487964989059
quest_kg,webqsp,0.916,0.6768558951965066
quest_kg,webqsp,0.918,0.6775599128540305
quest_kg,webqsp,0.92,0.6760869565217391
quest_kg,webqsp,0.922,0.6767895878524945
quest_kg,webqsp,0.924,0.6774891774891775
quest_kg,webqsp,0.926,0.6760259179265659
quest_kg,webqsp,0.928,0.6767241379310345
quest_kg,webqsp,0.93,0.6774193548387097
quest_kg,webqsp,0.932,0.6759656652360515
quest_kg,webqsp,0.934,0.6745182012847966
quest_kg,webqsp,0.936,0.6752136752136753
quest_kg,webqsp,0.938,0.67590618336887
quest_kg,webqsp,0.94,0.676595744680851
quest_kg,webqsp,0.942,0.6751592356687899
quest_kg,webqsp,0.944,0.6758474576271186
quest_kg,webqsp,0.946,0.6765327695560254
quest_kg,webqsp,0.948,0.6772151898734178
quest_kg,webqsp,0.95,0.6778947368421053
quest_kg,webqsp,0.952,0.6785714285714286
quest_kg,webqsp,0.954,0.679245283018868
quest_kg,webqsp,0.956,0.6799163179916319
quest_kg,webqsp,0.958,0.6805845511482255
quest_kg,webqsp,0.96,0.6791666666666667
quest_kg,webqsp,0.962,0.6798336798336798
quest_kg,webqsp,0.964,0.6804979253112033
quest_kg,webqsp,0.966,0.6790890269151139
quest_kg,webqsp,0.968,0.6797520661157025
quest_kg,webqsp,0.97,0.6804123711340206
quest_kg,webqsp,0.972,0.6790123456790124
quest_kg,webqsp,0.974,0.677618069815195
quest_kg,webqsp,0.976,0.6782786885245902
quest_kg,webqsp,0.978,0.6789366053169734
quest_kg,webqsp,0.98,0.6795918367346938
quest_kg,webqsp,0.982,0.680244399185336
quest_kg,webqsp,0.984,0.6808943089430894
quest_kg,webqsp,0.986,0.6795131845841784
quest_kg,webqsp,0.988,0.680161943319838
quest_kg,webqsp,0.99,0.6787878787878787
quest_kg,webqsp,0.992,0.6774193548387097
quest_kg,webqsp,0.994,0.6780684104627767
quest_kg,webqsp,0.996,0.6767068273092369
quest_kg,webqsp,0.998,0.6753507014028056
quest_kg,webqsp,1.0,0.6739999999999999
quest_kg,webqsp,0.002,0.0
quest_kg,webqsp,0.004,0.5
quest_kg,webqsp,0.006,0.33333333333333337
quest_kg,webqsp,0.008,0.25
quest_kg,webqsp,0.01,0.19999999999999996
quest_kg,webqsp,0.012,0.16666666666666663
quest_kg,webqsp,0.014,0.1428571428571429
quest_kg,webqsp,0.016,0.125
quest_kg,webqsp,0.018,0.2222222222222222
quest_kg,webqsp,0.02,0.30000000000000004
quest_kg,webqsp,0.022,0.36363636363636365
quest_kg,webqsp,0.024,0.41666666666666663
quest_kg,webqsp,0.026,0.46153846153846156
quest_kg,webqsp,0.028,0.4285714285714286
quest_kg,webqsp,0.03,0.4666666666666667
quest_kg,webqsp,0.032,0.4375
quest_kg,webqsp,0.034,0.47058823529411764
quest_kg,webqsp,0.036,0.5
quest_kg,webqsp,0.038,0.5263157894736843
quest_kg,webqsp,0.04,0.55
quest_kg,webqsp,0.042,0.5714285714285714
quest_kg,webqsp,0.044,0.5454545454545454
quest_kg,webqsp,0.046,0.5217391304347826
quest_kg,webqsp,0.048,0.5
quest_kg,webqsp,0.05,0.52
quest_kg,webqsp,0.052,0.5384615384615384
quest_kg,webqsp,0.054,0.5555555555555556
quest_kg,webqsp,0.056,0.5357142857142857
quest_kg,webqsp,0.058,0.5517241379310345
quest_kg,webqsp,0.06,0.5666666666666667
quest_kg,webqsp,0.062,0.5483870967741935
quest_kg,webqsp,0.064,0.53125
quest_kg,webqsp,0.066,0.5454545454545454
quest_kg,webqsp,0.068,0.5294117647058824
quest_kg,webqsp,0.07,0.5428571428571429
quest_kg,webqsp,0.072,0.5277777777777778
quest_kg,webqsp,0.074,0.5405405405405406
quest_kg,webqsp,0.076,0.5263157894736843
quest_kg,webqsp,0.078,0.5384615384615384
quest_kg,webqsp,0.08,0.525
quest_kg,webqsp,0.082,0.5121951219512195
quest_kg,webqsp,0.084,0.5
quest_kg,webqsp,0.086,0.4883720930232558
quest_kg,webqsp,0.088,0.4772727272727273
quest_kg,webqsp,0.09,0.4666666666666667
quest_kg,webqsp,0.092,0.4565217391304348
quest_kg,webqsp,0.094,0.44680851063829785
quest_kg,webqsp,0.096,0.4375
quest_kg,webqsp,0.098,0.44897959183673475
quest_kg,webqsp,0.1,0.45999999999999996
quest_kg,webqsp,0.102,0.47058823529411764
quest_kg,webqsp,0.104,0.46153846153846156
quest_kg,webqsp,0.106,0.4528301886792453
quest_kg,webqsp,0.108,0.4444444444444444
quest_kg,webqsp,0.11,0.4363636363636364
quest_kg,webqsp,0.112,0.4285714285714286
quest_kg,webqsp,0.114,0.4385964912280702
quest_kg,webqsp,0.116,0.4482758620689655
quest_kg,webqsp,0.118,0.4576271186440678
quest_kg,webqsp,0.12,0.4666666666666667
quest_kg,webqsp,0.122,0.4590163934426229
quest_kg,webqsp,0.124,0.467741935483871
quest_kg,webqsp,0.126,0.47619047619047616
quest_kg,webqsp,0.128,0.484375
quest_kg,webqsp,0.13,0.49230769230769234
quest_kg,webqsp,0.132,0.48484848484848486
quest_kg,webqsp,0.134,0.4925373134328358
quest_kg,webqsp,0.136,0.5
quest_kg,webqsp,0.138,0.49275362318840576
quest_kg,webqsp,0.14,0.5
quest_kg,webqsp,0.142,0.5070422535211268
quest_kg,webqsp,0.144,0.5138888888888888
quest_kg,webqsp,0.146,0.5205479452054795
quest_kg,webqsp,0.148,0.527027027027027
quest_kg,webqsp,0.15,0.52
quest_kg,webqsp,0.152,0.5263157894736843
quest_kg,webqsp,0.154,0.5324675324675325
quest_kg,webqsp,0.156,0.5256410256410257
quest_kg,webqsp,0.158,0.5316455696202531
quest_kg,webqsp,0.16,0.5375
quest_kg,webqsp,0.162,0.5432098765432098
quest_kg,webqsp,0.164,0.5487804878048781
quest_kg,webqsp,0.166,0.5542168674698795
quest_kg,webqsp,0.168,0.5595238095238095
quest_kg,webqsp,0.17,0.5647058823529412
quest_kg,webqsp,0.172,0.5581395348837209
quest_kg,webqsp,0.174,0.5517241379310345
quest_kg,webqsp,0.176,0.5568181818181819
quest_kg,webqsp,0.178,0.5617977528089888
quest_kg,webqsp,0.18,0.5666666666666667
quest_kg,webqsp,0.182,0.5714285714285714
quest_kg,webqsp,0.184,0.5652173913043479
quest_kg,webqsp,0.186,0.5698924731182795
quest_kg,webqsp,0.188,0.5638297872340425
quest_kg,webqsp,0.19,0.5684210526315789
quest_kg,webqsp,0.192,0.5729166666666667
quest_kg,webqsp,0.194,0.5773195876288659
quest_kg,webqsp,0.196,0.5714285714285714
quest_kg,webqsp,0.198,0.5656565656565656
quest_kg,webqsp,0.2,0.5700000000000001
quest_kg,webqsp,0.202,0.5643564356435644
quest_kg,webqsp,0.204,0.5588235294117647
quest_kg,webqsp,0.206,0.5631067961165048
quest_kg,webqsp,0.208,0.5576923076923077
quest_kg,webqsp,0.21,0.5523809523809524
quest_kg,webqsp,0.212,0.5471698113207547
quest_kg,webqsp,0.214,0.5420560747663552
quest_kg,webqsp,0.216,0.5462962962962963
quest_kg,webqsp,0.218,0.5504587155963303
quest_kg,webqsp,0.22,0.5545454545454546
quest_kg,webqsp,0.222,0.5495495495495495
quest_kg,webqsp,0.224,0.5535714285714286
quest_kg,webqsp,0.226,0.5575221238938053
quest_kg,webqsp,0.228,0.5614035087719298
quest_kg,webqsp,0.23,0.5652173913043479
quest_kg,webqsp,0.232,0.5689655172413793
quest_kg,webqsp,0.234,0.5726495726495726
quest_kg,webqsp,0.236,0.576271186440678
quest_kg,webqsp,0.238,0.5798319327731092
quest_kg,webqsp,0.24,0.5833333333333333
quest_kg,webqsp,0.242,0.5867768595041323
quest_kg,webqsp,0.244,0.5901639344262295
quest_kg,webqsp,0.246,0.5934959349593496
quest_kg,webqsp,0.248,0.5967741935483871
quest_kg,webqsp,0.25,0.6
quest_kg,webqsp,0.252,0.6031746031746033
quest_kg,webqsp,0.254,0.6062992125984252
quest_kg,webqsp,0.256,0.6015625
quest_kg,webqsp,0.258,0.6046511627906976
quest_kg,webqsp,0.26,0.6
quest_kg,webqsp,0.262,0.6030534351145038
quest_kg,webqsp,0.264,0.6060606060606061
quest_kg,webqsp,0.266,0.6015037593984962
quest_kg,webqsp,0.268,0.5970149253731343
quest_kg,webqsp,0.27,0.6
quest_kg,webqsp,0.272,0.6029411764705883
quest_kg,webqsp,0.274,0.6058394160583942
quest_kg,webqsp,0.276,0.6014492753623188
quest_kg,webqsp,0.278,0.60431654676259
quest_kg,webqsp,0.28,0.6071428571428572
quest_kg,webqsp,0.282,0.6028368794326241
quest_kg,webqsp,0.284,0.5985915492957746
quest_kg,webqsp,0.286,0.5944055944055944
quest_kg,webqsp,0.288,0.5902777777777778
quest_kg,webqsp,0.29,0.5931034482758621
quest_kg,webqsp,0.292,0.589041095890411
quest_kg,webqsp,0.294,0.5850340136054422
quest_kg,webqsp,0.296,0.5878378378378378
quest_kg,webqsp,0.298,0.5906040268456376
quest_kg,webqsp,0.3,0.5866666666666667
quest_kg,webqsp,0.302,0.5827814569536424
quest_kg,webqsp,0.304,0.5789473684210527
quest_kg,webqsp,0.306,0.5751633986928104
quest_kg,webqsp,0.308,0.5714285714285714
quest_kg,webqsp,0.31,0.5741935483870968
quest_kg,webqsp,0.312,0.5769230769230769
quest_kg,webqsp,0.314,0.5796178343949044
quest_kg,webqsp,0.316,0.5759493670886076
quest_kg,webqsp,0.318,0.5786163522012578
quest_kg,webqsp,0.32,0.58125
quest_kg,webqsp,0.322,0.5838509316770186
quest_kg,webqsp,0.324,0.5864197530864197
quest_kg,webqsp,0.326,0.5828220858895705
quest_kg,webqsp,0.328,0.5853658536585367
quest_kg,webqsp,0.33,0.5878787878787879
quest_kg,webqsp,0.332,0.5903614457831325
quest_kg,webqsp,0.334,0.592814371257485
quest_kg,webqsp,0.336,0.5952380952380952
quest_kg,webqsp,0.338,0.5976331360946745
quest_kg,webqsp,0.34,0.6
quest_kg,webqsp,0.342,0.6023391812865497
quest_kg,webqsp,0.344,0.5988372093023255
quest_kg,webqsp,0.346,0.6011560693641618
quest_kg,webqsp,0.348,0.603448275862069
quest_kg,webqsp,0.35,0.6057142857142856
quest_kg,webqsp,0.352,0.6022727272727273
quest_kg,webqsp,0.354,0.6045197740112994
quest_kg,webqsp,0.356,0.6067415730337078
quest_kg,webqsp,0.358,0.6033519553072626
quest_kg,webqsp,0.36,0.6055555555555556
quest_kg,webqsp,0.362,0.6077348066298343
quest_kg,webqsp,0.364,0.6043956043956045
quest_kg,webqsp,0.366,0.6065573770491803
quest_kg,webqsp,0.368,0.6086956521739131
quest_kg,webqsp,0.37,0.6054054054054054
quest_kg,webqsp,0.372,0.6021505376344086
quest_kg,webqsp,0.374,0.6042780748663101
quest_kg,webqsp,0.376,0.601063829787234
quest_kg,webqsp,0.378,0.6031746031746033
quest_kg,webqsp,0.38,0.6
quest_kg,webqsp,0.382,0.6020942408376964
quest_kg,webqsp,0.384,0.5989583333333333
quest_kg,webqsp,0.386,0.5958549222797928
quest_kg,webqsp,0.388,0.5979381443298969
quest_kg,webqsp,0.39,0.6
quest_kg,webqsp,0.392,0.596938775510204
quest_kg,webqsp,0.394,0.5939086294416244
quest_kg,webqsp,0.396,0.595959595959596
quest_kg,webqsp,0.398,0.5979899497487438
quest_kg,webqsp,0.4,0.6
quest_kg,webqsp,0.402,0.5970149253731343
quest_kg,webqsp,0.404,0.599009900990099
quest_kg,webqsp,0.406,0.5960591133004927
quest_kg,webqsp,0.408,0.5931372549019608
quest_kg,webqsp,0.41,0.5902439024390245
quest_kg,webqsp,0.412,0.587378640776699
quest_kg,webqsp,0.414,0.5845410628019323
quest_kg,webqsp,0.416,0.5817307692307692
quest_kg,webqsp,0.418,0.5837320574162679
quest_kg,webqsp,0.42,0.5809523809523809
quest_kg,webqsp,0.422,0.5781990521327014
quest_kg,webqsp,0.424,0.5754716981132075
quest_kg,webqsp,0.426,0.5774647887323944
quest_kg,webqsp,0.428,0.5794392523364487
quest_kg,webqsp,0.43,0.5767441860465117
quest_kg,webqsp,0.432,0.5787037037037037
quest_kg,webqsp,0.434,0.5760368663594471
quest_kg,webqsp,0.436,0.573394495412844
quest_kg,webqsp,0.438,0.5707762557077626
quest_kg,webqsp,0.44,0.5727272727272728
quest_kg,webqsp,0.442,0.5746606334841629
quest_kg,webqsp,0.444,0.5765765765765766
quest_kg,webqsp,0.446,0.57847533632287
quest_kg,webqsp,0.448,0.5803571428571428
quest_kg,webqsp,0.45,0.5822222222222222
quest_kg,webqsp,0.452,0.584070796460177
quest_kg,webqsp,0.454,0.5859030837004405
quest_kg,webqsp,0.456,0.5877192982456141
quest_kg,webqsp,0.458,0.5851528384279476
quest_kg,webqsp,0.46,0.5869565217391304
quest_kg,webqsp,0.462,0.5844155844155844
quest_kg,webqsp,0.464,0.5862068965517242
quest_kg,webqsp,0.466,0.5836909871244635
quest_kg,webqsp,0.468,0.5811965811965811
quest_kg,webqsp,0.47,0.5829787234042554
quest_kg,webqsp,0.472,0.5805084745762712
quest_kg,webqsp,0.474,0.5822784810126582
quest_kg,webqsp,0.476,0.5840336134453781
quest_kg,webqsp,0.478,0.5815899581589958
quest_kg,webqsp,0.48,0.5791666666666666
quest_kg,webqsp,0.482,0.5767634854771784
quest_kg,webqsp,0.484,0.578512396694215
quest_kg,webqsp,0.486,0.5761316872427984
quest_kg,webqsp,0.488,0.5737704918032787
quest_kg,webqsp,0.49,0.5714285714285714
quest_kg,webqsp,0.492,0.5691056910569106
quest_kg,webqsp,0.494,0.5708502024291497
quest_kg,webqsp,0.496,0.5725806451612903
quest_kg,webqsp,0.498,0.570281124497992
quest_kg,webqsp,0.5,0.5680000000000001
quest_kg,webqsp,0.502,0.5697211155378485
quest_kg,webqsp,0.504,0.5714285714285714
quest_kg,webqsp,0.506,0.5731225296442688
quest_kg,webqsp,0.508,0.5748031496062992
quest_kg,webqsp,0.51,0.5725490196078431
quest_kg,webqsp,0.512,0.5703125
quest_kg,webqsp,0.514,0.5680933852140078
quest_kg,webqsp,0.516,0.5697674418604651
quest_kg,webqsp,0.518,0.5675675675675675
quest_kg,webqsp,0.52,0.5692307692307692
quest_kg,webqsp,0.522,0.5708812260536398
quest_kg,webqsp,0.524,0.5687022900763359
quest_kg,webqsp,0.526,0.5665399239543727
quest_kg,webqsp,0.528,0.5681818181818181
quest_kg,webqsp,0.53,0.5660377358490566
quest_kg,webqsp,0.532,0.5639097744360902
quest_kg,webqsp,0.534,0.5617977528089888
quest_kg,webqsp,0.536,0.5597014925373134
quest_kg,webqsp,0.538,0.5613382899628252
quest_kg,webqsp,0.54,0.5592592592592592
quest_kg,webqsp,0.542,0.5571955719557196
quest_kg,webqsp,0.544,0.5588235294117647
quest_kg,webqsp,0.546,0.5567765567765568
quest_kg,webqsp,0.548,0.5547445255474452
quest_kg,webqsp,0.55,0.5563636363636364
quest_kg,webqsp,0.552,0.5579710144927537
quest_kg,webqsp,0.554,0.5595667870036101
quest_kg,webqsp,0.556,0.5575539568345323
quest_kg,webqsp,0.558,0.5591397849462365
quest_kg,webqsp,0.56,0.5571428571428572
quest_kg,webqsp,0.562,0.5587188612099644
quest_kg,webqsp,0.564,0.5567375886524824
quest_kg,webqsp,0.566,0.558303886925795
quest_kg,webqsp,0.568,0.5598591549295775
quest_kg,webqsp,0.57,0.5614035087719298
quest_kg,webqsp,0.572,0.5629370629370629
quest_kg,webqsp,0.574,0.5644599303135889
quest_kg,webqsp,0.576,0.5625
quest_kg,webqsp,0.578,0.560553633217993
quest_kg,webqsp,0.58,0.5586206896551724
quest_kg,webqsp,0.582,0.5601374570446735
quest_kg,webqsp,0.584,0.5582191780821918
quest_kg,webqsp,0.586,0.5597269624573379
quest_kg,webqsp,0.588,0.5612244897959184
quest_kg,webqsp,0.59,0.5627118644067797
quest_kg,webqsp,0.592,0.5641891891891893
quest_kg,webqsp,0.594,0.5656565656565656
quest_kg,webqsp,0.596,0.5671140939597316
quest_kg,webqsp,0.598,0.5685618729096991
quest_kg,webqsp,0.6,0.5666666666666667
quest_kg,webqsp,0.602,0.5681063122923589
quest_kg,webqsp,0.604,0.5695364238410596
quest_kg,webqsp,0.606,0.5676567656765676
quest_kg,webqsp,0.608,0.5657894736842105
quest_kg,webqsp,0.61,0.5639344262295082
quest_kg,webqsp,0.612,0.565359477124183
quest_kg,webqsp,0.614,0.5667752442996743
quest_kg,webqsp,0.616,0.5681818181818181
quest_kg,webqsp,0.618,0.5663430420711975
quest_kg,webqsp,0.62,0.567741935483871
quest_kg,webqsp,0.622,0.5691318327974276
quest_kg,webqsp,0.624,0.5673076923076923
quest_kg,webqsp,0.626,0.5654952076677316
quest_kg,webqsp,0.628,0.5636942675159236
quest_kg,webqsp,0.63,0.5650793650793651
quest_kg,webqsp,0.632,0.5664556962025317
quest_kg,webqsp,0.634,0.5646687697160884
quest_kg,webqsp,0.636,0.5628930817610063
quest_kg,webqsp,0.638,0.5642633228840126
quest_kg,webqsp,0.64,0.565625
quest_kg,webqsp,0.642,0.5669781931464175
quest_kg,webqsp,0.644,0.5683229813664596
quest_kg,webqsp,0.646,0.5696594427244582
quest_kg,webqsp,0.648,0.5709876543209876
quest_kg,webqsp,0.65,0.5723076923076923
quest_kg,webqsp,0.652,0.5736196319018405
quest_kg,webqsp,0.654,0.5749235474006116
quest_kg,webqsp,0.656,0.5762195121951219
quest_kg,webqsp,0.658,0.5775075987841946
quest_kg,webqsp,0.66,0.5787878787878789
quest_kg,webqsp,0.662,0.5800604229607251
quest_kg,webqsp,0.664,0.5813253012048193
quest_kg,webqsp,0.666,0.5795795795795795
quest_kg,webqsp,0.668,0.5808383233532934
quest_kg,webqsp,0.67,0.582089552238806
quest_kg,webqsp,0.672,0.5803571428571428
quest_kg,webqsp,0.674,0.5786350148367952
quest_kg,webqsp,0.676,0.5769230769230769
quest_kg,webqsp,0.678,0.5781710914454277
quest_kg,webqsp,0.68,0.5794117647058823
quest_kg,webqsp,0.682,0.5806451612903225
quest_kg,webqsp,0.684,0.5818713450292398
quest_kg,webqsp,0.686,0.5830903790087463
quest_kg,webqsp,0.688,0.5843023255813953
quest_kg,webqsp,0.69,0.5855072463768116
quest_kg,webqsp,0.692,0.5867052023121387
quest_kg,webqsp,0.694,0.5878962536023055
quest_kg,webqsp,0.696,0.5862068965517242
quest_kg,webqsp,0.698,0.5873925501432664
quest_kg,webqsp,0.7,0.5857142857142856
quest_kg,webqsp,0.702,0.586894586894587
quest_kg,webqsp,0.704,0.5880681818181819
quest_kg,webqsp,0.706,0.5892351274787535
quest_kg,webqsp,0.708,0.5903954802259888
quest_kg,webqsp,0.71,0.5887323943661972
quest_kg,webqsp,0.712,0.5870786516853932
quest_kg,webqsp,0.714,0.5854341736694677
quest_kg,webqsp,0.716,0.5837988826815643
quest_kg,webqsp,0.718,0.584958217270195
quest_kg,webqsp,0.72,0.5861111111111111
quest_kg,webqsp,0.722,0.5844875346260388
quest_kg,webqsp,0.724,0.5828729281767956
quest_kg,webqsp,0.726,0.5840220385674931
quest_kg,webqsp,0.728,0.5851648351648351
quest_kg,webqsp,0.73,0.5863013698630137
quest_kg,webqsp,0.732,0.587431693989071
quest_kg,webqsp,0.734,0.5885558583106267
quest_kg,webqsp,0.736,0.5896739130434783
quest_kg,webqsp,0.738,0.5907859078590786
quest_kg,webqsp,0.74,0.5891891891891892
quest_kg,webqsp,0.742,0.5902964959568733
quest_kg,webqsp,0.744,0.5913978494623655
quest_kg,webqsp,0.746,0.5924932975871313
quest_kg,webqsp,0.748,0.5935828877005347
quest_kg,webqsp,0.75,0.5920000000000001
quest_kg,webqsp,0.752,0.5930851063829787
quest_kg,webqsp,0.754,0.5941644562334217
quest_kg,webqsp,0.756,0.5952380952380952
quest_kg,webqsp,0.758,0.5963060686015831
quest_kg,webqsp,0.76,0.5973684210526315
quest_kg,webqsp,0.762,0.5984251968503937
quest_kg,webqsp,0.764,0.5968586387434556
quest_kg,webqsp,0.766,0.597911227154047
quest_kg,webqsp,0.768,0.5963541666666667
quest_kg,webqsp,0.77,0.5948051948051948
quest_kg,webqsp,0.772,0.5958549222797928
quest_kg,webqsp,0.774,0.5943152454780362
quest_kg,webqsp,0.776,0.5927835051546392
quest_kg,webqsp,0.778,0.5938303341902313
quest_kg,webqsp,0.78,0.5948717948717949
quest_kg,webqsp,0.782,0.5959079283887467
quest_kg,webqsp,0.784,0.596938775510204
quest_kg,webqsp,0.786,0.5979643765903309
quest_kg,webqsp,0.788,0.5964467005076142
quest_kg,webqsp,0.79,0.5974683544303798
quest_kg,webqsp,0.792,0.5984848484848485
quest_kg,webqsp,0.794,0.5994962216624685
quest_kg,webqsp,0.796,0.6005025125628141
quest_kg,webqsp,0.798,0.6015037593984962
quest_kg,webqsp,0.8,0.6025
quest_kg,webqsp,0.802,0.6034912718204488
quest_kg,webqsp,0.804,0.6044776119402986
quest_kg,webqsp,0.806,0.6029776674937966
quest_kg,webqsp,0.808,0.6014851485148515
quest_kg,webqsp,0.81,0.6
quest_kg,webqsp,0.812,0.6009852216748768
quest_kg,webqsp,0.814,0.6019656019656019
quest_kg,webqsp,0.816,0.6029411764705883
quest_kg,webqsp,0.818,0.6039119804400979
quest_kg,webqsp,0.82,0.6048780487804878
quest_kg,webqsp,0.822,0.6058394160583942
quest_kg,webqsp,0.824,0.6067961165048543
quest_kg,webqsp,0.826,0.6053268765133172
quest_kg,webqsp,0.828,0.6038647342995169
quest_kg,webqsp,0.83,0.6048192771084338
quest_kg,webqsp,0.832,0.6057692307692308
quest_kg,webqsp,0.834,0.6067146282973621
quest_kg,webqsp,0.836,0.6076555023923444
quest_kg,webqsp,0.838,0.6085918854415274
quest_kg,webqsp,0.84,0.6095238095238096
quest_kg,webqsp,0.842,0.6104513064133017
quest_kg,webqsp,0.844,0.6090047393364929
quest_kg,webqsp,0.846,0.6099290780141844
quest_kg,webqsp,0.848,0.6084905660377358
quest_kg,webqsp,0.85,0.6094117647058823
quest_kg,webqsp,0.852,0.6103286384976525
quest_kg,webqsp,0.854,0.6112412177985949
quest_kg,webqsp,0.856,0.6121495327102804
quest_kg,webqsp,0.858,0.6130536130536131
quest_kg,webqsp,0.86,0.613953488372093
quest_kg,webqsp,0.862,0.6148491879350348
quest_kg,webqsp,0.864,0.6157407407407407
quest_kg,webqsp,0.866,0.6166281755196306
quest_kg,webqsp,0.868,0.6175115207373272
quest_kg,webqsp,0.87,0.6160919540229886
quest_kg,webqsp,0.872,0.6146788990825688
quest_kg,webqsp,0.874,0.6155606407322655
quest_kg,webqsp,0.876,0.6141552511415524
quest_kg,webqsp,0.878,0.6150341685649203
quest_kg,webqsp,0.88,0.615909090909091
quest_kg,webqsp,0.882,0.6167800453514739
quest_kg,webqsp,0.884,0.6176470588235294
quest_kg,webqsp,0.886,0.618510158013544
quest_kg,webqsp,0.888,0.6193693693693694
quest_kg,webqsp,0.89,0.6179775280898876
quest_kg,webqsp,0.892,0.6188340807174888
quest_kg,webqsp,0.894,0.6196868008948546
quest_kg,webqsp,0.896,0.6183035714285714
quest_kg,webqsp,0.898,0.6191536748329621
quest_kg,webqsp,0.9,0.62
quest_kg,webqsp,0.902,0.6208425720620843
quest_kg,webqsp,0.904,0.6216814159292036
quest_kg,webqsp,0.906,0.6225165562913908
quest_kg,webqsp,0.908,0.6233480176211454
quest_kg,webqsp,0.91,0.6241758241758242
quest_kg,webqsp,0.912,0.625
quest_kg,webqsp,0.914,0.6258205689277899
quest_kg,webqsp,0.916,0.6244541484716157
quest_kg,webqsp,0.918,0.6252723311546842
quest_kg,webqsp,0.92,0.6260869565217391
quest_kg,webqsp,0.922,0.6268980477223427
quest_kg,webqsp,0.924,0.6277056277056277
quest_kg,webqsp,0.926,0.6285097192224622
quest_kg,webqsp,0.928,0.6293103448275862
quest_kg,webqsp,0.93,0.6301075268817204
quest_kg,webqsp,0.932,0.6287553648068669
quest_kg,webqsp,0.934,0.6274089935760172
quest_kg,webqsp,0.936,0.6282051282051282
quest_kg,webqsp,0.938,0.6289978678038379
quest_kg,webqsp,0.94,0.6297872340425532
quest_kg,webqsp,0.942,0.6284501061571126
quest_kg,webqsp,0.944,0.6292372881355932
quest_kg,webqsp,0.946,0.6300211416490487
quest_kg,webqsp,0.948,0.6286919831223629
quest_kg,webqsp,0.95,0.6273684210526316
quest_kg,webqsp,0.952,0.6260504201680672
quest_kg,webqsp,0.954,0.6268343815513626
quest_kg,webqsp,0.956,0.6276150627615062
quest_kg,webqsp,0.958,0.6283924843423799
quest_kg,webqsp,0.96,0.6291666666666667
quest_kg,webqsp,0.962,0.6299376299376299
quest_kg,webqsp,0.964,0.6307053941908713
quest_kg,webqsp,0.966,0.6314699792960663
quest_kg,webqsp,0.968,0.6301652892561984
quest_kg,webqsp,0.97,0.6309278350515464
quest_kg,webqsp,0.972,0.631687242798354
quest_kg,webqsp,0.974,0.6324435318275154
quest_kg,webqsp,0.976,0.6331967213114754
quest_kg,webqsp,0.978,0.6339468302658486
quest_kg,webqsp,0.98,0.6326530612244898
quest_kg,webqsp,0.982,0.6334012219959266
quest_kg,webqsp,0.984,0.6321138211382114
quest_kg,webqsp,0.986,0.6308316430020284
quest_kg,webqsp,0.988,0.631578947368421
quest_kg,webqsp,0.99,0.6323232323232324
quest_kg,webqsp,0.992,0.6330645161290323
quest_kg,webqsp,0.994,0.6338028169014085
quest_kg,webqsp,0.996,0.6345381526104418
quest_kg,webqsp,0.998,0.6332665330661322
quest_kg,webqsp,1.0,0.634
