qid,question,gold,prediction,em,f1,confidence,latency_ms,abstained,x_method,x_rank
WebQTest-832_c334509bb5e02cacae1ba2e80c176499,Lou Seal is the mascot for the team that last won the World Series when?,2014 World Series,"The San Francisco Giants, who have Lou Seal as their mascot, last won the World Series in 2010",0,0.1904761904761905,0.75,9279.412665999189,False,cok,5
WebQTrn-1259_1997cb4922db71983be26e6a509950f4,"Where did the ""Country Nation World Tour"" concert artist go to college?",Belmont University,"The information provided does not specify which college or university Brad Paisley attended during his ""Country Nation World Tour."" While it",0,0.08695652173913042,0.75,9277.67067899913,False,cok,0
WebQTest-1384_744a496b907e407b16bc5d7c197dc3f0,What is the predominant religion where the leader is Ovadia Yosef?,Judaism,"The predominant religion where the leader is Ovadia Yosef is Judaism, specifically Haredi Judaism.",0,0.25,0.75,9193.19457200072,False,cok,4
WebQTrn-241_dfb6c97ac9bf2f0ac07f27dd80f9edc2,What country bordering France contains an airport that serves Nijmegen?,Germany,Germany,1,1.0,0.75,9264.103741001236,False,cok,4
WebQTrn-1077_f4a9e5f1e0dcfb82cbadf4771eda7bb5,The national anthem Afghan National Anthem is from the country which practices what religions?,Shia Islam,The national anthem of Afghanistan is associated with a country that practices both Sunni Islam and Shia Islam.,0,0.2857142857142857,0.75,9295.199516000139,False,cok,0
WebQTest-576_01e2da60a2779c4ae4b5d1547499a4f8,Which nation has the Alta Verapaz Department and is in Central America?,Guatemala,Guatemala,1,1.0,0.75,9282.616608001263,False,cok,1
WebQTest-590_6aad73acb74f304bc9acae44314164be,"Which man is the leader of the country that uses Libya, Libya, Libya as its national anthem?",Abdullah al-Thani,"The question is based on an incorrect premise. Libya's national anthem is not referred to by ""Libya, Libya,",0,0.0,0.75,9297.820904999753,False,cok,0
WebQTrn-3251_d8cddfe5e947e414b7735780ef1efff8,"What educational institution has a football sports team named Northern Colorado Bears is in Greeley, Colorado?",University of Northern Colorado,"The University of Northern Colorado has a football sports team named Northern Colorado Bears and is located in Greeley, Colorado.",0,0.5185185185185185,0.75,8094.475175001207,False,cok,1
WebQTrn-2069_0fa727f3b282196eb1097410b4be6818,What language is spoken in the location that appointed Michelle Bachelet to a governmental position speak?,Aymara language,The chain of information provided does not specify the language spoken in the location that appointed Michelle Bachelet to a governmental position,0,0.08333333333333334,0.75,9308.334924999144,False,cok,0
WebQTrn-1938_7322a2a4d46bf36b95bfab4418c9a32b,What type of government is used in the country with Northern District?,Parliamentary system,The information provided does not specify the type of government used in the country with Northern District. It only indicates that Northern District,0,0.0,0.75,8290.426067000226,False,cok,0
WebQTrn-60_68f0d0ad309d64a4af858a5ef4fb5713,"In which countries do the people speak Portuguese, where the child labor percentage was once 1.8?",Mozambique,Timor-Leste,0,0.0,0.75,9265.826818000278,False,cok,0
WebQTest-100_bf66fd89b6e9fc5fcb96c8b3f7a0e616,The people from the country that contains Nord-Ouest Department speak what languages today?,Haitian Creole,"To determine the languages spoken in the country that contains the Nord-Ouest Department, we need to follow these steps:",0,0.0,0.75,8410.522075999324,False,cok,0
WebQTrn-962_032f61bfcfed69da8b215bb8f058c24e,What actor played the a kid in the movie with a character named Jenny's Father?,Michael Connor Humphreys,"Based on the information provided in the reasoning chain, there is no direct mention of an actor playing a kid in the movie",0,0.0,0.75,8958.7632390012,False,cok,0
WebQTrn-849_586aae7703d62aa44eb79759e1563309,What European Union country sharing borders with Germany contains the Lejre Municipality?,Denmark,Denmark,1,1.0,0.75,8074.154763999104,False,cok,0
WebQTrn-710_c264a6d11d7956741926d417b94327e2,When was the last time a team led by Larr Baer win the World Series?,2014 World Series,"The information provided does not mention Larr Baer or his association with any team. Therefore, it is impossible to determine",0,0.0,0.75,9293.35834199992,False,cok,4
WebQTrn-2209_c1374f388d9cc7a78365860c91218362,What year did the basketball team coached by Brad Stevens win the championship?,2008 NBA Finals,"The information provided does not specify the year the Boston Celtics, who were coached by Brad Stevens, won the championship.",0,0.0,0.75,9217.187207999814,False,cok,0
WebQTest-1251_cbf2f20f6caf754bc49d672ca7b150b7,What country speaks Germanic languages and uses the East German mark as currency?,East Germany,East Germany,1,1.0,0.75,7939.076309001393,False,cok,3
WebQTrn-3100_143c89d70679c3e5257c93d8e2bc4c67,Which globe region with the UTCâ05:00 time zone does the Dominican Republic call home?,Greater Antilles,"The Dominican Republic is located in the Greater Antilles, which falls under the UTCâ05:0",0,0.23529411764705882,0.75,9303.380973000458,False,cok,0
WebQTrn-662_7a992044f94b39edfc37ac5dcfcb3c26,What was the name of the team that won the 2008 FIFA Club World Cup Final championship?,Newton Heath L&YR F.C.,Manchester United F.C. The reasoning chain shows that Manchester United F.C. won the 2008 FIFA Club,0,0.26666666666666666,0.75,9315.181497000594,False,cok,0
WebQTest-743_0a8cdba29cf260283b7c890b3609c0b9,Which of JFK's brother held the latest governmental position?,Robert F. Kennedy,Robert F. Kennedy,1,1.0,0.75,9293.385776998548,False,cok,5
WebQTest-1797_68a33792b0a1e18937dcd4b3f50d941e,What group fought in the Battle of Vicksburg that was based in Montgomery?,Confederate States of America,The information provided does not mention a group that fought in the Battle of Vicksburg and was based in Montgomery.,0,0.08333333333333334,0.75,9259.335213999293,False,cok,0
WebQTrn-1864_9dc4e22121d3a46d45b8f9bd9e8c7013,Which country that is situated in the ASEAN Common Time Zone has the largest population?,India,Indonesia,0,0.0,0.75,9270.679238999946,False,cok,0
WebQTrn-1841_b8df00139e3fa59b8633ef551ed8ca9f,What popular sport in Spain has a team that won the 2010 FIFA World Cup championship?,Spain national football team,The popular sport in Spain that has a team which won the 2010 FIFA World Cup championship is football (,0,0.2608695652173913,0.75,9260.942418000923,False,cok,3
WebQTrn-124_f3990dc9aa470fa81ec4cf2912a9924f,Which movie with a character called Ajila was directed by Angelina Jolie?,In the Land of Blood and Honey,In the Land of Blood and Honey,1,1.0,0.75,9255.74769800005,False,cok,2
WebQTest-538_49b4e9304f18a0a1cbe37bb162f61131,WHat movies have the actress who is an alumni for West Reading El Ctr a part of?,Hannah Montana: The Movie,The information provided does not contain any direct connection between the actress who is an alumnus of West Reading El Ctr,0,0.16,0.75,9251.63315700047,False,cok,0
WebQTrn-2722_8babdaa9ecd05a72e3227b43b1f98771,For what did the personage who was educated at the Dewitt High School win a gold medal?,Gymnastics at the 2012 Summer Olympics – Women's artistic team all-around,Walter Dix,0,0.0,0.75,7879.769014998601,False,cok,0
WebQTest-983_ccda690fb745939d0a62c3fbcf3e3769,"Where did Tennessee Williams go to college where the newspaper is ""The Maneater""?",University of Missouri,"The given information does not specify which college Tennessee Williams attended or if he was associated with a newspaper named ""The Maneater",0,0.0,0.75,9256.325694001134,False,cok,0
WebQTrn-1770_8db36acba886620a06031d39165d78de,Who is the daughter of the artist who had a concert tour called I Am... World Tour?,Blue Ivy,Beyoncé Knowles,0,0.0,0.75,9260.540821000177,False,cok,0
WebQTrn-1817_89670933168c3f4e5195a241f9d46e76,What are the governmental types in the country whose national anthem is Tien Quan Ca?,Communist state,The governmental type in the country whose national anthem is Tiến Quân Ca is National anthem.,0,0.0,0.75,9236.407464999502,False,cok,0
WebQTrn-849_1eb0f1ddd5074471fbe3a7f6b575f202,Copenhagen is the capital of which German neighboring country?,Denmark,"The information provided in the reasoning chain does not indicate that Copenhagen is the capital of any German neighboring country. In fact,",0,0.0,0.75,9224.079465000614,False,cok,4
WebQTrn-2152_92fba37c9723caee68665ad9a5e4a468,Which of team owners Tom Hicks sports team are in the American League West?,Texas Rangers,"To determine which of Tom Hicks' sports teams are in the American League West, let's follow the reasoning step by step",0,0.0,0.75,9244.318492001184,False,cok,0
WebQTrn-3376_0619d288bbed0ca782e60c6f841a6051,What colleges did the famous person who went to Castlemont High school go to?,Temple University,The information provided does not specify which famous person attended Castlemont High School or their college attendance.,0,0.3,0.75,9260.317153999495,False,cok,0
WebQTrn-567_693feb48c0515cd069014e7ca2846b37,What movie with the character Teklel Hafouli did Ron Howard do?,The Journey,"To determine which movie with the character Teklel Hafouli Ron Howard was involved in, let's analyze the",0,0.1818181818181818,0.75,8762.956280001163,False,cok,0
WebQTrn-1077_0c34ca057060e35aa5c74fbbca682dee,"In the nation that has the Badakhshan province, what religions are practiced?",Shia Islam,"In the nation that has the Badakhshan province, Judaism is practiced.",0,0.0,0.75,9241.298199000084,False,cok,0
WebQTest-1686_29e74083744b3631541b29b4094fb273,Who was the governor of Arizona in 2009 that held his governmental position before 1998?,Janet Napolitano,The information provided does not specify which governor held the position before 1998 or the exact year 20,0,0.0,0.75,9257.221426001706,False,cok,0
WebQTest-626_8c6b952c6bd963f0ece4e401c9eb731a,What does the Missouri River bisect in the Central Time Zone?,Iowa,"The Missouri River bisects states like Missouri and Kansas, both of which are in the Central Time Zone based on the",0,0.17391304347826084,0.75,9226.387628999873,False,cok,0
WebQTest-12_68d745a0657c86906382873e57294d6a,Who was the governor of Ohio in 2011 that was in the government prior to 3-1-1983?,"Return J. Meigs, Jr.",Ken Bennett,0,0.0,0.75,9251.375193998683,False,cok,0
WebQTest-576_906ad6be7bec9d208f4dde4f7721c261,Which of the seven Central American countries had co2 emissions per capita once of 2009 metric ton?,Belize,"The given information does not provide the CO2 emissions per capita for any Central American country, only for the Dominican Republic.",0,0.0,0.75,9313.561524999386,False,cok,0
WebQTrn-2152_3cdf60c15a8355981dd92e3c57ac2eed,What team that has a mascot named Mariner Moose is in the American League West?,Seattle Mariners,"The Seattle Mariners have a mascot named Mariner Moose and are in the American League West. Therefore, the team you're",0,0.17391304347826084,0.75,9233.504664000066,False,cok,1
WebQTest-61_09020cbb000c86fda5910ec084690246,What religion is practiced in Indonesia and has a sacred site of Mecca?,Islam,The religion practiced in Indonesia that has a sacred site of Mecca is Islam.,0,0.13333333333333333,0.75,9233.748942999227,False,cok,0
WebQTrn-1864_67ecd1c247c3b2c9545fbcf1ad8d9d00,Which location in the Anadyr Timezone has the biggest population?,India,"The given information does not provide enough details about specific locations within the Anadyr Time Zone or their populations. Therefore,",0,0.0,0.75,9229.519837001135,False,cok,0
WebQTrn-3136_a2debf685e0c50491e35a9cf7a1e9ade,"Of the four regions which make up the United Kingdom, which is the country that includes the location, Down District Council?",Northern Ireland,"To determine which region of the United Kingdom includes Down District Council, we need to follow the information provided in the reasoning chain",0,0.0,0.75,9244.016181999541,False,cok,0
WebQTest-998_f693ae2cb9aa6b8ffdf0f103a6777b62,What is the most recent event in which the sports team owned by James L. Dolan won the championship?,1973 NBA Finals,The information provided does not contain any championship events won by a team owned by James L. Dolan. The events listed,0,0.0,0.75,9249.683338999603,False,cok,0
WebQTrn-1023_1e7110e48c30a2cef3caf291e3b8d394,What's the currency of the country that includes the location of Buenos Aires?,Argentine peso,Argentine peso,1,1.0,0.75,7111.173586999939,False,cok,0
WebQTrn-810_c334509bb5e02cacae1ba2e80c176499,What year did the team with mascot named Lou Seal win the World Series?,2014 World Series,"The team with the mascot named Lou Seal, the San Francisco Giants, won the World Series in 2012",0,0.1904761904761905,0.75,9232.488255000135,False,cok,6
WebQTrn-557_960c16ffdb29e173df0577fc76c7455d,"In the film with teh character named Winged Monkey #7, who played Dorothy?",Judy Garland,"The information provided does not mention a character named ""Winged Monkey #7"" or any specific actor playing Dorothy in such",0,0.0,0.75,9255.667363000612,False,cok,0
WebQTrn-21_660138373d19bbffdd3d3f7a30234e4a,Who holds the position of Prime Minister in the country which contains Dire Dawa?,Hailemariam Desalegn,"To determine who holds the position of Prime Minister in the country that contains Dire Dawa, we need to follow these steps",0,0.0,0.75,8884.731072999784,False,cok,0
WebQTrn-2286_e0906c845ea8b2e22e08e1b0e6eb9b43,Where is the state with the capitol of Frankfort located?,Contiguous United States,"The final answer to the original question is that the state with the capitol of Frankfort is Kentucky. However, this",0,0.08333333333333334,0.75,9236.429673999737,False,cok,0
WebQTest-1320_c5498ca807d2e1ec30d4c8fdd41f0bf7,What stadium does the team with mascot named Hank play at?,Miller Park,The information provided in the reasoning chain does not contain any details about a team with a mascot named Hank or the stadium that,0,0.0,0.75,9226.877703000355,False,cok,0
WebQTrn-2444_8f2cd432b509e5b8fe681bb55bca2767,Where is the home stadium of the team who won the 1946 World Series championship?,Busch Stadium,The information provided in the reasoning chain does not contain any details about the 1946 World Series or the home,0,0.0,0.75,9247.1769950007,False,cok,0
WebQTest-100_524908899a8aa334a18a0ac00f8f2fe6,People from the country that contains Nord-Est Department speak what  languages today?,Haitian Creole,People from the country that contains Nord-Est Department speak Haitian Creole and French today.,0,0.23529411764705882,0.75,8807.387270999243,False,cok,0
WebQTrn-568_d54918e8e89ad97237bce821087a9818,In which US county is the TV program NBC Nightside filmed in?,Mecklenburg County,The information provided does not specify the filming location of the TV program NBC Nightside. The reasoning chain focuses on the film,0,0.0,0.75,5328.163281999878,False,cok,0
WebQTest-361_e24533e28da40db99eb4b25773f9d38f,"What museum established before 1971 is there to see in Vienna, Austria?",Kunsthistorisches Museum,Historical Museum,0,0.5,0.75,9224.280657001145,False,cok,0
WebQTrn-2215_11c4cd5a25fd84f3980d7013c0329bad,Where was the artist that had This Summer Tour raised?,Glen Dale,"The information provided does not specify where the artist who had ""Beat This Summer Tour"" was raised.",0,0.0,0.75,9214.028829001109,False,cok,0
WebQTrn-2834_6a27420dcf0528ae017dd74e40cfd38a,What major US religions has a religious organization named Tamil Nadu Thowheed Jamath?,Islam,None of the provided information directly mentions the Tamil Nadu Thowheed Jamath or any major US religions. The given data,0,0.0,0.75,9249.431692998769,False,cok,0
WebQTrn-634_000f72b60ccaedff5f056f522ee06e98,A person who once lived in Mansfeld would have what profession?,Professor,"The given information does not provide any direct link between anyone who lived in Mansfeld and their profession. Therefore, we cannot",0,0.0,0.75,9224.963986000148,False,cok,0
WebQTrn-857_9392f3f06e288ee4e3437a74f6bf5a37,Who was the vice president of the President who attended Ramble Elementary School?,Al Gore,"None of the given information directly states which president attended Ramble Elementary School. Therefore, we cannot determine the vice president based",0,0.0,0.75,9272.659773998384,False,cok,0
WebQTrn-810_a188aff4a054e1ec66fafba1b8021f67,What year did the MLB franchise owned by Bill Neukom win the world series?,2014 World Series,"The San Francisco Giants, an MLB franchise owned by Bill Neukom, won the World Series in 201",0,0.2,0.75,9245.960653999646,False,cok,8
WebQTrn-2026_d059b24adec4064377b957ca598769be,Santo Domingo is the capital of the country with what currency?,Dominican peso,Dominican peso,1,1.0,0.75,7724.804274999769,False,cok,3
WebQTrn-60_990f6babd500d25e3746174e6da58c84,What Portuguese speaking country imported form Brazil?,Angola,Brazil,0,0.0,0.75,9221.199543000694,False,cok,0
WebQTrn-2570_374d1789f1735b6f08e1a829c0d075a2,Who was the US President during WW2 that held his government position from 3-4-1933?,Harry S. Truman,The given information does not provide a direct match for the US President during WW2 who held office from 3-4,0,0.0,0.75,9261.345998000252,False,cok,0
WebQTest-484_ac67410188d0f2258139a3c84773885e,What languiages are spoken by residents of the Central Western Time Zone?,English Language,The original question cannot be accurately answered based on the given information. The provided reasoning chain only mentions the Central Time Zone and,0,0.0,0.75,9239.439929999207,False,cok,0
WebQTest-1785_1c178196ae53ffd4b09e5787a35c3950,What TV series that had 3 episodes was Kim Richards in?,Nanny and the Professor,"To determine which TV series Kim Richards appeared in with exactly 3 episodes, we need to follow the information provided in the",0,0.13333333333333333,0.75,9253.043413998967,False,cok,0
WebQTrn-3744_26401b4c33bcb760afd734acaa0a1869,The Daily Cardinal is the school newspaper at which university that Russell Wilson attended?,University of Wisconsin-Madison,University of Wisconsin-Madison,1,1.0,0.75,9242.470226001387,False,cok,0
WebQTrn-810_e3d40457273785e46c5b71732713a5f4,When did the team with Crazy crab as their mascot win the world series?,2014 World Series,"The team with Crazy Crab as their mascot, the San Francisco Giants, did not win the World Series during the 1",0,0.16666666666666666,0.75,9237.241817001632,False,cok,0
WebQTest-538_92e606ef9c0429ad6820797ad2950730,What movie was Taylor Swift in that had a character named Once-ler?,The Lorax,None of the provided information mentions Taylor Swift being in a movie with a character named Once-ler. The given data is,0,0.15384615384615385,0.75,9244.199910999669,False,cok,0
WebQTrn-2189_f4440609f5cecb091bf8e86adb47be25,"What is considered modern in the country where Bilady, Bilady, Bilady language is the national anthem?",Modern Standard Arabic,"The information provided does not specify which country ""Bilady, Bilady, Bilady"" is the national anthem of",0,0.0,0.75,9238.293290998627,False,cok,0
WebQTrn-372_a806813629e86776ae3bfe26a3e000f8,What does the religion who worships in Barcelona Cathedral call their God?,Holy Spirit,"To determine what religion worships in Barcelona Cathedral and what they call their God, we need to follow the given reasoning chain",0,0.08695652173913045,0.75,9238.067034000778,False,cok,0
WebQTrn-3744_b9bd90569bb7912ec3ea180bf164663c,What educational institution with men's  sports team named Wisconsin Badgers did Russell Wilson go to?,University of Wisconsin-Madison,The University of Wisconsin-Madison is the educational institution with a men's sports team named Wisconsin Badgers that Russell Wilson,0,0.3846153846153846,0.75,9247.357230000489,False,cok,2
WebQTest-712_6099ea03f4fd2476605c4a513318d29c,What country  that appointed Liberal Government of New Zealand to governmental position is an Oceania territory?,New Zealand,New Zealand,1,1.0,0.75,9241.425715999867,False,cok,2
WebQTest-100_de15ac1f762e3ec1e1261f6d9c81ebf9,What languages are spoken in the country that has national anthem La Dessaliniene?,Haitian Creole,Haitian Creole,1,1.0,0.75,9240.145531999588,False,cok,0
WebQTrn-1557_edfd3507d32929ce0e9d844f7a2674de,What educational institution with Le Delit Francais newspaper did Charles Drew attend?,McGill University,The information provided does not contain any details about Charles Drew or his educational institutions. It only lists newspapers and a demographic institute,0,0.0,0.75,9243.179856999632,False,cok,0
WebQTrn-60_39ba4faa87698cb0767d1a5ee7ce1827,What country do they speak Portuguese where the GDP real adjusted value was once 100349905926?,South Africa,Timor-Leste,0,0.0,0.75,9258.05143099933,False,cok,0
WebQTrn-846_a29552911617e890ca2e1d6564e0990e,What is the birthplace of the artist that went on The Avril Lavinge Tour?,Belleville,The given information does not mention Avril Lavinge or her tour. There is no direct link between the provided statements,0,0.0,0.75,9232.81151500123,False,cok,0
WebQTest-121_333b95bd45af3e6e31e328bc8c24d84f,The person educated at Chase Lane Primary School played for what team in 2011?,LA Galaxy,The information provided does not mention Chase Lane Primary School or any team that the person from that school might have played for in,0,0.0,0.75,9242.40558800011,False,cok,0
WebQTest-626_47b990334f91b6d3bd042f82b81740f6,What location appointed Dennis Daugaard to governmental position and is bisected by the Missouri River?,South Dakota,The given information does not provide a direct connection between Dennis Daugaard and any governmental position in Missouri or the Missouri River,0,0.0,0.75,9233.082152999486,False,cok,0
WebQTrn-2444_e5059ff268415917df330817b9c8ef8c,"In what stadium does the team who is owned by William DeWitt, Jr. play?",Busch Stadium,The information provided in the reasoning chain does not include any details about the ownership of an American football team or the specific stadium,0,0.07692307692307693,0.75,7831.652219998432,False,cok,0
WebQTrn-2664_471b83eade9707a4dba68e201bf29d73,What country located in the Greenwich Mean Time Zone that is the main trading partner of China?,Sierra Leone,"The United Kingdom is located in the Greenwich Mean Time Zone and is a significant trading partner of China. However, based on",0,0.0,0.75,9225.116777000949,False,cok,0
WebQTest-576_8dfecb6548586cf236340abadabeb86c,Which of the seven Central American countries uses the United States Dollar currency?,El Salvador,None of the seven Central American countries use the United States Dollar as their official currency.,0,0.0,0.75,9229.166573999464,False,cok,0
WebQTrn-124_028bb5f442b37a4af9f9fd9fa0bc5e9a,What movies did the person who went to William O. Schafer Elementary School direct?,By the Sea,The information provided does not specify which individual attended William O. Schafer Elementary School or link any of the mentioned professionals (,0,0.19047619047619047,0.75,9241.8717620003,False,cok,0
WebQTrn-2871_d7d303efc1f901f14e6aae2bb469743c,What is there to see in Mountain Time Zone near the Grand Canyon?,Lake Powell,"Based on the given reasoning chain, there are several locations and cities within the Mountain Time Zone that are near the Grand Canyon",0,0.0,0.75,9219.378208999842,False,cok,0
WebQTrn-750_bb35e9b8023fbf9c05df55b4245a4775,In which years have the baseball club that claimed victory in the 1988 World Series won the World Series?,1981 World Series,The baseball club that claimed victory in the 1988 American League Championship Series (not the 198,0,0.21052631578947367,0.75,9254.766808999193,False,cok,0
WebQTest-96_11da03aa9cec8b011619c8ea0dbfdcf9,The person who attended education institution in East Whittier Elementary School died where?,New York City,The information provided does not contain any details about a person attending East Whittier Elementary School or where that person died.,0,0.0,0.75,9251.897776999613,False,cok,0
WebQTest-1528_25853c768670cd164d7793f094ba7cbb,What film with character Luke Castelland does Logan Lerman play in?,Percy Jackson & the Olympians: The Lightning Thief,The information provided does not contain any details about a film where Logan Lerman plays a character named Luke Castelland.,0,0.0851063829787234,0.75,9249.60027599991,False,cok,0
WebQTest-1260_5dd0eeca79ae03b7711252c032849eb2,Rise is the mascot for the team which won the Super Bowl in what year?,Super Bowl XXXV,"The information provided does not contain any details about a mascot named ""Rise"" or the Super Bowl victory year of any",0,0.16666666666666666,0.75,9220.415956999204,False,cok,0
WebQTest-626_bd2c9bc1c0a692218e7c4182a1d52f85,Mike Johanns was elected governor of what area that is bisected by the Missouri River?,Nebraska,"To determine the area where Mike Johanns was elected governor and which is bisected by the Missouri River, we need to",0,0.0,0.75,8227.481601999898,False,cok,0
WebQTrn-1841_6bf772ee1b388c1b3c226b02c8244aa7,"Which popular sports team in Spain, that won the 2014 Eurocup Finals championship?",Valencia BC,The information provided does not mention a 2014 Eurocup Finals championship. The Spain national football team won the,0,0.0,0.75,8177.381292000064,False,cok,0
WebQTest-1119_8c41904eaef9fce2d95afd27eb9150ec,What organization led by Bentley B. Rayburn?,College/University,There is no organization led by Bentley B. Rayburn in the given chain of reasoning.,0,0.0,0.75,9225.599981000414,False,cok,0
WebQTrn-1812_5fb6c8c4d53d55c03445e4b2454ef810,What Caribbean countries use the East Caribbean dollar currency?,Saint Kitts and Nevis,The information provided in the reasoning chain does not mention any Caribbean countries that use the East Caribbean dollar currency. The chain only,0,0.0,0.75,9224.33201000058,False,cok,0
WebQTrn-1394_dc71f08a76d71762a0cfd30f11f66535,What country does Turkey trade with that contains the Annaba Province?,Algeria,"The given information does not contain any reference to the Annaba Province or its containing country. Therefore, we cannot determine which",0,0.0,0.75,9218.736462999004,False,cok,0
WebQTest-1091_d3301dedbdcb2d171a75be1631e8cec5,What type of religiong with a religious sacred site of Lumbini is in the United States?,Buddhism,The given information does not mention Lumbini or any religion with a sacred site in the United States. The chain of,0,0.0,0.75,7431.014462999883,False,cok,0
WebQTrn-2444_8fb3f377318c9e61f47779b2c188167b,What stadium does the champion of the 1931 World Series Championship play at?,Busch Stadium,The information provided in the reasoning chain does not contain any details about the 1931 World Series or its champion,0,0.0,0.75,9243.04708300042,False,cok,0
WebQTest-1812_c29807a955ea46fa79cdc9f7aeacba18,Where was the main artist featured in the Rihanna: Live in Concert Tour raised?,Saint Michael Parish,The information provided does not mention Rihanna or her upbringing. The main artist featured in the Rihanna: Live in Concert Tour is,0,0.0,0.75,9228.47675400044,False,cok,0
WebQTest-397_c7ee26d5c3f80107d7ae5fede489209a,What are the school colors of Harvard Art Museum?,Crimson,The information provided does not mention the school colors of the Harvard Art Museum. The chain of reasoning only provides color information for,0,0.0,0.75,9235.099507000996,False,cok,0
WebQTrn-2478_3e09b108c3448248556d4c34acae3cf7,What is the mascot of the organization with the person named Eric F. Spina?,Syracuse University Otto the Orange,The information provided does not contain any details about a person named Eric F. Spina or the specific organization they might be,0,0.12500000000000003,0.75,9237.584034000974,False,cok,0
WebQTrn-2057_b64f996ceca972c0d6fea3de2705ce63,The country that contains Alta Verapaz Department uses what money?,Guatemalan quetzal,"The country that contains Alta Verapaz Department, which is Guatemala, uses the Guatemalan quetzal as its",0,0.2222222222222222,0.75,8338.329227999566,False,cok,4
WebQTest-1348_3bddf705b2a346fbdc2f00e9a02b84f3,What team did Payton Manning's father play for that has a mascot named Viktor the Viking?,Minnesota Vikings,There is no information in the given chain about Payton Manning's father or a team mascot named Viktor the Viking. The,0,0.0,0.75,7851.996970000982,False,cok,0
WebQTrn-60_22027d5bb310c0d956b5f22248a6811c,Which country that once had a CPI inflation rate of -1.61 speaks Portuguese?,Macau,"To determine which country that once had a CPI inflation rate of -1.61 also speaks Portuguese, we need to",0,0.0,0.75,9245.603717001359,False,cok,0
WebQTrn-60_0b79f757e511e73c7aca0bb6f6057f2d,What country that once had the CPI inflation rate at -1.56 percent do people speak Portuguese?,Macau,Portugal,0,0.0,0.75,9253.666337999675,False,cok,0
WebQTest-61_8f0d44a78a2e50f47729db23c5850da0,Mary is a notable figure in which religion that is observed in Indonesia?,Catholicism,Judaism,0,0.0,0.75,9230.800797999109,False,cok,0
WebQTrn-3100_d059b24adec4064377b957ca598769be,What part is the country with the capital named Santo Domingo?,Greater Antilles,"The country with the capital named Santo Domingo is the Dominican Republic. To arrive at this answer, we followed the reasoning",0,0.0,0.75,7021.885767999265,False,cok,0
WebQTest-983_b3520a12fe059da8ffda55e381a14f14,What educational institution with the mascot named Washington University Bear did Tennessee Williams go to?,Washington University in St. Louis,"There is no educational institution with a mascot named ""Washington University Bear"" that Tennessee Williams attended based on the given information.",0,0.15384615384615385,0.75,7558.912505999615,False,cok,0
WebQTest-1560_1bee868ed5551a3cfdba70a720adbc04,"Who founded New York University, which held his governmental position from after 1795-03-04?",Albert Gallatin,None of the provided information directly states who founded New York University or the specific governmental positions held by any individual after 1,0,0.0,0.75,9252.449994999552,False,cok,0
WebQTrn-2570_354fb646be304159441f2497ab0a9c62,Which was the earliest President during WW2 in the United States?,Franklin D. Roosevelt,Dwight D. Eisenhower,0,0.3333333333333333,0.75,9251.547388999825,False,cok,0
WebQTest-538_d37989c422fef8a98e7289ca0144159c,Which movies has the individual who attended The Wyndcroft School appeared in?,Hannah Montana: The Movie,"The information provided does not contain any direct link between Maggie Peterson and The Wyndcroft School, nor does it provide a",0,0.16,0.75,9227.60358600135,False,cok,0
WebQTrn-465_784f88e61337c424ca3d7be0719e3649,What to see in the country that has Gozo?,Megalithic Temples of Malta,The original question seems to be misaligned with the provided reasoning chain. There is no mention of Gozo or any related,0,0.14814814814814814,0.75,9216.764093000165,False,cok,0
WebQTest-54_d14abf7768bdbdaa66897780b56dace1,What country did the person who went to B Steyr control?,Nazi Germany,The information provided does not contain any details about a person who went to B Steyr or any relevant information to determine which,0,0.0,0.75,9230.911623000793,False,cok,0
WebQTest-1560_e2ff014eae4ff8dbe3cacbb3e4b0002c,Who are the founders of the educational institution where the sports team NYU Violets Men's Basketball plays?,Albert Gallatin,The given information does not mention any educational institution or its founders related to the NYU Violets Men's Basketball team,0,0.0,0.75,9260.259049000524,False,cok,0
WebQTest-590_2f40ab1d4ea497555c4c883c92a758b7,Who is the leader of the country that has national anthem Allhu Akbar?,Abdullah al-Thani,"The information provided does not specify a leader for the country with the national anthem ""Allahu Akbar."" Based on the",0,0.0,0.75,9253.752407999855,False,cok,0
WebQTest-54_f0c99f377c8b944364e85b70b9f9b331,The person who attended education institution Bundesrealgymnasium Linz controlled what country?,Nazi Germany,The given information does not provide any details about a person attending Bundesrealgymnasium Linz or which country they,0,0.0,0.75,6370.331759000692,False,cok,0
WebQTest-1091_c2f4807a175372c3e75691b565d1936d,What religion with notable figure Athanasius of Alexandria is in the United States?,Christianity,"To determine the religion with a notable figure named Athanasius of Alexandria that is practiced in the United States, we need",0,0.0,0.75,8394.641045000753,False,cok,0
WebQTest-1091_9be8c18e016b713cbb7f7feb6badebc7,What religion that is practiced in the United States has The Bible as its religious text?,Christianity,Christianity,1,1.0,0.75,9235.309397998208,False,cok,0
WebQTrn-1077_83f43b9f4c2707c689543b33efe1d28d,Which religion practiced in Afghanistan has a place of worship known as Ibrahim Mosque?,Sunni Islam,The information provided does not specify which religion has a place of worship known as Ibrahim Mosque. The chain of reasoning gives details,0,0.0,0.75,9244.269052000163,False,cok,0
WebQTest-1569_4e73509d14bda62590480b655eee8751,What's the currency used in the country where the Jamaican dollar as money is called?,Jamaican dollar,"Jamaican dollar is the currency used in Jamaica. From the given information, there is no direct link to the country where",0,0.17391304347826084,0.75,7735.923964000904,False,cok,0
WebQTrn-849_f6e8b7149f2e422640a49beb753be4ef,What country uss the Swiss Franc as currency and shares a border with Germany?,Switzerland,Switzerland,1,1.0,0.75,9233.988404001138,False,cok,7
WebQTest-302_f051fbe657aaa023d74839c8e8029bef,What are official colors of the champion of Super Bowl XXX?,Blue,Navy Blue and White,0,0.6666666666666666,0.75,9227.96482600097,False,cok,4
WebQTrn-2256_d14abf7768bdbdaa66897780b56dace1,What happened to the person who went to BRG Steyr at the end of the war?,Ballistic trauma,The information provided does not mention anyone going to BRG Steyr at the end of the war or any connection between BR,0,0.0,0.75,8789.77139699964,False,cok,0
WebQTrn-2664_513d3d27fdbcf5130896177ea2dd146f,Who are the main trading partners of China that use the Lao Kip as its currency?,Laos,The information provided does not mention any trading partners of China that use the Lao Kip as its currency. The chain,0,0.0,0.75,9233.64201000004,False,cok,0
WebQTrn-465_02714e184571525b8c510d20f11fc886,What all is there to do for fun in the nation represented by the anthem L-Innu Malti?,Megalithic Temples of Malta,"The given information does not provide any details about fun activities in the nation represented by the anthem ""L-Innu Malt",0,0.2,0.75,9246.574177999719,False,cok,0
WebQTest-743_81f7ed541ce951e30c3d90697cb83dec,"Which of JFK's brothers held his governmental position before November 6, 1962?",Robert F. Kennedy,Robert F. Kennedy,1,1.0,0.75,9249.630743001035,False,cok,5
WebQTrn-3535_dfcf84e9ba3b9baef4ee1f2cc51994b6,Who did the voice of character Kovu?,Jason Marsden,The information provided does not specify who voiced the character Kovu. The chain only lists several voice actors but does not mention,0,0.0,0.75,7663.272506999419,False,cok,0
WebQTest-996_7c4c41654239ed0a5b99ba5e6481ad5c,Where does the Ireland team that won the 2003 Rugby World Cup championship play?,Aviva Stadium,"The information provided in the reasoning chain does not contain any details about the Ireland national rugby team or their location. Therefore,",0,0.0,0.75,9247.380577000513,False,cok,0
WebQTest-1012_7ee41dcd5e0ee726e65a46d891982c8f,What Hollywood studio produced the American Gladiators TV movie?,Universal Studios Hollywood,The information provided does not include any details about the production company or studio that produced the American Gladiators TV movie.,0,0.0,0.75,9234.662277000098,False,cok,0
WebQTrn-513_59d4a153f9ac424bfd0d9a39a5704027,What countries are in the location that contains Terekti District?,Bulgaria,"The given information does not contain any direct reference to Terekti District or its containing location. Therefore, it is",0,0.0,0.75,9236.147395000444,False,cok,0
WebQTrn-484_de764c65ac3c6a870a407dd9cafd0dc9,What is the currency used in the country of Brazil?,Brazilian real,"The administrative divisions of Brazil include Bahia, but the currency used in Brazil is not directly provided in the given chain.",0,0.0,0.75,9212.525994998941,False,cok,0
WebQTrn-1841_cac535ea48922ba42c75ec7ac67cf454,What popular Spanish sport has a basketball team with head coach Joan Plaza?,Baloncesto Málaga,Basketball,0,0.0,0.75,9246.645633000298,False,cok,0
WebQTrn-3376_2d06cbcbb5ada96a239eeee425106c28,What educational institution with football sports team named Temple Owls  did Kevin Hart go to?,Temple University,The given information does not provide any details about Kevin Hart's educational institution or his connection to the Temple Owls football team,0,0.08,0.75,9235.128701000576,False,cok,0
WebQTrn-2319_67d6828a804cdeef38928c85cb93bb03,What are the official languages of used in the country that uses Ukrainian Hyrvnia?,Albanian language,The given information does not mention the use of Ukrainian Hryvnia or its corresponding country. The chain of reasoning provided,0,0.09090909090909091,0.75,8388.203415001044,False,cok,0
WebQTest-1091_31c94b951f3d708ac503327d7979da93,"Which type of religions practiced in the United States, where the religion place of worship is called, Candi Laras?",Buddhism,"The given information does not provide a direct connection between ""Candi Laras"" and any religion or place of worship in",0,0.0,0.75,9239.11890599993,False,cok,0
WebQTrn-2026_84e5ab7013a2c0dd11f7f61db45df94c,"If you are visiting a country and in the San Pedro De Marcois Province, what form of currency would you spend?",Dominican peso,Dominican peso,1,1.0,0.75,7316.974997998841,False,cok,1
WebQTrn-1812_25c9be422f1472e5cdf7358613ad93cf,What country in the Caribbean contains Saint Michael Parish?,Barbados,"The information provided does not contain a specific reference to ""Saint Michael Parish."" However, based on the given reasoning chain,",0,0.0,0.75,6815.133473999595,False,cok,0
WebQTest-1560_61856c62660c382e9579ce72ec422a70,Who founded the college where Lindsay Zir is a grad student?,Albert Gallatin,The information provided does not contain any details about who founded the college where Lindsay Zir is a grad student. The chain,0,0.0,0.75,9040.5703790002,False,cok,0
WebQTrn-2834_31c94b951f3d708ac503327d7979da93,"Of the major religions in the United States, which has the religion place of worship of  Candi Laras?",Buddhism,Cándida Arias is not related to any major religion in the United States and does not have a place of worship,0,0.0,0.75,9236.42739800016,False,cok,0
WebQTest-1376_b1915c7cd7f743656108611e5095c2e0,Which Canadian Province was the locatiuon for the TV show the Lottery?,Québec,"None of the given information pertains to the location of the TV show ""The Lottery."" The provided chain includes details about",0,0.0,0.75,9235.946398999658,False,cok,0
WebQTrn-1077_3c58a650bf56f8c8d0f6931d08bd2598,What are the religions in the area whose major exports are from fruit and tree nut farming?,Shia Islam,The information provided does not directly state which religions are associated with areas that have fruit and tree nut farming as their major exports,0,0.0,0.75,9261.801446999016,False,cok,0
WebQTest-397_ef7c0ef1f2f2ee145c3e9fa70b47ab7d,What colors do the school where Donald Stanley Marshall is a grad student use?,Crimson,The information provided does not specify the school where Donald Stanley Marshall is a grad student or the colors used by that school.,0,0.0,0.75,7676.458064999679,False,cok,0
WebQTrn-2057_8a53ef8199d789102fab4d503857c0db,What is the currency used in the country of Guatemala?,Guatemalan quetzal,The currency used in the country of Guatemala is the Guatemalan quetzal.,0,0.2857142857142857,0.75,9240.494752999439,False,cok,1
WebQTest-1817_e8393a7bc14f9c91e0813aacbc6d7c05,What educational institution with the Cherwell newspaper did JRR Tolkien go to?,University of Oxford,University of Oxford,1,1.0,0.75,9228.93315699912,False,cok,0
WebQTrn-493_c8b99bb380a7f157039bdf6c7b8df764,What region is the country whose national anthem is BrabanÃ§onne located in?,Europe,Europe,1,1.0,0.75,9244.985987999826,False,cok,0
WebQTrn-2664_9f8fc8341d7c53fe16d94a6a23638ec4,Which nation is a major trading partner with China and has the Malagasy ariary as its unit of currency?,Madagascar,The given information does not mention any country that uses the Malagasy ariary as its unit of currency. Therefore,0,0.0,0.75,9233.75014299927,False,cok,0
WebQTest-1560_260b848263a65518db6f4418d93a311e,"Holding his governmental position from earliest, who founde New York University?",Albert Gallatin,"Ernst Fraenkel did not found New York University. The information provided does not specify who founded New York University, but",0,0.0,0.75,9230.3896049998,False,cok,0
WebQTest-1923_2d077323191d349225d8f3719925c777,The person who attended Heritage Elementary School has been in what movies?,Miley Cyrus: Tongue Tied,There is no information provided about a person who attended Heritage Elementary School or any connection between Heritage Elementary School and the films mentioned,0,0.13793103448275862,0.75,9238.078735001181,False,cok,0
WebQTest-1260_018dc0c070e53555fa37f63d4b83ca87,In what year did mascot Poe's team win the Super Bowl?,Super Bowl XXXV,The information provided does not contain any details about a mascot named Poe or any team winning the Super Bowl. There is no,0,0.15384615384615383,0.75,9228.756696000346,False,cok,0
WebQTrn-3035_94f91513faa8a29c82e1f1184277f81a,Who is governor of the place that contains part of the Uinta Mountains?,Matt Mead,The given information does not provide the name of the governor of the place that contains part of the Uinta Mountains.,0,0.0,0.75,9211.351646999901,False,cok,0
WebQTest-1000_a1edafe051cb7bc171f2beb523d3a90c,Which nation uses the CFP Franc as currency and is located in Oceania?,New Caledonia,"Based on the given information, the nations that use the CFP franc as currency and are located in Oceania are",0,0.0,0.75,9221.752802000992,False,cok,2
WebQTrn-124_792933caa19fa7b1c474993687851b6a,What movie was directed by the person who attended education institution  El Rodeo School?,By the Sea,The reasoning chain provided does not contain any information about a director or the specific person who attended El Rodeo School.,0,0.14814814814814814,0.75,6201.416726000389,False,cok,0
WebQTrn-710_a188aff4a054e1ec66fafba1b8021f67,When was the last World Series won by team owner Bill Neukom's sports team?,2014 World Series,The last World Series won by Bill Neukom's team was in 2010.,0,0.25,0.75,9243.875669999397,False,cok,0
WebQTrn-3216_823204b81227d73ef5fadc741254c75b,What form of currency is used in the country that observes the national anthem titled L'Abidjanaise?,West African CFA franc,"The information provided does not contain any details about the currency used in any country or the national anthem titled ""L'Ab",0,0.0,0.75,9240.62947099992,False,cok,0
WebQTrn-60_eae3033643523fd3a54b6c147fdfa728,What Portuguese=speaking country had the net migration number of -10000?,Guinea-Bissau,Spain,0,0.0,0.75,9247.641695999846,False,cok,0
WebQTest-212_8fc460cf564c16a47877b92a7c156528,"What state, that the Colorado River flows through, appointed Bruce Babbitt to a governmental position?",Arizona,Arizona,1,1.0,0.75,9236.828222999975,False,cok,0
WebQTest-576_7280a830b2275c6024614d5ba2adae18,What country in Central America appointed Otto PÃ©rez Molina to a governmental position?,Guatemala,The information provided does not contain any details about Otto Pérez Molina or his appointment to a governmental position in a Central,0,0.0,0.75,9242.287432000012,False,cok,0
WebQTrn-21_a42ef572567ccaf4d1a2e609d11a4226,"Who is the prime minister of the country that has national anthem March Forward, Dear Mother Ethiopia?",Hailemariam Desalegn,"The given information does not contain any reference to the national anthem ""March Forward, Dear Mother Ethiopia"" or its corresponding country",0,0.0,0.75,9253.66223600031,False,cok,0
WebQTest-1686_73c4a5625dc9db03b2331d9937b0fe71,Who was the Arizona's Governor in 2009 who also suffered with Breast cancer?,Janet Napolitano,The information provided does not mention any governor suffering from breast cancer. The last known governor of Arizona in 200,0,0.0,0.75,9254.78493599985,False,cok,0
WebQTest-534_c5498ca807d2e1ec30d4c8fdd41f0bf7,What team's mascot is name Hank?,Hank,The information provided in the reasoning chain does not mention a mascot named Hank. The reasoning chain only mentions Lou Seal as the,0,0.08333333333333333,0.75,9231.94435899859,False,cok,0
WebQTrn-3376_405c8b5bd83551a50c45836241923cca,What educational institution with men's basketball sports team named Temple Owls did Kevin Hart go to school?,Temple University,There is no direct connection between Kevin Hart and a men's basketball team named Temple Owls based on the given information.,0,0.08333333333333334,0.75,9240.5043079998,False,cok,0
WebQTrn-1532_cbf60f0a8068d6c5464651a537e93b13,What college with men's basketball sports team named UMKC Kangaroos did Harry S. Truman attend?,University of Missouri–Kansas City,There is no direct connection between Harry S. Truman and a college with a men's basketball team named UMKC Kang,0,0.0,0.75,9253.356944998814,False,cok,0
WebQTrn-3376_13cf1a3ce233a65b8b835b6e2f5c86fe,What educational institution with The Temple newspaper did Kevin Hart go to?,Temple University,"There is no direct evidence that Kevin Hart attended an educational institution with a newspaper named ""The Temple."" The information provided indicates",0,0.08333333333333334,0.75,9244.523035000384,False,cok,0
WebQTrn-3048_ae9a833cf2cca30c1c9725fc6a167794,The country that contains Africa Proconsularis has what political system ?,Autocracy,"The information provided in the reasoning chain does not specify which country contains Africa Proconsularis. Therefore, it is impossible",0,0.0,0.75,9228.963935998763,False,cok,0
WebQTrn-484_593bfb1e8da51c4ccd9f768e8f3acd97,What currency is used in the country with Rio de Janeiro?,Brazilian real,Euro,0,0.0,0.75,9206.606935000309,False,cok,0
WebQTrn-1817_bab9c2907e69f117b3ef460ecbfd511a,What type of government is used in the country with Bac Lieu Province?,Communist state,"The given information does not provide a direct link between Bac Lieu Province and any country's form of government. Therefore,",0,0.0,0.75,7666.476603000774,False,cok,0
WebQTest-212_d7d303efc1f901f14e6aae2bb469743c,What states does the Colorado River run through in the Mountain Time Zone?,Colorado,The Colorado River runs through Nevada and Colorado in the Mountain Time Zone.,0,0.2666666666666667,0.75,9217.069604001153,False,cok,5
WebQTrn-750_0c4812773890324eea74aa09e14de1cf,In which years did the team that has Magic Johnson among its ownership claim victory in the World Series?,1981 World Series,"The team that has Magic Johnson among its ownership is the Los Angeles Dodgers. However, based on the given information, there",0,0.0,0.75,9238.178569999945,False,cok,0
WebQTest-212_0415f406246ee6468d7eb40867780498,Which State's capital is Denver and the Colorado River runs through it?,Colorado,The state whose capital is Denver and where the Colorado River runs through it is Colorado. Let's break down the reasoning step,0,0.16,0.75,9221.746498000357,False,cok,0
WebQTest-837_c4e06c3a9e4b4f10bd1ae97f1742c198,In what year did a team win the superbowl and the 2013 AFC Championship Game ?,Super Bowl XLVII,The given information does not provide any details about a team winning the Super Bowl or the 2013 AFC Championship,0,0.1739130434782609,0.75,9246.484584999052,False,cok,0
WebQTest-1108_33675738b1c363431ed63babcc989cb8,On what radio station in New York City would you find an organizational leader named Gary Knell?,WNYC,The information provided does not contain any details about a radio station in New York City or an organizational leader named Gary Knell,0,0.0,0.75,9227.103428000191,False,cok,0
WebQTrn-810_c264a6d11d7956741926d417b94327e2,When did the team led by Larry Baer win the World Series?,2014 World Series,"The team led by Larry Baer won the World Series in 1972 and 1973,",0,0.23529411764705882,0.75,9241.93012700016,False,cok,0
WebQTest-61_be64d515debe3029f7c0fb2af05bfe7e,What Indonesia religion believes in the Virgin birth of Jesus?,Catholicism,Christianity,0,0.0,0.75,9219.648153999515,False,cok,0
WebQTrn-1484_1fbd766e1b1bf978da23e8646cadf3a1,The person who attended the education institution Colegio AlemÃ¡n Alexander von Humboldt did what kind of paintings?,Magic realism,The information provided does not specify the type of paintings created by the person who attended the Colegio Alemán Alexander von,0,0.0,0.75,9257.385160999547,False,cok,0
WebQTest-12_c701ad2b5b8ef3f3ed26dd2ed8703d05,"Who held his governmental position from December 12, 1808 and was Governor of Ohio in 2011?","Return J. Meigs, Jr.",There is no information provided about a Governor of Ohio in 2011. The chain of reasoning only provides information,0,0.0,0.75,9268.088909000653,False,cok,0
WebQTest-212_3c65a82425ff4488504b53ba502d0eb7,What is the name of the state that has the elected official Jan Brewer and also has the colorado river flow through it?,Arizona,The state that has both the Colorado River flowing through it and the elected official Jan Brewer is Arizona.,0,0.1,0.75,9249.700862999816,False,cok,0
WebQTrn-3035_5b4639a59ee916bc8e30fbc3bfa2d016,The capital of Cheyenne has who as governor of US state?,Matt Mead,"The information provided does not specify a governor for the state of Wyoming, and it does not mention Cheyenne as the",0,0.0,0.75,8160.697186000107,False,cok,0
WebQTrn-237_e42fb4a1fc4d571f6d9172eb77fe5b24,Who is the current head coach of the NFL squad owned by the Rooney family?,Mike Tomlin,Mike Tomlin,1,1.0,0.75,9227.157151999563,False,cok,0
WebQTrn-3251_ca0263d77825d6237cf0a27c79d25e45,"What college in Greeley, Colorado has a sports team called the Northern Colorado Bears?",University of Northern Colorado,"The University of Northern Colorado in Greeley, Colorado has a sports team called the Northern Colorado Bears.",0,0.5833333333333334,0.75,8820.619240999804,False,cok,1
WebQTest-1072_5b0246d0bc7172511480c78134ab2e39,Who was the governor in 2010 of the state that appointed Bruce Babbitt?,Jan Brewer,"To determine the final answer, let's break down the information provided and follow the reasoning chain step by step:",0,0.0,0.75,9241.913933999967,False,cok,0
WebQTest-837_d95da5fb8a16d81fe56cd4ce00843254,"What Superbowl was won by the team with the ""Baltimore Fight Song""?",Super Bowl XLVII,"The information provided in the reasoning chain does not contain any reference to a Superbowl or the ""Baltimore Fight Song",0,0.0,0.75,9250.808998998764,False,cok,0
WebQTrn-3100_0d5bc4f5ce16dafee354662c09965811,What is the country that has national anthem Valiant Quisqueeyans a part of?,Greater Antilles,"The country that has ""Valiant Quisqueyans"" as its national anthem is the Dominican Republic.",0,0.0,0.75,9259.063733001312,False,cok,0
WebQTrn-2444_06d5101218b4299633a55b1f229e9b40,What is the home field of the sports team whose mascot is named Fredbird?,Busch Stadium,Old Trafford,0,0.0,0.75,9235.64201299996,False,cok,0
WebQTrn-60_ab97cd852bcb8f41194f686282460b40,What Portuguese-speaking country's minimum wage was 356.72?,Portugal,There is no Portuguese-speaking country in the provided data whose minimum wage is 356.72. The data,0,0.0,0.75,9241.700126998694,False,cok,0
WebQTrn-962_f0c57985929ee8b823983f6e5f104971,What actor played a kid in the film with a character named Veteran at War Rally?,Michael Connor Humphreys,"The information provided does not contain any details about a film with a character named ""Veteran at War Rally"" or an",0,0.0,0.75,9243.357126000774,False,cok,0
WebQTrn-237_abc143e50fcf4915c8267215915795b5,Stelly McBeam is the team mascot for the sports team with who as head coach?,Mike Tomlin,"The information provided does not contain any details about Stelly McBeam or the head coach of a sports team. Therefore,",0,0.0,0.75,9253.298625999378,False,cok,0
WebQTrn-60_c526e4d4d0e7cea9de3d7ee32fb2d9f5,In what countries is Portugese spoken and has A Portuguesa as its national anthem?,Portugal,"Based on the given reasoning chain, there is no direct information provided about which countries have ""A Portuguesa"" as",0,0.0,0.75,9247.339200999704,False,cok,0
WebQTest-743_42588c6fd3d30a777953bbaf2b4079b9,Who are brothers of the individual who was educated at Edward Devotion School?,Ted Kennedy,There is no information provided about the brothers of the individual who was educated at Edward Devotion School in the given chain.,0,0.0,0.75,9241.061447999527,False,cok,0
WebQTrn-105_f4440609f5cecb091bf8e86adb47be25,"The country with the national anthem Bilady, Bilady, Bilady required what currency in 2013?",Egyptian pound,The information provided does not contain any details about the currency used by a country in 2013 or the national,0,0.0,0.75,9246.109642999727,False,cok,0
WebQTrn-3100_84e5ab7013a2c0dd11f7f61db45df94c,What geographic regions is the country that has the San Pedro De Marcos province considered a part of?,Greater Antilles,Hispaniola,0,0.0,0.75,9257.948459000545,False,cok,0
WebQTrn-3335_a9b18d079f29555cbd1e1740c7d6e40e,The country that contains Krasnodar Krai uses what type of currency?,Russian ruble,"To determine the currency used in the country containing Krasnodar Krai, we need to follow these steps:",0,0.0,0.75,9223.161320000145,False,cok,0
WebQTest-12_7b54b31f3e5a6273f4fd2a20e565ec6d,Who was the Governor of Ohio that held his position from before 1-10-2011?,"Return J. Meigs, Jr.",The information provided does not contain any details about the Governor of Ohio and their term start date. The last known governor mentioned,0,0.0,0.75,9239.502743999765,False,cok,0
WebQTrn-810_1315945fdcb4fad1310ab7862120be0f,On what other date did the team won the 2010 World Series championship win the World Series?,2014 World Series,"The San Francisco Giants won the 2012 World Series, so they did not win another World Series championship on",0,0.32,0.75,8776.089348999449,False,cok,0
WebQTest-1384_cb60fbc3dea230fc32682cbb8556ba62,What is the most predominant religion in the country Benjamin Netanyahu holds a governmental position?,Judaism,Judaism,1,1.0,0.75,9228.091200999188,False,cok,0
WebQTrn-1077_02d4f95f5b408929cedd448772a62b5b,What religion in Afghanistan that worship in the mosque?,Sunni Islam,The primary religions in Afghanistan that are associated with mosques are Sunni Islam (represented by the identifier m.0493,0,0.1904761904761905,0.75,9241.815991999829,False,cok,0
WebQTrn-372_84e2829fbb765ceaa2993b50acbf4587,What does the religion that believes in Transubstantiation call their God?,Holy Spirit,"To determine what the religion that believes in Transubstantiation calls their God, we need to follow a logical reasoning chain",0,0.09523809523809523,0.75,9228.816156000903,False,cok,0
WebQTrn-14_f401ff362e6098310d529ba02df1f278,"Where is Rome, Italy, and is a place that once had a population of 4,327,642?",Province of Rome,"The information provided does not directly state that Rome had a population of 4,327,642.",0,0.21052631578947367,0.75,9243.739098001242,False,cok,0
WebQTest-538_7051341e8a163515972dc322874d8aa0,What movies did the artist that had the concert tour called the Taylor Swift Fears 2009 Tour play in?,Hannah Montana: The Movie,The original question seems to be based on a misunderstanding or misinterpretation of the information provided in the reasoning chain. There,0,0.22222222222222224,0.75,7563.345301001391,False,cok,0
WebQTrn-710_e3d40457273785e46c5b71732713a5f4,When is the last time the team whose mascot is called Crazy Cab win the World Series?,2014 World Series,"To determine when the San Francisco Giants, whose mascot is called ""Crazy Crab,"" won the World Series, we need",0,0.18181818181818182,0.75,9248.750062999534,False,cok,3
WebQTrn-3335_c071c552853eb739a0ff0c67bb9ed366,The location that appointed Dmitry Medvedev to governmental position uses what kind of money?,Russian ruble,The information provided in the reasoning chain does not contain any details about the location that appointed Dmitry Medvedev to a governmental,0,0.0,0.75,9260.13512999998,False,cok,0
WebQTrn-372_5d454dfb6a760c162b099d736eecff1a,Which diety is worshipped in the holy place of Santa Cecilia in Trastevere?,Holy Spirit,The information provided does not contain any details about the deity worshipped in the Holy Place of Santa Cecilia in Trast,0,0.22222222222222224,0.75,9273.020257998724,False,cok,0
WebQTest-1785_87df014c2b1d5440ea39f0d94fe211cb,Which movie has a character named Margie and featured Kim Richards as an Actor?,The Car,There is no information provided about a movie with a character named Margie and Kim Richards as an actor.,0,0.0,0.75,7504.873750000115,False,cok,0
WebQTest-1251_f6e8b7149f2e422640a49beb753be4ef,Which countries with a currency of Swiss Franc do people speak Germanic languages?,Liechtenstein,Switzerland,1,1.0,0.75,7846.69806599959,False,cok,0
WebQTrn-2834_c2f4807a175372c3e75691b565d1936d,What major US religion has a notable figure named Athanasius of Alexandria?,Christianity,The given information does not contain any reference to Athanasius of Alexandria or his association with a major US religion. The,0,0.0,0.75,9236.19175100066,False,cok,0
WebQTrn-3766_3e65e28b17506cb5116b2460467ea42f,What money is used in the Ancash Region?,Peruvian nuevo sol,The information provided in the reasoning chain does not include any specific details about the currency used in the Ancash Region. The,0,0.0,0.75,7955.730980000226,False,cok,0
WebQTrn-1155_92f2cf43c174d40942f1c72ba13096e6,What type of currency is used in the country with national anthem Swiss Psalm?,Swiss franc,"The question seems to be based on an incorrect assumption or mismatched information. The national anthem of Switzerland is ""Swiss",0,0.09090909090909091,0.75,9240.842300998338,False,cok,0
WebQTrn-60_58beabafc76cc44d5cb1ed5ca2799436,What European Union country's people speak Portuguese also once had an energy usage record of  per capita in KGOE 1022.464?,Portugal,Portugal,1,1.0,0.75,9262.442238999938,False,cok,0
WebQTest-1923_53fa50559ec52976eb1f02fc6bd5ae76,What movie was Miley Cyrus in with a character named Theresa Russo?,Wizards on Deck with Hannah Montana,"The information provided does not contain any details about Miley Cyrus or a character named Theresa Russo. Therefore, it is impossible",0,0.0,0.75,9252.216421999037,False,cok,0
WebQTrn-1001_4e074d51c67d5358b05e462d1f48f3e5,What other Superbowls did the champion of the 1934 NFL Championship game win?,Super Bowl XLVI,The information provided does not contain any data related to the NFL or Super Bowl championships. The given facts are about the Oakland,0,0.15384615384615383,0.75,7753.4141470005125,False,cok,0
WebQTrn-857_87f2309c33a86e13ce73f341a6f1dc46,Who was the vice president of the person who went to St. John's Catholic Elementary School?,Al Gore,The information provided does not contain any details about the vice president of a person who attended St. John's Catholic Elementary School,0,0.0,0.75,9246.382893999908,False,cok,0
WebQTest-1260_d95da5fb8a16d81fe56cd4ce00843254,"When did the sports team whose fight song is ""The Baltimore Fight Song"" win the Super Bowl?",Super Bowl XXXV,"The given information does not mention any Super Bowl victory for a team with the fight song ""The Baltimore Fight Song."" The",0,0.16,0.75,9256.4511519995,False,cok,0
WebQTest-493_91486f8ce518ad60645488b0b298ff11,What type of government is run in the area that is under the Heard and McDonals Islands Time Zone?,Parliamentary system,"The Heard and Macdonald Islands are an Australian external territory, and their time zone is UTC+10:3",0,0.0,0.75,9234.644222999123,False,cok,0
WebQTest-837_6b1c0c0fb24a34937f450fdc16a3387b,In which year was the Super Bowl won by the sports team whose fight song was Seven Nation Army?,Super Bowl XLVII,The given information does not provide any details about a sports team's fight song or a Super Bowl win. The information provided,0,0.15384615384615383,0.75,9243.524047999017,False,cok,0
WebQTrn-3084_ca8d129cc42cf94b681a91fb5ed94522,What country does Japan export to that contains the Phoenix Islands?,Kiribati,"The reasoning chain provided does not contain any information about countries that Japan exports to or about the Phoenix Islands. Therefore, it",0,0.0,0.75,9239.300811999783,False,cok,0
WebQTest-576_8c6b952c6bd963f0ece4e401c9eb731a,Which of the 7 Central American Countries is in the Central Time Zone?,Belize,Panama,0,0.0,0.75,9237.654168000518,False,cok,0
WebQTrn-493_471b83eade9707a4dba68e201bf29d73,Where in the Greenwich Mean Time Zone is Belgium located?,Europe,Belgium is not located in the Greenwich Mean Time Zone. It is in the Central European Time Zone.,0,0.0,0.75,9236.687009000889,False,cok,0
WebQTrn-3694_4089d6d7ba86121ff285b80865682a7c,"Which system of money is utilized in the country that includes, Santiago de Cuba Province?",Cuban peso,"To determine which currency is used in the country that includes Santiago de Cuba Province, we need to follow these steps:",0,0.0,0.75,8437.960496001324,False,cok,0
WebQTest-1686_4e89c1dffdc379421d43840f4194ca9e,Who governed the US state which includes the city of Phoenix during 2009?,Janet Napolitano,The final answer cannot be definitively determined from the given information as it does not specify the year 2009,0,0.0,0.75,9322.308205999434,False,cok,0
WebQTrn-372_1d9de30923c30fb46431b28e67c4b45c,What do the people who worship at places including Cathedrals call their god?,Holy Spirit,"Based on the given reasoning chain, people who worship at places including churches (which are a type of cathedral) call their",0,0.08695652173913042,0.75,9271.55944399965,False,cok,0
WebQTrn-2738_910f8908e2d53dfb850b7b52b74e4a51,What art style was done by the person who lived at Le Chateau-Cambresis?,Modern art,The final answer cannot be determined from the given reasoning chain as there is no information provided about an artist or art style related,0,0.07692307692307693,0.75,6664.3158579990995,False,cok,0
WebQTrn-1077_7bd6b37d01a372aa5af2a8d5ef53d827,What religion practiced in Afghanistan has a sacred site in Jesusalem?,Sunni Islam,The reasoning chain provided does not directly address the question about a religion practiced in Afghanistan that has a sacred site in Jerusalem.,0,0.0,0.75,7183.613418999812,False,cok,0
WebQTest-361_89e48a343537ccd0148b822f63519c99,What museum established earliest can be seen in Vienna Austria?,Kunsthistorisches Museum,"The question asks for the earliest established museum that can be seen in Vienna, Austria. From the given information, we know",0,0.08695652173913042,0.75,7575.242016999255,False,cok,0
WebQTrn-3151_3ae7bbdbfe6f6d601941c3cf406229a7,People from the country that contains Corfu speak what language?,Albanian language,"To determine the language spoken in the country containing Corfu, we need to follow these steps:",0,0.1111111111111111,0.75,9314.058095000291,False,cok,0
WebQTrn-1560_799804056310383bba960a7649b85b4f,"Who married to the person who lived in Downe, Kent?",Emma Darwin,"None of the given information pertains to a person who lived in Downe, Kent. The provided data only includes places",0,0.0,0.75,9294.69088100086,False,cok,0
WebQTest-397_6a82d6252604de26338b33025b2a160a,What are the school colors of the educational institution that includes a grad student named Franklin Ford?,Crimson,Navy Blue,0,0.0,0.75,9272.10163699965,False,cok,0
WebQTrn-3166_024639b2507cd2ca5161b1847991faee,What Asian country has Seoul as its capital city?,Seoul,South Korea,0,0.0,0.75,9232.256258999769,False,cok,0
WebQTrn-412_8f39780bf44690321c49823643e6438d,South Holland is located in the nation where which languages are spoken?,Dutch Language,"The final answer to the original question ""South Holland is located in the nation where which languages are spoken?"" is the Netherlands",0,0.08333333333333334,0.75,9234.910666998985,False,cok,1
WebQTrn-105_cf2c2ca737c00135df125459635a368a,The country that contains Al Sharqia Governorate's best for of currency in 2013 was what?,Egyptian pound,"To determine the final answer, we need to follow the reasoning chain provided and identify the relevant information step by step:",0,0.0,0.75,9239.755955999499,False,cok,0
WebQTrn-2280_9e5afb3d15099a1354f9df60428e1f91,Where are the headquarters of the United Nations Security Council?,New York City,"The headquarters of the United Nations Security Council are in New York City, United States.",0,0.33333333333333337,0.75,8686.391609000566,False,cok,0
WebQTest-743_5a9d56a15bd5f8c951df7d967444f8ec,Who was JFK's brother and held a governmental position from 1961?,Robert F. Kennedy,"Joseph P. Kennedy, Jr.",0,0.28571428571428575,0.75,9272.275871999227,False,cok,0
WebQTrn-3446_a3875ee1db404486f5502bc39b8e29ec,A person who was once born in Gingins was born where?,Le Mans,The information provided does not mention anyone born in Gingins. The places of birth given are United States of America (for,0,0.0,0.75,9269.503323999743,False,cok,0
WebQTest-1216_a3377a8eb739f84daa945ee91b90f10b,The person who lived in Narym in the past was the leader of which nation?,Soviet Union,"To determine the final answer, we need to follow the given reasoning chain and identify the relevant information step by step:",0,0.0,0.75,8519.615791999968,False,cok,0
WebQTrn-2478_e8d14b133bcd059be721e604cd921796,What is the name of the mascot by the university which inlcudes Syracuse University Orange Football?,Syracuse University Otto the Orange,The final answer cannot be determined from the given reasoning chain as it does not include information about Syracuse University or its mascot.,0,0.2696629213483146,0.75,9239.841626998896,False,cok,0
WebQTrn-25_5bbab94cc6dc1cc59a76eb19aed3832f,What film has a character named Kate and Taylor Lautner played in?,The Twilight Saga: Breaking Dawn - Part 2,There is no information provided about Taylor Lautner playing in a film with a character named Kate.,0,0.0,0.75,8886.016177000784,False,cok,0
WebQTest-1560_fd6688bbf30871641ad813fcf09d673c,Which person held a government post from 1973-12-02 and established New York University?,Albert Gallatin,The information provided does not specify which person held a government post from 1973-12-02,0,0.0,0.75,8547.541716001433,False,cok,0
WebQTrn-60_c417b54801bbb53466b1157ffb79cc29,What country do they speak Portuguese and where they appointed JosÃ© Manuel Barroso to a governmental position?,Portugal,"The countries where they speak Portuguese are Mozambique, Angola, Equatorial Guinea, and Guinea-Bissau. However,",0,0.0,0.75,9250.470192000648,False,cok,0
WebQTrn-1659_920387fd69ba8ecf8b37f30c53a296c5,Who did Nate Robinson play for that had Rocky the Mountain Lion as a mascot?,Denver Nuggets,"Based on the given reasoning chain, there is no direct information about Nate Robinson or Rocky the Mountain Lion as a mascot.",0,0.0,0.75,8480.411353000818,False,cok,0
WebQTest-931_544385aeda746d05fc5f0e7fdb2ac79b,"What office did John Adams hold from May 10, 1775 before he was President?",Delegate to the Continental Congress,The given reasoning chain does not contain any information about John Adams or his offices held in 1775. The,0,0.13793103448275862,0.75,9254.503983998802,False,cok,0
WebQTrn-60_085ced56c2b8a859253d1cd5749c9a28,What Portuguese speaking country that uses Central African CFQ Franc?,Equatorial Guinea,There is no Portuguese-speaking country that uses the Central African CFP Franc based on the given information.,0,0.0,0.75,9224.19790099957,False,cok,0
WebQTrn-1646_96417e4d721f5c0e2c9079454df0af5b,What languages are spoken in El Seibo Province's country?,Haitian Creole,Spanish Language,1,1.0,0.75,9240.93109399837,False,cok,0
WebQTrn-2209_a031d7238f92d1a0cb027f0118f36510,What other years did the champion of the 1957 NBA Finals win the Championship?,2008 NBA Finals,"1959, 1960, 1963, 1964,",0,0.28571428571428575,0.75,9247.264524999991,False,cok,0
WebQTrn-2478_f21576961bee318b9eaf1aa648e28e8f,What is Syracuse University Athletic's mascot?,Syracuse University Otto the Orange,"The information provided in the reasoning chain does not contain any details about Syracuse University's athletic mascot. Therefore, I cannot determine",0,0.27906976744186046,0.75,7190.228203000515,False,cok,0
WebQTrn-372_d8cdd7d99d8dbc0b2a5425ca99e4ce34,What do the people who worship at Titular Church call their God?,Holy Spirit,"The people who worship at the Titular Church call their God according to the provided information, a deity associated with Christianity,",0,0.22222222222222224,0.75,9057.026314998438,False,cok,0
WebQTest-743_2b39afadc21f0a2a4602121616db1f8c,"Which of JFK's brothers held governmental position from before January 3, 1965?",Ted Kennedy,Robert F. Kennedy,1,1.0,0.75,9253.221259001293,False,cok,0
WebQTrn-1841_6f818301283181e8199f67b080fce068,What basketball team in Spain is Pablo Laso head coach for?,Real Madrid Baloncesto,The information provided does not specify which basketball team in Spain Pablo Laso is currently head coach for. The reasoning chain only,0,0.0,0.75,9250.710554000761,False,cok,0
WebQTrn-1155_fbf8e0d41d59c1c1f57016316d470540,The country that contains Basel-Stadt uses what type of money?,Swiss franc,Swiss Franc,1,1.0,0.75,8291.825132000668,False,cok,0
WebQTrn-3084_a9122e6c3ec58aea7483e18c7074128a,The land that holds the Gilbert Islands also gets Japan exports is called what?,Kiribati,The information provided does not directly link the Gilbert Islands with Japan's exports or the land that holds them. The chain of,0,0.0,0.75,9232.791250999071,False,cok,0
WebQTrn-1659_382c85336af6c674dfcbf8c9eba83f58,"With a mascot named Rocky, which team does Nate Robinson play for?",Denver Nuggets,None of the given information relates to a team with a mascot named Rocky or to Nate Robinson's team. The provided data,0,0.0,0.75,9235.216738001327,False,cok,0
WebQTest-361_5f8c05737061d5501b6a23a978b5589b,What museum in Vienna that was established in 1891?,Kunsthistorisches Museum,Historical Museum,0,0.5,0.75,9233.696170998883,False,cok,0
WebQTrn-105_c0495334f4678f947149a7a30d8e49a0,What is the type of currency that one is advised to bring when visiting the nation where the Red Sea Governorate 2013 was located?,Egyptian pound,To determine the type of currency to bring when visiting the nation where the Red Sea Governorate 2013 was,0,0.0,0.75,8299.952384999415,False,cok,0
WebQTrn-2875_c1bdcdad310f5bccb773c5aae3e46f20,What language is spoken in the country whose capital is Nicosia?,Romani language,The original question does not match the provided reasoning chain. The chain of reasoning is about languages spoken in Timor-Leste,0,0.0,0.75,8639.632435999374,False,cok,0
WebQTrn-3084_48cc63efa214452df0e77329f8dc8bf0,Which nation has a capital city of South Tarawa and has good exported from Japan?,Kiribati,The given information does not provide any details about a nation with a capital city of South Tarawa or good exports from Japan,0,0.0,0.75,9221.371745999932,False,cok,0
WebQTrn-1232_682800b1263c4a6d5b650e4196fc2b7d,Where in the Central European Time Zone was the Roman Empire centered?,Rome,The Roman Empire was not centered in any of the locations listed that are in the Central European Time Zone. The Roman Empire,0,0.0,0.75,9227.64066200034,False,cok,0
WebQTrn-124_4d06de0cc31fbca96f6f1d5bdec75e1a,What film directed by Angelina Jolie is the flick that includes the role of Maida?,In the Land of Blood and Honey,In the Land of Blood and Honey,1,1.0,0.75,9260.198420000961,False,cok,0
WebQTrn-1077_09020cbb000c86fda5910ec084690246,What religion holds sacred the place called Mecca and is observed in Afghanistan?,Sunni Islam,Islam,0,0.6666666666666666,0.75,9236.489445998814,False,cok,0
WebQTrn-849_82e069064d66663276c549f47e5e179d,What European Union country within the  Atlantic Time Zone shares borders with Germany?,Netherlands,There is no European Union country within the Atlantic Time Zone that shares borders with Germany.,0,0.0,0.75,9208.024581001155,False,cok,0
WebQTrn-2319_15c47379c7578b2dd4e0975d032f85d5,What is the official language where Filaret is the religious leader?,Albanian language,The information provided does not contain any details about Filaret or his role as a religious leader in relation to an official language,0,0.08,0.75,9229.916886000865,False,cok,0
WebQTrn-2314_b274ade1f00c84f7244131327c785b4a,The country with San Jose as its capital uses what as its currency?,Costa Rican colón,The information provided does not specify which country has San Jose as its capital or the currency used by that country.,0,0.0,0.75,9064.340410001023,False,cok,0
WebQTrn-3384_275abff5d62790363fe8bc0387660115,People from the location that appointed Margrethe II of Denmark to governmental position speak what languages?,Greenlandic language,"Based on the information provided in the reasoning chain, people from Denmark speak Danish and German. The chain indicates that Danish is",0,0.15384615384615385,0.75,9220.044889998462,False,cok,0
WebQTrn-3100_8c6b952c6bd963f0ece4e401c9eb731a,"What's the Dominican Republic a part of, where the location time zone is the Central Time Zone?",Latin America,Latin America,1,1.0,0.75,9226.764617000299,False,cok,0
WebQTrn-1023_2ed287b0ef57067bd3a79f71c2fa849e,The country with the National Anthem Argentine National Anthem use what currency?,Argentine peso,The original question seems to be based on a misunderstanding or misalignment of information. The provided reasoning chain does not contain any,0,0.0,0.75,9225.756477999312,False,cok,0
WebQTrn-3136_0a1996d491be83ff36e8fc86c3d436a4,William Morris is religions head in which region that is part of the United Kingdom?,Wales,The given information does not provide any details about William Morris being the religious head of a region in the United Kingdom. The,0,0.0,0.75,9231.33985200002,False,cok,0
WebQTrn-846_581ac098af1edbcc3d96a126843bb703,What is the birth place of the artist that had The Best Damn World Tour?,Belleville,"The information provided does not contain any details about the birthplace of an artist who had ""The Best Damn World Tour.""",0,0.0,0.75,9234.671445001368,False,cok,0
WebQTest-1560_01bd47cf839a907d796deff29832aa26,Who founded the school where William J. Taverner is a grad student?,Albert Gallatin,The information provided does not specify who founded the school where William J. Taverner is a grad student. The chain only,0,0.0,0.75,9251.045834000251,False,cok,0
WebQTrn-2189_f87f28f0d42904ea62dcab41fb65f3f1,What is the modern language where Anwar Sadat holds a government position?,Modern Standard Arabic,"The information provided does not specify which language Anwar Sadat used in his government positions. However, given that he was",0,0.0,0.75,9226.521792999847,False,cok,0
WebQTrn-513_64fc62dc06d16e612aafb00889d4ada1,What location that appointed Mikheil Saakashvili to governmental position is a country in Eastern Europe?,Georgia,Gori Saukhokh,0,0.0,0.75,9241.428525001538,False,cok,0
WebQTest-213_d9993d3e6f665d0c937cf7c0209ff9f8,Which artist with a concert tour named FutureSex/LoveShow did Scarlett Johansson date?,Justin Timberlake,There is no information in the provided chain about Scarlett Johansson dating an artist with a concert tour named FutureSex/Love,0,0.0,0.75,9242.57950900028,False,cok,0
WebQTrn-261_872253e47dd6ddaa213ff31eeda8783b,Where is Whistler Mountain located in the Eastern Time Zone?,North America,The given information does not specify the location of Whistler Mountain in the Eastern Time Zone. Whistler Mountain is,0,0.0,0.75,9238.673290001316,False,cok,0
WebQTest-759_1735fa6bb245e5bb515f24cfd5f76ddb,The person who once lived in Benerville-sur-Mer once dated what person?,Thandie Newton,"To determine the final answer, we need to follow the information provided in the reasoning chain and identify the person who once lived",0,0.0,0.75,9244.566400000622,False,cok,0
WebQTrn-60_4faaf65ae1cc1b138d41253c3fc0e493,What country once had a consumer price index of 0.03 and is where people speak Portuguese?,Angola,Timor-Leste,0,0.0,0.75,9239.204728999539,False,cok,0
WebQTrn-60_3fbdbecc8eff7b1125058d50ba70e19b,What country do people speak Portuguese where the long term unemployment rate is 15.5?,Macau,The information provided does not contain any data on the long-term unemployment rate being 15.5% in a region,0,0.0,0.75,8356.195905998902,False,cok,0
WebQTest-1686_e6058a2132e81fbc9d9a22b2d74ceb04,Who were the governors of Arizona in 2009 that held the position form 1-6-2003?,Janet Napolitano,"The information provided does not specify which governors held the position of Governor of Arizona from January 6, 200",0,0.0,0.75,9257.766595001158,False,cok,0
WebQTrn-2641_496153141015e2276bf542bbf6a99b96,Where did the famous person who went to Horace Mann School for the Deaf die?,Easton,The information provided does not mention Horace Mann School for the Deaf or any connection to it. The person in question,0,0.0,0.75,9239.135747000546,False,cok,0
WebQTest-712_37a5691b2bade75e2b9d518da5f13b94,What countries use The New Zealand dollar and have territories in Oceania?,Cook Islands,None of the provided information mentions any country that uses the New Zealand dollar and has territories in Oceania. The chain,0,0.17391304347826084,0.75,9230.076897001709,False,cok,0
WebQTest-1216_70d51724a4507fc0f35060eb2a65ce68,What nation was a notable person who once lived in Solvychegodsk in charge of?,Soviet Union,The information provided does not contain any details about a notable person who once lived in Solvychegodsk or who,0,0.0,0.75,9235.1694329991,False,cok,0
WebQTrn-2152_b9bbe53d5eba5d74535f24c0afbb82ba,Which team that plays in the American League West claimed the championship of the 1989 World Series?,Oakland Athletics,"The Oakland Athletics, which played in the American League West, claimed the championship of the 1989 World Series",0,0.19999999999999998,0.75,9245.452143000875,False,cok,2
WebQTrn-2478_e560a71c67277fcd127342e93c8cbe88,Which Univeristy based organiation has the current leadership position of leadership role of Interim Chancellor mascot?,Syracuse University Otto the Orange,The information provided does not specify which university's mascot holds the position of Interim Chancellor. The chain of reasoning only mentions,0,0.25000000000000006,0.75,9231.48953099917,False,cok,0
WebQTest-61_75e46121bded1ab4f276d4ec24bb366e,What religion includes a chapel as a aprt of their worship and has a practicing population in Indonesia?,Catholicism,Catholicism,1,1.0,0.75,9238.961537999785,False,cok,4
WebQTrn-372_28ef3ad60c7a9592a24dc4c25f56c769,What does the religion whose figure is Mary call God?,Holy Spirit,"To determine what religion calls God ""God"" when one of its notable figures is Mary, we need to follow the given",0,0.17391304347826084,0.75,6337.7792480005155,False,cok,0
WebQTest-1348_d50300a04640da2d3013e859ecdc9257,"Which team did Peyton Manning 's father play for, where the sports team owner is Rita Benson LeBlanc?",New Orleans Saints,None of the provided information directly links Peyton Manning's father to a team owned by Rita Benson LeBlanc. The given,0,0.0,0.75,9233.890830999371,False,cok,0
WebQTest-100_1619341addc048f21b246e33e2458609,What is the spoken language in the country that used Haitian gourde as its currency?,Haitian Creole,Haitian Creole,1,1.0,0.75,9232.63222300011,False,cok,3
WebQTrn-60_7692756e6428c26a90f5698012c43b60,What Portuguese speaking country has the minimum wage of 371.27?,Portugal,Portugal,1,1.0,0.75,9238.653063999664,False,cok,0
WebQTrn-557_c29c8a9dab6a2024bba77927922a0d3d,Who played the character Dorothy in the movie that has a character named Lollipop Guild Member #7?,Judy Garland,"None of the provided information directly mentions the character ""Dorothy"" or the movie with a character named ""Lollipop",0,0.0,0.75,9242.797213999438,False,cok,0
WebQTrn-1069_6cb1331b7de4eccf0c4d3f78f17c7ad8,What languages are used in the country with national anthem There is a Lovely Country?,Greenlandic language,"The final answer cannot be determined from the given information as there is no mention of the national anthem ""There is a Lovely",0,0.0,0.75,9232.897081999909,False,cok,0
WebQTrn-2576_872253e47dd6ddaa213ff31eeda8783b,What continent is the country in the Eastern Time Zone that Falkland Island belong to located in?,Americas,The original question seems to have a mismatch between the time zone and the Falkland Islands. The Falkland Islands are in,0,0.0,0.75,9230.116528000508,False,cok,6
WebQTrn-1659_df4619d9a9fff3930f63496bafd4b823,Which sports team owned by Stan Kroenke did Nate Robinson play for?,Denver Nuggets,The given information does not provide any details about Nate Robinson or his association with any sports team owned by Stan Kroenke,0,0.0,0.75,9218.093493000197,False,cok,0
WebQTest-1000_bd14529a374484364751d86b5e8bda92,What country in Oceania is located in the Casey Time Zone?,Australia,There is no country in Oceania that is located in the Casey Time Zone. The time zone you are referring to,0,0.0,0.75,9223.23211100047,False,cok,0
WebQTrn-2006_60d761ea1fd499fc404dd4a83941d230,Which magazines was the person who at one time resided in Fordham employed by?,Graham's Magazine,The information provided does not specify which person resided in Fordham or their employment with any magazines.,0,0.0,0.75,9233.115248998729,False,cok,0
WebQTrn-60_6b8f66b74816dcf75b89448a2e408df9,What country do people speak Portuguese and has an electricity consumption per capita of 1007.923 kilowatt per hour?,Brazil,The given information does not match any country where people primarily speak Portuguese and have an electricity consumption per capita of 10,0,0.0,0.75,9316.644549999182,False,cok,0
WebQTest-1000_a9122e6c3ec58aea7483e18c7074128a,Gilbert Islands is in which Oceania country?,Kiribati,"The Gilbert Islands are not directly mentioned in the provided reasoning chain. However, based on the information given, we can infer",0,0.0,0.75,9216.92604799864,False,cok,0
WebQTrn-237_f44adc4947a59c150317bb5923cf1c9b,"Who is the current head coach of the team the uses the song title ""Fight Polka""?",Mike Tomlin,"The information provided does not mention a team that uses the song title ""Fight Polka"". There is no direct connection between",0,0.0,0.75,4749.893408999924,False,cok,0
WebQTrn-1812_40353d146817f5fe5dd67cb0643abe20,What caribbean countries once had co2 emissions of 1961 metric tons?,Barbados,None of the provided data points match the specific year 1961 for Haiti's CO2 emissions per capita.,0,0.0,0.75,9304.235030998825,False,cok,0
WebQTest-1823_6ac48b436d99ed7cd3f2d9329d95a0c8,"What is the government type where ""Ardulfurataini Estan"" is the national anthem?",Parliamentary system,"The given information does not provide a direct match for the national anthem ""Ardulfurataini Estan."" Therefore",0,0.0,0.75,8686.24378900131,False,cok,0
WebQTest-1234_279eccdaed54f8d3746c5897f5d30c51,What business did the person who designed Plum Orchard excel in?,financier,"To determine the business in which the person who designed Plum Orchard excelled, we need to follow the information provided in the",0,0.0,0.75,8879.619977000402,False,cok,0
WebQTest-450_2ed540621cbcd0bcda8774699532cf98,What is the state's flower of the state that have Honolulu County in it?,Hawaiian hibiscus,"To determine the state's flower of the state that contains Honolulu County, we need to follow the information provided in the reasoning",0,0.0,0.75,9225.478153999575,False,cok,0
WebQTrn-2057_522769c85c8189a870c317c0aa940eaa,What currency is used in the country with SacatepÃ©quez Department?,Guatemalan quetzal,"To determine the currency used in the country that contains the Sacatepéquez Department, we need to follow the given reasoning",0,0.0,0.75,7542.427480999322,False,cok,0
WebQTest-106_f21253e8b8df81c378590e68b2cd107e,"In the film that has a charcter named Final Club Girl #1, who did Armie Hammer play?",Tyler Winklevoss,"The information provided does not contain any details about a character named ""Final Club Girl #1"" or Armie Hammer's",0,0.0,0.75,9250.031854999179,False,cok,0
WebQTest-1817_688a2354bb93fb3e4a50afe8890561a3,What educational institution with sports team named Oxford University Ice Hockey Club did JRR Tolkien go to college?,University of Oxford,The given information does not mention Oxford University Ice Hockey Club or JRR Tolkien. There is no direct connection provided between the,0,0.16,0.75,9233.955122001134,False,cok,0
WebQTrn-241_0652d8b1cb95848c9630860c92e38e6f,What country bordering France that is in the Western European Time Zone?,Spain,The Netherlands,0,0.0,0.75,9232.735454999784,False,cok,0
WebQTrn-2189_c0495334f4678f947149a7a30d8e49a0,What is the currenty language is spoken in the country that had the Red Sea governorate language?,Modern Standard Arabic,"The information provided does not specify a country with a ""Red Sea governorate language."" There is no direct link between the",0,0.0,0.75,9225.48516200004,False,cok,0
WebQTrn-2664_4001558ccc529debde3a908a6f22b018,Who is a main trading partners of China that appointed Abdelaziz Bouterflika to a governmental position?,Algeria,The given information does not provide a direct link between China's main trading partners and the appointment of Abdelaziz Bouter,0,0.0,0.75,7687.098505000904,False,cok,0
WebQTrn-3057_1315945fdcb4fad1310ab7862120be0f,What years was the World Series won by the 2010 World Series champions?,2014 World Series,The San Francisco Giants won the 2010 World Series and also won the 2012 and,0,0.33333333333333337,0.75,9247.036849001233,False,cok,6
WebQTrn-1521_8a0b4e1cf3027533ff8a45c91970ad01,Dean L. Bresciani is part of the organization with what mascot?,Thundar,Klawz,0,0.0,0.75,9234.477104999314,False,cok,0
WebQTrn-1722_4c9c478708f3daab701711f12484d823,Which continent includes the country that is home to the city of New Providence?,North America,North America,1,1.0,0.75,7370.759281999199,False,cok,4
WebQTest-1348_5ad03d9a9f67e00b093c6da1ecde5619,What team that won the Super Bowl XLIV and once had Payton Manning's father on its roster?,New Orleans Saints,The question provided does not match the information given in the reasoning chain. There is no mention of Super Bowl XLIV or,0,0.0,0.75,8946.432576000007,False,cok,0
WebQTrn-1812_82e069064d66663276c549f47e5e179d,What countries are in the Atlantic Time Zone in the Caribbean?,British Virgin Islands,"The Caribbean region contains the Lesser Antilles which are in the Atlantic Time Zone. However, the chain does not provide specific",0,0.08695652173913042,0.75,6393.846098999347,False,cok,0
WebQTrn-2748_65952c606f7a7204cc1bec237c146bfa,Mae Hong Son Province is located in the country that speaks which languages?,Lao Language,The original question seems to be misaligned with the provided reasoning chain. The chain of information given is about different regions and,0,0.0,0.75,9228.024435000407,False,cok,0
WebQTrn-1521_df37e625a339eca95614fc7680035e67,What is the mascot of the North Dakota State Bison Men's basketball team?,Thundar,The information provided does not contain details about the North Dakota State Bison Men's basketball team's mascot. The chain of reasoning,0,0.0,0.75,9243.178012000499,False,cok,0
WebQTrn-2314_2e6d98fb779ac3b63a5dd2688034c0c9,"What currency is used in the country with Nobel Patria, tu hermosa as its national anthem?",Costa Rican colón,"The information provided does not specify the currency of the country with the national anthem ""Nobel Patria, tu hermos",0,0.0,0.75,9241.157140000723,False,cok,0
WebQTrn-60_04667677f6f3316e60026dce2852bcf9,What country with a GDP Growth Rate Percentage of -0.008502 once do people speak Portuguese?,Portugal,Timor-Leste,0,0.0,0.75,9259.526080999422,False,cok,0
WebQTrn-2316_b8e16d5f4985c5ab2a3c75e7bc8c9e1a,Who is the illustrator of the book Feu de joie and the person who influenced Jackson Pollock's work?,Pablo Picasso,"The information provided does not contain any details about the illustrator of the book ""Feu de joie"" or a person",0,0.0,0.75,9243.705611999758,False,cok,0
WebQTrn-484_894fd8dc00cf831fe75187abd587b8aa,Pernambuco is from the country with what type of money?,Brazilian real,Brazilian Real,1,1.0,0.75,8014.875822000249,False,cok,0
WebQTrn-60_613f4cd41111963e0f501de6dcdf3f7a,What Portuguese speaking country that had consumer price index of 0.05?,Brazil,The information provided in the reasoning chain does not specify a consumer price index value of 0.05 for any of,0,0.0,0.75,6907.079624999824,False,cok,0
WebQTrn-493_8faa4f3ff9c14c303d5c535cf18ceddf,Where is Belgium located in the Moscow Time Zone?,Europe,Belgium is not in the Moscow Time Zone. It is in the Central European Time Zone.,0,0.0,0.75,9216.797768000106,False,cok,0
WebQTrn-64_08a3071aec88af141fc20ed22cfff0e2,What did the person who lived in Marin City once do?,Bishop,The original question seems to be based on a misunderstanding or misalignment with the provided information. There is no mention of anyone,0,0.0,0.75,9221.711685999253,False,cok,0
WebQTest-1817_e04d0ee5dcbfd8b2dbb1e8be247e94d4,What university with a sports team named Oxford University RFC did JRR Tolkien go to?,University of Oxford,The given information does not mention Oxford University RFC or JRR Tolkien's university. The provided chain only mentions the University of,0,0.37037037037037035,0.75,8085.179375000735,False,cok,5
WebQTrn-95_0a1797c617f8e1eb87eab85b0790302e,Saint Ann Parish is located in the country using what kind of money?,Jamaican dollar,"The information provided does not specify which country Saint Ann Parish is located in, so we cannot determine the currency used there.",0,0.0,0.75,9231.426084999839,False,cok,0
WebQTrn-1077_fb48d47a1d549a96bd54b8bdaf3c4be1,What religions are practiced in the nation where you'd find Herat Province?,Shia Islam,"The statistical regions in Afghanistan, where Herat Province is located, practice two main religions. Based on the provided reasoning chain",0,0.0,0.75,9229.338004000965,False,cok,0
WebQTest-484_91486f8ce518ad60645488b0b298ff11,What are the languages used for communication in the region where the time zone is Heard and McDonald Islands Time Zone?,English Language,The information provided does not include any reference to the Heard and McDonald Islands Time Zone or the languages used in that region.,0,0.0,0.75,9227.321668000513,False,cok,0
WebQTrn-21_2b2e7b36b664bdd3e85b7c3a190677fc,Who is the prime minister of the country that has Loma?,Hailemariam Desalegn,"The information provided does not specify which country Loma La Pelona belongs to, so it's impossible to determine who the",0,0.0,0.75,7614.912635999644,False,cok,0
WebQTrn-14_2c7762d283ed24be7f442f301fb3a5c4,"Where with a population once of less than 5732212 is Rome, Italy located?",Lazio,Vatican City,0,0.0,0.75,9254.876871000306,False,cok,0
WebQTest-998_7b6c0cc98675b4b7a6638ef625cfa860,When was the last championship won by the 1970 NBA Finals Champions?,1973 NBA Finals,1981 NBA Finals,0,0.6666666666666666,0.75,9232.774017000338,False,cok,0
WebQTrn-750_3678d94fca2cefdaebd9ae4df2b46ada,In what years did Stan Kasten's organization win the World Series?,1981 World Series,"The San Francisco Giants, under Stan Kasten's organization, won the World Series in 2010 and",0,0.21052631578947367,0.75,9250.231272999372,False,cok,0
WebQTest-1875_de764c65ac3c6a870a407dd9cafd0dc9,What is the political system in the country that uses the Brazilian Real currency?,Presidential system,The original question seems to have a mismatch between the currency mentioned (Brazilian Real) and the information provided in the reasoning,0,0.0,0.75,8200.62006400076,False,cok,1
WebQTest-1000_10aa3b0c992e4e6f4cf624c6c38c727f,What country with the capital of HagÃ¥tÃ±a is in Oceania?,Guam,The information provided does not contain a country with the capital of Hagåtña. The chain of reasoning only mentions Tim,0,0.0,0.75,9241.486795999663,False,cok,0
WebQTest-302_139cc3d497bad703a6253a51b39f0edc,What are official team color of the champion of Super Bowl VI?,Blue,The information provided does not contain details about the colors of the champion of Super Bowl VI or any相关信息无法生成，因为,0,0.0,0.75,9224.505023001257,False,cok,3
WebQTest-55_15737055923694d16485b6d734decdd1,What did the famous person who went to Seaforth Elementary School do?,Actor,The information provided does not mention any famous person who went to Seaforth Elementary School or any connection between Seaforth Elementary School,0,0.0,0.75,9237.118319999354,False,cok,0
WebQTrn-60_8b2e8f4e23e7af4e77ae1535c753ef6b,What Portuguese-speaking nation has a foreign direct investment net inflow of -100816373?,Cape Verde,Timor-Leste,0,0.0,0.75,9255.613781000648,False,cok,0
WebQTest-1603_66cf01fb3373deb3f112935fbc2518da,What text in the religion which includeZhang Jue as a key figure is considered to be sacred?,Zhuang Zhou,The provided reasoning chain does not contain any information about Zhang Jue or texts that include him as a key figure. Therefore,0,0.0,0.75,9239.320673999828,False,cok,0
WebQTrn-2904_cb8d941f825c5dd7b2d6f3faef7f9229,What city is home for Lauren Conrad and had a mayor named Willie Brown?,San Francisco,The given information does not provide the city that is home for Lauren Conrad or any mayor named Willie Brown. The information provided,0,0.0,0.75,9214.901101999203,False,cok,0
WebQTrn-1001_1134a24400661a6f5feeb3b325cbb1df,Which Super Bowls has Steve Tisch's sports teams won?,Super Bowl XLVI,The given information does not mention any Super Bowls or Steve Tisch's sports teams winning them. The provided chain is,0,0.08333333333333333,0.75,9239.721277001081,False,cok,0
WebQTest-1686_554811ebe1463287ee640a214683ea57,"Who held his governmental position from before Janaury 6, 2003 and was the 2009 Governor of Arizona?",Janet Napolitano,m.04j8y4l,0,0.0,0.75,9321.34603799932,False,cok,0
WebQTest-1785_0943c2e85ef4350a9672b44cf93291d4,Which film with Idi Amin as a character did Kim Richards appear in?,Raid on Entebbe,"None of the provided information mentions Idi Amin or Kim Richards. Therefore, based on the given reasoning chain, there",0,0.09090909090909091,0.75,7985.437373999957,False,cok,0
WebQTrn-710_87afbf2481df60df8476b920f00c4247,When was that last time the champion of the 2012 World Series win the World Series?,2014 World Series,The San Francisco Giants won the 2012 World Series and their last championship before that was in 20,0,0.1904761904761905,0.75,9244.569677999607,False,cok,6
WebQTrn-2569_c7e1b4c99873c80def2ecc3d7eef27bf,Where do the 1995 NBA Finals champions play?,Toyota Center,The information provided does not contain any details about the 1995 NBA Finals champions or their playing location. The,0,0.0,0.75,9235.163915998783,False,cok,0
WebQTrn-683_33af83d6d660a434aeb440fd6f82c8d5,"In film that has a charcter named World Security Council Member #3, who is playing Hawkeye?",Jeremy Renner,The information provided does not specify which character is played by Jolie/Hawke or the connection between Jolie/Haw,0,0.0,0.75,9239.388019001126,False,cok,0
WebQTrn-3151_cfcb8ee843e79059ec902e53426d5d04,"What's the major language spoken at the location that appointed Antonis Samaras, to a governmental position?",Albanian language,Italian Language,0,0.5,0.75,9251.304731998971,False,cok,0
WebQTrn-2738_3af38b10b0d7b98adee1efab161eb884,What style of art is used by the illustrator of the book Jazz?,Modern art,"The given information does not provide a direct link between the illustrator of the book ""Jazz"" and any specific style of",0,0.0,0.75,9231.12059900086,False,cok,0
WebQTrn-2834_d3301dedbdcb2d171a75be1631e8cec5,What major religion in the US has Lumbini as a sacred site?,Buddhism,"None of the provided information links Lumbini to any major religion in the US. The information focuses on Judaism, Christianity",0,0.0,0.75,9227.151510000112,False,cok,0
WebQTrn-412_b5575cb1cef1ef5a555d364a3429dedd,People from the country that contains The Hague speak what language?,Dutch Language,Dutch Language,1,1.0,0.75,8683.100751000893,False,cok,1
WebQTest-1686_4fa3b53f1047599414336495b9275a38,Who was the Governor who appointed Jan Brewer to a government position in 2009?,Janet Napolitano,"To determine the final answer, let's break down the information provided and follow the reasoning chain step by step:",0,0.0,0.75,9242.209711999749,False,cok,0
WebQTrn-3694_e185ea716e0dcbdf8d9ad6498b5e88f1,Which money types are the currency employed in the country that uses the Cuban convertible peso?,Cuban peso,"To find the money type used in the country that employs the Cuban convertible peso, we need to follow the given information step",0,0.23076923076923078,0.75,9224.92976400099,False,cok,0
WebQTrn-2664_56426be0d7b0e75f58d47948c71dc75d,What country contains Hawke's Bay and is the main trading partner of China?,New Zealand,The given information does not provide enough details to determine the main trading partner of China or the location of Hawke's Bay,0,0.0,0.75,9220.300565999423,False,cok,0
WebQTrn-1001_79bdd4bc7e7acdf09d75459e5efe7293,What Superbowls did the team owned by John Mara win?,Super Bowl XLVI,The given information does not mention any Super Bowl victories for the team owned by John Mara. The San Francisco Giants are mentioned,0,0.15384615384615383,0.75,7428.60777200076,False,cok,0
WebQTest-1091_843715b5d1b0569540e0316e66763a38,What type of religion in the United States has the Kushinagar sacred site?,Buddhism,"The given reasoning chain does not contain any information about the Kushinagar sacred site or the United States. Therefore, it",0,0.0,0.75,9223.403530999349,False,cok,0
WebQTrn-14_1d1c28cc9c5f4e83f9f932e3615e2391,Where is the city that hosted the 1960 Summer Olympics located?,Italy,The city that hosted the 1960 Summer Olympics is not directly mentioned in the given chain of reasoning. However,0,0.09090909090909091,0.75,9243.466039999475,False,cok,0
WebQTest-489_85a1a0df50c244433caecb981f999c3d,"In the film with the character named Benito Ramirez, who plays Stephanie Plum?",Katherine Heigl,"The information provided does not contain any details about a character named Benito Ramirez or a character named Stephanie Plum. Therefore,",0,0.0,0.75,9242.793650000749,False,cok,0
WebQTrn-3166_cb7256fc0312551734293d80792d8d90,What is the capital city of the country with the National Anthem Aegukga?,Seoul,"To determine the capital city of the country with the National Anthem ""Aegukga,"" we need to follow the given",0,0.0,0.75,9238.808893000169,False,cok,0
WebQTest-1483_4c2bbfb641cc9cde2a873099756839a0,What is the political system in the place that contains an airport that serves Duisburg?,Constitutional republic,The information provided does not contain any details about an airport that serves Duisburg or its political system. The chain of reasoning,0,0.0,0.75,9224.861545999374,False,cok,0
WebQTrn-2904_99f2c6359f65cb116bf380f01af55d6b,Where does Lauren Conrad live that appointed Dianne Feinstein to a governmental position?,San Francisco,"The given reasoning chain does not contain any information related to Lauren Conrad or Dianne Feinstein. Therefore, it is not possible",0,0.0,0.75,9217.505105998498,False,cok,0
WebQTrn-1659_96b4ef75cad08d1c7213c761f9c0c65f,What team with fight song Bow Down to Washington did Nate Robinson played for?,Washington Huskies football,The information provided does not mention Nate Robinson or his college team. The only connection to a fight song in the given chain,0,0.0,0.75,9242.583685998397,False,cok,0
WebQTrn-2834_843715b5d1b0569540e0316e66763a38,What major religion in the United States has Kushinagar as a religious sacred site?,Buddhism,Since Kushinagar is not mentioned in the provided reasoning chain and there is no direct link between Kushinagar and any,0,0.0,0.75,8628.720328000782,False,cok,0
WebQTrn-2834_2628f11e5d50a222dad0130ac27bc270,WHat religions have a pacticing population in the United States and inlcude Samsara as a part of their belief system?,Hinduism,"Based on the given reasoning chain, there is no direct evidence that Samara (likely meant to be Samaritanism)",0,0.0,0.75,9249.055358999613,False,cok,0
WebQTrn-2314_f53b7962c4dfca88044f3c0a89ac0290,What kind of money is used in the country where the Puntarenas Province can be found?,Costa Rican colón,"The information provided does not specify which country contains the Puntarenas Province. Therefore, we cannot determine what kind of",0,0.0,0.75,9225.913033000325,False,cok,0
WebQTrn-1297_0ed55ab55fae21af5b4b03af90678e30,Where did the person who went to Statford Northwestern Secondary school grow up?,London,"The information provided does not contain any details about a school named ""Statford Northwestern Secondary school"" or any connection between this",0,0.0,0.75,9240.436911999495,False,cok,0
WebQTrn-1521_3ddef42334254dad62fdbd0c3e4724e7,What is the mascot of the educational institution that has a sports team named the North Dakota State Bison?,Thundar,"The given information does not match the original question. There is no mention of a sports team named ""North Dakota State Bison",0,0.0,0.75,9240.23561300055,False,cok,0
WebQTrn-2319_50b710c35a760f79c490a695314e6c74,What are the official languages spoken where Sviatoslav Shevchuk is a religious leader?,Albanian language,There is no information provided about Sviatoslav Shevchuk or his relation to any country or region in the,0,0.0,0.75,9234.682414000417,False,cok,0
WebQTest-1923_5584d7ea5e4b9f2391d1610bcc5f75fb,What TV movie was Miley Cyrus in that has 1 episode?,Wizards on Deck with Hannah Montana,"To determine the TV movie Miley Cyrus was in that had only 1 episode, we need to follow the given information",0,0.0,0.75,9255.138394999449,False,cok,0
WebQTrn-2316_526c3ef64bdba794aea4d24cc1c6cc1f,Who was the illustrator of the book Alcools and influenced Jackson Pollock 's work?,Pablo Picasso,"None of the provided information relates to the illustrator of the book ""Alcools"" or Jackson Pollock's work.",0,0.0,0.75,9236.666335000336,False,cok,0
WebQTest-712_10aa3b0c992e4e6f4cf624c6c38c727f,HagÃ¥tÃ±a is the capital of what country with territories in Oceania?,Guam,Guam,1,1.0,0.75,9233.228474999123,False,cok,0
WebQTest-996_3b05c852523638229a0ba552f2ac27dd,Which stadium did Ireland play in where it won the World Cup Championship in rugby in 1995?,Aviva Stadium,The given information does not provide a stadium where Ireland played and won a World Cup Championship in rugby in 199,0,0.08695652173913042,0.75,9241.584940000394,False,cok,0
WebQTrn-3515_fc61b4e1b808d8b466d687dc80c8498f,What college did Paul Ryan attend that has a team Miami RedHawks men's basketball?,Miami University,The given reasoning chain does not contain any information about Paul Ryan or the Miami RedHawks men's basketball team. Therefore,0,0.08695652173913042,0.75,9232.477440000366,False,cok,0
WebQTrn-2023_a1424289baa01b0b74d44cdffa8ef18f,What is the location where the individual who attended Eli Whitney High School brought up?,Brooklyn,"To determine the location where the individual who attended Eli Whitney High School was brought up, we need to follow a logical sequence",0,0.0,0.75,9244.766351999715,False,cok,0
WebQTest-1797_5c79a2f70b136c7c704ea2a8b07bc58a,Which unit was a combatant in the Battle of Vicksburg and used Southern States Confederate Currency as its unit of currency?,Confederate States of America,The units that were combatants in the Siege of Vicksburg (a battle during the American Civil War) and would,0,0.08695652173913043,0.75,9310.298103000605,False,cok,3
WebQTrn-2664_0f1d384919bac2772e7f384ffd0116fe,WhatWhat English speaking country north of Australia in the southern pacific is one of China's main trading partners of china?,New Zealand,There is no English-speaking country directly north of Australia in Oceania that is also a main trading partner of China.,0,0.0,0.75,9222.566501999609,False,cok,0
WebQTest-537_955d6e0a1fc92093ca7adcbd82267c5b,What movie with character named Ben Dunham #2 has Charlie Nunnam been in?,Green Street,"The original question seems to be asking about a specific movie and character named ""Ben Dunham #2"" and whether Charlie",0,0.0,0.75,9234.817770000518,False,cok,0
WebQTrn-662_707caa73f11b1e655a0f5f6b75082734,What team has a mascot named Fred the Red?,Newton Heath L&YR F.C.,Manchester United F.C.,0,0.4,0.75,9230.533791998823,False,cok,0
WebQTrn-1817_e3cca7a9117d7c23ddfc189a49770034,The country that contains Cao Bang has what type of governent today?,Communist state,Constitutional republic,0,0.0,0.75,9218.688048000331,False,cok,0
WebQTrn-945_ffcdbd72aca9f8b382c653c3285bf954,In which timezone is the region where Jim Edgar was named to a post in the government?,Central Time Zone,The original question asks for the timezone of the region where J. Edgar (likely referring to J. Edgar Hoover) was,0,0.0,0.75,9221.807912999793,False,cok,1
WebQTrn-1706_5c700e3bff39470405f500c2f1350b51,Who is the leader of the country that has ColÃ³n Province?,Juan Carlos Varela,The information provided does not directly link a country with Colón Province. The given chain mentions administrative divisions for Equatorial Guinea,0,0.0,0.75,9224.823866001316,False,cok,0
WebQTrn-1758_76dd6ebb7d634241665747bfde3c1112,The country that contains Ardabil Province has what present form of government?,Parliamentary system,"To determine the form of government for the country containing Ardabil Province, we need to follow these steps:",0,0.0,0.75,8082.085768000979,False,cok,2
WebQTrn-60_204c0cce2fbbb4f005bc397d75c0f0c8,In what country with Portugese spoken in it has the market cap of list companies as percent of gdp been 10.51?,Brazil,The information provided does not contain a country where Portuguese is spoken and the market cap of listed companies as a percentage of GDP,0,0.0,0.75,9295.415741000397,False,cok,0
WebQTrn-3543_62ea63f7954eccb68d685d3695c0b84d,What country that uses the Australian dollar does Japan export to?,Kiribati,The given information does not mention any country that uses the Australian dollar or Japan's exports. The provided reasoning chain only lists,0,0.0,0.75,7726.309976998891,False,cok,0
WebQTrn-3766_b189e33b064458d172fee7d5e4c90738,The location that appointed Ollanta Humala to governmental position uses what type of money?,Peruvian nuevo sol,The information provided in the reasoning chain does not contain any details about Ollanta Humala or the location where he was,0,0.0,0.75,9227.644312999473,False,cok,0
WebQTrn-2576_975ba342df8c19b7e9d8f452f606a994,To what continent does the nation where the Falkland Islands pound is used as money?,South America,"The Falkland Islands pound is not used in any country. It is a historical currency of the Falkland Islands, which",0,0.0,0.75,9231.619243999376,False,cok,5
WebQTrn-710_c334509bb5e02cacae1ba2e80c176499,What was the last World Series won by the team whose mascot is Lou Seal?,2014 World Series,"The last World Series won by the San Francisco Giants, whose mascot is Lou Seal, was in 2014",0,0.2857142857142857,0.75,6585.183911000058,False,cok,4
WebQTest-1120_c78405f6f2157645f1098f8a871f1bc2,"Before the Euro, what was the currency where Louis-Eugene Cavaignac was appointed to governmental position?",Assignat,To determine the currency used in the region where Louis-Eugene Cavaignac held a governmental position before the Euro,0,0.0,0.75,9233.44870300025,False,cok,5
WebQTest-361_d4b7b091dfd540b6b8efcab6634968d1,"What museum that opened later than 1891 should I visit when I go to Vienna, Austria next year?",Sigmund Freud Museum,Historical Museum,0,0.4,0.75,7197.46818099884,False,cok,0
WebQTrn-1405_2f717ed5be06df3cdedbc807e1975966,What college did President Kennedy attend that has a sports team Princeton Tigers men's basketball?,Princeton University,There is no direct connection between President Kennedy and the Princeton Tigers men's basketball team based on the given information. The information,0,0.08,0.75,9256.560595000337,False,cok,5
WebQTest-1306_213cbfafc2612b42c5f8efe85c3532c5,What form of government is in the country that uses the Iranian Rail and was established in 1979?,Parliamentary system,Islamic republic,1,1.0,0.75,7674.949926000409,False,cok,0
WebQTest-1216_7b3bbe0291752d176e791ab0a47111f5,Which nation is the person who attended Gori Church School the leader of?,Soviet Union,The information provided does not mention Gori Church School or any individual who attended it. There is no connection established between the,0,0.0,0.75,9243.150133999734,False,cok,0
WebQTrn-60_edc922a0faa1e47614eb7e6effe2d1a1,"Which portuguese speaking country is home to Anren Town, Sichuan?",China,"The information provided does not directly state which Portuguese-speaking country is home to Anren Town, Sichuan. However,",0,0.0,0.75,9225.569587000791,False,cok,1
WebQTrn-1938_bda5cd2328322c309ecbaaffcb9e7c8e,What is the type of government where the Haifa District is?,Parliamentary system,"The type of government in Israel, where the Haifa District is located, is a parliamentary system.",0,0.2222222222222222,0.75,9210.78156799922,False,cok,4
WebQTrn-1659_1a493665beb5be1dd530e06a6d98082b,What basketball team with head coach Brian Shaw did Nate Robinson play for?,Denver Nuggets,"The information provided does not contain any details about Brian Shaw or Nate Robinson. Therefore, it is impossible to determine which basketball",0,0.0,0.75,9233.381067000664,False,cok,0
WebQTrn-2209_12f6cc11b208923d4a4976466bb4fd34,What years did the team with the mascot named Lucky the Leprechaun won the Championship?,2008 NBA Finals,"The given information does not provide specific years in which the Boston Celtics, who have Lucky the Leprechaun as",0,0.0,0.75,9238.046443999337,False,cok,0
WebQTrn-2209_6bddb2cfae99a6fca8b5bb40631d71eb,Team owner Wyc Grousbeck last won the Championship when?,2008 NBA Finals,"Based on the information provided in the reasoning chain, Wyc Grousbeck last won a championship with the Boston Celtics in",0,0.0,0.75,7609.0962380003475,False,cok,0
WebQTest-918_030834eb2597f0f2e2ad6712a6154451,"Who's the king of the country, that has the national anthem of Nokor Reach, currently?",Norodom Sihamoni,"The question is based on an incorrect premise because ""Nokor Reach"" is not a recognized national anthem title for any",0,0.0,0.75,9247.205837000365,False,cok,0
WebQTrn-3084_5bc74979fc1292d14458ccc3a131a6e6,"Which country does Japan Export to, where the country capital is in Khartoum?",Sudan,Sudan,1,1.0,0.75,9226.963899000111,False,cok,4
WebQTest-935_031e56afa089a0f679104c73e0ea5126,Where did the famous person who went to Al-Thager Model School got killed?,Abbottabad,The information provided does not contain any details about a famous person who attended Al-Thager Model School or the place where they,0,0.0,0.75,9238.41648599955,False,cok,0
WebQTest-1348_c1da6561b1fb496c7b1eae3b08eafca8,What NFL Team did Peyton Manning 's father play for also won the 2010 NFC Championship Game?,New Orleans Saints,"To find the answer, we need to follow these steps:",0,0.0,0.75,9232.143248000284,False,cok,0
WebQTrn-3384_7521446b16f8e39c384fde8af80e3993,People from the country that contains Greenland speak what languages?,Greenlandic language,Danish Language,1,1.0,0.75,9223.061459999371,False,cok,0
WebQTest-1348_426b5d500aec6111d69c3f6f9b16b3f3,What team with team mascot named Sir Saint did Peyton Manning's dad play for?,New Orleans Saints,"The information provided does not contain any details about Peyton Manning's father or a team mascot named Sir Saint. Therefore, it",0,0.0,0.75,7434.806480998304,False,cok,0
WebQTrn-2576_280f6fb1deae2956230d33d29b4054ae,The country with the capital of Stanley belongs to which continent?,South America,"To determine the continent where the country with the capital of Stanley is located, we need to follow a logical reasoning process based",0,0.0,0.75,8498.16889899921,False,cok,0
WebQTrn-2748_52cbd36b86588e3b6e38b0ba8dc53c62,What languages are spoken in the country that has Lopburi Province?,Lao Language,"To determine the languages spoken in the country that has Lopburi Province, we need to follow a logical reasoning chain",0,0.0,0.75,9266.971696000837,False,cok,0
WebQTrn-2834_5b52c9e057d0f0e6704f0b264e864dfc,What major religion in the US has places of worship named Churches?,Christianity,Christianity,1,1.0,0.75,7806.1870809997345,False,cok,6
WebQTrn-1731_4eea981607dbe17b040580ce4cd93ec4,What did Randy Jackson play in the Eclipse Tour?,Bass guitar,"The information provided does not mention Randy Jackson or the Eclipse Tour. There is no direct connection between Randy Newman, Randy Jackson",0,0.0,0.75,7517.3645579998265,False,cok,0
WebQTrn-3543_5bc74979fc1292d14458ccc3a131a6e6,What African country trading with Japan calls Khartoum its  capital city?,Sudan,Sudan,1,1.0,0.75,7953.185286000007,False,cok,0
WebQTest-1260_6b1c0c0fb24a34937f450fdc16a3387b,"In what year did the sports team whose fight song is ""Seven Nation Army"" win the Super Bowl?",Super Bowl XXXV,The original question contains an inconsistency that needs clarification. The Oakland Athletics are a baseball team and not an American football team.,0,0.0,0.75,9295.639563000805,False,cok,0
WebQTrn-452_872253e47dd6ddaa213ff31eeda8783b,In what Eastern Time Zone does Lala Anthony live?,New York City,"The original question contains an inconsistency because it asks about the Eastern Time Zone for a person named Lala Anthony, but no",0,0.0,0.75,9287.513034998483,False,cok,0
WebQTrn-60_15fff54285b45134365c51f1aff232c1,In which country with a part time employment rate of 10.2 percent is portuguese spoken?,Macau,Spain,0,0.0,0.75,8173.734809999587,False,cok,0
WebQTrn-2047_00840ffd6f70a31cc74f335fee164673,What stadiums does the team who won 1907 World Series Championship play at?,Hohokam Stadium,The reasoning chain provided does not contain information about the 1907 World Series or any team that won it.,0,0.0,0.75,8661.381063999215,False,cok,0
WebQTest-1528_a2694b95163afd08c03e36c6c195cab6,What film that has a character named Charles De Batz-Castelmore does Logan Lerman play in?,The Three Musketeers,None of the provided information relates to a film featuring a character named Charles De Batz-Castelmore that Logan L,0,0.08695652173913045,0.75,9320.035093000115,False,cok,0
WebQTrn-1770_76c2e83b07b9da336705f1d623faf5a4,"What is the name of the daughter of the artist who had the ""The Mrs. Carter Show World Tour""?",Blue Ivy,The original question seems to be based on a mix-up between different tours and artists. Beyoncé Knowles did not have,0,0.0,0.75,9316.56795500021,False,cok,0
WebQTrn-2069_44d67b357829d662abe1c6dc637e219d,Which language is spoken in the country whose capital is Santiago?,Aymara language,Spanish Language,1,1.0,0.75,9281.051705000209,False,cok,0
WebQTest-1348_c0fe53f8950b9ae1ce9b57622bd27ece,What team owned by Tom Benson did Peyton Manning's dad play for?,New Orleans Saints,"The information provided does not contain any details about Tom Benson, Peyton Manning, or his father. There is no connection established",0,0.0,0.75,9283.89561199947,False,cok,0
WebQTest-1686_5b0246d0bc7172511480c78134ab2e39,Who is the governor of the place that Bruce Babbitt held the governmental position in 2009?,Janet Napolitano,The information provided does not specify which governmental position Bruce Babbitt held in 2009 or the corresponding governor,0,0.0,0.75,9315.76957300058,False,cok,0
WebQTest-1823_da9014983a12d462e03b66679a22e147,What type of government is used in the country that appointed Coalition Provisional Authority?,Parliamentary system,The information provided does not directly link the appointment of the Coalition Provisional Authority to a specific country's form of government.,0,0.0,0.75,9320.241507000901,False,cok,0
WebQTrn-2834_9be8c18e016b713cbb7f7feb6badebc7,What major United States' religion has a religious text named The Bible?,Christianity,Christianity,1,1.0,0.75,7238.155779001318,False,cok,2
WebQTrn-1077_f3866b9a2ec763921936d5aae203dcc0,What religion in Afghanistan that has a notable figure named Syed Aqeel-ul-Gharavi?,Shia Islam,The information provided does not mention the religion of Syed Aqeel-ul-Gharavi or any direct connection between him,0,0.0,0.75,9118.182022999463,False,cok,0
WebQTrn-1180_3f1e3b52e20a98728e9257266e7499ff,What state with the capital of Jefferson City is Wellsville located in?,Missouri,"The information provided does not contain any details about Jefferson City or Wellsville. Therefore, it's not possible to determine the",0,0.0,0.75,9278.110675999415,False,cok,0
WebQTrn-846_6ad8b2652f0778ce6b9877c6070d9d4f,What is the birthplace of the famous person who went to Napanee District Secondary School?,Belleville,The information provided does not contain any details about a person who attended Napanee District Secondary School or their birthplace.,0,0.0,0.75,9296.027337999476,False,cok,0
WebQTest-1012_e429150c2d7644e06115aa7443c5469b,What is there to do in Hollywood this coming weekend that is also the recording location for the tv show The A-Team?,Universal Studios Hollywood,"Based on the given information, there is no direct connection between Hollywood and the TV show ""The A-Team"" or",0,0.08695652173913045,0.75,8057.053757998801,False,cok,0
WebQTrn-1646_6050f9741fc20724152eafe912e420e2,"In the country that uses the DOminican Peso, which currnecy is used?",Haitian Creole,"The country that uses the Dominican Peso is the Dominican Republic, and the currency used in Ecuador is the United States Dollar",0,0.0,0.75,9258.111663000818,False,cok,0
WebQTest-743_c4d6520c1e12c95284381591bde82c86,"Which of JFK's brothers held his governmental position from after November 6, 1962?",Robert F. Kennedy,Robert F. Kennedy,1,1.0,0.75,9267.173828000523,False,cok,5
WebQTest-1091_f5779141967bbbc15b40ea3d5df71e93,What religious organization in the United States recognizes Army of the Lord?,Christianity,The Military Association of Atheists & Freethinkers is an organization that promotes atheism and does not recognize any religious,0,0.0,0.75,9250.671113999488,False,cok,0
WebQTrn-372_236e29382c53f33ae0b8f011963256de,How does the religious organization of St. Paul the Apostle Church refer to their deity?,Holy Spirit,The information provided in the reasoning chain does not contain any specific details about the religious organization of St. Paul the Apostle Church,0,0.25806451612903225,0.75,9251.44483999975,False,cok,0
WebQTrn-3084_026bed85b8f8e93ed381fc00a5f8a824,What country does Japan export to in the Newfoundland Time Zone?,Canada,The information provided does not specify any country that exports to another country based on time zones. There is no direct link between,0,0.0,0.75,9226.512648001517,False,cok,0
WebQTrn-1394_2906eaa7fc927cbcba4887a4d73cc452,Which country with the capital Tirana does Turkey trade with?,Albania,Moldova,0,0.0,0.75,9224.694816999545,False,cok,0
WebQTrn-894_d2fa08c8fbe626390ddbc99de7f9cfaa,Who inspired Scott Fitzgerald that is the architect who designed The Mount?,Edith Wharton,The information provided does not mention any architect or Scott Fitzgerald. There is no connection between John F. Fitzgerald and an architect,0,0.0,0.75,9244.931007997366,False,cok,0
WebQTrn-95_bc814d72f169b435afd21e2317dc1a4d,"What currency is used in the country that has national anthem Jamaica, Land we Love?",Jamaican dollar,"To determine the currency used in the country with the national anthem ""Jamaica, Land We Love,"" let's follow",0,0.0,0.75,9252.988243999425,False,cok,0
WebQTrn-2026_0d5bc4f5ce16dafee354662c09965811,"What is the currency in the country whose national anthem is ""Valiant Quisqueyans""?",Dominican peso,"The given information does not provide the currency of any country with the national anthem ""Valiant Quisqueyans"". The",0,0.0,0.75,9256.243275998713,False,cok,0
WebQTrn-2152_b7b2e2a812931135ab913a8613e57c5c,What team in the American League West won the 2002 World Series?,Los Angeles Angels of Anaheim,The Los Angeles Angels of Anaheim won the 2002 World Series and are in the American League West division.,0,0.4166666666666667,0.75,9255.369514998165,False,cok,2
WebQTrn-237_f43785599ba51bf943f98f8d9bbf102a,Who is the man in the position of head coach of the squad that earned victory in the 2011 AFC Championship Game?,Mike Tomlin,"To determine the final answer, we need to follow the given reasoning chain and identify the relevant information step-by-step:",0,0.0,0.75,6360.603830999025,False,cok,0
WebQTrn-3170_91fbb9146e3addbb313ff7ead5eb51f8,What degree is held by a notable person who was educated at State Elementary School Menteng 01?,Political Science,The given information does not provide any details about a notable person who was educated at a State Elementary School Menteng 0,0,0.0,0.75,9257.653101001779,False,cok,0
WebQTrn-60_ea64bd8530c79e21438a71faed039caf,In what country is the national anthem Die Stem van Suid-Afrika and people speak Portuguese?,South Africa,South Africa,1,1.0,0.75,9247.595905999333,False,cok,7
WebQTrn-60_04672e8a84854be8fd9ff7409d98e546,In what country with  had an energy use per capital in KGOE of 1006.494 do people speak Portuguese?,Portugal,The country where people speak Portuguese and has an energy use per capita of 1006.494 K,0,0.0,0.75,9286.396200001036,False,cok,0
WebQTest-191_c6a356c1033c0023ce7c1a8742cbdfdb,Where college did Drew Brees attend that publishes Purdue Exponent?,Purdue University,The information provided does not mention Drew Brees or the Purdue Exponent. There is no connection between the given data and,0,0.08695652173913042,0.75,9262.654876998567,False,cok,0
WebQTest-213_1bb5d148e28985730d4603ae86c12405,"Who did Scarlett Johansson date, and is the player started his sports career in 1992?",nm1157013,The information provided does not contain any details about Scarlett Johansson's dating history or a basketball player starting their sports career in,0,0.0,0.75,9312.07095499849,False,cok,0
WebQTrn-25_ea583b84dc5dfe45c75fd39e26322506,What TV series with 50 episodes does Taylor Lautner play in?,"He's a Bully, Charlie Brown",There is no TV series with exactly 50 episodes that Opie Taylor plays in based on the given information. The,0,0.0,0.75,9311.970627997653,False,cok,0
WebQTrn-2576_06ad4470bb7a75b4cb8f5c16ce132aa5,"Which continent is the country whose national anthem is ""Song of the Falklands"" on?",South America,"The given information does not provide the continent where the country with the national anthem ""Song of the Falklands"" is located",0,0.0,0.75,9305.669315999694,False,cok,0
WebQTest-1340_872253e47dd6ddaa213ff31eeda8783b,Where is Steven Nash from in the Eastern Time Zone?,Canada,"It is not possible to determine Steven Nash's origin based on the given information, as the provided data only lists time zones",0,0.0,0.75,9270.277174997318,False,cok,0
WebQTrn-1077_71f8695fd9d505f04a479ec4bf7a65c8,What religion with a place of worship named Madayi Palli is practiced in Afghanistan?,Sunni Islam,The information provided does not mention any religion with a place of worship named Madayi Palli in Afghanistan. The chain,0,0.0,0.75,9307.507565001288,False,cok,0
WebQTest-1320_0fca6c57b860f8b3ab53d092652cb048,What is the ballpark named where the team with the mascot called Bernie Brewer plays?,Miller Park,"To find the ballpark named where the team with the mascot called Bernie Brewer plays, we need to follow the information provided in",0,0.0,0.75,9295.41225399953,False,cok,0
WebQTrn-372_f9842decd483e4b3460e18bf9c5504b2,What does the religious organization of Chavagnes International College call their god?,Holy Spirit,"The information provided in the reasoning chain does not contain any details about Chavagnes International College or its religious organization,",0,0.16666666666666669,0.75,8030.164967000019,False,cok,0
WebQTrn-21_fb317edef12f389e0ed49321d8236622,Who is the prime minister of the country that is the major exports of coffee and tea?,Hailemariam Desalegn,The information provided does not contain a direct link between the prime minister and the country's major exports of coffee and tea.,0,0.0,0.75,9357.175139000901,False,cok,0
WebQTrn-2250_06a710540c2c24122b76d789e90023a9,What city is the child organization of Sony Canada's headquarters set in?,Minato,"To determine the city where the child organization of Sony Canada's headquarters is set, we need to follow a series of logical",0,0.0,0.75,9271.051349998743,False,cok,0
WebQTrn-60_656683143d1daad803e8b2a0428cd441,What Portuguese-speaking country's market cap of list companies as percent of gdp was 10.43?,Brazil,The information provided does not contain any data related to a Portuguese-speaking country's market cap of listed companies as a percentage of,0,0.0,0.75,9306.36996300018,False,cok,0
WebQTrn-2319_f5f520bc296fc9fb19aabfd9936e7f55,What is the official language of the country with Viktor Yanukovych as a government official?,Albanian language,Ukrainian Language,1,1.0,0.75,9254.89049099997,False,cok,0
WebQTest-1012_872253e47dd6ddaa213ff31eeda8783b,"What is there to do in Hollywood, California in the Eastern Time Zone?",Universal Studios Hollywood,"There is no activity in Hollywood, California that aligns with the Eastern Time Zone as it follows the Pacific Time Zone.",0,0.08333333333333333,0.75,9221.962953000912,False,cok,0
WebQTest-626_d7d303efc1f901f14e6aae2bb469743c,What states that are part of the Mountain Time are divided by the missouri river?,Kansas,"Based on the given reasoning chain, there is no direct information provided about which states in the Mountain Time Zone are divided by",0,0.0,0.75,9238.470185999176,False,cok,0
WebQTrn-1770_d6376c225805816bd064b73bac4ff808,Who is the daughter of the famous person who attended Parker Elementary School?,Blue Ivy,The information provided does not mention Parker Elementary School or any specific daughter of a famous person. The only notable school mentioned is,0,0.0,0.75,9246.851724001317,False,cok,0
WebQTest-493_ac67410188d0f2258139a3c84773885e,What type of government does the country with Central Western Time Zone have?,Parliamentary system,"The question contains a contradiction because there is no ""Central Western Time Zone."" The time zones mentioned are either Central Time Zone",0,0.0,0.75,9223.520903000463,False,cok,0
WebQTest-1941_cb21e01db360ce345ff98f5f2ac4b3e8,What type of government is used in the country with currency Peruvian nuevo sol?,Presidential system,"The country with the currency Peruvian nuevo sol is Peru, and its form of government is a unitary state with a",0,0.17391304347826084,0.75,9227.990309998859,False,cok,2
WebQTrn-1557_573d4efe36c8edcac99c7247408e53c2,"Where did Charles Drew go to college where the newspaper is ""The McGill Daily""?",McGill University,"The information provided does not contain any details about Charles Drew attending a college or university where ""The McGill Daily"" is published",0,0.16666666666666669,0.75,9247.17653100015,False,cok,0
WebQTrn-2023_ab27357b0c4c667d23f485248e35c1bf,Where was the artist who headlined the Jay-Z Fall Tour brought up?,Brooklyn,"The information provided does not contain any details about where Beyoncé Knowles, the artist who headlined the I Am...",0,0.0,0.75,9241.222392000054,False,cok,0
WebQTrn-2784_2c591595db3d76bb1d0aaa4cb7411b7a,Which movie with Tupac also has Dennis?,Nothing but Trouble,The given information does not mention Tupac or any connection between Tupac and Tromaine Dennis. There is no movie mentioned,0,0.0,0.75,9238.242127998092,False,cok,0
WebQTrn-2478_e53e37596014fb9723a81c577c51b4f3,What is the school mascot of the organization where you'd find the Syracuse University Video Production Unit?,Syracuse University Otto the Orange,The given chain does not provide information about the Syracuse University Video Production Unit's school mascot. The chain only provides information about,0,0.3191489361702128,0.75,9226.405902998522,False,cok,0
WebQTest-1216_761d625d144016a4f8b1857f93328727,The individual who obtained education at Tbilisi Spiritual Seminary is the ruler of which country?,Soviet Union,There is no information in the given chain that directly states the individual who obtained education at Tbilisi Spiritual Seminary or,0,0.0,0.75,9242.390170002182,False,cok,0
WebQTest-832_1315945fdcb4fad1310ab7862120be0f,When was the most recent World Series win for the team which won the 2010 World Series?,2014 World Series,2012,0,0.0,0.75,9256.555127998581,False,cok,0
WebQTest-783_cdbd7d07f88a529c47082be4e41c406c,What county in Texas did Bob Lanier hold a governmental position?,Montgomery County,"The information provided does not mention Bob Lanier or his place of birth or any governmental positions he held. Therefore, it",0,0.0,0.75,7697.786491000443,False,cok,0
WebQTrn-1817_e476056ca5c10f4f5f530d94b1b6ae5f,What form of government is used in the country that uses Vietnamese dong?,Communist state,Unitary state,0,0.5,0.75,9226.801806998992,False,cok,0
WebQTrn-42_c2840394b15f40ab8df1987ece34cb87,What party with organization named Free Soil Party was Andrew Jackson in?,Democratic Party,The Free Soil Party was not associated with Andrew Jackson. Andrew Jackson was a member of the Democratic Party and later the Democratic,0,0.29629629629629634,0.75,9131.677998997475,False,cok,0
WebQTest-719_91fbb9146e3addbb313ff7ead5eb51f8,What is the political party that the individual who attended State Elementary School Menteng 01 represents?,Democratic Party,"The information provided does not contain any details about an individual who attended ""State Elementary School Menteng 01"" or",0,0.0,0.75,9253.436090999458,False,cok,0
WebQTest-1091_6a27420dcf0528ae017dd74e40cfd38a,What religion with Tamil Nadu Thowheed Jamath is in the United States?,Islam,"Based on the given reasoning chain, there is no direct information provided about the religion of Tamil Nadu Thowheed Jamath",0,0.0,0.75,9251.715694001177,False,cok,0
WebQTrn-1077_dd11343b9c28a21731d2ce4bbdc2630d,What religions are practiced in the country where they use the Afghan Afghani as the currency?,Shia Islam,"The religions practiced in Afghanistan, where the Afghan Afghani is used as the currency, are Islam (both Sunni and",0,0.1904761904761905,0.75,7262.481396999647,False,cok,0
WebQTrn-1677_59282357ecb12eaa2c93c4580085afa4,What film with character named Ginger did Adam Sandler play in?,Blended,None of the provided information mentions a film with a character named Ginger that Adam Sandler played in.,0,0.0,0.75,9252.451992997521,False,cok,0
WebQTrn-513_9026725473f3be4310b7c1fe17209df2,What country in Eastern Europe appointed Rosen Plevneliev to a governmental position?,Bulgaria,The information provided does not specify that Rosen Plevneliev was appointed to a governmental position in any country in Eastern Europe,0,0.0,0.75,9258.864031002304,False,cok,0
WebQTest-61_a57061e7792a90ec7474f5e74b02daa0,What religion has a practicing population in India and includes the Heritage Netherlands Reformed Congregations as a branch?,Protestantism,The given information does not provide any details about religions practiced in India or the Heritage Netherlands Reformed Congregations. Therefore,0,0.0,0.75,9249.304424000002,False,cok,0
WebQTest-1603_c0228581809788c617b45f1c43535436,What text is used in the religion that utilies Zhuang Zhou?,Zhuang Zhou,The final answer cannot be determined from the given information as there is no connection between Zhuang Zhou and the provided reasoning chain,0,0.16,0.75,7805.730562999088,False,cok,0
WebQTrn-3515_a8f39779957aacb92b8f13790d0fb345,What educational institution with sports team named Miami RedHawks did Paul Ryan attend college?,Miami University,None of the provided educational institutions have a sports team named Miami RedHawks. The information given is about other sports teams,0,0.08695652173913042,0.75,9242.234395002015,False,cok,0
WebQTrn-2576_8c6b952c6bd963f0ece4e401c9eb731a,What Central Tiem Zone continent do the Falkland Islands belong to?,Americas,"The Falkland Islands belong to the South American continent, which is in the Chile Time Zone, but not the Central Time",0,0.0,0.75,9246.860955998272,False,cok,0
WebQTrn-2335_eaa7a9f669e0d6d5caf732fd225ff411,What is the national anthem of the country that elected Vladimir Putin to a political job?,National Anthem of Russia,"To determine the national anthem of the country where Vladimir Putin was elected to a political position, we need to follow these steps",0,0.22222222222222218,0.75,6728.295362001518,False,cok,0
WebQTrn-241_fa7fb367370bdcda12f06680e8b21b92,What country borders France and contains East Flanders?,Belgium,Belgium,1,1.0,0.75,9288.809353998658,False,cok,5
WebQTrn-1646_d059b24adec4064377b957ca598769be,What do people speak in the country that has Santo Domingo as its capital?,Haitian Creole,Spanish,0,0.6666666666666666,0.75,9287.664962001145,False,cok,0
WebQTest-106_ac6916d7c5822d5edfe0f67c77f97a15,What characters did Armie Hammer play in the film with Dustin Moskovitz?,Tyler Winklevoss,"The given information does not contain any details about Armie Hammer, Dustin Moskovitz, or the characters played by Arm",0,0.0,0.75,9296.761138000875,False,cok,0
WebQTest-213_024fd6ca0b4cb30927c22e93a552ae6c,What person notable with the medical condition Attention deficit hyperactivity disorder id Scarlett Johansson date?,Justin Timberlake,The original question contains an error as it mentions Scarlett Johansson when the information provided in the reasoning chain is about Jessica Walter,0,0.0,0.75,9288.176828002179,False,cok,0
WebQTrn-2215_1997cb4922db71983be26e6a509950f4,Where was the childhood home of the artist whose concert tour was called Country Nation World Tour?,Glen Dale,"The information provided does not include details about the childhood home of Brad Paisley, the artist associated with the ""Country Nation",0,0.0,0.75,9297.53193400029,False,cok,0
WebQTrn-2478_a887b1442ee30456f5de89006e1a6c72,Who is the mascot at grad student Blaise Winter's educational institution?,Syracuse University Otto the Orange,Klawz,0,0.0,0.75,9297.92116900353,False,cok,0
WebQTest-712_a9122e6c3ec58aea7483e18c7074128a,What country contains the Gilbert Islands and has territory in Oceania?,Kiribati,The United States of America contains the Gilbert Islands and has territory in Oceania.,0,0.0,0.75,9268.326792000153,False,cok,0
WebQTrn-775_5247c1be3efc99c92c92252207b7a20d,What group has Augrey o'Day in it and went on the concert tour Making the Band 4?,Danity Kane,The question does not provide enough information to determine if Augrey o'Day is part of the group that went on the,0,0.0,0.75,8522.868484000355,False,cok,0
WebQTrn-2444_78f882dc1f711bbf67aec90c079f9864,The sports team owner Fred Hanser Stadium is where?,Busch Stadium,"To determine the correct answer, let's analyze the given information step by step:",0,0.0,0.75,9277.804694000224,False,cok,0
WebQTest-1384_563b401a13e5a2b9bc3c9ec4bbe58962,What is the predominant religion in the country with Hatikvah as its national anthem?,Judaism,"The information provided does not specify the predominant religion in Israel, only that Hatikvah is its national anthem.",0,0.0,0.75,8615.622342000279,False,cok,0
WebQTrn-2400_56cc72c5eb2b46ff90577926dbe8cb1a,Who played the character Ratty Nepalese in the film Raiders of the Lost Ark?,Harrison Ford,"The information provided does not contain any details about the character Ratty Nepalese or the film ""Raiders of",0,0.0,0.75,9277.444286999526,False,cok,0
WebQTrn-3166_762847d07f73b2ca5fd1504d7dcd9d9a,What is the capital city of the nation in which the monetary system is based on the South Korean won?,Seoul,"The information provided does not specify a nation whose monetary system is based on the South Korean won. Therefore, it's impossible",0,0.0,0.75,9234.696776002238,False,cok,0
WebQTest-1260_c4e06c3a9e4b4f10bd1ae97f1742c198,Which Super Bowl was won by the team that also won the AFC Championship Game in 2013?,Super Bowl XXXV,The information provided does not contain any details about an AFC Championship Game or a Super Bowl win by the San Francisco Giants.,0,0.15384615384615383,0.75,9239.345736001269,False,cok,0
WebQTrn-436_b301288f1064d4357ae5d8271061e1d1,"Who played Dumbledore in which film, that has a character named, Ghost of the Cavalier?",Richard Harris,"The information provided does not contain any details about the character ""Dumbledore"" or ""Ghost of the Cavalier."" Therefore",0,0.0,0.75,9254.041232001327,False,cok,0
WebQTrn-2335_a9b18d079f29555cbd1e1740c7d6e40e,The country that has Krasnodar Krai has which song as its national anthem?,National Anthem of Russia,The given reasoning chain does not provide information about Krasnodar Krai or the national anthem of any country that might,0,0.24999999999999997,0.75,9232.232258000295,False,cok,0
WebQTest-61_9be8c18e016b713cbb7f7feb6badebc7,What religion with religious text The Bible is practiced in Indonesia?,Protestantism,Christianity,0,0.0,0.75,9230.168532998505,False,cok,0
WebQTrn-2569_91d303bf23f9a9eeb4e2fb2c28cf04b2,What venue does the basketball team owned by Leslie Alexander play at?,Toyota Center,The information provided does not specify a basketball team owned by Leslie Alexander or its venue. The chain of reasoning primarily focuses on,0,0.0,0.75,7748.485055999481,False,cok,0
WebQTrn-3049_549e26794f52c12e657662c92cddfb02,What city hosted the 1996 Summer Olympics?,1996 Summer Olympics,Atlanta,0,0.0,0.75,8058.584382000845,False,cok,7
WebQTrn-2319_1ad2d84ababa47e6d24a8dd6eb2b7943,What is the official language of the Ukrainian Greek Catholic Church?,Albanian language,The information provided in the reasoning chain does not directly address the official language of the Ukrainian Greek Catholic Church. The chain contains,0,0.16,0.75,9241.150891997677,False,cok,0
WebQTrn-1677_51c7c4987eaddd466e006afb819973d8,In what film with a character named Robinson did Adam Sandler play in?,Paul Blart: Mall Cop 2,The information provided does not contain any details about Adam Sandler or a character named Robinson. The chain of reasoning is about,0,0.0,0.75,9242.385514000489,False,cok,0
WebQTest-1603_1f6f264bb8ed75d1f1faf9b26044401b,What is the sacred text of the religion who has Grotto-heavens as a sacred site?,Zhuang Zhou,"The information provided in the reasoning chain does not contain any reference to a religion that considers ""Grotto-heavens",0,0.0,0.75,9258.186570998078,False,cok,0
WebQTest-1348_c5fda963a318e2c3c33977d39d07dabb,What sports team with the fight song Forward Rebels did Peyton Manning 's dad play for?,Ole Miss Rebels football,"To find the answer, we need to identify Peyton Manning's father and then determine which sports team he played for that has",0,0.0,0.75,9249.30710300032,False,cok,0
WebQTest-1560_d87e6003e0bb73430e71d08cbc015b56,Who is the governmental officer prior to 3-4-1795 and founded New York University?,Albert Gallatin,"The given information does not provide any details about a governmental officer prior to March 4, 1795,",0,0.0,0.75,9247.113867000735,False,cok,0
WebQTrn-2218_dacbec08f8d31829038751934850ed95,What is the hometown of the architect who designed Mount Vernon?,Westmoreland County,The information provided does not include any details about the architect of Mount Vernon or their hometown.,0,0.0,0.75,9252.625004999572,False,cok,0
WebQTest-1260_8d86dc5e03446f0e50fd69bc06ae0658,During which NFL season did the team owned by Steve Biscotti win the super bowl?,Super Bowl XXXV,The provided information does not contain any details about an NFL team owned by Steve Biscotti or its Super Bowl wins.,0,0.16666666666666666,0.75,9239.419885998359,False,cok,0
WebQTrn-662_5ec0304dbb715858e564cb8426b7e4f7,What is the first name of the club that claimed the 2007-08 Premier League championship?,Newton Heath L&YR F.C.,Manchester United,0,0.0,0.75,9273.170576998382,False,cok,0
WebQTrn-1539_de8059b06640bb0b9cbe51ff95a7589a,Who plays in the film with the character Commander Kent?,Kevin James,"To determine who plays the character Commander Kent in a film, we need to follow the information provided in the reasoning chain:",0,0.0,0.75,9271.892740998737,False,cok,0
WebQTest-61_5b52c9e057d0f0e6704f0b264e864dfc,What Indonesia religion includes a place of worship named Church?,Catholicism,"Based on the given reasoning chain, there is no direct information that links a specific religion in Indonesia with the place of worship",0,0.0,0.75,9265.126992999285,False,cok,2
WebQTest-1817_471b83eade9707a4dba68e201bf29d73,What college in Greenwich Time Zone did Jr Tolkien attend school?,University of Oxford,There is no information provided about J.R.R. Tolkien attending any college in the Greenwich Time Zone.,0,0.0,0.75,9281.510404001892,False,cok,0
WebQTrn-2335_c071c552853eb739a0ff0c67bb9ed366,The location that appointed Dmitry Medvedev to govermental position has what national anthem?,National Anthem of Russia,"To determine the national anthem of the location that appointed Dmitry Medvedev to a governmental position, we need to identify which",0,0.24,0.75,9271.174605000851,False,cok,0
WebQTest-361_c4a62b0d37183dfdd1ca06ad4dfafcf5,"What museum is located in Vienna, Austria,and was established the latest?",Sigmund Freud Museum,"The information provided does not contain any details about museums located in Vienna, Austria, or their establishment dates. Therefore, it",0,0.0,0.75,9253.558121999959,False,cok,0
WebQTrn-2292_8c30eccd3cde88b0a0d389f34d086641,The country that has the national anthem The Internationale has what kind of economy?,Communist state,"The information provided does not specify the type of economy for any country, including the one with ""The Internationale"" as",0,0.0,0.75,9274.0572900002,False,cok,0
WebQTrn-3084_62ea63f7954eccb68d685d3695c0b84d,What country that imports from Japan and uses Australian dollar?,Kiribati,None,0,0.0,0.75,9256.8377159987,False,cok,0
WebQTrn-2815_b0ec4891d80892c6499b17b0c8c363e2,Where was a famous person with the medical condition Addison's disease reared?,Brookline,"The famous person with Addison's disease, John F. Kennedy, was reared in the United States of America.",0,0.0,0.75,9265.565470999718,False,cok,0
WebQTest-1251_d08336daa754523cf13934359b794632,What country speaks Germanic languages with a capital called Brussels?,Belgium,Belgium,1,1.0,0.75,7138.908072000049,False,cok,3
WebQTest-1560_9c92108cab15de86fd747fe1982c5294,Who founded the branch organization that was originally a project of the Margaret Sanger Papers?,Albert Gallatin,"To determine who founded the branch organization that was originally a project of the Margaret Sanger Papers, we need to follow the",0,0.0,0.75,9259.957828999177,False,cok,0
WebQTrn-1077_12953ec0b5895afd7da838969d549013,What religions are practiced in the country that Pakistan exports to?,Shia Islam,"To determine the religions practiced in the country that Pakistan exports to, we need to follow these steps:",0,0.0,0.75,9299.669211999571,False,cok,0
WebQTrn-241_80f2b6d0b0be2a02253089622461bd98,What European Union country is home to the capital city pf Brussels?,Belgium,Belgium,1,1.0,0.75,9285.331432998646,False,cok,2
WebQTrn-1939_3dc4d094915cc69911e4edefe742a167,"What office position was held from March 19, 1790 and was Abraham Lincoln's political experience?",United States Representative,President,0,0.0,0.75,8878.341766998346,False,cok,0
WebQTest-719_f627c1bb9cdbcf6a029c816631a982b2,Which political party does the Noelani Elementary School represent?,Democratic Party,The given information does not provide any details about the political party that Noelani Elementary School represents. The reasoning chain only contains,0,0.08333333333333334,0.75,9251.598333001311,False,cok,0
WebQTrn-3766_cb21e01db360ce345ff98f5f2ac4b3e8,Which form is currency is most utilized in the nation where the Peruvian nuevo sol is used?,Peruvian nuevo sol,"The Peruvian nuevo sol is used in Peru. According to the information provided, the currency used in Peru is reviewed as",0,0.25,0.75,9235.877921000792,False,cok,0
WebQTrn-105_af0a37b13a66138a543af50c2ac24bb8,Which currency is the best one to take when visiting the area where a governmental post was given to Adly Mansour in 2013?,Egyptian pound,To determine the best currency to take when visiting the area where Adly Mansour received a governmental post in 20,0,0.0,0.75,9242.0863979969,False,cok,0
WebQTrn-452_006b1f1ed800c636a01f3888644cc1eb,"In which city, does Lala Anthony live, where the TV show Ace of Cakes was filmed?",Baltimore,The information provided in the reasoning chain does not contain any details about Lala Anthony or the TV show Ace of Cakes,0,0.0,0.75,9251.146742000856,False,cok,0
WebQTest-654_f4440609f5cecb091bf8e86adb47be25,"What is the currency in the country whose national anthem is Bilady, Bilady, Bilady?",Egyptian pound,"The national anthem ""Ishy Bilady"" belongs to Germany based on the provided chain of information. Therefore, the",0,0.0,0.75,9251.08384899795,False,cok,0
