qid,question,gold,prediction,em,f1,confidence,latency_ms,abstained,x_method,x_rank
WebQTest-0,what does jamaican people speak,Jamaican English,Jamaican people speak Jamaican Creole English Language and Jamaican English.,0,0.8235294117647058,0.75,9304.62954199902,False,cok,5
WebQTest-1,what did james k polk do before he was president,United States Representative,"Before becoming president, James K. Polk was elected to the U.S. House of Representatives and supported Andrew Jackson's",0,0.30303030303030304,0.75,9425.715149998723,False,cok,0
WebQTest-3,who plays ken barlow in coronation street,William Roache,"The information provided does not directly state who plays Ken Barlow in Coronation Street. However, based on the given data",0,0.0,0.75,9330.919526000798,False,cok,0
WebQTest-6,where is jamarcus russell from,Mobile,JaMarcus Russell is from the United States of America.,0,0.0,0.75,9313.333402998978,False,cok,0
WebQTest-7,where was george washington carver from,Diamond,George Washington Carver was from the United States of America.,0,0.0,0.75,9329.416929002036,False,cok,0
WebQTest-8,what else did ben franklin invent,Lightning rod,"Based on the reasoning chain provided, besides the Franklin stove and Bifocals, there is no direct mention of other",0,0.1904761904761905,0.75,9311.796011003025,False,cok,0
WebQTest-9,who was richard nixon married to,Pat Nixon,"Richard Nixon was married to Pat Nixon and his spouse m.02h98gq, who is likely his",0,0.3157894736842105,0.75,8594.608047002112,False,cok,0
WebQTest-12,who is governor of ohio 2011,John Kasich,None of the information provided in the reasoning chain pertains to the governor of Ohio in 2011. The,0,0.0,0.75,9101.38392099907,False,cok,0
WebQTest-13,who was vice president after kennedy died,Lyndon B. Johnson,Lyndon B. Johnson was the Vice President after Kennedy died.,0,0.4615384615384615,0.75,9154.636341001606,False,cok,1
WebQTest-14,where is the fukushima daiichi nuclear plant located,Japan,"The Fukushima Daiichi Nuclear Power Plant is located in Fukushima Prefecture, Japan.",0,0.15384615384615385,0.75,8951.83387799625,False,cok,1
WebQTest-16,what countries are part of the uk,Wales,"The United Kingdom itself is a country, and it includes several constituent countries and regions such as England (which includes East of",0,0.08695652173913045,0.75,9318.44597300369,False,cok,0
WebQTest-19,what is my timezone in louisiana,Central Time Zone,Central Time Zone,1,1.0,0.75,9305.657477998466,False,cok,1
WebQTest-20,what did st augustine do,Writer,"Based on the information provided in the reasoning chain, it is not explicitly stated what St. Augustine did. However, we",0,0.0,0.75,9312.334253998415,False,cok,0
WebQTest-21,who is keyshia cole dad,Sal Gibson,Leon Cole,1,1.0,0.75,9296.214312002121,False,cok,0
WebQTest-22,what kind government does egypt have,Semi-presidential system,Egypt has a semi-presidential system of government. The reasoning chain provided indicates that Egypt's form of government is described as,0,0.24000000000000002,0.75,9309.692904993426,False,cok,3
WebQTest-23,what town was martin luther king assassinated in,Memphis,Memphis,1,1.0,0.75,9330.303893002565,False,cok,2
WebQTest-24,where did edgar allan poe died,Baltimore,Baltimore,1,1.0,0.75,8649.486409005476,False,cok,3
WebQTest-26,what to do today in atlanta with kids,Fox Theatre,"The information provided does not directly answer the question ""What to do today in Atlanta with kids."" However, based on the",0,0.22222222222222224,0.75,9302.292701002443,False,cok,0
WebQTest-28,what electorate does anna bligh represent,Electoral district of South Brisbane,The information provided in the reasoning chain does not specify which electorate Anna Bligh represents. The chain mentions her role as Premier,0,0.0,0.75,8405.45872200164,False,cok,0
WebQTest-31,where did andy murray started playing tennis,2005,The given information does not specify where Andy Murray started playing tennis.,0,0.0,0.75,7809.638031998475,False,cok,0
WebQTest-32,what is the australian dollar called,AUD,"The Australian dollar is simply referred to as the ""Australian dollar."" There is no different name for it in the context of",0,0.0,0.75,8166.883878999215,False,cok,0
WebQTest-33,what timezone is sweden,Central European Time Zone,Central European Time Zone,1,1.0,0.75,9299.998836999293,False,cok,1
WebQTest-34,who did cam newton sign with,Carolina Panthers,"Cam Newton signed with multiple teams, including the Carolina Panthers (represented by m.04nb7yn), the Atlanta",0,0.2222222222222222,0.75,9308.769867006049,False,cok,0
WebQTest-35,what county is frederick md in,Frederick County,"Frederick County is in Maryland. The county seat of Frederick County is Frederick. Therefore, Frederick is located within Frederick County,",0,0.6206896551724138,0.75,9311.010205005005,False,cok,6
WebQTest-36,what highschool did harper lee go to,Monroe County High School,John F. Kennedy High School,0,0.4444444444444445,0.75,7621.620671998244,False,cok,0
WebQTest-37,what timezone is utah in,Mountain Time Zone,Utah is in the Mountain Time Zone.,0,0.6,0.75,9298.979138002323,False,cok,1
WebQTest-38,who did george w. bush run against for the second term,John Kerry,The information provided does not contain any details about George W. Bush's second term presidential campaign or who he ran against.,0,0.0,0.75,8495.190441004524,False,cok,0
WebQTest-39,who is niall ferguson 's wife,Ayaan Hirsi Ali,The given information does not provide any details about Niall Ferguson's wife.,0,0.0,0.75,9318.57425900671,False,cok,0
WebQTest-41,where is the galapagos islands located on a world map,Ecuador,The information provided does not include the location of the Galapagos Islands. The given chain of reasoning only contains information about,0,0.0,0.75,9304.940854999586,False,cok,0
WebQTest-42,what are the songs that justin bieber wrote,Somebody to Love,"Based on the information provided in the reasoning chain, we cannot definitively list the specific songs that Justin Bieber wrote. The",0,0.2162162162162162,0.75,9294.0384120011,False,cok,0
WebQTest-43,what did george clemenceau do,Physician,"The given reasoning chain does not contain any information about George Clemenceau or his actions. Therefore, I cannot determine what",0,0.0,0.75,9318.213143997127,False,cok,0
WebQTest-44,what is the state flower of arizona,Saguaro,"The state flower of Arizona is not directly provided in the given chain of reasoning. However, based on the information provided,",0,0.0,0.75,9307.529291996616,False,cok,0
WebQTest-45,where was rihanna born and raised,Saint Michael Parish,"Based on the given reasoning chain, Rihanna's place of birth is reviewed, but the specific location is not provided. Additionally",0,0.0,0.75,9300.123589004215,False,cok,0
WebQTest-46,what year did president william henry harrison take office,1841-03-04,The chain provided does not contain the specific information about the year William Henry Harrison took office as President. Based on the given,0,0.0,0.75,9326.79306499631,False,cok,0
WebQTest-47,where george lopez was born,Mission Hills,The information provided does not contain any details about George Lopez's place of birth. The reasoning chain only includes a person named,0,0.0,0.75,9308.028409999679,False,cok,0
WebQTest-48,where are samsung based,Suwon,"The information provided in the reasoning chain does not contain any direct reference to Samsung's location or base. Therefore, I cannot",0,0.0,0.75,9304.664240997226,False,cok,0
WebQTest-49,what did the islamic people believe in,Ṭūbā,"Based on the reasoning chain provided, Islamic people believe in Islamism as indicated by the ideologies of the Islamic Party, Building",0,0.22222222222222224,0.75,9322.635816999536,False,cok,0
WebQTest-51,who will play mr gray in the film,Jamie Dornan,The information provided does not specify which character Mr. Gray is referring to or which film he will be playing in. There,0,0.0,0.75,9312.305792002007,False,cok,0
WebQTest-52,what did george orwell died of,Tuberculosis,The given information does not specify the cause of George Orwell's death. The provided reasoning chain includes details about his place of,0,0.0,0.75,8021.046004003438,False,cok,0
WebQTest-54,what country did adolf hitler control,Nazi Germany,The reasoning chain provided does not directly lead to the answer about Adolf Hitler controlling a country. The chain focuses on events and,0,0.0,0.75,9307.772521002335,False,cok,0
WebQTest-55,who is michael buble,Actor,The given reasoning chain does not contain any information about Michael Bublé. The chain provides details about Edward Burd and,0,0.0,0.75,8810.720002999005,False,cok,0
WebQTest-56,what county is kansas city kansas,Wyandotte County,"The reasoning chain provided does not directly address the specific question about which county Kansas City, Kansas is located in. The chain",0,0.08333333333333334,0.75,9297.439230002055,False,cok,0
WebQTest-58,who did jackie robinson first play for,UCLA Bruins football,The given information does not provide any details about Jackie Robinson's first team. The reasoning chain only contains information about Gerald Robinson,0,0.0,0.75,9299.00465800165,False,cok,0
WebQTest-59,when did annie open,1976-08-10,The given information does not provide any details about when Annie Lee Cooper opened or any related event. There is no date or,0,0.0,0.75,9315.972159994999,False,cok,0
WebQTest-60,where did eleanor roosevelt die,Manhattan,Manhattan,1,1.0,0.75,6514.59410499956,False,cok,1
WebQTest-61,what are the religions practiced in indonesia,Catholicism,"The final answer to the original question ""What are the religions practiced in Indonesia?"" cannot be directly derived from the given reasoning",0,0.0,0.75,9310.924699995667,False,cok,0
WebQTest-62,what was jesse james killed with,Firearm,"The information provided in the reasoning chain does not contain any details about Jesse James or his cause of death. Therefore, based",0,0.0,0.75,9314.515905003645,False,cok,0
WebQTest-63,who was vp for lincoln,Hannibal Hamlin,"Based on the information provided in the reasoning chain, there is no direct mention of who was the Vice President for Abraham Lincoln",0,0.0,0.75,8100.912128000346,False,cok,0
WebQTest-64,what other books did charles dickens write,A Christmas Carol (Chrysalis Children's Classics Series),"Based on the information provided in the reasoning chain, there is no explicit mention of other books written by Charles Dickens. The",0,0.27906976744186046,0.75,9299.54371000349,False,cok,0
WebQTest-65,who was the first dictator of the soviet union,Vladimir Lenin,"The final answer to the original question ""who was the first dictator of the Soviet Union"" is not directly addressed in the",0,0.0,0.75,9483.8308699982,False,cok,0
WebQTest-66,what is the currency of puerto rico called,United States Dollar,The currency of Puerto Rico is called the United States Dollar.,0,0.42857142857142855,0.75,8580.878928005404,False,cok,1
WebQTest-67,what kind of cancer did carl wilson have,Lung cancer,The given reasoning chain does not provide information about Carl Wilson or his cancer type. The chain only contains information about Woodrow,0,0.08333333333333334,0.75,9308.028346000356,False,cok,0
WebQTest-68,who plays the voice of kitt in knight rider,William Daniels,The information provided does not directly state who plays the voice of KITT in Knight Rider. The chain of reasoning mainly focuses,0,0.0,0.75,9326.964826999756,False,cok,0
WebQTest-69,what county is brentwood tennessee in,Williamson County,"The given information does not contain a direct reference to Brentwood, Tennessee. Therefore, we cannot determine which county Brentwood",0,0.09523809523809525,0.75,9311.259387999598,False,cok,0
WebQTest-71,who did michael j fox marry,Tracy Pollan,The information provided does not contain any details about Michael J. Fox's marriage. The reasoning chain is primarily focused on William,0,0.0,0.75,9320.821396999236,False,cok,0
WebQTest-72,what battles did stonewall jackson fight in,Manassas Station Operations,"Based on the information provided in the reasoning chain, Stonewall Jackson was involved in the Battle of Forts Jackson and",0,0.1739130434782609,0.75,9325.420765002491,False,cok,0
WebQTest-73,what language do the maasai tribe speak,Maasai Language,"The reasoning chain provided does not contain information about the Maasai tribe or their language. Therefore, based on the given",0,0.18181818181818182,0.75,6999.914621999778,False,cok,0
WebQTest-74,who did benjamin franklin get married to,Deborah Read,m.0j4kb46,0,0.0,0.75,9330.30021799641,False,cok,0
WebQTest-75,what disease did patrick swayze died from,Pancreatic cancer,"The information provided in the reasoning chain does not include any details about Patrick Swayze's cause of death. Therefore,",0,0.0,0.75,7735.3068590018665,False,cok,0
WebQTest-76,what works of art did leonardo da vinci produce,g.121wt37c,The given information does not provide any details about Leonardo da Vinci's works of art. The provided reasoning chain focuses on Leonardo,0,0.32786885245901637,0.75,7699.211780003679,False,cok,0
WebQTest-77,what capital of austria,Vienna,"The reasoning chain provided does not contain information about the capital of Austria. Based on the given information, we can determine that",0,0.0,0.75,7178.776911998284,False,cok,0
WebQTest-78,what type of cancer did eva peron have,Cervical cancer,The information provided does not specify the type of cancer Eva Peron had. The reasoning chain focuses on various types of cancer,0,0.15384615384615385,0.75,7551.134283996362,False,cok,0
WebQTest-79,what country did buddha come from,Nepal,"The information provided in the reasoning chain does not include the country Gautama Buddha came from. To accurately answer this question,",0,0.0,0.75,7126.274226997339,False,cok,0
WebQTest-80,what county is greeley colorado in,Weld County,"The given reasoning chain does not contain information about Greeley, Colorado. Therefore, we cannot determine which county Greeley,",0,0.09999999999999999,0.75,9312.615658003779,False,cok,0
WebQTest-82,what did peter tchaikovsky do,Musician,"Based on the information provided in the reasoning chain, Peter Tchaikovsky is not mentioned or connected to any profession or",0,0.0,0.75,9334.16165199742,False,cok,0
WebQTest-83,which countries speak german officially,Belgium,"Based on the information provided in the reasoning chain, Germany is the main country where German is spoken as an official language.",0,0.08695652173913045,0.75,9302.43561899988,False,cok,0
WebQTest-84,what type of music did john lennon sing,Rock music,"Based on the reasoning chain provided, we can infer that John Lennon sang rock music and pop music, as these genres are",0,0.24000000000000002,0.75,9305.362605002301,False,cok,0
WebQTest-85,who are the colorado representatives,Mark Udall,"Based on the provided reasoning chain, the Colorado representatives mentioned are:",0,0.0,0.75,9310.506886002258,False,cok,0
WebQTest-86,which country does greenland belong to,Denmark,Greenland does not belong to any of the countries mentioned in the reasoning chain. The reasoning chain provided is about Iceland and its,0,0.0,0.75,9287.928730002022,False,cok,0
WebQTest-87,what the zip code for seattle washington,98185,"The reasoning chain provided does not contain any information about Seattle or its zip codes. Therefore, based on the given chain,",0,0.0,0.75,9310.142632995849,False,cok,0
WebQTest-88,who is willow smith mom name,Jada Pinkett Smith,The information provided does not contain any direct or indirect reference to Willow Smith's mother's name. The chain of reasoning mainly,0,0.07692307692307691,0.75,9319.065436997334,False,cok,0
WebQTest-89,what do you call the chinese writing system,Simplified Chinese character,"The Chinese writing system is called Hanzi. However, based on the given reasoning chain, there is no direct information about",0,0.09090909090909091,0.75,7254.631046998838,False,cok,0
WebQTest-90,who played on the jeffersons,Damon Evans,"Based on the information provided in the reasoning chain, there is no specific actor mentioned as playing Thomas Jefferson in the show """,0,0.0,0.75,9305.274327998632,False,cok,0
WebQTest-91,what is the name of the san francisco newspaper,Synapse,"Based on the information provided in the reasoning chain, there is no direct mention of a specific newspaper circulating in San Francisco.",0,0.2926829268292683,0.75,7081.389715000114,False,cok,0
WebQTest-93,what continent does armenia belong to,Europe,"Armenia is located in Asia, as Turkey (which shares a border with Armenia) is partially contained by Asia according to the",0,0.0,0.75,9306.873119996453,False,cok,6
WebQTest-94,what did randy savage died of,heart attack,The given information does not provide any details about Randy Savage's cause of death. The reasoning chain focuses on Randy White and,0,0.0,0.75,7608.270557000651,False,cok,0
WebQTest-95,what was the title of the book charles darwin wrote,On evolution,"The information provided in the reasoning chain does not contain any details about Charles Darwin or the book he wrote. Therefore, I",0,0.32967032967032966,0.75,8594.96341200429,False,cok,0
WebQTest-96,where did richard nixon die,New York City,"Richard Nixon died in California, as the Birthplace of Richard Nixon is contained within California and the information provided includes details about",0,0.0,0.75,7918.73825899529,False,cok,0
WebQTest-97,what songs does smokey robinson sing,Just to See Her,"The information provided in the reasoning chain does not contain any direct reference to Smokey Robinson or his songs. Therefore,",0,0.26086956521739135,0.75,9315.620334004052,False,cok,0
WebQTest-98,who was vice president when jfk was president,Lyndon B. Johnson,Lyndon B. Johnson was the Vice President when John F. Kennedy was President.,0,0.375,0.75,9378.880775999278,False,cok,2
WebQTest-99,what is serbian language called,Serbian language,"The reasoning chain provided does not contain any information about the Serbian language. Therefore, I cannot determine the name of the Serbian",0,0.24000000000000002,0.75,9303.464131997316,False,cok,0
WebQTest-100,what language is spoken in haiti today,Haitian Creole,Haitian Creole,1,1.0,0.75,8338.17208000255,False,cok,1
WebQTest-102,who played barbara gordon batgirl,Melinda McGraw,"Based on the information provided in the reasoning chain, there is no direct mention of who played Barbara Gordon/Batgirl.",0,0.0,0.75,7298.896116997639,False,cok,0
WebQTest-103,what basketball teams has shaq played for,Miami Heat,The information provided in the reasoning chain does not contain any data about Shaquille O'Neal (Shaq) or,0,0.0,0.75,9322.048526999424,False,cok,0
WebQTest-104,where is jay leno from,New Rochelle,Jay Leno is from the United States of America.,0,0.0,0.75,9309.863372996915,False,cok,0
WebQTest-105,what language do people from thailand speak,Mon Language,"The information provided in the reasoning chain does not contain any data related to the language spoken in Thailand. Therefore, I cannot",0,0.08333333333333334,0.75,8099.50513199874,False,cok,0
WebQTest-106,who did armie hammer play in the social network,Cameron Winklevoss,"The given reasoning chain does not contain any information related to Armie Hammer or his role in The Social Network. Therefore,",0,0.0,0.75,9326.058158003434,False,cok,0
WebQTest-107,what was thomas jefferson role in the declaration of independence,Lawyer,Thomas Jefferson was a key drafter of the Declaration of Independence.,0,0.0,0.75,9404.698894999456,False,cok,0
WebQTest-108,what was the book written by charles darwin,On evolution,"The given information does not contain any details about a book written by Charles Darwin. Therefore, I cannot determine the book written",0,0.27906976744186046,0.75,9326.170227002876,False,cok,0
WebQTest-109,who did tim tebow play college football for,Florida Gators football,Tim Tebow played college football for the University of Florida.,0,0.30769230769230765,0.75,9321.860721000121,False,cok,7
WebQTest-110,who does peyton manning play football for,Denver Broncos,"The information provided in the reasoning chain does not directly state which team Peyton Manning plays for. However, based on the context",0,0.0,0.75,9012.857009998697,False,cok,0
WebQTest-111,where is the carpathian mountain range located,Europe,"The Carpathian mountain range is located in Europe, which is contained by both Eurasia and includes countries such as Hungary",0,0.09523809523809523,0.75,9302.104636000877,False,cok,2
WebQTest-112,what was robert burns,Bard,"The given information does not provide any details about Robert Burns. The name ""Robert Burns"" is not present in the provided",0,0.0,0.75,9306.379184999969,False,cok,0
WebQTest-114,who did the voice of darth vader in episode 3,Hayden Christensen,The information provided does not contain any details about the voice actor for Darth Vader in Star Wars Episode 3. The reasoning,0,0.0,0.75,9335.785479997867,False,cok,0
WebQTest-115,what super bowl did peyton manning win,Super Bowl XLI,The information provided in the reasoning chain does not contain any details about Peyton Manning or Super Bowls. The chain is related,0,0.08,0.75,9339.085578001686,False,cok,0
WebQTest-116,which country was justin bieber born in,Canada,Canada,1,1.0,0.75,9299.462914001197,False,cok,7
WebQTest-118,who fought in the gulf war 1991,France,The Gulf War (1991) involved Iraq and other coalition forces led by the United States. The reasoning chain,0,0.1818181818181818,0.75,9322.791642000084,False,cok,0
WebQTest-119,who plays london tipton in suite life on deck,Brenda Song,The information provided does not include details about who plays London Tipton in Suite Life on Deck. To find the correct,0,0.0,0.75,8102.072893001605,False,cok,0
WebQTest-121,what team did david beckham play for in 2011,LA Galaxy,The given information does not provide any details about the team David Beckham played for in 2011. The chain,0,0.0,0.75,9303.89257799834,False,cok,0
WebQTest-122,where did francisco coronado come from,Salamanca,The given information does not provide any details about Francisco Coronado's nationality or origin. The reasoning chain only contains information about,0,0.0,0.75,9308.901108997816,False,cok,0
WebQTest-123,what all does google now do,Google Glass,"The given reasoning chain does not provide information about what Google does. It only contains information about Dillinger Media, Web",0,0.09090909090909091,0.75,9314.486783994653,False,cok,0
WebQTest-124,what language does egyptian people speak,Modern Standard Arabic,"Egyptian Arabic is spoken by Egyptian people, with Modern Standard Arabic being the official language.",0,0.4210526315789474,0.75,9302.791870002693,False,cok,5
WebQTest-125,what are abraham sons names,Midian,The given information does not provide any details about Abraham Lincoln's sons' names. The reasoning chain only contains information about Abraham,0,0.0,0.75,9296.521778996976,False,cok,0
WebQTest-126,who wrote the jana gana mana,Ram Singh Thakur,"The information provided in the reasoning chain does not contain any details about who wrote ""Jana Gana Mana."" Therefore,",0,0.0,0.75,9322.974593000254,False,cok,0
WebQTest-127,what type of cancer did gilda radner die of,Ovarian cancer,The information provided in the reasoning chain does not include any details about Gilda Radner's cause of death or the type,0,0.0,0.75,7986.771474999841,False,cok,0
WebQTest-128,who plays juni cortez,Daryl Sabara,The information provided in the reasoning chain does not specify who plays Juniors Cortez. The chain only lists some of the,0,0.0,0.75,9320.953412003291,False,cok,0
WebQTest-129,what was lucille ball,Actor,"Lucille Ball is not directly mentioned in the given reasoning chain. The chain focuses on Jackie, Ethel, and Joan",0,0.0,0.75,9305.872366996482,False,cok,3
WebQTest-131,who inspired obama,Nipsey Russell,"The inspiration for Barack Obama is not explicitly stated in the given chain. However, based on the context provided, it can",0,0.0,0.75,7870.362317000399,False,cok,0
WebQTest-132,who is michael j fox wife,Tracy Pollan,"The given reasoning chain does not provide information about Michael J. Fox's wife. The chain primarily focuses on William Fox,",0,0.0,0.75,9306.879162999394,False,cok,0
WebQTest-133,where did dolly parton grow up,Sevierville,"Based on the information provided in the reasoning chain, Dolly Parton was born in Alvin, Tennessee, United States",0,0.0,0.75,7063.381681997271,False,cok,0
WebQTest-134,what type of books did agatha christie wrote,Writer,"Agatha Christie wrote mystery novels, which are a common type of book associated with her work, although the given information also",0,0.0,0.75,9295.774357000482,False,cok,5
WebQTest-138,what are the four main languages spoken in spain,Catalan language,"The reasoning chain provided does not directly address the four main languages spoken in Spain. Instead, it provides information about countries where",0,0.0,0.75,9307.792445004452,False,cok,0
WebQTest-139,where is the nra headquarters located,Fairfax,The information provided in the reasoning chain does not contain any details about the NRA (National Rifle Association) headquarters location. Therefore,0,0.0,0.75,9332.792833003623,False,cok,0
WebQTest-141,who is gimli 's father in the hobbit,Gloin,"The information provided does not contain any details about Gimli's father in ""The Hobbit."" The chain of facts given",0,0.0,0.75,7496.938588003104,False,cok,0
WebQTest-142,who developed the tcp ip reference model,Vint Cerf,The information provided in the reasoning chain does not contain any details about the TCP/IP reference model or its developers. The chain,0,0.0,0.75,9314.774997998029,False,cok,0
WebQTest-145,what college did albert einstein go to,ETH Zurich,"The information provided does not specify which college Albert Einstein attended. It only mentions that he was a teacher and a writer,",0,0.0,0.75,9298.009015001298,False,cok,0
WebQTest-146,what team does jordan own,Jordan national football team,Jordan does not own any sports teams based on the given information. The reasoning chain provided does not contain any information about Jordan,0,0.12903225806451613,0.75,7411.818294000113,False,cok,0
WebQTest-147,who is the state governor of tennessee,William Haslam,m.04j5sk8,0,0.0,0.75,9321.54640200315,False,cok,0
WebQTest-149,what do portuguese people speak,Portuguese Language,Portuguese Language,1,1.0,0.75,9291.333418994327,False,cok,1
WebQTest-150,what language does cuba speak,Haitian Creole,Spanish Language,1,1.0,0.75,9296.707271998457,False,cok,0
WebQTest-153,what are the sights to see in madrid,Madrid Arena,The given chain of information does not provide specific sights to see in Madrid. It only mentions that Madrid is a city and,0,0.20689655172413793,0.75,8083.0334720012615,False,cok,0
WebQTest-154,what instruments did louis armstrong play,Cornet,"Based on the given reasoning chain, there is no direct information about Louis Armstrong's instruments. The chain mentions Joseph Bowie playing",0,0.0,0.75,9293.008808002924,False,cok,0
WebQTest-155,what year was george w bush elected,2000-11-07,The information provided does not specify the year George W. Bush was elected. It only mentions that George H. W.,0,0.0,0.75,8776.818600999832,False,cok,0
WebQTest-156,what time zone am i in california,Pacific Time Zone,Pacific Time Zone,1,1.0,0.75,9301.673781999853,False,cok,1
WebQTest-157,where is mission san buenaventura located,Ventura County,"The information provided does not directly state the location of Mission San Buenaventura. However, based on the given reasoning",0,0.0,0.75,9307.108106004307,False,cok,0
WebQTest-159,what time in hilo hawaii,Hawaii-Aleutian Time Zone,"The time in Hilo, Hawaii would depend on whether it is Daylight Saving Time or Standard Time. Generally, Hawaii",0,0.3448275862068966,0.75,9309.858452994376,False,cok,0
WebQTest-160,where did rudolf virchow conduct his research,Humboldt University of Berlin,The given chain of reasoning does not contain any information about Rudolf Virchow or the location where he conducted his research,0,0.08333333333333333,0.75,8019.315366000228,False,cok,0
WebQTest-161,what university did gordon brown attend,University of Edinburgh,"Based on the given reasoning chain, there is no direct information about Gordon Brown attending a specific university. The chain mentions James",0,0.08,0.75,9311.665670000366,False,cok,0
WebQTest-162,what countries does greece share borders with,Albania,"Based on the given information and reasoning chain, we cannot definitively determine which countries Greece shares borders with. The provided data",0,0.0,0.75,9300.813814996218,False,cok,0
WebQTest-163,what year did the seahawks win the superbowl,Super Bowl XLVIII,The reasoning chain provided does not contain any information about the Seattle Seahawks winning the Super Bowl or any specific years related to that,0,0.14814814814814814,0.75,9331.59405799961,False,cok,0
WebQTest-164,what did stephen hawking become famous for,Cosmologist,g.1256w23rh,0,0.0,0.75,7428.084084996954,False,cok,0
WebQTest-165,who plays donna noble,Catherine Tate,"The final answer to the original question ""who plays donna noble"" is that none of the provided information relates to an actress",0,0.0,0.75,9298.654122001608,False,cok,0
WebQTest-166,what was dr seuss education,"Lincoln College, Oxford","The information provided in the reasoning chain does not contain any details about Dr. Seuss's education. Therefore, I cannot",0,0.0,0.75,7379.232662002323,False,cok,0
WebQTest-167,where did queensland get its name from,Queen Victoria,"The information provided in the reasoning chain does not contain any details about the origin or etymology of the name ""Queens",0,0.0,0.75,7570.053294999525,False,cok,0
WebQTest-168,what document did james madison write,"The Papers of James Madison, Secretary of State Series, Vol. 2","The information provided does not specify which document James Madison wrote. It only states that he was an author and a politician,",0,0.24390243902439024,0.75,9301.947562998976,False,cok,0
WebQTest-169,what are the three official languages of belgium,Dutch Language,"Based on the information provided in the reasoning chain, there is no explicit mention of the three official languages of Belgium. The",0,0.0,0.75,9297.959663002985,False,cok,0
WebQTest-170,who played bilbo in lord of the rings,Norman Bird,Shawn Hatosy did not play Bilbo Baggins in The Lord of the Rings. The reasoning chain provided does,0,0.0,0.75,6591.744237004605,False,cok,0
WebQTest-171,what airport do you fly into to get to destin fl,Destin–Fort Walton Beach Airport,"None of the provided information directly mentions an airport serving Destin, FL. The given data only includes airports serving Atlanta,",0,0.1739130434782609,0.75,9303.543333000562,False,cok,0
WebQTest-172,what do you call members of the senate,Senator,Members of the Senate are called United States Senators.,0,0.46153846153846156,0.75,7269.172198997694,False,cok,0
WebQTest-173,what countries are part of the baltic,Latvia,"The countries that are part of the Baltic region are Russia, Lithuania, Poland, Sweden, Denmark, and partially contained by",0,0.1,0.75,9306.929069003672,False,cok,0
WebQTest-174,what team does colin kaepernick play for,San Francisco 49ers,"The given information does not provide any details about Colin Kaepernick's current team. The reasoning chain focuses on Terence Morris,",0,0.0,0.75,7370.07040699973,False,cok,0
WebQTest-175,where did joe flacco attend college,University of Delaware,The information provided does not specify which college Joe Flacco attended. There is no direct connection between Joe Flacco and John,0,0.0,0.75,9314.52592399728,False,cok,0
WebQTest-176,who is emma stone father,Jeff Stone,"The given information does not provide any details about Emma Stone's father. The chain contains information about Oliver Stone, who is",0,0.15384615384615385,0.75,9298.895989995799,False,cok,0
WebQTest-177,where was theodore roosevelt buried,Youngs Memorial Cemetery,Theodore Roosevelt was not buried in the English Cemetery in Florence. He became the Vice President under William McKinley and later became,0,0.08,0.75,9317.648534997716,False,cok,0
WebQTest-178,who was the leader of the us during wwii,Franklin D. Roosevelt,"The leader of the United States during World War II was Franklin D. Roosevelt, not mentioned in the provided chain. The",0,0.25,0.75,8840.960838999308,False,cok,0
WebQTest-179,what artistic movement did henri matisse belong to,Neo-impressionism,The given chain of influences does not provide information about Henri Matisse or his artistic movement. The chain focuses on the,0,0.0,0.75,9386.520724001457,False,cok,0
WebQTest-180,where the missouri river ends,Mississippi River,"The Missouri River ends in the Gulf of Mexico, which is at the southernmost part of the Lower Mississippi River. Therefore",0,0.25,0.75,9302.336870001454,False,cok,3
WebQTest-181,what type of currency do they use in thailand,Thai baht,"The reasoning chain provided does not contain any information about Thailand or its currency. Therefore, based on the given chain, we",0,0.0,0.75,9289.431715005776,False,cok,0
WebQTest-182,who is khloe kardashian 's husband,Lamar Odom,The given reasoning chain does not contain any information about Khloe Kardashian or her husband. The chain is primarily focused on John,0,0.0,0.75,9397.745604001102,False,cok,0
WebQTest-184,what state does romney live in,Massachusetts,The information provided does not specify the current state where George W. Romney lives. It only indicates that he has connections to,0,0.0,0.75,7275.821994997386,False,cok,0
WebQTest-185,what type of government does france use,Semi-presidential system,"France uses a unitary state form of government. The reasoning chain provided contains some inconsistencies and redundancies, but we can",0,0.18181818181818182,0.75,9314.380656003777,False,cok,1
WebQTest-186,who rules denmark right now,Helle Thorning-Schmidt,"Denmark is ruled by a constitutional monarchy, which is a form of hereditary monarchy. The country also operates under a parliamentary",0,0.16,0.75,7971.474393001699,False,cok,0
WebQTest-187,what did stephen hawking study,Physics,The given reasoning chain does not contain any information related to Stephen Hawking or his studies. The chain is about Benjamin Franklin,0,0.0,0.75,7603.089641001134,False,cok,0
WebQTest-188,where did bristol palin go to school,West Anchorage High School,The information provided does not include Bristol Palin's educational background. The chain of reasoning focuses on Riverdale Country School and its,0,0.08,0.75,8229.018033001921,False,cok,0
WebQTest-189,what region of the world is egypt associated with,Middle East,Egypt is associated with the Middle East region of the world.,0,0.3076923076923077,0.75,8269.206732002203,False,cok,4
WebQTest-190,what did dr. seuss do,Visual Artist,"Dr. Seuss is not mentioned in the given reasoning chain, so there is no information available to answer the question about",0,0.0,0.75,9337.640561003354,False,cok,0
WebQTest-191,where did drew brees go to college wikianswers,Stanford Graduate School of Business,"The information provided in the reasoning chain does not contain any direct reference to Drew Brees or his college education. Therefore,",0,0.0,0.75,8171.719919999305,False,cok,0
WebQTest-193,what school did ben roethlisberger go to,Miami University,None of the provided information is related to Ben Roethlisberger's schooling. The given data pertains to various individuals,0,0.0,0.75,9310.724320996087,False,cok,0
WebQTest-194,where did the iroquois indians come from,Québec,The Iroquois Indians came from North America. The reasoning chain connects the Indigenous peoples of the Americas with their geographic,0,0.0,0.75,7989.790735999122,False,cok,0
WebQTest-195,what kind of guitar did george harrison use,Rickenbacker 360/12,The given reasoning chain does not provide information about George Harrison or the type of guitar he used. The chain focuses on various,0,0.0,0.75,9242.87543399987,False,cok,0
WebQTest-196,what language do navajo people speak,Navajo Language,"The Navajo people primarily speak the Navajo language. However, based on the given reasoning chain, we can infer that",0,0.2727272727272727,0.75,9311.310156997934,False,cok,0
WebQTest-197,what places make up new england,New Hampshire,"New England is made up of the states of Maine, New Hampshire, Vermont, Massachusetts, and Rhode Island.",0,0.3,0.75,9290.28177500004,False,cok,2
WebQTest-199,what type of government does iraq have now,Parliamentary system,"Iraq is a sovereign state and a country, but the specific form of government is not directly provided in the chain. Based",0,0.0,0.75,9313.921875997039,False,cok,0
WebQTest-200,where was the vietnam war location,Vietnam,Vietnam,1,1.0,0.75,9291.155977000017,False,cok,2
WebQTest-201,who did gerald ford select as his vice president when he became president,Nelson Rockefeller,"Gerald Ford did not select a Vice President as he became President through an act of succession, not an election. Richard Nixon",0,0.0,0.75,9306.99184200057,False,cok,0
WebQTest-202,what is the currency used in italy,Euro,The currency used in Italy is Euro. Let's break down the reasoning chain step by step to understand why the final answer,0,0.08333333333333333,0.75,9289.141164998,False,cok,1
WebQTest-204,what is the capital of modern egypt,Cairo,Cairo,1,1.0,0.75,8640.414749999763,False,cok,2
WebQTest-205,what school did sir ernest rutherford go to,University of Cambridge,"The information provided does not mention Sir Ernest Rutherford or his educational background. Therefore, it is not possible to determine which",0,0.0,0.75,9374.424971996632,False,cok,0
WebQTest-206,what position does brandon roy play,Small forward,The information provided in the reasoning chain does not contain any details about Brandon Roy's playing position. The chain mentions Roy Le,0,0.0,0.75,9309.759111005405,False,cok,0
WebQTest-207,where is harvard university,United States of America,"Harvard University is located in Cambridge, Massachusetts, United States of America.",0,0.5333333333333333,0.75,9312.57920799544,False,cok,1
WebQTest-209,where is laos in world map,Southeast Asia,Laos is not directly addressed in the provided reasoning chain. The chain does not contain any information about Laos. Based on the,0,0.0,0.75,9310.951625004236,False,cok,0
WebQTest-210,where is tyrese gibson from,Watts,"Tyrese Gibson is from Los Angeles, United States of America. He is an African American singer who performs in genres such",0,0.0,0.75,8214.797168002406,False,cok,0
WebQTest-211,what countries are near italy,Slovenia,"The chain of reasoning provided does not directly address the question ""What countries are near Italy?"" Instead, it provides information about",0,0.0,0.75,9296.033671998885,False,cok,0
WebQTest-212,which states does the colorado river run through,Arizona,The reasoning chain provided does not contain any information about the Colorado River or the states it runs through. The chain contains information,0,0.08333333333333333,0.75,9313.29081599688,False,cok,0
WebQTest-213,who did scarlett johansson date,Patrick Wilson,"The given information does not provide any details about Scarlett Johansson's romantic relationships. Therefore, we cannot determine who Scarlett Joh",0,0.0,0.75,9324.696036994283,False,cok,0
WebQTest-214,which continents were part of the roman empire,Europe,Europe and possibly Asia (depending on the extent of the Roman Empire's influence or control) To determine which continents were part,0,0.08695652173913045,0.75,9308.977442000469,False,cok,7
WebQTest-215,where was elvis costello born,Paddington,The information provided does not specify Elvis Costello's place of birth. All the places of birth mentioned in the reasoning chain,0,0.0,0.75,9322.271616001672,False,cok,0
WebQTest-216,where are the gobi desert located on a map,Mongolia,"The Gobi Desert is not mentioned in the provided reasoning chain, so I cannot determine its location based on this information.",0,0.0,0.75,9308.168813004158,False,cok,0
WebQTest-217,what type of government does the us follow,Presidential system,"The United States follows a representative democracy as its form of government. This can be inferred from the reasoning chain provided, which",0,0.0,0.75,9312.968425998406,False,cok,0
WebQTest-218,in which continent is germany,Europe,Europe,1,1.0,0.75,8205.282711998734,False,cok,3
WebQTest-220,what language turkey people speak,Ladino Language,"The primary language spoken in Turkey is Turkish. While English is the official language of the Turks and Caicos Islands, and",0,0.25,0.75,9056.19477199798,False,cok,0
WebQTest-221,who does jeremy lin play for,Los Angeles Lakers,"The information provided in the reasoning chain does not contain any details about Jeremy Lin or his current team affiliation. Therefore, based",0,0.0,0.75,7368.483619000472,False,cok,0
WebQTest-222,where is the seychelles on world map,Africa,"The Seychelles is located in the Indian Ocean, which is part of the African continent. However, based on the",0,0.0,0.75,9299.015124997823,False,cok,0
WebQTest-224,where did william morris go to college,"Exeter College, Oxford","Based on the information provided in the reasoning chain, there is no direct mention of William Morris attending any college. The chain",0,0.08,0.75,9087.807531002909,False,cok,0
WebQTest-225,what state is mount st. helens in,Washington,"The reasoning chain provided does not contain any information about Mount St. Helens or its location. Therefore, I cannot determine",0,0.0,0.75,9304.272736000712,False,cok,0
WebQTest-226,who is jimmy savile,Disc jockey,The given reasoning chain does not provide information about Jimmy Savile's nationality. There is no mention of Jimmy Savile in,0,0.0,0.75,9309.496143003344,False,cok,0
WebQTest-227,where were the seneca indians located,New York,"The Seneca Indians were not directly related to Seneca the Younger. However, the Seneca tribe was part of",0,0.0,0.75,9306.664937997994,False,cok,0
WebQTest-231,when did florida marlins join mlb,1994 Major League Baseball Season,The information provided in the reasoning chain does not contain any details about the Florida Marlins joining MLB. The chain focuses on the,0,0.0,0.75,7921.6547579999315,False,cok,0
WebQTest-232,what countries have spanish as the national language,Equatorial Guinea,"Based on the reasoning chain provided, the countries that have Spanish as their official language include Cuba, Puerto Rico, Argentina,",0,0.18181818181818182,0.75,7065.823919998365,False,cok,0
WebQTest-233,what to see in phoenix arizona,Pueblo Grande Ruin,"The given reasoning chain does not directly provide information about what to see in Phoenix, Arizona. However, based on the available",0,0.08333333333333333,0.75,9303.717392998806,False,cok,0
WebQTest-234,what countries does the panama canal go through,Panama,"The Panama Canal does not go through any countries; it is located within the country of Panama. However, based on the",0,0.17391304347826084,0.75,9322.266686001967,False,cok,0
WebQTest-235,what is charlie chaplin famous for,Actor,"Charlie Chaplin is famous for his work as a film actor and comedian, known for his distinctive character ""The Tramp",0,0.09523809523809523,0.75,5917.504612996709,False,cok,1
WebQTest-237,what did fred durst do,Actor,The information provided does not contain any details about Fred Durst's actions or work. The reasoning chain focuses on various topics,0,0.0,0.75,9313.989984002546,False,cok,0
WebQTest-239,where do american bulldogs originate from,United States of America,The information provided in the reasoning chain does not directly address American Bulldogs. The chain primarily discusses Old English Bulldogs and their place,0,0.0,0.75,9308.425477000128,False,cok,0
WebQTest-240,what colleges did albert einstein teach at,ETH Zurich,The given information does not provide any details about the colleges or universities where Albert Einstein taught. The provided reasoning chain only mentions,0,0.0,0.75,9303.992100998585,False,cok,0
WebQTest-241,who plays the voice of brian on family guy,Seth MacFarlane,The information provided in the reasoning chain does not contain any details about who voices the character Brian on Family Guy. The chain,0,0.0,0.75,7246.217747997434,False,cok,0
WebQTest-243,where did george w bush live as a child,New Haven,"Based on the information provided in the reasoning chain, we cannot definitively determine where George W. Bush lived as a child",0,0.0,0.75,9314.607549000357,False,cok,0
WebQTest-245,what year was the first miss america pageant held,1921-09,The information provided in the reasoning chain does not contain any specific details about the year the first Miss America pageant was held,0,0.0,0.75,8581.914265996602,False,cok,0
WebQTest-246,what was nikola tesla inventions,Wireless telegraphy,The given reasoning chain does not provide information about Nikola Tesla's inventions. The chain is primarily focused on Benjamin Franklin's inventions,0,0.08,0.75,7362.287530995673,False,cok,0
WebQTest-247,where did flemish people come from,France,The reasoning chain provided does not directly address the origin of Flemish people. It primarily focuses on geographical and organizational information about,0,0.07692307692307693,0.75,9294.43266299495,False,cok,0
WebQTest-248,what state new york city belong to,New York,New York,1,1.0,0.75,9299.800273998699,False,cok,1
WebQTest-249,what was the cause of death for bruce lee,Cerebral edema,The cause of death for Bruce Lee was cerebral edema.,0,0.33333333333333337,0.75,9319.679603999248,False,cok,1
WebQTest-250,what type of government does usa follow,Presidential system,The United States of America follows a representative democracy as its form of government. While it is not a unitary state but,0,0.0,0.75,9303.379823002615,False,cok,0
WebQTest-251,what type of currency do they use in england,Pound sterling,"They use Pound sterling in England. The reasoning chain shows that England, Wales, Scotland, and the Kingdom of Great Britain",0,0.18181818181818182,0.75,9297.517184000753,False,cok,1
WebQTest-252,where was benjamin franklin educated,Boston Latin School,"Based on the information provided in the reasoning chain, Benjamin Franklin did not receive his formal education at a traditional institution. However",0,0.0,0.75,9324.158547999104,False,cok,0
WebQTest-253,what countries included in the uk,Wales,"The United Kingdom includes several countries and regions, including England, Scotland, Wales, and Northern Ireland. Additionally, it contains",0,0.19999999999999998,0.75,9311.957219004398,False,cok,0
WebQTest-254,what countries in the world speak chinese,Vietnam,"China, Chinese Americans, and regions with significant Chinese-speaking populations such as Guangdong (Yue Chinese), Taiwan (Republic",0,0.1111111111111111,0.75,9301.107022001815,False,cok,0
WebQTest-255,where obama went to school,Occidental College,The information provided in the reasoning chain does not contain any details about where Barack Obama went to school. The chain is about,0,0.08,0.75,9311.68354399415,False,cok,0
WebQTest-256,what is the primary language of china,Standard Chinese,The primary language of China is Mandarin Chinese.,0,0.2,0.75,9300.60250099632,False,cok,0
WebQTest-257,who was the soviet leader during world war ii,Leonid Brezhnev,Nikita Khrushchev,1,1.0,0.75,7108.586731003015,False,cok,0
WebQTest-258,which of the following does australia export the most,Energy industry,The information provided in the reasoning chain does not directly indicate what Australia exports the most. The chain provides statistical data on Australia,0,0.0,0.75,9343.369593996613,False,cok,0
WebQTest-260,where was the city of david,Jerusalem,"The City of David is an archaeological site in Jerusalem, Israel. While the given chain does not directly mention the City of",0,0.08695652173913045,0.75,7129.979774996173,False,cok,0
WebQTest-261,what is cindy sherman known for,Visual Artist,"Hurricane Cindy is known for being notable for ""g.125ckk1sc"", however, there is no",0,0.0,0.75,6405.442723997112,False,cok,0
WebQTest-262,what tv shows did shawnee smith play in,All is Forgiven,The information provided in the reasoning chain does not contain any data related to Shawnee Smith. All the actors mentioned are Shawn,0,0.21428571428571427,0.75,9334.360250999453,False,cok,0
WebQTest-264,what does australia use for currency,Australian dollar,Australian dollar,1,1.0,0.75,9305.878271996335,False,cok,1
WebQTest-265,which airport to fly into rome,Ciampino–G. B. Pastine International Airport,m.0wy3szz,0,0.0,0.75,9299.819578001916,False,cok,0
WebQTest-266,what is there to do for fun in kansas city,Negro Leagues Baseball Museum,"The information provided does not directly specify activities or attractions in Kansas City, Kansas. However, based on the given chain,",0,0.24489795918367346,0.75,9314.78293100372,False,cok,0
WebQTest-267,where was martin luther king jr raised,Atlanta,The information provided does not specify Martin Luther King Jr.'s place of raising. The geolocation data given is for various,0,0.0,0.75,9333.647953004402,False,cok,8
WebQTest-268,what year was lebron james rookie season,2003–04 NBA season,The information provided in the reasoning chain does not contain any data about Lebron James or his rookie season. The chain includes,0,0.08,0.75,7706.024773004174,False,cok,0
WebQTest-269,where does delaware river start,West Branch Delaware River,The information provided in the reasoning chain does not contain any details about the starting point of the Delaware River. The chain primarily,0,0.14814814814814817,0.75,7065.816802998597,False,cok,0
WebQTest-270,what kind of monarchy does japan have,Parliamentary system,Constitutional monarchy,1,1.0,0.75,9306.373030995019,False,cok,2
WebQTest-271,where did mitt romney 's parents come from,Detroit,The given information does not provide any details about Mitt Romney's parents' origins.,0,0.0,0.75,8768.418643005134,False,cok,0
WebQTest-273,when did michael jordan return to the nba,1984,"The reasoning chain provided does not contain any information about Michael Jordan or his return to the NBA. Therefore, I cannot determine",0,0.0,0.75,8892.221091002284,False,cok,0
WebQTest-276,where was mission san rafael located,94901,"The information provided does not directly state the location of Mission San Rafael. However, based on the given reasoning chain, we",0,0.0,0.75,9317.227167004603,False,cok,0
WebQTest-277,who was esther 's husband,Ahasuerus,"The information provided in the reasoning chain does not include any details about Esther Bloom's husband. Therefore, based on the given",0,0.0,0.75,9138.283380998473,False,cok,0
WebQTest-278,who 's dating claire danes,Hugh Dancy,The given information does not provide any details about Claire Danes' romantic relationships. The information provided is about Claire McCard,0,0.0,0.75,9329.938075003156,False,cok,0
WebQTest-279,what county is st paul va in,Wise County,"The original question seems to be asking about the county that St. Paul, VA is in. However, there is no",0,0.09090909090909091,0.75,9315.336236999428,False,cok,0
WebQTest-281,what type of sports do japanese play,Japan women's national handball team,"The information provided does not directly specify the types of sports that Japanese people play. However, we can infer that sumo",0,0.0,0.75,9321.492499999295,False,cok,0
WebQTest-282,which countries share a border with russia,Latvia,"Based on the information provided in the reasoning chain, we can conclude that the following countries share a border with Russia:",0,0.0,0.75,9298.60480100615,False,cok,0
WebQTest-284,where did the latin language originate from,Indo-European languages,The Latin language originated in the Roman Empire.,0,0.0,0.75,9298.015007996582,False,cok,0
WebQTest-286,what school did karl benz go to,Karlsruhe Institute of Technology,None of the provided information pertains to Karl Benz or his schooling. The given data is about the John F. Kennedy,0,0.08,0.75,8413.246268995863,False,cok,0
WebQTest-287,what movies has carmen electra been in,We Are Family,None of the information provided in the reasoning chain mentions Carmen Electra or any of her film appearances. The chain only provides,0,0.297029702970297,0.75,9321.386703995813,False,cok,0
WebQTest-289,when do world war ii end,1945-09-02,World War II ended in 1945.,0,0.2222222222222222,0.75,8531.67572899838,False,cok,0
WebQTest-291,where did morgan freeman graduate,Pasadena Playhouse,Morgan Freeman's name does not appear in the provided chain of information. The chain mentions Brian James Freeman but does not provide,0,0.0,0.75,9134.607859996322,False,cok,0
WebQTest-294,who was carolus linnaeus,Scientist,"Carolus Linnaeus was a botanist, which is a profession notable for its descriptive names such as ""m",0,0.1111111111111111,0.75,9330.396368997754,False,cok,0
WebQTest-295,what type of government does germany have now,Representative democracy,Germany has a representative democracy as its form of government. The reasoning chain confirms this by directly stating that Germany's country form,0,0.16,0.75,9306.053375999909,False,cok,1
WebQTest-296,what kind of government does libya have today,Parliamentary republic,Provisional government,1,1.0,0.75,9300.34139300551,False,cok,0
WebQTest-297,what time zone is anaheim california,Pacific Time Zone,Pacific Time Zone,1,1.0,0.75,9305.137267001555,False,cok,1
WebQTest-298,what year did the orioles go to the world series,1970 World Series,The information provided does not include any details about the Baltimore Orioles or their appearances in the World Series. The reasoning chain focuses,0,0.15384615384615383,0.75,9313.894815000822,False,cok,0
WebQTest-300,who is sir francis bacon,Author,"Sir Francis Bacon was an English statesman, author, philosopher, and scientist. He was male and followed Anglicanism.",0,0.1111111111111111,0.75,9302.262139004597,False,cok,3
WebQTest-301,what were amelia earhart 's achievements,Pilot,The given reasoning chain does not contain any information about Amelia Earhart's achievements. The chain primarily focuses on Amelia Andersdot,0,0.0,0.75,9337.794937004219,False,cok,0
WebQTest-302,what are the official colors of the dallas cowboys,White,The official colors of the Dallas Cowboys are not directly provided in the given chain. The chain mentions George M. Dallas and,0,0.0,0.75,9313.226268001017,False,cok,2
WebQTest-303,where did margaret hoover go to college,Bryn Mawr College,Margaret Hoover did not go to college based on the information provided in the reasoning chain. The chain only contains information about Margaret,0,0.08,0.75,9322.729853003693,False,cok,0
WebQTest-304,what is jamie oliver children names,Poppy Honey Rosie Oliver,"Jamie Oliver does not have any children in the given reasoning chain. The information provided is about fictional characters and their relationships,",0,0.07692307692307693,0.75,9320.859476996702,False,cok,0
WebQTest-305,where does bradley walsh live,Los Angeles,The given reasoning chain does not provide information about Bradley Walsh's place of residence. The chain only contains information about people's,0,0.0,0.75,8170.7891920013935,False,cok,0
WebQTest-306,who is the head coach of inter milan,Walter Mazzarri,"The reasoning chain provided does not contain any information about the head coach of Inter Milan. Therefore, based on the given chain",0,0.0,0.75,9320.8863079999,False,cok,0
WebQTest-308,who did reese witherspoon get married to,Jim Toth,The given information does not contain any details about Reese Witherspoon's marriage. The provided data is about Andy Murray and,0,0.0,0.75,8180.780089001928,False,cok,0
WebQTest-310,what kind of money should i take to costa rica,Costa Rican colón,"Based on the given reasoning chain, you should take Costa Rican Colón as the primary currency when visiting Costa Rica. The",0,0.32,0.75,8963.799758006644,False,cok,0
WebQTest-311,where is the ufc headquarters,Las Vegas,The information provided does not directly state the headquarters of the UFC. The chain mentions Hessian Barracks as the headquarters for,0,0.0,0.75,7504.570663993945,False,cok,0
WebQTest-312,who plays captain kirk in star trek,William Shatner,The reasoning chain provided does not contain any information about Captain Kirk or Star Trek. It only contains data related to guest roles,0,0.0,0.75,9336.34639000229,False,cok,0
WebQTest-313,who does albert pujols play for 2012,Scottsdale Scorpions,The given reasoning chain does not provide any information about Albert Pujols or his team in 2012.,0,0.0,0.75,8255.148948002898,False,cok,0
WebQTest-314,what kind of government is sweden,Parliamentary system,Sweden has a parliamentary system of government.,0,0.4444444444444445,0.75,9319.011450999824,False,cok,5
WebQTest-315,where was country singer george jones born,Saratoga,The information provided does not contain the birthplace of George Jones. The only Jones mentioned in the chain is Donell Jones,0,0.0,0.75,9320.102206998854,False,cok,0
WebQTest-316,what did shakespeare become famous for,Author,"Shakespeare became famous as a playwright and author, specifically known for his works that are frequently mentioned on the web.",0,0.09523809523809523,0.75,8829.674029999296,False,cok,1
WebQTest-317,where does russia import from,Uzbekistan,The given reasoning chain does not provide specific information about where Russia imports from. It only gives details about the geographical location of,0,0.0,0.75,9306.1140159989,False,cok,0
WebQTest-318,what is the money of switzerland called,Swiss franc,The money of Switzerland is called Swiss Franc.,0,0.4,0.75,9305.023870001605,False,cok,0
WebQTest-321,what do people in australia speak,Esperanto Language,English Language,1,1.0,0.75,7181.122463996871,False,cok,6
WebQTest-322,what has ian somerhalder acted in,Pulse,"The given reasoning chain does not contain any information about Ian Somerhalder or his acting roles. Therefore, based on",0,0.09523809523809525,0.75,9338.079419001588,False,cok,0
WebQTest-323,what movies did ron howard director,The Da Vinci Code,None of the provided information mentions Ron Howard or any films he directed. The chain of reasoning only contains information about Andrew Fleming,0,0.25806451612903225,0.75,9307.047759997658,False,cok,0
WebQTest-326,what did gerald r ford die from,Cardiovascular disease,"Gerald R. Ford died from cardiovascular disease, which can include conditions like a heart attack and is often caused by inflammation.",0,0.17391304347826084,0.75,8213.896525005111,False,cok,1
WebQTest-327,what two continents is turkey on,Europe,Turkey is partially located in both Asia and Europe.,0,0.19999999999999998,0.75,7064.710788996308,False,cok,4
WebQTest-328,where did kevin love go to college,"University of California, Los Angeles","The information provided does not contain any details about Kevin Love or his educational background. Therefore, I cannot determine where Kevin Love",0,0.0,0.75,7075.047081998491,False,cok,0
WebQTest-329,what type of government was formed when italy unified,Unitary state,Unitary state,1,1.0,0.75,9304.566797996813,False,cok,1
WebQTest-331,where was the temple of karnak built,Luxor Governorate,The information provided in the reasoning chain does not contain any direct reference to the Temple of Karnak or its location. Therefore,0,0.0,0.75,7334.711270996195,False,cok,0
WebQTest-333,what movies did morgan freeman star in,High Crimes,"Based on the information provided in the reasoning chain, we can only determine that Morgan Freeman starred in ""The Tell-Tale",0,0.2985074626865672,0.75,7815.083129004051,False,cok,0
WebQTest-334,who did john kennedy have affairs with,Marilyn Monroe,"The information provided does not directly state who John F. Kennedy had affairs with. However, it can be inferred that he",0,0.0,0.75,9316.314329000306,False,cok,0
WebQTest-335,what type of money to take to cuba,Cuban peso,United States Dollar To determine the type of money to take to Cuba based on the given reasoning chain:,0,0.0,0.75,8452.24120200146,False,cok,0
WebQTest-336,what currency should you take to morocco,Moroccan dirham,Moroccan Dirham,1,1.0,0.75,9051.045599997451,False,cok,0
WebQTest-337,who is mary mcleod bethune for kids,Educator,"The given reasoning chain does not contain any information about Mary McLeod Bethune or her relationship to children. Therefore, I",0,0.0,0.75,9309.24636599957,False,cok,0
WebQTest-338,what do they call money in japan,Japanese yen,"In Japan, they use the United States Dollar according to the given reasoning chain. However, this seems incorrect as the chain",0,0.0,0.75,7633.66602500173,False,cok,0
WebQTest-339,what nationality is mother teresa,Ottoman Empire,"The nationality of Mother Teresa is not provided in the given chain of information. The chain only contains nationalities for Madonna,",0,0.0,0.75,9317.211980000138,False,cok,0
WebQTest-340,who is richard pryor son,Steven Pryor,"None of the provided information pertains to Richard Pryor's son. The given data is about various individuals named Richard,",0,0.24489795918367346,0.75,9313.289667996287,False,cok,0
WebQTest-341,what countries share borders with spain,France,"To determine which countries share borders with Spain, we would need to look at the geographical relationships between Spain and its neighboring countries",0,0.0,0.75,9300.975254001969,False,cok,0
WebQTest-342,what countries have english as their official language,Sudan,"The United Kingdom, Germany, and the British Virgin Islands have English as their official language.",0,0.26666666666666666,0.75,7065.6315610031015,False,cok,0
WebQTest-343,what international organizations is china part of,G-20 major economies,"Based on the given reasoning chain, we cannot definitively conclude which international organizations China is part of. The chain provides information",0,0.0,0.75,9313.615518003644,False,cok,0
WebQTest-344,what county is west st paul in,Dakota County,"The information provided does not contain any details about the location of West St Paul. Therefore, I cannot determine which county West",0,0.08333333333333334,0.75,9307.615851001174,False,cok,0
WebQTest-346,who does donnie wahlberg play in the sixth sense,Vincent Grey,"The original question is incorrect as it refers to Donnie Wahlberg and The Sixth Sense, which do not match with the",0,0.0,0.75,9324.132166999334,False,cok,0
WebQTest-347,what did baron de montesquie influence,William Blackstone,"Based on the reasoning chain provided, Baron de Montesquieu influenced Thomas Paine, Isaiah Berlin, and indirectly influenced",0,0.21052631578947367,0.75,9320.37589399988,False,cok,0
WebQTest-349,who did carlos boozer play for,Cleveland Cavaliers,The given reasoning chain does not contain any information related to Carlos Boozer or his professional teams. The chain focuses on Francisco,0,0.0,0.75,9335.692310000013,False,cok,0
WebQTest-351,who owns the portland press herald,"Blethen Maine Newspapers, Inc.","To determine the owner of the Portland Press Herald, let's analyze the given information step by step:",0,0.0,0.75,9307.346326997504,False,cok,0
WebQTest-352,what did albert speer design,Deutsches Stadion,"The given information does not provide any details about Albert Speer's designs. Therefore, I cannot determine what Albert Speer",0,0.0,0.75,9314.786659000674,False,cok,0
WebQTest-354,what art movement did leonardo da vinci belong to,High Renaissance,The given information does not provide any details about Leonardo da Vinci's art movement. The information provided is about an individual named,0,0.08,0.75,7679.806038002425,False,cok,0
WebQTest-356,what airport is near arlington tx,Arlington Municipal Airport,"The reasoning chain provided does not contain any information about airports near Arlington, TX. Therefore, I cannot determine which airport is",0,0.16666666666666666,0.75,9305.9642310036,False,cok,0
WebQTest-359,what team does heskey play for,Aston Villa F.C.,"The information provided does not specify which team Heskey plays for. The only player mentioned is Victor Walker, who plays",0,0.0,0.75,9315.108040995256,False,cok,0
WebQTest-360,where did emperor hirohito live,"Aoyama, Minato, Tokyo","Based on the given reasoning chain, we cannot determine where Emperor Hirohito lived. The provided information is about administrative divisions",0,0.0,0.75,9316.210978002346,False,cok,0
WebQTest-361,what to do and see in vienna austria,Liechtenstein Museum,"The given reasoning chain does not provide specific information about what to do and see in Vienna, Austria. The chain mainly focuses",0,0.08333333333333334,0.75,6285.51283699926,False,cok,0
WebQTest-362,when did conflict start in ireland,Irish Confederate Wars,The given reasoning chain does not provide information about the start of conflict in Ireland. The chain mainly focuses on time zones (,0,0.26666666666666666,0.75,9330.063089997566,False,cok,0
WebQTest-365,what is there to do in peoria illinois,John C. Flanagan House Museum,"Based on the given reasoning chain, there isn't a direct answer provided for activities in Peoria, Illinois. The chain",0,0.09090909090909091,0.75,9310.87544500042,False,cok,0
WebQTest-366,what language do british speak,Esperanto Language,"British people primarily speak English, but other languages such as Scots and Cornish are also spoken in certain regions. Welsh is",0,0.08695652173913042,0.75,8815.227701998083,False,cok,0
WebQTest-367,what makes elvis presley famous,Musician,"Based on the information provided in the reasoning chain, Elvis Presley is famous as an actor and for his contributions to music",0,0.08695652173913045,0.75,9303.023585998744,False,cok,0
WebQTest-370,what language do people speak in the netherlands,Dutch Language,Dutch,0,0.6666666666666666,0.75,9303.340869999374,False,cok,0
WebQTest-371,what are the major languages spoken in greece,Greek Language,The major language spoken in Greece is Greek.,0,0.4,0.75,9299.520360997121,False,cok,0
WebQTest-374,what type of artist is henri matisse,Painting,The given reasoning chain does not contain any information about Henri Matisse or his type of artist. The chain focuses on,0,0.0,0.75,7753.396771004191,False,cok,0
WebQTest-375,what was the first book charles dickens wrote,Oliver Twist,"Based on the given reasoning chain, there is no direct information provided about the first book Charles Dickens wrote. The chain focuses",0,0.0,0.75,7260.078704006446,False,cok,0
WebQTest-376,what books did agatha christie wrote,Death On The Nile (Hercule Poirot Mysteries (Paperback)),"Based on the information provided in the reasoning chain, Agatha Christie wrote several books, including works in detective fiction. However",0,0.3934426229508196,0.75,9312.049758002104,False,cok,0
WebQTest-377,what school did michael jordan attend,University of North Carolina at Chapel Hill,The information provided does not specify which school Michael Jordan attended. The chain of reasoning only indicates that multiple entities are associated with,0,0.07142857142857142,0.75,9329.123051000352,False,cok,0
WebQTest-379,what year does hitler die,1945-04-30,"The information provided in the reasoning chain does not contain any details about Adolf Hitler's death year. Therefore, I cannot determine",0,0.0,0.75,7787.621024996042,False,cok,0
WebQTest-380,where is mount st helens volcano,North America,"The information provided in the reasoning chain does not contain any data about Mount St. Helens or its location. Therefore,",0,0.0,0.75,9313.808949002123,False,cok,0
WebQTest-381,what shows are shot in new york,Trial Heat,"Based on the given reasoning chain, there is no direct information about shows that are shot in New York. However, we",0,0.08695652173913042,0.75,7373.8597849951475,False,cok,0
WebQTest-382,what book did tupac write,The Rose That Grew from Concrete,The information provided in the reasoning chain does not mention any books written by Tupac Shakur. The chain primarily focuses on,0,0.15384615384615383,0.75,6161.466416000621,False,cok,0
WebQTest-383,what language do chinese people write in,Simplified Chinese character,"Based on the given reasoning chain, Chinese people can write in the English Language as well as other languages. However, it",0,0.08695652173913042,0.75,9313.94836599793,False,cok,0
WebQTest-384,what was robert burns famous for,Bard,"Robert Burns was a famous Scottish poet, known for his contributions to literature and poetry, but not directly related to the given",0,0.08695652173913045,0.75,9308.556902993587,False,cok,0
WebQTest-385,when did william mckinley died,1901-09-14,The information provided in the reasoning chain does not include the date of William McKinley's death. To answer the original question,0,0.0,0.75,9299.23608199897,False,cok,0
WebQTest-386,how deep is lake merritt oakland,3.048,The information provided in the reasoning chain does not contain any data about the depth of Lake Merritt in Oakland. The chain,0,0.0,0.75,9313.27599100041,False,cok,0
WebQTest-388,what are the important holidays of islam,Mawlid,"The important holidays of Islam are not directly related to the given reasoning chain, as the chain focuses on Christian holidays. In",0,0.08,0.75,9332.897690001118,False,cok,0
WebQTest-389,what type of music did claude debussy play,Incidental music,The reasoning chain provided does not contain information about the type of music Claude Debussy played. It mainly provides details about his,0,0.08333333333333334,0.75,9204.19045399467,False,cok,0
WebQTest-390,when was the last time the toronto maple leafs were in the stanley cup finals,1967 Stanley Cup Finals,The information provided does not contain any details about the Toronto Maple Leafs or their Stanley Cup Finals appearances. The chain of reasoning,0,0.22222222222222218,0.75,9335.801935005293,False,cok,0
WebQTest-392,what team is hank baskett on 2010,Indianapolis Colts,The information provided in the reasoning chain does not contain any details about Hank Baskett or his team in 20,0,0.0,0.75,9349.587197000801,False,cok,0
WebQTest-393,what are the two official languages of paraguay,Spanish Language,"The given reasoning chain does not provide information about the official languages of Paraguay. Based on the provided chain, we can",0,0.0,0.75,9308.546590997139,False,cok,1
WebQTest-395,what state is the steelers from,Pittsburgh,Pennsylvania,0,0.0,0.75,9306.45041999378,False,cok,5
WebQTest-396,what college did sir isaac newton go to,"Trinity College, Cambridge","Based on the given reasoning chain, there is no direct information provided about which college Sir Isaac Newton attended. The chain mentions",0,0.08,0.75,9310.223997999856,False,cok,0
WebQTest-397,what are the school colors for harvard university,Crimson,"Based on the information provided in the reasoning chain, the school colors for Harvard University are not explicitly stated. However, it",0,0.0,0.75,9317.63151299674,False,cok,0
WebQTest-398,where is the university of the rockies located,Colorado,"The information provided does not include the location of the University of the Rockies. Based on the given chain, we can only",0,0.13333333333333333,0.75,9319.515257993771,False,cok,0
WebQTest-399,what disease does robin roberts have,Breast cancer,"Robin Roberts does not have a disease mentioned in the given chain. The chain only provides information about her nationality, ethnicity,",0,0.0,0.75,7011.316210999212,False,cok,0
WebQTest-400,what was the capital city of the east roman empire,Constantinople,Constantinople,1,1.0,0.75,9324.495204004052,False,cok,0
WebQTest-401,who plays edward scissorhands,Johnny Depp,The given information does not mention Edward Scissorhands or any actor playing that role.,0,0.0,0.75,9321.312475003651,False,cok,0
WebQTest-402,what does joey jordison play in slipknot,Drums,The information provided in the reasoning chain does not contain any details about Joey Jordison or his instrument in Slipknot.,0,0.0,0.75,7545.218664999993,False,cok,0
WebQTest-403,what kind of language does turkey speak,Ladino Language,"The primary human language spoken in Turkey is Turkish. While Turoyo is spoken by a small community in Germany, it",0,0.18181818181818182,0.75,9308.170598000288,False,cok,0
WebQTest-404,what was lebron james first team,Cleveland Cavaliers,The given information does not provide any details about LeBron James or his first team. The reasoning chain focuses on Terence Morris,0,0.0,0.75,8956.037641997682,False,cok,0
WebQTest-405,who fought the battle of gettysburg,Confederate States of America,"The 10th Louisiana Infantry, 14th Louisiana Infantry Regiment, 15th Louisiana Infantry Regiment,",0,0.0,0.75,9325.736475999292,False,cok,0
WebQTest-406,who is the coach of the sf giants,Bill Hayes,The reasoning chain provided does not contain any information about the San Francisco Giants or their coach. The chain focuses on Emilio,0,0.0,0.75,8850.899579003453,False,cok,0
WebQTest-408,who was the first president of the afl,Bud Adams,The information provided in the reasoning chain does not contain any details about the first president of the AFL (American Football League).,0,0.0,0.75,9303.549236996332,False,cok,0
WebQTest-409,where did giuliana rancic grow up,Naples,"The given information does not provide any details about Giuliana Rancic's place of growth or birth. Therefore, it",0,0.0,0.75,8106.291544005217,False,cok,6
WebQTest-410,what are the major cities in ukraine,Kiev,"The given reasoning chain does not provide information about major cities in Ukraine. The chain focuses on Kaskaskia, Russia",0,0.0,0.75,9304.27774599957,False,cok,0
WebQTest-414,who does brian dawkins play for 2011,Denver Broncos,None of the given information pertains to Brian Dawkins or his team in 2011. The provided data,0,0.0,0.75,8234.53768100444,False,cok,0
WebQTest-415,what movies did tupac star in,Juice,"Tupac Shakur starred in ""Tupac Shakur: Thug Angel: The Life of an Outlaw,""",0,0.125,0.75,7582.932156001334,False,cok,0
WebQTest-416,what form of currency does china have,Renminbi,"The information provided in the reasoning chain does not include any details about the currency used in China. Therefore, based on the",0,0.0,0.75,7416.302072997496,False,cok,0
WebQTest-417,who plays kenneth,Jack McBrayer,Kenneth is not directly mentioned in the provided information. The information given pertains to Shawn Hatosy and his roles in,0,0.0,0.75,9318.721950003237,False,cok,0
WebQTest-418,what league are the indianapolis colts in,AFC South,"The original question asks about the Indianapolis Colts' league, but the provided reasoning chain does not contain information about the Indianapolis Colts",0,0.08,0.75,7077.402322000125,False,cok,0
WebQTest-419,what country did magellan represent,Kingdom of Portugal,"The given information does not provide any details about Magellan's nationality or the country he represented. Therefore, it is impossible",0,0.0,0.75,7060.118934001366,False,cok,0
WebQTest-420,where is perpignan located,France,"The given information does not provide the specific location of Perpignan. However, based on the provided reasoning chain,",0,0.0,0.75,9302.256751005189,False,cok,0
WebQTest-421,who did kim richards marry,G. Monty Brinson,Kim Sears,0,0.0,0.75,4409.34112299874,False,cok,0
WebQTest-422,what happened in bosnia in the 90s,Foča massacres,The information provided does not contain any specific details about events that occurred in Bosnia in the 1990s.,0,0.2222222222222222,0.75,8127.035459998297,False,cok,0
WebQTest-423,when 's the last time the steelers won the superbowl,Super Bowl XLIII,The given information does not contain any details about the Pittsburgh Steelers or their Super Bowl wins. The reasoning chain only provides information,0,0.15384615384615383,0.75,9343.947038003535,False,cok,0
WebQTest-425,where english is spoken,Nigeria,"The English language is spoken in several countries within the United Kingdom, including England, Scotland, and Northern Ireland (where Irish",0,0.21818181818181814,0.75,9296.172849994036,False,cok,0
WebQTest-426,where is giza pyramids located,Egypt,"The Giza Pyramids are located in Giza Governorate, which is a first-level division of Egypt in North Africa",0,0.1904761904761905,0.75,9312.749122000241,False,cok,1
WebQTest-427,what is the zip code for midland tx,79701,"The given information does not contain any data related to Midland, TX or its zip codes. The chain of reasoning provided",0,0.0,0.75,9316.285652996157,False,cok,0
WebQTest-428,what states make up the midwest us,Ohio,"The Midwest region of the United States, as defined by the U.S. Census Bureau, includes the following states: Indiana",0,0.3333333333333333,0.75,9330.993126000976,False,cok,0
WebQTest-430,what instruments does justin bieber use,Vocals,"The provided reasoning chain does not contain information about the instruments Justin Bieber uses. Instead, it lists his professions and genres he",0,0.0,0.75,9300.752945004206,False,cok,0
WebQTest-431,what language does australians speak,Esperanto Language,Australians primarily speak English.,0,0.3333333333333333,0.75,9301.643487997353,False,cok,0
WebQTest-432,who did annie oakley married,Frank E. Butler,The information provided in the reasoning chain does not contain any details about Annie Oakley's marriage. The chain primarily focuses on,0,0.0,0.75,9323.9778749994,False,cok,0
WebQTest-433,who has played lex luthor,Kevin Spacey,None of the provided information directly mentions Lex Luthor or any actor playing the role of Lex Luthor. The given data,0,0.0,0.75,9329.36843099742,False,cok,0
WebQTest-434,where does the zambezi river start,Mwinilunga,"The information provided in the reasoning chain does not contain any details about the Zambezi River's origin. Therefore, I",0,0.0,0.75,9296.76534000464,False,cok,0
WebQTest-436,what is the nigeria time,West Africa Time Zone,"The final answer to the original question ""What is the Nigeria time?"" cannot be definitively determined from the given reasoning chain",0,0.08,0.75,9291.595647002396,False,cok,0
WebQTest-437,where did they find jenni rivera 's body,Iturbide,"The information provided in the reasoning chain does not contain any details about Jenni Rivera's body or her death. Therefore,",0,0.0,0.75,9314.096165006049,False,cok,0
WebQTest-438,what university did romney graduated from,Brigham Young University,The information provided does not specify which university George W. Romney graduated from. The chain only mentions his nationality (United States,0,0.08333333333333333,0.75,9314.444733994605,False,cok,0
WebQTest-439,where is the time zone line in south dakota,Mountain Time Zone,The time zone lines in South Dakota run along the state's border with North Dakota. South Dakota observes both Central Time Zone,0,0.3571428571428571,0.75,9304.230205001659,False,cok,2
WebQTest-440,where is jason mraz from,Mechanicsville,The given information does not provide the nationality of Jason Mraz. The reasoning chain only contains information about a person named Jason,0,0.0,0.75,9296.37653700047,False,cok,0
WebQTest-441,what killed john bonham,Inhalation of vomit,"The information provided in the reasoning chain does not include any details about John Bonham's cause of death. Therefore, based",0,0.08333333333333333,0.75,7493.741402999149,False,cok,0
WebQTest-442,what industry does walmart operate in,Retail,The reasoning chain provided does not contain any direct information about Walmart. The chain only mentions Meijer and Super Duper,0,0.0,0.75,9299.137836998852,False,cok,3
WebQTest-443,what county is texarkana arkansas in,Miller County,Dallas County,0,0.5,0.75,7494.432371000585,False,cok,0
WebQTest-446,what music period did beethoven live in,Opera,"Beethoven lived during the Classical period of music, which transitioned into the Romantic period. He is considered a pivotal figure",0,0.18181818181818182,0.75,7157.8649889997905,False,cok,0
WebQTest-447,what did laura ingalls wilder wrote,Going West (My First Little Houe Books),"The given reasoning chain does not contain any information about Laura Ingalls Wilder or her writings. Therefore, I cannot determine",0,0.28571428571428575,0.75,7425.822962002712,False,cok,0
WebQTest-448,what type of government system does italy have,Unitary state,"The reasoning chain provided does not directly state the form of government for Italy. However, based on the information given in the",0,0.08333333333333334,0.75,9311.557553002785,False,cok,1
WebQTest-449,what did john irving wrote,A Prayer for Owen Meany,The information provided in the reasoning chain does not contain any works written by John Irving. The chain lists works by John F,0,0.21818181818181817,0.75,9330.132220995438,False,cok,0
WebQTest-450,what is the national flower of hawaii,Hawaiian hibiscus,m.0hzbdv6,0,0.0,0.75,9317.015740001807,False,cok,0
WebQTest-451,what did alice paul accomplish,Organization founder,The given reasoning chain does not provide any information about Alice Paul or her accomplishments. The chain is focused on Paul the Apostle,0,0.0,0.75,8898.55410400196,False,cok,0
WebQTest-453,what languages do they speak in costa rica,Bribri Language,"Jamaican Creole English Language is spoken in Costa Rica, but it is not the primary language. The official language of",0,0.4615384615384615,0.75,8526.722801005235,False,cok,0
WebQTest-454,where did hank marvin come from,Newcastle upon Tyne,"The given information does not provide any details about a person named Hank Marvin. Therefore, it is impossible to determine where Hank",0,0.0,0.75,9311.758367002767,False,cok,0
WebQTest-455,when did chipper jones get drafted,1990 Major League Baseball Draft,The information provided does not contain any details about Chipper Jones or his draft date. The reasoning chain focuses on Donell,0,0.07692307692307693,0.75,9305.017100996338,False,cok,0
WebQTest-456,what part did winona ryder play in star trek,Amanda Grayson,The information provided in the reasoning chain does not contain any details about Winona Ryder or her role in Star Trek. The,0,0.0,0.75,9327.473164004914,False,cok,0
WebQTest-459,where did jovan belcher kill himself,Kansas City,The given reasoning chain does not contain any information related to Jovan Belcher or his suicide. The chain is about other,0,0.0,0.75,9371.102880999388,False,cok,0
WebQTest-461,where did clay matthews go to school,University of Southern California,"The information provided does not specify where Clay Matthews went to school. The reasoning chain contains information about Stanley Matthews, who was",0,0.08,0.75,9316.394572997524,False,cok,0
WebQTest-462,what time is it in texas houston right now,Central Time Zone,"The time in Texas, specifically Houston, is in the Central Time Zone. However, the exact current time cannot be determined",0,0.4,0.75,7905.61067899398,False,cok,2
WebQTest-463,who is princess leia in star wars,Carrie Fisher,"The information provided in the reasoning chain does not contain any details about Princess Leia or Star Wars. Therefore, based on the",0,0.0,0.75,7202.570510002261,False,cok,0
WebQTest-464,what is the political structure of china,Single-party state,"The political structure of China is not directly addressed in the provided reasoning chain. However, based on the information given, we",0,0.0,0.75,7085.89406000101,False,cok,0
WebQTest-465,what is new york city airport,Newark Liberty International Airport,"Based on the information provided in the reasoning chain, there is no specific New York City airport mentioned. The chain contains information",0,0.08333333333333334,0.75,9295.507288996305,False,cok,0
WebQTest-466,what language brazil speak,Brazilian Portuguese,"Based on the reasoning chain provided, the official language spoken in Brazil is Portuguese Language. The chain also mentions that Italian Language",0,0.3076923076923077,0.75,9304.895720000786,False,cok,0
WebQTest-467,who played obi wan in episode 2,Ewan McGregor,None of the provided information mentions Obi Wan or Episode 2. The information given is about various actors and their roles,0,0.0,0.75,9323.357444998692,False,cok,0
WebQTest-468,where did venus williams come from,Lynwood,"Based on the given information in the reasoning chain, we cannot determine Venus Williams' nationality or place of origin. The chain",0,0.0,0.75,7061.831966006139,False,cok,0
WebQTest-469,what currency is used in panama,Panamanian balboa,"The reasoning chain provided does not contain any information about Panama. Therefore, based on the given chain, we cannot determine the",0,0.0,0.75,9297.303297003964,False,cok,0
WebQTest-470,where does the zambezi river originate,Mwinilunga,"The information provided in the reasoning chain does not contain any data about the Zambezi River's origin. Therefore, I",0,0.0,0.75,9303.523724003753,False,cok,0
WebQTest-472,what team did ronaldo play for in 2003,Real Madrid C.F.,The given information does not provide any details about Ronaldo or his team in 2003. The reasoning chain only,0,0.08695652173913043,0.75,7315.326149000612,False,cok,0
WebQTest-473,where does robin williams live 2011,San Francisco,The given reasoning chain does not contain any information about Robin Williams or his place of residence in 2011.,0,0.0,0.75,9313.259144000767,False,cok,0
WebQTest-474,who played jacob black in twilight,Taylor Lautner,None of the provided information mentions an actor named Jacob Black or his role in The Twilight Saga: Breaking Dawn - Part,0,0.0,0.75,9270.884290999675,False,cok,0
WebQTest-477,which airport to fly into in buenos aires,Aeroparque Jorge Newbery,The final answer cannot be determined from the given information as it does not specify which airport in Buenos Aires is being referred to,0,0.07407407407407407,0.75,9304.277225994156,False,cok,0
WebQTest-479,what team did adrian peterson play for in college,University of Oklahoma,The information provided in the reasoning chain does not contain any details about Adrian Peterson or his college team. The chain is focused,0,0.0,0.75,9316.467360004026,False,cok,0
WebQTest-480,where does name pennsylvania come from,William Penn,"The name ""Pennsylvania"" comes from William Penn, who was named after his father, Sir William Penn. The name",0,0.3636363636363636,0.75,7726.069970995013,False,cok,0
WebQTest-481,what kind of money do they use in germany,Euro,"The information provided in the reasoning chain does not directly mention Germany or its currency. However, based on the pattern and the",0,0.0,0.75,8651.138035995245,False,cok,4
WebQTest-482,who plays blaine in batman,Tom Hardy,The given information does not provide any details about a character named Blaine in the Batman series or any related films. The,0,0.0,0.75,9324.389247005456,False,cok,0
WebQTest-484,what language does australia use,Esperanto Language,English Language,1,1.0,0.75,9301.636080999742,False,cok,0
WebQTest-487,who did veronica lake mary,Joseph A. McCarthy,"The question ""who did Veronica Lake Mary"" does not match any of the provided reasoning chain statements. There is no information",0,0.0,0.75,9312.586541003839,False,cok,0
WebQTest-488,who did sir francis drake marry,Elizabeth Sydenham,m.0j4ks8g,0,0.0,0.75,9316.48737499927,False,cok,0
WebQTest-489,who plays stephanie plum in one for the money,Katherine Heigl,"None of the provided information is relevant to identifying the actress who plays Stephanie Plum in ""One for the Money."" The given",0,0.0,0.75,9309.661811996193,False,cok,0
WebQTest-490,what did the ancient romans speak,Latin Language,Latin Language,1,1.0,0.75,8581.42999100528,False,cok,1
WebQTest-491,what does ringo sing,Love Me Do,The final answer cannot be determined from the given reasoning chain as there is no information about Ringo Starr or his singing.,0,0.23076923076923075,0.75,9306.529779998527,False,cok,0
WebQTest-492,where was st. lucy born,Syracuse,The information provided does not include any details about someone named St. Lucy or her place of birth.,0,0.0,0.75,9317.328636003367,False,cok,0
WebQTest-493,what type of government does australia have,Parliamentary system,"Australia has a federal monarchy form of government. The reasoning chain provided contains some redundant and overlapping information, but it ultimately confirms",0,0.16666666666666669,0.75,9315.737048003939,False,cok,1
WebQTest-497,who was the father of king george vi,George V,Edward VIII of the United Kingdom,0,0.0,0.75,9314.058914998895,False,cok,0
WebQTest-500,what is the zip code for trenton,08607,The provided reasoning chain does not contain any information related to the zip code for Trenton. The chain only lists zip codes,0,0.0,0.75,9315.161874998012,False,cok,0
WebQTest-501,what has ashley greene been in,King of California,The information provided does not mention Ashley Greene at all. It seems there might be a confusion with Ashley Tisdale and,0,0.08695652173913042,0.75,9301.370261004195,False,cok,0
WebQTest-502,where did al qaeda attack,September 11 attacks,The given reasoning chain does not provide information about Al-Qaeda attacks. The chain focuses on various locations and historical events in the,0,0.07692307692307691,0.75,9306.111390003935,False,cok,0
WebQTest-503,what language is spoken in switzerland,French,French,1,1.0,0.75,9300.260449999769,False,cok,1
WebQTest-504,who was philip in acts chapter 8,Apostle Philip,Philip is not directly mentioned in Acts chapter 8. The chapter primarily focuses on the conversion of the Ethiopian eunuch,0,0.09090909090909091,0.75,9376.986125993426,False,cok,0
WebQTest-506,what the time zone in england,Greenwich Mean Time Zone,England is located in the Greenwich Mean Time Zone.,0,0.6153846153846153,0.75,9305.63056900428,False,cok,1
WebQTest-508,what is the best currency to take to turkey,Turkish lira,"The best currency to take to Turkey would be the Turkish Lira (Turkish里拉), as it is the official",0,0.19999999999999998,0.75,9304.303242999595,False,cok,0
WebQTest-509,what system of government is practiced in nigeria,Presidential system,"The system of government practiced in Nigeria is not directly stated in the given chain. However, based on the information provided,",0,0.08695652173913042,0.75,9303.05004100228,False,cok,0
WebQTest-512,who were mary shelley,Author,"Mary Shelley was a British novelist, playwright, writer, and author who also worked as an editor. She is known for",0,0.09523809523809523,0.75,9289.30690100242,False,cok,7
WebQTest-513,what language do most australians speak,Esperanto Language,The most widely spoken language in Australia is English.,0,0.3636363636363636,0.75,9302.494715004286,False,cok,5
WebQTest-514,where is denmark situated,Scandinavia,"Denmark is situated in Northern Europe, Scandinavia, the Nordic countries, and Europe.",0,0.2857142857142857,0.75,9292.871890997048,False,cok,2
WebQTest-515,where was teddy roosevelt 's house,"Washington, D.C.","Based on the information provided in the reasoning chain, we cannot definitively determine the location of Theodore Roosevelt's house. The",0,0.0,0.75,9316.143346994068,False,cok,5
WebQTest-516,what is the government system of malaysia,Parliamentary system,"The information provided in the reasoning chain does not include Malaysia. The countries listed (Netherlands, Japan, Spain, United",0,0.0,0.75,9309.937198995613,False,cok,0
WebQTest-517,what do people speak in canada,Lojban,"People in Canada speak both French and English as official languages, with English being one of the primary languages spoken, including Canadian",0,0.24000000000000002,0.75,9303.448663995368,False,cok,0
WebQTest-518,what type of money do they use in costa rica,Costa Rican colón,"The type of money used in Costa Rica is the United States Dollar. (Based on the given reasoning chain, this statement",0,0.08333333333333333,0.75,7297.541407999233,False,cok,0
WebQTest-519,what timezone is nashville tn,Central Time Zone,"Nashville, Tennessee is located in both the Eastern Time Zone and the Central Time Zone. However, it primarily follows the Eastern",0,0.3846153846153846,0.75,9308.724889000587,False,cok,2
WebQTest-521,who was anakin skywalker,Ted Bracewell,The information provided in the reasoning chain does not contain any details about Anakin Skywalker. The chain is focused on Shawn H,0,0.0,0.75,9335.34740399773,False,cok,0
WebQTest-522,where did adolf hitler die,Berlin,"The information provided in the reasoning chain does not contain any specific details about Adolf Hitler's place of death. Therefore, based",0,0.0,0.75,8279.31083200383,False,cok,1
WebQTest-523,what is the largest nation in europe,Russia,"To determine the largest nation in Europe based on the given reasoning chain, we need to identify the largest country among those mentioned",0,0.0,0.75,7606.198709996534,False,cok,0
WebQTest-524,where was the first gulf war fought,Israel,The information provided does not directly answer where the first Gulf War was fought. The reasoning chain focuses on locations and events related,0,0.08,0.75,9322.595707999426,False,cok,0
WebQTest-525,who are the senators of virginia 2013,Jim Webb,The information provided in the reasoning chain does not contain specific details about the senators of Virginia in 2013.,0,0.0,0.75,9332.427753004595,False,cok,0
WebQTest-526,what band was george clinton in,Funkadellic,George Clinton was not in a band; he was a musical artist who produced music and was associated with genres such as rock,0,0.14814814814814817,0.75,8802.666445997602,False,cok,0
WebQTest-527,what country borders slovakia,Ukraine,"The reasoning chain provided does not directly contain information about countries bordering Slovakia. To answer the original question, we would need",0,0.0,0.75,8456.724505995226,False,cok,0
WebQTest-528,what was james garfield most known for,US President,The information provided does not mention James Garfield or his notable achievements. The chain of reasoning focuses on other US Presidents such,0,0.08333333333333334,0.75,8111.443174995657,False,cok,1
WebQTest-529,where did paula deen go to school,Albany High School,The information provided in the reasoning chain does not contain any details about Paula Deen's education. The chain is primarily focused,0,0.0,0.75,9320.413491004729,False,cok,0
WebQTest-530,where does robert irvine come from,Salisbury,"The information provided in the reasoning chain does not include any details about Robert Irvine's nationality. Therefore, we cannot determine his",0,0.0,0.75,5920.173229998909,False,cok,0
WebQTest-531,what style of music does michael jackson perform,Post-disco,"Michael Jackson performs a variety of music styles including Dance music, Contemporary R&B, Rock music, Rhythm and blues,",0,0.34782608695652173,0.75,9297.687988000689,False,cok,0
WebQTest-532,what does david beckham play,Football,"Based on the given reasoning chain, there is no direct information about what sport or position David Beckham plays. The chain mentions",0,0.0,0.75,9300.60211700038,False,cok,0
WebQTest-533,what does julian lennon do,Actor,"The information provided does not specify what Julian Lennon does. The details are about John Lennon, not Julian Lennon.",0,0.0,0.75,7666.622930999438,False,cok,5
WebQTest-534,what is the milwaukee brewers mascot,Bonnie Brewer,"The information provided in the reasoning chain does not contain any details about the Milwaukee Brewers or their mascot. Therefore, based on",0,0.0,0.75,7683.474632998696,False,cok,0
WebQTest-535,what is the second biggest state in the united states,Texas,"To determine the second biggest state in the United States, we need to consider the area of each state. However, the",0,0.0,0.75,6581.529128001421,False,cok,0
WebQTest-537,what has charlie hunnam been in,Children of Men,"The given reasoning chain does not provide information about Charlie Hunnam's filmography. Therefore, I cannot determine what Charlie Hun",0,0.09090909090909091,0.75,9312.5713920017,False,cok,0
WebQTest-538,what are all the movies taylor swift has been in,Valentine's Day,Taylor Swift has not been in any movies.,0,0.0,0.75,8223.0422979992,False,cok,0
WebQTest-540,what college did brett favre,University of Southern Mississippi,The information provided in the reasoning chain does not contain any specific details about Brett Favre's college. The chain primarily links,0,0.0,0.75,9307.170735999534,False,cok,0
WebQTest-542,where did alex chilton die,New Orleans,The given information does not provide the place of death for Alex Chilton.,0,0.0,0.75,9322.294192999834,False,cok,0
WebQTest-543,what college did martin luther king jr go to,Morehouse College,The information provided in the reasoning chain does not contain any details about the college Martin Luther King Jr. attended. The chain,0,0.08333333333333334,0.75,9328.35992800392,False,cok,0
WebQTest-545,what kind of cancer did farrah fawcett die of,Anal cancer,The information provided in the reasoning chain does not include any details about Farrah Fawcett or her cause of death,0,0.0,0.75,8101.649151998572,False,cok,0
WebQTest-546,who is michael j fox 's wife,Tracy Pollan,"The given reasoning chain does not provide information about Michael J. Fox's wife. The chain mentions William Fox, who is",0,0.0,0.75,9310.910779000551,False,cok,0
WebQTest-547,what money do i use in costa rica,Costa Rican colón,"The official currency used in Costa Rica is the Costa Rican Colón (CRC). However, according to the reasoning chain provided",0,0.33333333333333337,0.75,9305.095718002121,False,cok,0
WebQTest-548,what guitar did joe walsh play,Fender Stratocaster,The information provided in the reasoning chain does not contain any details about Joe Walsh or the guitar he played. The chain mainly,0,0.0,0.75,7727.345134997449,False,cok,0
WebQTest-549,what are the official languages of the eu,Swedish Language,"The official languages of the European Union (EU) are not explicitly listed in the given chain. However, based on the",0,0.0,0.75,9302.261190998252,False,cok,4
WebQTest-550,what is ryan seacrest radio show,American Top 40,The information provided in the reasoning chain does not contain any direct reference to a Ryan Seacrest radio show. The chain,0,0.15384615384615385,0.75,7548.87175100157,False,cok,0
WebQTest-552,what language do most italians speak,Italian Language,"Most Italians speak Italian, which is the official language of Italy.",0,0.3076923076923077,0.75,9299.48873000103,False,cok,2
WebQTest-554,what money do they use in spain,Euro,Euro,1,1.0,0.75,7597.125511005288,False,cok,1
WebQTest-555,what did drew barrymore go to rehab for,Cocaine,The given reasoning chain does not contain any information about Drew Barrymore or her reasons for going to rehab. The Ohio Department,0,0.0,0.75,7810.532388997672,False,cok,0
WebQTest-556,when is saint george day celebrated,April 23,"Saint George's Day is not directly addressed in the given chain. However, based on the information provided, we can infer",0,0.0,0.75,9316.897799006256,False,cok,0
WebQTest-557,what government did the roman empire have,Autocracy,"The Roman Empire's form of government is not explicitly stated in the given chain. However, based on historical knowledge, the",0,0.0,0.75,9299.633706999884,False,cok,0
WebQTest-559,what instrument did robin gibb play,Vocals,The information provided in the reasoning chain does not contain any details about Robin Gibb or his instrument playing. The chain mentions,0,0.0,0.75,7606.341880004038,False,cok,0
WebQTest-560,who voiced darth vader,Matt Lanter,The information provided in the reasoning chain does not contain any details about who voiced Darth Vader. The chain is about Chandra,0,0.0,0.75,7373.476037995715,False,cok,0
WebQTest-561,when was abe lincoln president,Abraham Lincoln 1861 presidential inauguration,Abraham Lincoln was not the president during the 1845 inauguration of James K. Polk. Based on the,0,0.2727272727272727,0.75,9330.611944998964,False,cok,0
WebQTest-562,where are the texas rangers playing,Rangers Ballpark in Arlington,"The information provided does not specify where the Texas Rangers are playing. The given data includes locations such as Dallas, Russ Chandler",0,0.07692307692307693,0.75,9303.841642999032,False,cok,0
WebQTest-564,what is arkansas state capitol,Little Rock,"The final answer to the original question ""What is Arkansas state capitol?"" cannot be directly inferred from the given reasoning chain",0,0.0,0.75,9307.313375000376,False,cok,0
WebQTest-567,what is the zip code for nogales az,85621,"The provided reasoning chain does not contain any information about Nogales, AZ or its zip code. The chain only contains",0,0.0,0.75,9012.484234001022,False,cok,0
WebQTest-568,when did michael vick start playing for the eagles,2009,The information provided in the reasoning chain does not contain any direct reference to Michael Vick or his start date with the Eagles.,0,0.0,0.75,9338.55119600048,False,cok,0
WebQTest-570,what is william taft famous for,Lawyer,The given reasoning chain does not provide information about William Taft or his fame. It only contains information about Robert A.,0,0.0,0.75,9322.238389999256,False,cok,0
WebQTest-572,where did robin cook die,Inverness,"The given information does not provide any details about the death place of Robin Cook. Therefore, it is not possible to determine",0,0.0,0.75,9311.505509998824,False,cok,0
WebQTest-573,where did melba beals live,Arkansas,The given reasoning chain does not provide information about Melba Beals or her place of residence. There is no connection between,0,0.0,0.75,9306.684472998313,False,cok,0
WebQTest-575,who is louisiana state senator,Alexander Barrow,"The final answer to the original question ""Who is Louisiana State Senator?"" cannot be definitively stated from the given information alone",0,0.0,0.75,8353.395297999668,False,cok,0
WebQTest-576,what are the 7 countries that are part of central america,Panama,"The seven countries that are part of Central America are Honduras, Guatemala, Belize, El Salvador, Costa Rica, and two",0,0.1904761904761905,0.75,6087.913579001906,False,cok,0
WebQTest-577,where did derek fisher go to college,University of Arkansas at Little Rock,The information provided does not specify which Derek Fisher is being referred to or his educational background. The details given are about a,0,0.0,0.75,7070.002260996262,False,cok,0
WebQTest-578,who was kobe bryant drafted by,Charlotte Hornets,"The given reasoning chain does not contain information about Kobe Bryant or his draft details. The chain is about JaMarcus Russell,",0,0.0,0.75,9331.496241000423,False,cok,0
WebQTest-579,where are the new orleans hornets moving to,Charlotte,"The reasoning chain provided does not contain any information about the New Orleans Hornets moving to a new location. Therefore, I cannot",0,0.0,0.75,9304.862981000042,False,cok,0
WebQTest-580,what language does algerian people speak,French,"The Algerian people primarily speak Algerian Arabic, which is a dialect of Arabic and falls under the broader category of the",0,0.16,0.75,9311.842299001,False,cok,0
WebQTest-581,where was anne boleyn executed,Tower of London,The information provided does not contain any details about Anne Boleyn's execution location. The chain of reasoning given is related,0,0.08333333333333333,0.75,7379.263539005478,False,cok,0
WebQTest-582,what did galileo do to become famous,Mathematician,The given reasoning chain does not directly provide information about what Galileo did to become famous. The chain focuses on influences and,0,0.0,0.75,9323.01040499442,False,cok,0
WebQTest-583,what school did martin luther king jr received his doctorate degree from,Boston University,"Based on the information provided in the reasoning chain, there is no mention of Martin Luther King Jr. receiving a doctorate",0,0.0,0.75,8056.903445998614,False,cok,0
WebQTest-584,where buddha come from,Kapilavastu,"The reasoning chain provided does not contain any information about Buddha's origin. It only mentions his gender, profession, influences,",0,0.0,0.75,6879.895086000033,False,cok,0
WebQTest-585,what did king henry viii rule,England,King Henry VIII ruled England and Wales. The reasoning chain provided does not directly address King Henry VIII or his rule. However,0,0.08695652173913045,0.75,7369.161355003598,False,cok,0
WebQTest-586,what type of cancer did larry hagman have,Leukemia,The information provided in the reasoning chain does not contain any specific details about Larry Hagman's cancer. The chain only mentions,0,0.07692307692307693,0.75,9315.73052600288,False,cok,0
WebQTest-588,what wars did robert e lee served in,Battle of South Mountain,Robert E. Lee did not serve in any of the conflicts mentioned in the given chain. The chain provides information about other,0,0.27027027027027023,0.75,7760.832722997293,False,cok,0
WebQTest-589,what russian language called,Russian Language,"The original question seems to be asking about how the Russian language is called, but based on the provided reasoning chain, there",0,0.16666666666666669,0.75,9316.921770005138,False,cok,0
WebQTest-590,who is in charge of libya now,Abdullah al-Thani,The current form of government in Libya is a provisional government. Libya is considered a sovereign state located in Africa.,0,0.0,0.75,9307.30075899919,False,cok,0
WebQTest-592,when did shays rebellion start,1786,Shays' Rebellion did not occur during the time period or events listed in the reasoning chain. The chain primarily focuses on,0,0.0,0.75,9337.170569000591,False,cok,0
WebQTest-593,what kind of disease does montel williams have,Multiple sclerosis,"The given reasoning chain does not provide information about Montel Williams' disease. Therefore, we cannot determine the type of disease",0,0.0,0.75,9318.6659300045,False,cok,0
WebQTest-595,when is the last time the ravens won a superbowl,Super Bowl XLVII,The information provided in the reasoning chain does not contain any details about the Baltimore Ravens winning a Super Bowl or any related information,0,0.14814814814814814,0.75,5883.793647997663,False,cok,0
WebQTest-596,where did kansas city royals come from,Kansas City,"The question seems to be asking about the origin of the Kansas City Royals, which is a Major League Baseball team based in",0,0.16,0.75,9307.328310002049,False,cok,0
WebQTest-597,what style of music does john mayer play,Acoustic music,"John Mayer plays a variety of music genres including Pop, Rock, Country, Indie rock, Soul, and Blues. The",0,0.2857142857142857,0.75,9297.926748004102,False,cok,0
WebQTest-599,what inventions did thomas edison invent list,Carbon microphone,"Thomas Edison did not invent the Franklin stove, lightning rod, or bifocals as these were invented by Benjamin Franklin.",0,0.0,0.75,8151.302442005544,False,cok,0
WebQTest-600,where did djokovic come from,Serbia,United States of America,0,0.0,0.75,9316.923956997925,False,cok,0
WebQTest-602,what part of the country is new england,Northeastern United States,"New England is located in the Eastern United States. The reasoning chain indicates that New England contains New Hampshire and Vermont, both",0,0.16,0.75,6511.396175999835,False,cok,0
WebQTest-603,what money to take to turkey,Turkish lira,United States Dollar,0,0.0,0.75,9308.579471005942,False,cok,0
WebQTest-604,what kind of music did jimi hendrix play,Psychedelic rock,The information provided in the reasoning chain does not include any details about Jimi Hendrix or the kind of music he played,0,0.08333333333333334,0.75,9303.206242999295,False,cok,0
WebQTest-605,what degrees did obama get in college,Juris Doctor,The given information does not provide any details about the degrees Barack Obama received in college. The reasoning chain focuses on Richard Nixon,0,0.0,0.75,7096.041133001563,False,cok,0
WebQTest-606,who were alexander graham bell 's siblings,Edward Charles Bell,Frederick Hannon Fitzgerald,0,0.0,0.75,9317.412214004435,False,cok,0
WebQTest-608,when did liverpool fc last win the champions league,2012 Football League Cup Final,"The given information does not contain any data related to Liverpool FC or their performance in the Champions League. Therefore, it is",0,0.07407407407407407,0.75,7650.369768998644,False,cok,0
WebQTest-609,who played jeannie,Barbara Eden,The information provided does not specify who played Jeannie. The chain mentions Jean Kennedy Smith as an actor but there is no,0,0.0,0.75,9301.574933000666,False,cok,0
WebQTest-611,where was st peter killed,Rome,"The given reasoning chain does not contain information about St. Peter's place of death. Therefore, we cannot determine from this",0,0.0,0.75,9333.534409001004,False,cok,6
WebQTest-612,who does jeremy shockey play for in 2012,Carolina Panthers,The given information does not provide any details about Jeremy Shockey or his team in 2012. The reasoning,0,0.0,0.75,9396.147904997633,False,cok,0
WebQTest-613,what college did deion sanders jr go to,Florida State University,"The information provided does not specify which college Deion Sanders Jr. attended. It only mentions that Jared Y. Sanders,",0,0.0,0.75,9322.588502000144,False,cok,0
WebQTest-614,when did the battle of alamo start,1836-02-23,The information provided in the reasoning chain does not contain any details about the Battle of the Alamo or its start date.,0,0.0,0.75,9329.18196600076,False,cok,0
WebQTest-615,what were the names of henry viii 's three children,"Henry, Duke of Cornwall",The information provided in the reasoning chain does not contain any details about Henry VIII's children. The chain is focused on Edward,0,0.07407407407407408,0.75,9324.679037999886,False,cok,0
WebQTest-616,what was queen elizabeth ii childhood nickname,Elizabeth II,The given information does not provide any details about Queen Elizabeth II's childhood nickname. The reasoning chain only contains facts about her,0,0.16,0.75,8998.975554000936,False,cok,3
WebQTest-617,where did tim tebow grow up,Makati,The information provided in the reasoning chain does not contain any details about Tim Tebow's place of birth or where he grew,0,0.0,0.75,8759.847977999016,False,cok,0
WebQTest-618,where is chesapeake bay bridge,Anne Arundel County,"The information provided in the reasoning chain does not contain any direct reference to the Chesapeake Bay Bridge. Therefore, I cannot",0,0.0,0.75,9314.93992099422,False,cok,0
WebQTest-619,who played victoria barkley,Barbara Stanwyck,The information provided in the reasoning chain does not contain any details about Keyshia Cole playing the character Victoria Barkley.,0,0.0,0.75,8046.563043993956,False,cok,0
WebQTest-620,where did kennedy 's inaugural address take place,United States Capitol,The John F. Kennedy 1961 presidential inauguration took place at the United States Capitol.,0,0.35294117647058826,0.75,7433.975861997169,False,cok,4
WebQTest-621,what countries have german as the official language,Belgium,"Based on the given reasoning chain, the countries that have German as their official language are Germany and the Weimar Republic (",0,0.0909090909090909,0.75,9319.49142999656,False,cok,0
WebQTest-622,where did the taliban began,Afghanistan,"The reasoning chain provided does not directly address the origin of the Taliban. The chain focuses on anti-communism, activism",0,0.0,0.75,9305.673155002296,False,cok,2
WebQTest-624,who plays elena gilbert on vampire diaries,Nina Dobrev,Nina Dobrev plays Elena Gilbert on Vampire Diaries.,0,0.4,0.75,9389.893863000907,False,cok,0
WebQTest-626,what does the missouri river bisect,South Dakota,"The Missouri River does not directly bisect any specific region based on the given information. However, it is located within and",0,0.0909090909090909,0.75,7727.4998339999,False,cok,0
WebQTest-627,what nationality is taylor lautner jacob black,United States of America,"To determine Taylor Lautner's nationality based on the given information and the original question, we need to focus on the",0,0.0,0.75,9318.04226100212,False,cok,3
WebQTest-628,what animal represents california,California grizzly bear,"The state reptile of California does not directly represent the state as a whole, but if we are to consider an animal",0,0.08,0.75,8525.787578000745,False,cok,0
WebQTest-629,what company does nike own,NIKE IHM Inc,The given reasoning chain does not provide information about what company Nike owns. The chain is focused on founders and organizations but does,0,0.08,0.75,9298.858625996218,False,cok,0
WebQTest-630,what language do colombian people speak,Cuiba language,"The reasoning chain provided does not include information about Colombia or its official language. Based on the given chain, we can infer",0,0.08333333333333334,0.75,9328.107176996127,False,cok,0
WebQTest-631,what year did ray allen join the nba,1996,The given information does not provide any details about Ray Allen joining the NBA or his specific year of entry into the league.,0,0.0,0.75,9331.78681499703,False,cok,0
WebQTest-633,what is claire danes famous for,Voice Actor,The given information does not provide any details about Claire Danes' fame or notable works. The reasoning chain focuses on Claire,0,0.0,0.75,9314.475225000933,False,cok,0
WebQTest-634,what county is san antonio in,Medina County,"The given reasoning chain does not contain information about San Antonio. Therefore, I cannot determine the county that San Antonio is in",0,0.08333333333333334,0.75,9307.599171996117,False,cok,0
WebQTest-635,what characters does matt stone do,Terrance Henry Stoot,"The information provided does not mention any characters played by Matt Stone. The information is about Oliver Stone and Joss Stone,",0,0.13793103448275862,0.75,9301.440153998556,False,cok,0
WebQTest-636,what timezone is the state of michigan and,UTC−05:00,The state of Michigan uses both the Eastern Time Zone and the Central Time Zone. Metro Detroit is in the Eastern Time Zone,0,0.5161290322580645,0.75,9307.826267002383,False,cok,1
WebQTest-637,what type of government did soviet union have,Soviet democracy,The Soviet Union had a parliamentary system of government.,0,0.1818181818181818,0.75,9334.649099000671,False,cok,0
WebQTest-638,what languages are there in japan,Esperanto Language,"English Language, Esperanto Language",0,0.8571428571428571,0.75,8216.42047700152,False,cok,2
WebQTest-639,what year did the bulls get rodman,1995,"The information provided does not contain any details about the Chicago Bulls or when Julius Rodman was with the team. Therefore,",0,0.0,0.75,8181.458101003955,False,cok,0
WebQTest-640,who was saint paul the apostle,Missionary,"Saint Paul the Apostle was a missionary and writer from Cilicia, known for his travels and teachings in early Christianity,",0,0.09523809523809523,0.75,9334.528357001545,False,cok,3
WebQTest-642,where did vince scully go to college,Fordham University,"The information provided does not mention Vince Scully or his college. The chain contains details about a Navy quarterback, Professor Charles",0,0.0,0.75,9322.92748799955,False,cok,0
WebQTest-643,where does princess leia live,Alderaan,The information provided in the reasoning chain does not contain any details about Princess Leia's residence. The chain focuses on the geographical,0,0.0,0.75,9306.752660995699,False,cok,0
WebQTest-644,what famous people are from el salvador,Mario Wilfredo Contreras,The reasoning chain provided does not contain any information about famous people from El Salvador. It only provides geographical and categorization details,0,0.08,0.75,9301.684851001482,False,cok,0
WebQTest-645,what type of art did leonardo da vinci make,Painting,"The original question seems to be about Leonardo da Vinci's type of art, but based on the given reasoning chain, there",0,0.0,0.75,5791.936765999708,False,cok,0
WebQTest-646,where did mary bell live,Newcastle upon Tyne,"The information provided does not contain any details about Mary Bell's place of residence. The reasoning chain focuses on Belltown,",0,0.0,0.75,9306.741686996247,False,cok,0
WebQTest-648,who did kimberly williams marry,Brad Paisley,"To determine who Kimberly Williams married, we need to follow the information provided in the reasoning chain:",0,0.0,0.75,6171.558604000893,False,cok,0
WebQTest-649,what other movies has ryan gosling been in,Lars and the Real Girl,The information provided does not contain any data related to Ryan Gosling or his films. The reasoning chain only contains information about,0,0.15384615384615385,0.75,9335.978359995352,False,cok,0
WebQTest-650,what political party does julia gillard belong to,Australian Labor Party,The information provided in the reasoning chain does not contain any details about Julia Gillard's political party affiliation. The chain only,0,0.08,0.75,8880.797820005682,False,cok,0
WebQTest-651,what is the currency of germany now,Euro,"The information provided in the reasoning chain does not include any data about Germany. All countries mentioned (Belgium, Netherlands,",0,0.0,0.75,9294.358683997416,False,cok,1
WebQTest-652,what kind of hispanic is selena gomez,Italian American,"The given information does not provide any details about Selena Gomez's ethnicity or nationality. Therefore, we cannot determine what kind",0,0.0,0.75,9310.043746998417,False,cok,0
WebQTest-653,who did denise van outen married,Lee Mead,The information provided does not contain any details about Denise Van Outen or her marital status. The reasoning chain focuses on Claude,0,0.0,0.75,8367.014873998414,False,cok,0
WebQTest-654,what are egyptian money called,Egyptian pound,Egyptian pound,1,1.0,0.75,9314.55803100107,False,cok,2
WebQTest-655,what is the zip code for wyoming michigan,49509,"The given information does not provide a specific zip code for Wyoming, Michigan. To find the zip code, additional data or",0,0.0,0.75,9308.481870997639,False,cok,0
WebQTest-656,who is the president of costa rica in 2012,Laura Chinchilla,The information provided in the reasoning chain does not contain any details about the president of Costa Rica in 2012,0,0.0,0.75,8212.265748996288,False,cok,0
WebQTest-657,where did martin luther king got shot at,Memphis,Memphis,1,1.0,0.75,8528.725500000292,False,cok,2
WebQTest-658,who wrote the gospel according to john,John the Evangelist,"Origen wrote the commentary on the Gospel according to John, but the Gospel of John itself was not written by him.",0,0.3508771929824562,0.75,9328.984095998749,False,cok,0
WebQTest-659,what form of government is the uk,Parliamentary system,The United Kingdom has a parliamentary system as its form of government. This can be deduced from the chain of information provided,0,0.16666666666666669,0.75,9306.198582002253,False,cok,3
WebQTest-661,who did nasri play for before arsenal,Olympique de Marseille,The given information does not provide any details about Nasri or his previous teams. The reasoning chain only contains information about a,0,0.0,0.75,7538.800173002528,False,cok,0
WebQTest-662,what currency does the czech republic use now,Czech koruna,"The Czech Republic uses the Euro as its currency now. However, this statement is incorrect based on the information provided in the",0,0.08333333333333334,0.75,9299.7688799951,False,cok,0
WebQTest-663,what age did william penn get married,1672-04-04,The information provided does not contain the specific age at which William Penn got married. The chain of reasoning mainly discusses Benjamin Franklin,0,0.0,0.75,7313.4625570019125,False,cok,0
WebQTest-664,what was firefox programmed in,JavaScript,The information provided does not contain any details about Firefox or its programming language. The chain of reasoning focuses on Jameson O,0,0.0,0.75,9298.971148004057,False,cok,0
WebQTest-665,what government does new zealand have,Parliamentary system,"New Zealand has a parliamentary system, constitutional monarchy, and is a unitary state. The country operates under a parliamentary system",0,0.33333333333333337,0.75,9310.307445004582,False,cok,1
WebQTest-666,where is isthmus of panama located on the map,South America,The Isthmus of Panama is located in Central America on the map. The reasoning chain provided does not directly mention the,0,0.08695652173913042,0.75,9310.917700000573,False,cok,0
WebQTest-667,what is the capital of republic of ireland,Dublin,The capital of the Republic of Ireland is Dublin.,0,0.19999999999999998,0.75,9307.318261999171,False,cok,0
WebQTest-668,what has kristen stewart acted in,The Flintstones in Viva Rock Vegas,"Based on the given reasoning chain, there is no direct information about Kristen Stewart's acting roles. The chain only mentions a",0,0.22641509433962262,0.75,9329.254932003096,False,cok,0
WebQTest-669,what did dr josef mengele do,Physician,"The given reasoning chain does not contain any information about Dr. Josef Mengele or his actions. Therefore, based on",0,0.0,0.75,9329.410144993744,False,cok,0
WebQTest-670,what kind of language does egypt speak,Modern Standard Arabic,Egypt speaks Modern Standard Arabic and Egyptian Arabic.,0,0.6666666666666666,0.75,9060.213887998543,False,cok,1
WebQTest-671,who are the senators of hawaii 2012,Mazie Hirono,The information provided in the reasoning chain does not contain specific names of senators for Hawaii in 2012. The,0,0.0,0.75,9335.350974004541,False,cok,0
WebQTest-672,what form of government does north korea have,Single-party state,"The reasoning chain provided does not contain information about North Korea's form of government. The chain focuses on countries like Norway,",0,0.0,0.75,9303.721526004665,False,cok,0
WebQTest-673,where did robert kardashian go to college,University of San Diego School of Law,The information provided does not contain any details about Robert Kardashian's college education. The chain of reasoning focuses on John F.,0,0.0784313725490196,0.75,7939.359887997853,False,cok,0
WebQTest-675,what county is st james city fl in,Lee County,"The original question seems to be about St. James City, FL, but based on the provided reasoning chain, there is",0,0.0,0.75,9310.875748997205,False,cok,0
WebQTest-676,what did the akkadian empire include,Akkad,"The Akkadian Empire included the Akkadian language, which is part of the Afroasiatic language family and was",0,0.0,0.75,9307.664908999868,False,cok,0
WebQTest-677,after how many years are the olympic games held,Quadrennial,"The Summer Olympic Games are held every four years. The recurring instances listed (1900, 198",0,0.0,0.75,9315.437938006653,False,cok,0
WebQTest-678,what system of government does guyana have,Semi-presidential system,"The information provided in the reasoning chain does not include Guyana. Therefore, based on the given chain, we cannot determine",0,0.0,0.75,8404.013331004535,False,cok,0
WebQTest-680,what team did aguero play for,Manchester City F.C.,"The original question about Aguero's team cannot be answered using the provided reasoning chain, as none of the information given relates",0,0.07692307692307693,0.75,9302.954348997446,False,cok,0
WebQTest-681,who is the president of the european union 2012,Jerzy Buzek,The reasoning chain provided does not directly address the question about the President of the European Union in 2012.,0,0.0,0.75,8602.715818000434,False,cok,0
WebQTest-683,what year was kenya moore crowned miss usa,Miss USA 1993,The given information does not provide any details about Kenya Moore being crowned Miss USA or her year of coronation. The provided,0,0.16,0.75,9314.438508998137,False,cok,0
WebQTest-684,what sort of government does nigeria have,Presidential system,"Based on the given reasoning chain, Nigeria is a unitary state. However, the chain does not directly provide this information",0,0.0,0.75,9306.16576000466,False,cok,0
WebQTest-685,where does chef ina garten live,Brooklyn,"The information provided does not include any details about Ina Garten's place of residence. Therefore, we cannot determine where Chef",0,0.0,0.75,7250.401224002417,False,cok,0
WebQTest-686,when the atlanta braves won the world series,1995 World Series,The Atlanta Braves won the World Series in 1999.,0,0.3333333333333333,0.75,9321.67585100251,False,cok,0
WebQTest-688,what kind of language do they speak in iran,Pashto language,"The final answer to the original question ""What kind of language do they speak in Iran?"" cannot be directly determined from the",0,0.08333333333333334,0.75,9300.394634003169,False,cok,0
WebQTest-689,what was the first language spoken in spain,Spanish Language,The first language spoken in Spain is Spanish.,0,0.4,0.75,9303.41654199583,False,cok,1
WebQTest-690,what did scott joplin play,Jazz piano,The given information does not provide any details about Scott Joplin's musical performances or instruments he played. The chain of,0,0.0,0.75,7421.771003995673,False,cok,0
WebQTest-691,what school did miley cyrus,Heritage Elementary School,The given information does not provide any details about Miley Cyrus's school. The available data includes her nationality (United States,0,0.08333333333333333,0.75,9294.540091003,False,cok,0
WebQTest-693,what language do most people speak in afghanistan,"Farsi, Eastern Language","Based on the given reasoning chain, it is not explicitly stated which language is spoken by the majority of people in Afghanistan.",0,0.08333333333333334,0.75,7540.0110600021435,False,cok,0
WebQTest-694,who is the prime minister of jamaica west indies,Portia Simpson-Miller,"The Prime Minister of Jamaica (not specifically ""Jamaica West Indies"") has had several holders as indicated by the identifiers",0,0.0,0.75,6302.621246999479,False,cok,0
WebQTest-695,what role did paul mccartney play in the beatles,Bass,The information provided in the reasoning chain does not contain any details about Paul McCartney's role in The Beatles or his appearance in,0,0.0,0.75,7620.866579993162,False,cok,0
WebQTest-696,when did juventus win the champions league,1996 UEFA Champions League Final,"The given reasoning chain does not contain any information about Juventus or the Champions League. Therefore, I cannot determine when Juventus won",0,0.14814814814814814,0.75,9326.655868004309,False,cok,0
WebQTest-698,who is robin roberts father,Lawrence E. Roberts,"Based on the information provided in the reasoning chain, we cannot determine who Robin Roberts' father is. The chain only provides",0,0.08333333333333333,0.75,9305.539120003232,False,cok,0
WebQTest-699,what is the capital of australia victoria state,Melbourne,Canberra,0,0.0,0.75,7791.404372001125,False,cok,0
WebQTest-700,where is french spoken most,Equatorial Guinea,"French is spoken most in France, but it is also spoken in Canada and Switzerland.",0,0.125,0.75,9297.69597700215,False,cok,0
WebQTest-701,what team is reggie bush on 2011,Miami Dolphins,The information provided in the reasoning chain does not contain any data about Reggie Bush or his team in the 201,0,0.0,0.75,9351.969588002248,False,cok,0
WebQTest-702,what highschool did emily osment go to,Flintridge Preparatory School,"The information provided in the reasoning chain does not contain any details about Emily Osment or her schooling. Therefore, the correct",0,0.0,0.75,9313.68257199938,False,cok,0
WebQTest-703,what currency should i take to mexico,Mexican peso,United States Dollar,0,0.0,0.75,9303.353192997747,False,cok,0
WebQTest-704,who is thor heyerdahl,Ethnographer,The given information does not provide any details about Thor Heyerdahl. The reasoning chain only contains information about nationalities and,0,0.0,0.75,9314.220111002214,False,cok,0
WebQTest-706,where did troy aikman play football,Dallas Cowboys,"Troy Aikman played football in the Eastern Time Zone, which is likely referring to the state of Ohio, given the",0,0.0,0.75,9324.351322997245,False,cok,0
WebQTest-707,who played cletus hogg,Jack Polick,None of the actors mentioned in the reasoning chain played Cletus Hogg. The chain only provides information about Shawn H,0,0.0,0.75,9320.13865299814,False,cok,0
WebQTest-708,who won fa cup 1976,Southampton F.C.,The information provided in the reasoning chain does not contain any details about the FA Cup or its winners in 197,0,0.0,0.75,8242.6215749947,False,cok,0
WebQTest-709,what did general robert e lee die from,Pneumonia,The information provided in the reasoning chain does not include any details about General Robert E. Lee's cause of death. Therefore,0,0.0,0.75,7553.420629999891,False,cok,0
WebQTest-710,what style of art did henri matisse do,Neo-impressionism,The given chain of influences does not provide any information about Henri Matisse's art style. The chain focuses on the,0,0.08695652173913042,0.75,9394.33979200112,False,cok,0
WebQTest-711,who plays chuck bass in gossip girl,Ed Westwick,Keyshia Cole,0,0.0,0.75,9317.926133000583,False,cok,0
WebQTest-712,what countries have territories in oceania,Wallis and Futuna,"The given information does not provide a complete list of all countries with territories in Oceania. However, based on the",0,0.08333333333333334,0.75,8396.453168003063,False,cok,0
WebQTest-713,what county is st. louis park in,Hennepin County,The information provided does not specify which county St. Louis Park is in. The chain of reasoning only provides information about St,0,0.08333333333333334,0.75,9320.825940005307,False,cok,0
WebQTest-714,what is the political system of south africa,Parliamentary republic,"The information provided in the reasoning chain does not directly address the political system of South Africa. Instead, it focuses on the",0,0.0,0.75,8952.612091998162,False,cok,0
WebQTest-716,what language group does germany belong to,Indo-European languages,"The final answer to the original question ""What language group does Germany belong to?"" is not directly provided in the given reasoning",0,0.0,0.75,6030.821635002212,False,cok,0
WebQTest-717,what timezone is tucson arizona in right now,Mountain Time Zone,Mountain Time Zone,1,1.0,0.75,9303.273375997378,False,cok,1
WebQTest-718,when was lucy lawless born,1968-03-29,"The given reasoning chain does not contain any information about Lucy Lawless or her birth date. Therefore, I cannot determine her",0,0.0,0.75,9310.939823000808,False,cok,0
WebQTest-719,which political party does barack obama represent,Democratic Party,Barack Obama represents the Democratic Party. The information provided in the reasoning chain does not directly state the political party that Barack Obama,0,0.23076923076923078,0.75,6284.32501500356,False,cok,0
WebQTest-721,what kind of leukemia did jill clayburgh have,Leukemia,The given information does not specify the type of leukemia that Jill Clayburgh had. The chain includes general information about aplastic,0,0.0909090909090909,0.75,7499.237243995594,False,cok,0
WebQTest-723,what is there to see in sydney australia,Sydney Markets,"In Sydney, Australia, you can see a city/town/village. While the provided information does not explicitly list specific",0,0.09523809523809525,0.75,9314.613702001225,False,cok,0
WebQTest-724,where was marilyn monroe found dead,Brentwood,"Based on the information provided in the reasoning chain, there is no direct statement about where Marilyn Monroe was found dead. The",0,0.0,0.75,9317.76627299405,False,cok,0
WebQTest-725,what states does the sierra nevada run through,Nevada,The Sierra Nevada mountain range runs through California and Nevada. The reasoning chain provided does not directly address the states that the Sierra,0,0.16,0.75,9307.130641995172,False,cok,1
WebQTest-726,what language is spoken in greek,Albanian language,Greek Language,1,1.0,0.75,9328.198072995292,False,cok,0
WebQTest-728,what is the name of the speaker of the house of representatives now 2011,Nancy Pelosi,"To provide the correct answer, we need to identify the Speaker of the United States House of Representatives in 201",0,0.0,0.75,8925.872959996923,False,cok,0
WebQTest-729,who plays stanley hudson,Leslie David Baker,The given information does not provide a specific person named Stanley Hudson or any information about who might play such a character. The,0,0.0,0.75,7240.891541005112,False,cok,0
WebQTest-730,what record label is kelly clarkson signed with,Sony Music Entertainment,"The information provided in the reasoning chain does not include any details about Kelly Clarkson or her record label. Therefore, I cannot",0,0.0,0.75,9319.89229699684,False,cok,0
WebQTest-731,where does tim roth come from,Dulwich,Tim Roth comes from the United Kingdom.,0,0.0,0.75,9313.280636000854,False,cok,0
WebQTest-733,what currency should you take to vietnam,Vietnamese dong,"Based on the given reasoning chain, there is no direct information provided about the currency used in Vietnam. However, we can",0,0.0,0.75,7073.390248995565,False,cok,0
WebQTest-734,who did roger federer married,Mirka Federer,"The provided reasoning chain does not contain any information about Roger Federer's marital status or spouse. Therefore, based on the",0,0.08695652173913042,0.75,9314.627239000401,False,cok,0
WebQTest-735,what kind of money do i need in costa rica,Costa Rican colón,"In Costa Rica, you would need Costa Rican Colón (CRC) as the primary currency, not the United States Dollar",0,0.34782608695652173,0.75,8891.75413799967,False,cok,0
WebQTest-737,what is the name of the capital of belgium,City of Brussels,The reasoning chain provided does not contain information about the capital of Belgium. The given facts are about the country's form of,0,0.13793103448275862,0.75,9311.35145099688,False,cok,0
WebQTest-738,what kind of government does japan have now,Parliamentary system,Japan has a parliamentary system and a constitutional monarchy form of government. It is also considered a unitary state.,0,0.1904761904761905,0.75,8825.449335003213,False,cok,1
WebQTest-739,what pieces of music did claude debussy compose,La Flûte de Pan,"Based on the given reasoning chain, there is no direct information provided about specific pieces of music composed by Claude Debussy.",0,0.1951219512195122,0.75,7442.151631999877,False,cok,0
WebQTest-740,who was selena gomez in barney and friends,Gianna,The information provided does not contain any details about Selena Gomez's role in Barney and Friends. The given chain of reasoning,0,0.0,0.75,9313.699483995151,False,cok,0
WebQTest-741,who plays caesar flickerman in the hunger games,Stanley Tucci,The information provided does not contain any details about Caesar Flickerman or his role in The Hunger Games. The last statement,0,0.0,0.75,9312.483288995281,False,cok,0
WebQTest-742,where did the gettysburg address,Gettysburg,"The Gettysburg Address was delivered at the Battle of Gettysburg, which took place in Pennsylvania. This",0,0.2222222222222222,0.75,9333.796214996255,False,cok,0
WebQTest-743,what was the name of jfk 's brothers,"Joseph P. Kennedy, Jr.",m.03lfq3_ and m.03lfq4h,0,0.0,0.75,9153.283088002354,False,cok,0
WebQTest-744,who was tupac signed to,Death Row Records,Interscope Records,1,1.0,0.75,9343.30283899908,False,cok,0
WebQTest-745,what was augustus caesar famous for,Politician,The given reasoning chain does not contain any information about Augustus Caesar. The chain primarily focuses on William Augustus Bowles,0,0.0,0.75,9328.473994995875,False,cok,0
WebQTest-747,what language does colombia,Cuiba language,Spanish Language,1,1.0,0.75,9301.417080998363,False,cok,0
WebQTest-748,what is the zip code for schenectady new york,12305,"The given information does not contain a specific zip code for Schenectady, New York. To provide the correct answer",0,0.0,0.75,9319.078713000636,False,cok,0
WebQTest-749,who was president in 1988 in the united states,Ronald Reagan,The President of the United States in 1988 was Ronald Reagan. He served from 1981,0,0.23529411764705882,0.75,8310.18409600074,False,cok,0
WebQTest-751,who owns google 2012,David Drummond,None of the provided information is related to the ownership of Google in 2012. The given reasoning chain focuses,0,0.0,0.75,9318.859628001519,False,cok,0
WebQTest-752,what drink did john pemberton create,Coca-Cola,The given reasoning chain does not contain any information about John Pemberton or the drink he created. The chain provides details about,0,0.0,0.75,6282.563932996709,False,cok,0
WebQTest-753,what position did stanley matthews play,Outside forward,The given information does not specify the exact position Stanley Matthews played in American football. The last property mentioned only indicates that he,0,0.0,0.75,7316.149401995062,False,cok,0
WebQTest-755,what was bonnie prince charlie full name,Charles Edward Stuart,"The given information does not provide Bonnie Prince Charlie's full name. The reasoning chain focuses on Charlie Parker and Charlie Mitchell,",0,0.0,0.75,6880.952612998954,False,cok,0
WebQTest-756,who makes the voice of stewie griffin,Seth MacFarlane,The information provided does not contain any details about the voice actor for Stewie Griffin. The reasoning chain focuses on Griffin,0,0.0,0.75,7261.885773004906,False,cok,0
WebQTest-757,who is angelina jolie mom and dad,Jon Voight,"The information provided does not directly state Angelina Jolie's parents. However, we can infer that Brad Pitt is her",0,0.0,0.75,9317.056756997772,False,cok,0
WebQTest-758,who is the governor of indiana 2009,Mitch Daniels,The information provided does not contain the specific details needed to determine who the governor of Indiana was in 2009,0,0.0,0.75,9339.593816002889,False,cok,0
WebQTest-759,who brad pitt has dated,Robin Givens,"Based on the given reasoning chain, there is no direct information provided about Brad Pitt's dating history. The chain focuses on",0,0.0,0.75,9332.919743996172,False,cok,0
WebQTest-760,what party does barack obama belong to,Democratic Party,"The given information does not specify which political party Barack Obama belongs to. The provided reasoning chain includes his nationality, gender,",0,0.08695652173913042,0.75,9315.680705003615,False,cok,0
WebQTest-761,what is san francisco zip code,94122,94109,1,1.0,0.75,8526.816571997188,False,cok,0
WebQTest-762,who has stephen ireland played for,Aston Villa F.C.,"The original question ""who has stephen ireland played for"" does not match any of the provided statements in the reasoning",0,0.0,0.75,8706.325287996151,False,cok,0
WebQTest-764,where did john mayer go to college,Berklee College of Music,The information provided in the reasoning chain does not include any details about John Mayer's education or the college he attended. The,0,0.07407407407407408,0.75,7543.9545740009635,False,cok,0
WebQTest-765,what celebrities has brody jenner dated,Haylie Duff,"The information provided in the reasoning chain does not contain any data about Brody Jenner or his dating history. Therefore, the",0,0.0,0.75,9330.396566998388,False,cok,0
WebQTest-766,what is malaysian currency,Malaysian ringgit,"The final answer to the original question ""what is malaysian currency"" is not directly derivable from the given reasoning",0,0.09523809523809525,0.75,9308.408844000951,False,cok,0
WebQTest-768,who owns volkswagen car company,Volkswagen Group,"The information provided in the reasoning chain does not contain any details about Volkswagen or its ownership. Therefore, based on the given",0,0.08333333333333334,0.75,9312.51885999518,False,cok,0
WebQTest-769,which is the main train station in rome,Roma Termini railway station,The information provided in the reasoning chain does not contain any details about the main train station in Rome. The chain mainly focuses,0,0.07407407407407408,0.75,9319.80451799609,False,cok,0
WebQTest-770,what did steve mcnair died from,Ballistic trauma,"The information provided in the reasoning chain does not include any details about Steve McNair's cause of death. Therefore, based",0,0.0,0.75,9321.825996994448,False,cok,0
WebQTest-771,who is the newly elected governor of california,Arnold Schwarzenegger,The reasoning chain provided does not contain information about the newly elected governor of California. It mainly focuses on political events and representatives,0,0.0,0.75,8307.578136002121,False,cok,0
WebQTest-772,who plays roxanne in ghost rider,Eva Mendes,"The information provided does not contain any details about the character Roxanne or the film Ghost Rider. Therefore, it's impossible",0,0.0,0.75,6352.964252000675,False,cok,0
WebQTest-773,where is the sony ericsson company,Minato,"The information provided in the reasoning chain does not contain any details about the location of the Sony Ericsson company. Therefore,",0,0.0,0.75,9317.42913400376,False,cok,0
WebQTest-774,what kind of currency does the dominican republic have,Dominican peso,"The reasoning chain provided does not directly state the currency used in the Dominican Republic. However, we can infer that the United",0,0.08333333333333334,0.75,8537.76932600158,False,cok,0
WebQTest-775,what to do this weekend in manchester with kids,Whitworth Art Gallery,"Based on the given reasoning chain, there are a couple of tourist attractions and events that could be suitable for a weekend in",0,0.07692307692307691,0.75,9320.805356001074,False,cok,0
WebQTest-776,what sport is popular in italy,Italy national handball team,"Based on the given reasoning chain, we cannot definitively determine which sport is the most popular in Italy. The chain mentions",0,0.08,0.75,7681.572196001071,False,cok,0
WebQTest-777,where is the main headquarters of google,Mountain View,The information provided in the reasoning chain does not contain any direct reference to Google's main headquarters. The chain primarily discusses locations,0,0.0,0.75,9316.952365996258,False,cok,0
WebQTest-778,what was jesse owens education,East Technical High School,The given information does not provide any details about Jesse Owens' education.,0,0.0,0.75,7090.01662999799,False,cok,0
WebQTest-779,where does carlos santana live,Jalisco,The given information does not provide any details about Carlos Santana's place of residence.,0,0.0,0.75,9323.197281999455,False,cok,0
WebQTest-780,what is the new movie john carter about,Action Film,The information provided does not contain any details about a new movie starring or directed by John Carter. The chain of information given,0,0.0,0.75,9316.723570998874,False,cok,0
WebQTest-782,what countries does nafta include,United States of America,"NAFTA includes Mexico, the United States, and Canada.",0,0.3333333333333333,0.75,7251.2706449997495,False,cok,6
WebQTest-783,what county is houston tx in,Montgomery County,Polk County,0,0.5,0.75,9291.01547299797,False,cok,0
WebQTest-784,where do the seattle seahawks play,CenturyLink Field,The Seattle Seahawks play at Lumen Field.,0,0.22222222222222224,0.75,9321.169372997247,False,cok,0
WebQTest-785,who does michael keaton play in cars,Chick Hicks,"The information provided in the reasoning chain does not contain any details about Michael Keaton or the movie ""Cars."" Therefore,",0,0.0,0.75,9318.430963001447,False,cok,0
WebQTest-787,where is the riviera casino,Las Vegas,"The information provided does not include the location of the Riviera Casino. To find the location of the Riviera Casino,",0,0.0,0.75,9308.950173995981,False,cok,7
WebQTest-788,what is the holy book of the buddhist religion,Gangōji Garan Engi,The holy book of the Buddhist religion is the Tripitaka or Pali Canon.,0,0.25,0.75,9308.204788001603,False,cok,0
WebQTest-789,who became president when henry harrison died,John Tyler,The information provided does not directly state who became president when William Henry Harrison died. William Henry Harrison was the ninth President of,0,0.0,0.75,9416.166636998241,False,cok,0
WebQTest-790,where did richard arkwright grow up,"Preston, Lancashire",The information provided does not contain any details about Richard Arkwright's place of upbringing. The given chain of facts is about,0,0.0,0.75,9319.761220998771,False,cok,0
WebQTest-791,what other books did louis sachar write,Sixth Grade Secrets,"The information provided does not list any books written by Louis Sachar. The chain of reasoning only mentions a book ""On",0,0.2,0.75,9330.365000998427,False,cok,0
WebQTest-792,when did roth ira originate,"William V. Roth, Jr.",The question about when the Roth IRA originated is not directly related to the information provided about Philip Roth. The given chain focuses,0,0.12903225806451613,0.75,8391.173491996597,False,cok,0
WebQTest-794,who does the voice for darth vader,James Earl Jones,The information provided in the reasoning chain does not contain any details about who voices Darth Vader. The chain primarily focuses on Ch,0,0.0,0.75,9320.208116005233,False,cok,0
WebQTest-796,what did thomas malthus do,Scientist,"The given reasoning chain does not contain any information about Thomas Malthus or his profession. Therefore, we cannot determine what",0,0.0,0.75,9316.130204002548,False,cok,0
WebQTest-797,what is the zip code for newark california,94560,"The given reasoning chain does not contain information about the zip code for Newark, California. Therefore, I cannot determine the zip",0,0.0,0.75,9344.021478995273,False,cok,0
WebQTest-798,what states share a border with tennessee,Georgia,"Based on the information provided in the reasoning chain, the states that share a border with Tennessee are:",0,0.0,0.75,9314.459927001735,False,cok,0
WebQTest-800,what war did the us lose the most soldiers,World War II,"The question provided does not directly match the information given in the reasoning chain. However, based on the information available, we",0,0.0,0.75,9337.36200700514,False,cok,7
WebQTest-801,what kind of government is egypt,Semi-presidential system,Egypt has a semi-presidential system of government. The reasoning chain shows that Egypt's form of government is described as a,0,0.24000000000000002,0.75,6529.045176001091,False,cok,3
WebQTest-802,what musical instruments does justin bieber play,Vocals,The provided reasoning chain does not contain any information about the musical instruments Justin Bieber plays. The chain only mentions his profession as,0,0.0,0.75,9315.368875002605,False,cok,0
WebQTest-805,where do john lennon die,New York City,John Lennon died in New York City.,0,0.6,0.75,9318.970288004493,False,cok,1
WebQTest-809,what is the current time in bangalore india,India Time Zone,"The given reasoning chain does not provide information about Bangalore, India. To determine the current time in Bangalore, India, we",0,0.24489795918367346,0.75,9314.434425003128,False,cok,0
WebQTest-810,what language do people from greece speak,Albanian language,Greek Language,1,1.0,0.75,9310.153721999086,False,cok,0
WebQTest-811,where is the phillies spring training stadium,Bright House Field,The information provided does not specify the location of the Philadelphia Phillies' spring training stadium. The chain contains information about John F,0,0.0,0.75,9323.070480000752,False,cok,0
WebQTest-812,what movies does matt dallas play in,Naughty or Nice,Matt Dallas is not a character in any of the provided information. There is no mention of a person named Matt Dallas or,0,0.20689655172413793,0.75,9317.775248004182,False,cok,0
WebQTest-813,who was john f kennedy 's family,John F. Kennedy Jr.,"The Kennedy family includes John F. Kennedy, John F. Kennedy Jr., Robert F. Kennedy, Joseph P. Kennedy",0,0.7857142857142858,0.75,9333.704708995356,False,cok,2
WebQTest-814,where is harley davidson corporate headquarters,Milwaukee,"The reasoning chain provided does not contain any direct information about Harley Davidson's corporate headquarters. Therefore, based on the given information",0,0.0,0.75,9307.879259999027,False,cok,0
WebQTest-818,where was the ottoman empire based,Near East,"The Ottoman Empire was based in Turkey, which is located in Eurasia. While the empire had control over various regions including",0,0.0,0.75,9321.510849003971,False,cok,0
WebQTest-819,where was bin laden found and killed,Abbottabad,The information provided in the reasoning chain does not contain any details about where Osama Bin Laden was found and killed. The chain,0,0.0,0.75,8516.038964000472,False,cok,0
WebQTest-820,what are the names of harry potter movies in order,Harry Potter and the Order of the Phoenix,"The information provided in the reasoning chain does not contain any details about Harry Potter movies or their release order. Therefore, I",0,0.3333333333333333,0.75,9330.777488001331,False,cok,0
WebQTest-821,what did pamela courson die from,Heroin overdose,"The information provided in the reasoning chain does not contain any details about Pamela Courson or her cause of death. Therefore,",0,0.0,0.75,9312.65111999528,False,cok,0
WebQTest-822,what did dr jack kevorkian do,Assisted suicide,The information provided in the reasoning chain does not contain any details about Dr. Jack Kevorkian. The chain primarily,0,0.0,0.75,8823.442899003567,False,cok,0
WebQTest-823,what does bolivia border,Peru,"The reasoning chain provided does not contain any information about Bolivia or its neighboring countries. Therefore, I cannot determine what Bolivia borders",0,0.0,0.75,9291.707233001944,False,cok,0
WebQTest-825,who does nolan ryan play for,Houston Astros,The given information does not provide any details about Errol Nolan playing for a specific team or Errol Nolan being related to,0,0.0,0.75,9306.143001005694,False,cok,0
WebQTest-827,what country does justin bieber come from,Canada,United States of America,0,0.0,0.75,6888.128774000506,False,cok,0
WebQTest-828,what is the head judge of the supreme court called,Chief Justice of the United States,"The head judge of the Supreme Court of the United States is called the Chief Justice. However, based on the information provided",0,0.6666666666666666,0.75,6478.045621995989,False,cok,0
WebQTest-829,who was frida kahlo influenced by,Diego Rivera,None of the given nodes or edges in the reasoning chain are related to Frida Kahlo or her influences. The provided,0,0.0,0.75,8418.705378993764,False,cok,0
WebQTest-830,where is taylor swift from,Reading,"The information provided does not include Taylor Swift's place of origin. To answer the original question, we would need additional information",0,0.0,0.75,9320.30138099799,False,cok,0
WebQTest-831,what type of religion does argentina have,Judaism,"The final answer to the original question ""What type of religion does Argentina have?"" cannot be definitively determined from the given",0,0.0,0.75,9314.17617900297,False,cok,0
WebQTest-832,when is the last time the giants won the world series,2014 World Series,The given information does not provide any details about the San Francisco Giants winning the World Series. The chain of reasoning focuses on,0,0.15384615384615383,0.75,9337.89916299429,False,cok,0
WebQTest-833,what is the main language used in china,Standard Chinese,"The main language used in China is Mandarin Chinese. However, based on the information provided in the reasoning chain, English is",0,0.08695652173913042,0.75,9307.015229998797,False,cok,0
WebQTest-834,where did the battle of waterloo occur,Waterloo,The Battle of Waterloo occurred in the United Kingdom.,0,0.19999999999999998,0.75,9323.60298599815,False,cok,0
WebQTest-836,who did vladimir lenin marry,Nadezhda Krupskaya,The information provided does not contain any details about Vladimir Lenin's marriage.,0,0.0,0.75,9394.390363006096,False,cok,0
WebQTest-837,what year did the baltimore ravens win superbowl,Super Bowl XXXV,The information provided in the reasoning chain does not contain any details about the Baltimore Ravens winning a Super Bowl or any specific years,0,0.14814814814814814,0.75,9341.435852002178,False,cok,0
WebQTest-838,what team does cristiano ronaldo play for 2011,Real Madrid C.F.,The given information does not provide any details about Cristiano Ronaldo's team in 2011. The reasoning chain only,0,0.08695652173913043,0.75,9343.214920998435,False,cok,0
WebQTest-841,what is money called in italy,Euro,Euro,1,1.0,0.75,9299.97559000185,False,cok,1
WebQTest-843,where did theodor schwann study,Humboldt University of Berlin,"The information provided in the reasoning chain does not contain any details about Theodor Schwann or his educational background. Therefore,",0,0.0,0.75,9327.990355006477,False,cok,0
WebQTest-845,who are the virginia senators 2013,Jim Webb,The information provided in the reasoning chain does not contain specific details about the Virginia senators in 2013. The,0,0.0,0.75,8295.692934996623,False,cok,0
WebQTest-846,what was dr seuss 's real name,Theodor Seuss Geisel,The given reasoning chain does not contain any information about Dr. Seuss's real name. The chain is about Josiah,0,0.08695652173913045,0.75,7858.492970997759,False,cok,0
WebQTest-847,what countries are members of the security council,Vietnam,"The original question asks for countries that are members of the United Nations Security Council. From the reasoning chain provided, we can",0,0.15384615384615385,0.75,9331.170404999284,False,cok,0
WebQTest-848,where are the nordic countries,Faroe Islands,"The Nordic countries are primarily contained within Northern Europe and include Denmark, Sweden, and are located in Scandinavia. Based on",0,0.09523809523809523,0.75,8574.358759004099,False,cok,0
WebQTest-849,what country sponsored ferdinand magellan,Kingdom of Portugal,Spain,0,0.0,0.75,9310.328687002766,False,cok,0
WebQTest-850,what did vera ellen die from,Cancer,"The given information does not provide any details about Vera Ellen's cause of death. Therefore, we cannot determine what Vera Ellen",0,0.0,0.75,7428.997023998818,False,cok,0
WebQTest-851,what is the capital of modern day egypt,Cairo,Cairo,1,1.0,0.75,6580.48564800265,False,cok,3
WebQTest-852,what province is toronto in ( 7 letters ),Ontario,Ontario,1,1.0,0.75,9311.338671999692,False,cok,3
WebQTest-855,what is the currency of brazil now,Brazilian real,"The information provided in the reasoning chain does not contain any data about Brazil's currency. Therefore, I cannot determine the currency",0,0.0,0.75,9308.289909997256,False,cok,0
WebQTest-856,what types of art did andy warhol do,Modern art,The given reasoning chain does not provide specific information about the types of art that Andy Warhol created. It mainly focuses on,0,0.08333333333333334,0.75,9321.13297899923,False,cok,0
WebQTest-857,what other states border florida,Alabama,"Based on the given reasoning chain, the states that border Florida are Georgia and Alabama. However, these relationships are not directly",0,0.0909090909090909,0.75,9310.390900995117,False,cok,0
WebQTest-859,what are the predominant religions in russia,Islam,"The final answer to the original question ""What are the predominant religions in Russia?"" is not directly provided by the given reasoning",0,0.0,0.75,9312.272007999127,False,cok,0
WebQTest-861,who will coach carolina panthers in 2013,Ron Rivera,The information provided does not specify who the coach of the Carolina Panthers was or would be in 2013.,0,0.0,0.75,8598.32065700175,False,cok,0
WebQTest-862,where did louis sachar grow up,East Meadow,The given information does not provide any details about Louis Sachar or his place of upbringing. The reasoning chain only contains information,0,0.0,0.75,9309.392123999714,False,cok,0
WebQTest-865,what to do for fun in houston,The Galleria,"While the given chain does not provide specific activities or attractions to do for fun in Houston, we can infer that Houston is",0,0.14814814814814817,0.75,9312.399376998655,False,cok,0
WebQTest-866,where did otto frank go to college,Heidelberg University,The information provided does not contain any details about Otto Frank's college education. The chain of reasoning primarily discusses Benjamin Franklin and,0,0.0,0.75,7486.204340995755,False,cok,0
WebQTest-867,what else has jennifer lawrence played in,X-Men: Days of Future Past,The information provided does not mention Jennifer Lawrence or any performances associated with her. All the film.performance.actor references are for Florence,0,0.14814814814814817,0.75,9317.091207994963,False,cok,0
WebQTest-868,who is the governor of pennsylvania state now,Tom Corbett,The information provided in the reasoning chain does not contain any details about the current governor of Pennsylvania. The chain mainly discusses historical,0,0.0,0.75,9352.130012994166,False,cok,0
WebQTest-869,where is ancient phoenician,Lebanon,The reasoning chain provided does not contain any direct information about the location of ancient Phoenicia. The chain focuses on locations,0,0.0,0.75,9310.310676999507,False,cok,0
WebQTest-870,where does the celtics practice,TD Garden,"The information provided in the reasoning chain does not contain any specific details about the Boston Celtics' practice location. Therefore, based",0,0.0,0.75,9312.596163996204,False,cok,0
WebQTest-872,where bin laden got killed,Abbottabad,The information provided in the reasoning chain does not contain any relevant information about Osama bin Laden's death location. The chain focuses,0,0.0,0.75,9309.042968998256,False,cok,0
WebQTest-873,where does toronto get its water from,Ashbridges Bay Wastewater Treatment Plant,"The given information does not provide a direct answer to where Toronto gets its water from. However, we can infer that Toronto",0,0.0,0.75,9315.956225000264,False,cok,0
WebQTest-874,what language do people from bosnia speak,Bosnian language,"The information provided in the reasoning chain does not contain any specific details about the language spoken in Bosnia. Therefore, based on",0,0.08333333333333334,0.75,9317.088868003339,False,cok,0
WebQTest-875,where did hugo chavez go to school,Bolivarian Military University of Venezuela,The information provided does not mention Hugo Chavez or his education. The chain of reasoning only provides details about Cesar Chavez's,0,0.07407407407407407,0.75,9316.183572002046,False,cok,0
WebQTest-876,who does japan import from,Sudan,The information provided in the reasoning chain does not directly address Japan's import sources. The chain mainly focuses on Japan's location,0,0.0,0.75,9305.549509997945,False,cok,0
WebQTest-877,what is the name of sonia gandhi daughter,Priyanka Gandhi,"The original question ""What is the name of Sonia Gandhi's daughter?"" cannot be answered using the provided reasoning chain. The",0,0.08695652173913042,0.75,7202.298716001678,False,cok,0
WebQTest-878,who do islamic people pray to,Ramdev Pir,"In Islamic prayer, Muslims pray to Allah (God).",0,0.2222222222222222,0.75,8700.649325000995,False,cok,0
WebQTest-879,where was mary todd lincoln from,Lexington,United States of America,0,0.0,0.75,9316.561537998496,False,cok,0
WebQTest-880,where did charles darwin die,Down House,"The given reasoning chain does not contain information about Charles Darwin's place of death. Therefore, I cannot determine the answer from",0,0.0,0.75,9322.495881002396,False,cok,0
WebQTest-881,what movies does nick cannon play in,Garfield: The Movie,"The information provided in the reasoning chain does not contain any details about Nick Cannon or his filmography. Therefore, based on",0,0.14814814814814814,0.75,9317.817172996001,False,cok,0
WebQTest-882,when did the big earthquake hit san francisco,1906-04-18,"The reasoning chain provided does not contain information about a ""big earthquake"" hitting San Francisco. Instead, it mentions the",0,0.0,0.75,7155.019896999875,False,cok,0
WebQTest-883,who was king george vi married to,Queen Elizabeth The Queen Mother,"The information provided in the reasoning chain does not contain any details about King George VI or his spouse. Therefore, the question",0,0.16216216216216214,0.75,9322.426136001013,False,cok,0
WebQTest-884,where was jesus after he died on the cross,Judea,The given reasoning chain does not provide information about Jesus' location after he died on the cross. The chain mainly focuses on,0,0.0,0.75,8775.304180002422,False,cok,1
WebQTest-885,who is sir james dyson,Designer,The given information does not provide any details about Sir James Dyson. There is no connection between the provided data and Sir,0,0.0,0.75,9315.415762001066,False,cok,0
WebQTest-886,who voiced darth vader in the original star wars movies,James Earl Jones,None of the information provided in the reasoning chain is relevant to determining who voiced Darth Vader in the original Star Wars movies.,0,0.0,0.75,9326.394876006816,False,cok,0
WebQTest-887,what high school did maya angelou go to,George Washington High School,The information provided in the reasoning chain does not include any details about the high school that Maya Angelou attended.,0,0.16666666666666669,0.75,9304.538352997042,False,cok,0
WebQTest-888,what 5 countries border switzerland,France,The information provided in the reasoning chain does not include the names of the countries that border Switzerland. The chain focuses on Switzerland,0,0.0,0.75,9305.000305001158,False,cok,0
WebQTest-889,what country did benito mussolini govern,Italy,Italy,1,1.0,0.75,7483.881880005356,False,cok,2
WebQTest-891,who was the leader of the first communist party of china,Mao Zedong,Mao Zedong,1,1.0,0.75,9320.021469000494,False,cok,0
WebQTest-892,what did miles davis died of,Stroke,"The given reasoning chain does not contain any information about Miles Davis or the cause of his death. Therefore, I cannot determine",0,0.0,0.75,8101.0735979944,False,cok,0
WebQTest-893,what is the zip code for azle texas,76098,"The information provided in the reasoning chain does not contain any specific zip code for Azle, Texas. The chain mainly provides",0,0.0,0.75,9303.21895400266,False,cok,0
WebQTest-894,what date did sally pearson won gold,The London 2012 Summer Olympics,The information provided in the reasoning chain does not contain any date or reference to Sally Pearson winning a gold medal. The chain,0,0.15789473684210528,0.75,7580.755916998896,False,cok,0
WebQTest-895,when did the detroit pistons last win the championship,2004 NBA Finals,"The information provided in the reasoning chain does not contain any details about the Detroit Pistons or their championship wins. Therefore, I",0,0.0,0.75,7633.882092995918,False,cok,0
WebQTest-896,when did the philadelphia flyers win the cup,1974 Stanley Cup Finals,The information provided does not contain any specific details about the Philadelphia Flyers winning the Stanley Cup or any other championship. The chain,0,0.14814814814814817,0.75,7565.41080900206,False,cok,0
WebQTest-898,what county is st paul nc in,Robeson County,"The final answer cannot be determined from the given reasoning chain as there is no information provided about St. Paul, NC.",0,0.0,0.75,9310.734124999726,False,cok,0
WebQTest-899,where is olympic national park wa,Jefferson County,"The given reasoning chain does not provide information about Olympic National Park in Washington (WA). Instead, it provides details about Cent",0,0.0909090909090909,0.75,9312.628579995362,False,cok,0
WebQTest-900,where did nat turner 1831 rebellion occur,Southampton County,The information provided in the reasoning chain does not contain any details about Nat Turner's 1831 rebellion. The,0,0.0,0.75,7935.721827001544,False,cok,0
WebQTest-901,who would play luke skywalker,Mark Hamill,The information provided does not include any details about who would play Luke Skywalker. The chain of reasoning only contains information about actors,0,0.0,0.75,9308.779835002497,False,cok,0
WebQTest-903,where turkish people originate,Bulgaria,"The statement ""where turkish people originate"" is not directly answered by the given reasoning chain. However, based on the",0,0.0,0.75,9300.509642001998,False,cok,0
WebQTest-904,what state is barack obama from,Hawaii,"The information provided does not specify which state Barack Obama is from. It only mentions that he was born in Honolulu, Hawaii",0,0.08695652173913045,0.75,9299.04000100214,False,cok,0
WebQTest-905,what years did joe montana win super bowl,1982-01-24,"The given information does not provide specific details about the years Joe Montana won Super Bowl. To accurately answer this question, we",0,0.0,0.75,8167.334812002082,False,cok,0
WebQTest-908,what awards gary paulsen won,Margaret Edwards Award,The information provided in the reasoning chain does not contain any direct reference to Gary Paulsen or his awards. The chain is,0,0.0,0.75,9344.302623998374,False,cok,0
WebQTest-910,where did alexander graham bell die,"Beinn Bhreagh, Nova Scotia",Alexander Graham Bell did not appear in the provided chain of information.,0,0.0,0.75,9310.172647994477,False,cok,0
WebQTest-911,what year did the golden state warriors win their first nba championship,1975 NBA Finals,The information provided in the reasoning chain does not contain any details about the Golden State Warriors or their NBA championships. The chain,0,0.07692307692307691,0.75,7628.195499004505,False,cok,0
WebQTest-912,what currency should i take to turkey,Turkish lira,You should take Turkish Lira (TRY) for your trip to Turkey. The reasoning chain provided does not directly contain information,0,0.18181818181818182,0.75,9299.43627800094,False,cok,0
WebQTest-914,what countries are in the uk yahoo,Wales,The United Kingdom and Northern Ireland are considered part of the UK. The UK has the internet country code top-level domain (,0,0.16666666666666669,0.75,8653.158080996946,False,cok,0
WebQTest-915,what superbowl did the baltimore ravens win,Super Bowl XXXV,The information provided in the reasoning chain does not contain any details about the Baltimore Ravens or Super Bowls. The chain is,0,0.08,0.75,9340.503198996885,False,cok,0
WebQTest-916,what is the language of russia s spoken,Erzya Language,"The language spoken in Russia is not specified in the given chain. However, some languages that are spoken in countries where Y",0,0.08333333333333334,0.75,9310.488652998174,False,cok,0
WebQTest-918,who is the king of cambodia now,Norodom Sihamoni,"The reasoning chain provided does not contain any information about the current king of Cambodia. The chain focuses on Richard Nixon, Henry",0,0.0,0.75,8424.72128100053,False,cok,0
WebQTest-919,who are serena williams parents,Oracene Price,"The given reasoning chain does not contain information about Serena Williams' parents. Therefore, I cannot determine her parents from this chain",0,0.08695652173913042,0.75,9312.08935599716,False,cok,0
WebQTest-920,what schools did sir isaac newton go to,"Trinity College, Cambridge","The given information does not provide any details about the schools that Sir Isaac Newton attended. The provided chain includes his nationality,",0,0.16216216216216214,0.75,8200.736197002698,False,cok,0
WebQTest-921,what was the cause of death for huell howser,Prostate cancer,"The information provided in the reasoning chain does not include the cause of death for Huell Howser. Therefore, based on",0,0.0,0.75,9313.908839998476,False,cok,0
WebQTest-922,what books are written by suzanne collins,Gregor the Overlander,None of the provided information mentions any books written by Suzanne Collins.,0,0.24,0.75,9332.014708001225,False,cok,0
WebQTest-923,what countries does england border,Wales,The information provided in the reasoning chain does not contain any data about countries that England borders. The chain only provides information about,0,0.0,0.75,9316.015223994327,False,cok,0
WebQTest-924,what team did messi play for in 2010,FC Barcelona,"The information provided in the reasoning chain does not contain any details about Lionel Messi or his teams. Therefore, it is not",0,0.0,0.75,9336.84454899776,False,cok,0
WebQTest-925,what time zone is greensburg indiana,Eastern Time Zone,Central Time Zone,0,0.6666666666666666,0.75,9310.551901995495,False,cok,3
WebQTest-927,who plays voldemort,Richard Bremmer,The information provided does not contain any details about who plays Voldemort. The chain of information is about John A. Volpe,0,0.0,0.75,9321.000078998622,False,cok,0
WebQTest-928,what colleges did harper lee attend,University of Alabama,"Based on the information provided in the reasoning chain, there is no direct statement about the colleges that Harper Lee attended. The",0,0.0,0.75,9329.168775999278,False,cok,0
WebQTest-929,who founded the kkk,James R. Crowe,None of the individuals or organizations mentioned in the reasoning chain are associated with the founding of the KKK. The given information,0,0.0,0.75,7641.266044003714,False,cok,0
WebQTest-931,what jobs did john adams have before he was president,United States Ambassador to the United Kingdom,"Based on the given reasoning chain, we can infer that before becoming President, John Adams served as the Vice President under George",0,0.3125,0.75,8110.61821399926,False,cok,0
WebQTest-932,what year did super mario bros 2 come out,1988-10,"The information provided does not contain a specific release date for Super Mario Bros. 2. However, based on the given",0,0.0,0.75,9337.609827998676,False,cok,0
WebQTest-933,what political party did andrew johnson belong to,National Union Party,The information provided in the reasoning chain does not include the political party that Andrew Johnson belonged to. To accurately answer this question,0,0.08,0.75,8450.526262000494,False,cok,0
WebQTest-935,where was osama bin laden killed,Abbottabad,The provided reasoning chain does not contain information about Osama Bin Laden's location at the time of his death. Based on the,0,0.0,0.75,9310.64585599961,False,cok,0
WebQTest-936,where were greek temples built,Shahhat,"The reasoning chain provided does not directly address where Greek temples were built. However, based on the information given and general historical",0,0.0,0.75,9308.475730998907,False,cok,0
WebQTest-937,where are people who speak arabic from,Jordan,"People who speak Arabic can be found in various countries across Asia and the Middle East, including Jordan, Saudi Arabia, Egypt",0,0.17391304347826084,0.75,8040.20391600352,False,cok,2
WebQTest-938,who was queen elizabeth ii mom,Queen Elizabeth The Queen Mother,The information provided in the reasoning chain does not include any details about Queen Elizabeth II's mother. The chain focuses on her,0,0.41379310344827586,0.75,9310.400088004826,False,cok,0
WebQTest-939,what type of art did pablo picasso paint,Picasso's African Period,"The given reasoning chain does not contain information about Pablo Picasso or his art style. Therefore, based on the provided chain,",0,0.08695652173913042,0.75,9325.47531099408,False,cok,0
WebQTest-941,what is ella fitzgerald parents name,William Fitzgerald,"Ella Richardson's parents are Mandy Richardson, based on the information provided in the chain that states ""Ella Richardson,",0,0.0,0.75,9321.340226997563,False,cok,0
WebQTest-942,who is anne hathaway parents,Gerald Hathaway,The given reasoning chain does not contain information about Anne Hathaway's parents. The chain provides information about Anne Rice's nationality,0,0.08333333333333334,0.75,9307.197821995942,False,cok,0
WebQTest-943,who does don draper gets engaged to,Betty Draper,The information provided does not contain any details about Don Draper's engagements. The chain of reasoning focuses on Oliver Doud,0,0.08695652173913042,0.75,9323.672810998687,False,cok,0
WebQTest-944,what was van halen first album,Ain't Talkin' 'Bout Love,The information provided does not contain any details about Van Halen's first album. The reasoning chain focuses on various music releases,0,0.0,0.75,9305.422854995413,False,cok,0
WebQTest-945,what political system did spain have,Monarchy,Spain had a Constitutional monarchy and a Unitary state form of government.,0,0.2857142857142857,0.75,9309.945262997644,False,cok,0
WebQTest-948,what are the supreme court cases,League of United Latin American Citizens v. Perry,"The original question ""what are the supreme court cases"" cannot be directly answered using the given reasoning chain. The chain provides",0,0.29629629629629634,0.75,9329.365913996298,False,cok,0
WebQTest-949,what is penn state 's main campus,University Park,The given information does not provide details about Penn State's main campus. The reasoning chain focuses on the University of Pennsylvania and,0,0.08,0.75,9316.43091400474,False,cok,0
WebQTest-952,what country does alaska belong to,United States of America,Alaska belongs to the United States of America.,0,0.6666666666666666,0.75,9320.126780003193,False,cok,2
WebQTest-953,where is kansas city,Platte County,"Kansas City is located in the state of Kansas, which is part of the Midwest region of the United States. It is",0,0.0,0.75,9311.73610100086,False,cok,0
WebQTest-954,what was pink floyd 's first album,Psychedelic Session-compilation album,"The information provided in the reasoning chain does not contain any details about Pink Floyd or their albums. Therefore, I cannot determine",0,0.0,0.75,9315.039583001635,False,cok,0
WebQTest-955,who did granville t. woods married,Loretta Woods,Skip Woods married Peter K. Wood.,0,0.25,0.75,5252.949995003291,False,cok,0
WebQTest-957,what language did the sioux indians speak,Sioux language,"The Sioux Indians spoke languages belonging to the Siouan language family, primarily Dakota and Lakota, which are not directly",0,0.1904761904761905,0.75,7373.229004006134,False,cok,0
WebQTest-958,what are some famous people from el salvador,Mario Wilfredo Contreras,"While the provided reasoning chain does not directly address famous people from El Salvador, it does provide information about El Salvador's geographical",0,0.13793103448275862,0.75,9297.305150001193,False,cok,0
WebQTest-959,who did brett gardner play for in 2008,New York Yankees,The information provided in the reasoning chain does not contain any data related to Brett Gardner or his team affiliations in 2,0,0.0,0.75,9330.730465997476,False,cok,0
WebQTest-960,who plays dwight in the office,Rainn Wilson,Rich Little plays Dwight in The Office based on the information that Dwight D. Eisenhower was impersonated by Rich Little and the,0,0.0,0.75,8171.5748960050405,False,cok,0
WebQTest-962,what county is san diego ca,San Diego County,San Diego County,1,1.0,0.75,9306.809982001141,False,cok,0
WebQTest-963,who is the miami dolphins quarterback,Ryan Tannehill,The information provided in the reasoning chain does not specify which quarterback plays for the Miami Dolphins or provide any context about a specific,0,0.0,0.75,9316.543970999192,False,cok,0
WebQTest-965,where did anne frank go to school,Montessori Lyceum Amsterdam,The information provided does not contain any details about Anne Frank's schooling. The given chain includes information about John F. Kennedy,0,0.0,0.75,7572.03627400304,False,cok,0
WebQTest-966,what basketball player is married to monica,Shannon Brown,The information provided does not directly state who the basketball player is that is married to Monica. We know that Saint Monica is,0,0.0,0.75,9310.697967994201,False,cok,0
WebQTest-967,what did hitler use to kill himself,Ballistic trauma,"The reasoning chain provided does not contain any information about Hitler or his method of suicide. Therefore, based on the given chain",0,0.08695652173913045,0.75,8723.836784003652,False,cok,0
WebQTest-968,what do people speak in germany,Low German,People in Germany speak German and Turoyo languages.,0,0.2,0.75,9299.698204995366,False,cok,0
WebQTest-969,when is the last time the denver broncos won the superbowl,Super Bowl XXXIII,The given information does not provide any details about the Denver Broncos winning the Super Bowl or any connection to the Super Bowl.,0,0.27586206896551724,0.75,9340.093774000707,False,cok,0
WebQTest-970,where was caesar when he was stabbed,Theatre of Pompey,Rome,0,0.0,0.75,9307.733244000701,False,cok,0
WebQTest-971,what style of music did bessie smith perform,Blues,"To determine the style of music Bessie Smith performed, we need to follow the information provided in the reasoning chain.",0,0.0,0.75,9306.668823999644,False,cok,0
WebQTest-972,what team did jackie robinson,Los Angeles Bulldogs,The given information does not provide any details about Jackie Robinson's team. The provided reasoning chain only contains information about Gerald Robinson,0,0.0,0.75,9301.77396399813,False,cok,0
WebQTest-973,what time zone is chicago in right now,Central Time Zone,Chicago is in the Central Time Zone.,0,0.6,0.75,7602.969256004144,False,cok,1
WebQTest-975,who was the vice president under ronald reagan,George H. W. Bush,The information provided does not mention Ronald Reagan or his vice president. The chain only contains information about Richard Nixon and his roles,0,0.0,0.75,9397.098030000052,False,cok,0
WebQTest-976,where do the chicago white sox play home games,Comiskey Park,The Chicago White Sox play their home games at a venue that is not directly mentioned in the provided chain of reasoning. Based,0,0.0,0.75,9310.75907399645,False,cok,0
WebQTest-977,what part did jeff conaway play in grease,Kenickie Murdoch,The original question does not match the provided reasoning chain. There is no information about Jeff Conaway or the movie Grease,0,0.0,0.75,9323.610828003439,False,cok,0
WebQTest-978,what book did benjamin franklin published,The Drinker's Dictionary,The Autobiography of Benjamin Franklin & selections from his other writings,0,0.9523809523809523,0.75,9336.426416004542,False,cok,0
WebQTest-979,what currency to take to barbados,Barbadian dollar,"To determine the currency to take to Barbados, we need to identify the currency used in the country. From the given",0,0.0,0.75,9307.908120004868,False,cok,0
WebQTest-980,where did they get the name stanley cup,"Frederick Stanley, 16th Earl of Derby",The information provided in the reasoning chain does not contain any details about the origin or naming of the Stanley Cup. The chain,0,0.13793103448275862,0.75,9332.926982002391,False,cok,0
WebQTest-982,what is the zip code of syracuse ny,13220,"The given information does not contain the zip code for Syracuse, NY. To provide the correct answer, we would need additional",0,0.0,0.75,9316.187648000778,False,cok,0
WebQTest-983,where did tennessee williams go to college,University of Missouri,Tuskegee's Southern Community College is not mentioned as the place where Tennessee Williams went to college in the given chain of,0,0.14285714285714288,0.75,9313.11812900094,False,cok,0
WebQTest-984,what is the name of airport in new york,John F. Kennedy International Airport,"The information provided does not specify a particular airport in New York. However, based on the given chain, Norman Manley",0,0.08000000000000002,0.75,9309.109172005265,False,cok,0
WebQTest-985,who was queen victoria 's husband,"Albert, Prince Consort","The reasoning chain provided does not explicitly mention Queen Victoria's husband. Based on the information given, we can infer that her",0,0.0,0.75,8823.31265900575,False,cok,0
WebQTest-986,where did benjamin franklin work,United States Postal Service,"Benjamin Franklin worked at multiple places during his employment history. Specifically, he was associated with the employer represented by ""m.",0,0.09090909090909091,0.75,9321.996361999481,False,cok,0
WebQTest-987,what does barbara bush do for work,First Lady,"Barbara Bush's profession is not explicitly stated in the given chain. However, based on the available information, she is from",0,0.0,0.75,9298.97390500264,False,cok,0
WebQTest-988,who is jacob latimore,Actor,"The given information does not provide a direct answer to the question ""who is Jacob Latimore."" However, it mentions Kenny",0,0.0,0.75,9307.309358999191,False,cok,2
WebQTest-989,what happened to dunkirk during ww2,Siege of Dunkirk,"During World War II, the Battle of Dunkirk occurred, resulting in casualties and involving military commanders. The battle involved the",0,0.33333333333333337,0.75,9272.38029500586,False,cok,0
WebQTest-990,what was scottie pippen good at,Basketball,Basketball player,0,0.6666666666666666,0.75,7806.78818099841,False,cok,0
WebQTest-991,who played donna on west wing,Janel Moloney,Donna Ludlow played the character Donna on The West Wing.,0,0.0,0.75,9307.935949997045,False,cok,0
WebQTest-993,who played meg in season 1 of family guy,Lacey Chabert,"The information provided does not contain any details about the character ""Meg"" in Season 1 of Family Guy. The chain",0,0.0,0.75,7946.155855999677,False,cok,0
WebQTest-994,when was the last time the dallas cowboys won the superbowl,Super Bowl XXX,The given information does not provide any details about the Dallas Cowboys' Super Bowl wins or losses. The reasoning chain only contains,0,0.16,0.75,9331.995689994073,False,cok,0
WebQTest-996,where do ireland play rugby union,Aviva Stadium,United Kingdom,0,0.0,0.75,9312.942789001681,False,cok,0
WebQTest-997,who killed lee harvey oswald shot,Jack Ruby,Jack Ruby killed Lee Harvey Oswald two days after his arrest.,0,0.3076923076923077,0.75,6041.020090000529,False,cok,0
WebQTest-998,when was the last time knicks won the championship,1973 NBA Finals,The provided reasoning chain does not contain any information about the New York Knicks or their championship wins. The chain focuses on the,0,0.0,0.75,9393.903538999439,False,cok,0
WebQTest-999,when did celtics win the championship,1968 NBA Finals,The given reasoning chain does not contain any information about the Boston Celtics winning a championship. The chain focuses on John F.,0,0.0,0.75,8344.38984800363,False,cok,0
WebQTest-1000,what countries included in oceania,Vanuatu,"The final answer to the original question ""What countries are included in Oceania?"" cannot be fully determined from the given",0,0.0,0.75,9301.975990994833,False,cok,0
WebQTest-1001,what country is nicki minaj from,United States of America,Nicki Minaj is from the United States of America.,0,0.6153846153846153,0.75,9310.765642003389,False,cok,1
WebQTest-1002,who played harry potter dumbledore actor,Toby Regbo,"The information provided does not directly state who played Harry Potter's Dumbledore. However, based on the given data, we can",0,0.0,0.75,9321.596004003368,False,cok,0
WebQTest-1003,who was the prime minister of pakistan in 1999,Nawaz Sharif,The given reasoning chain does not provide information about the prime minister of Pakistan in 1999. The chain focuses,0,0.0,0.75,9317.493345006369,False,cok,0
WebQTest-1004,what movies did christopher plummer play in,The Night of the Generals,The information provided does not contain any details about Christopher Plummer or the movies he played in. The chain of information is,0,0.27906976744186046,0.75,9311.790683001163,False,cok,0
WebQTest-1005,what is capital city of morocco,Rabat,The capital city of Morocco is Rabat.,0,0.25,0.75,9300.55258199718,False,cok,0
WebQTest-1006,what movies is omar epps in,Major League II,None of the information provided in the reasoning chain is related to Omar Epps or his movie appearances. The chain only provides,0,0.25000000000000006,0.75,9336.07923600357,False,cok,0
WebQTest-1007,what district does nancy pelosi represent,California’s 8th congressional district,"The given reasoning chain does not contain any information about Nancy Pelosi or her congressional district representation. Therefore, I cannot determine the",0,0.15384615384615385,0.75,9333.520178995968,False,cok,0
WebQTest-1008,where is walton indiana,Indiana,"The information provided does not specify a location for Walton, Indiana. However, based on the given reasoning chain, Walton,",0,0.1,0.75,9296.415005002928,False,cok,1
WebQTest-1009,where did george herbert walker bush go to college,University Yale,"The given reasoning chain does not contain any information about George Herbert Walker Bush's college education. Therefore, I cannot determine the",0,0.0,0.75,7766.82236900524,False,cok,0
WebQTest-1010,what did bruce jenner win gold medal for,Athletics at the 1976 Summer Olympics - Men's Decathlon,"The information provided in the reasoning chain does not contain any details about Bruce Jenner or his achievements. Therefore, based on the",0,0.12244897959183673,0.75,9335.72493599786,False,cok,0
WebQTest-1011,where do they speak tibetan,Tibet,"The information provided does not include any details about Tibetan language or its regions of spoken use. Therefore, based on the given",0,0.0,0.75,9298.727747001976,False,cok,0
WebQTest-1012,what to do in hollywood ca this weekend,TCL Chinese Theatre,"Based on the given reasoning chain, there is no specific information provided about events or activities happening in Hollywood, CA this weekend",0,0.08333333333333334,0.75,9309.02994400094,False,cok,0
WebQTest-1014,where did kim kardashian come from,Los Angeles,The given information does not provide any details about Kim Kardashian's origin. The reasoning chain only contains information about Lil' Kim,0,0.0,0.75,9309.239989997877,False,cok,0
WebQTest-1015,what town did justin bieber grew up in,Stratford,Toronto,0,0.0,0.75,8461.77149000141,False,cok,0
WebQTest-1017,who plays charlie in the santa clause movies,Eric Lloyd,The information provided does not specify which actor plays Charlie in the Santa Clause movies. The chain only mentions Charlie Mitchell and Charlie,0,0.0,0.75,9316.011798000545,False,cok,0
WebQTest-1020,what highschool did r. kelly attend,Kenwood Academy,R. Kelly's high school attendance is not mentioned in the given information.,0,0.0,0.75,9318.08830799855,False,cok,0
WebQTest-1021,what happened at benghazi,2013 Benghazi conflict,The reasoning chain provided does not contain any specific information about events that occurred in Benghazi. The chain mainly discusses various historical events,0,0.07692307692307691,0.75,8584.376926002733,False,cok,0
WebQTest-1022,what country is nike based in,United States of America,"The reasoning chain provided does not contain any information about Nike's location or base. Therefore, we cannot determine from this chain",0,0.0,0.75,7127.82878500002,False,cok,0
WebQTest-1024,what kind of money do i bring to mexico,Mexican peso,"You should bring Mexican Pesos when traveling to Mexico, as it is the currency used in the country. The reasoning chain",0,0.08695652173913042,0.75,9316.438652000215,False,cok,0
WebQTest-1025,who did steve spurrier play pro football for,San Francisco 49ers,The information provided does not contain any details about Steve Spurrier's professional football career or the teams he played for.,0,0.0,0.75,9323.666722004418,False,cok,0
WebQTest-1027,where do the blackhawks play,United Center,"The question seems to be about the Chicago Blackhawks, but based on the information provided in the reasoning chain, it is referring",0,0.0,0.75,9311.384225999063,False,cok,0
WebQTest-1028,who plays john connor,Christian Bale,The information provided does not contain any details about who plays John Connor. The chain of reasoning includes various actors and their roles,0,0.0,0.75,9311.334538004303,False,cok,0
WebQTest-1029,what is the main language spoken in mexico,"Tlapanec, Azoyú Language","The main language spoken in Mexico is Spanish. While Italian is also spoken in Mexico, it is not mentioned as an official",0,0.16666666666666669,0.75,9335.730186001456,False,cok,0
WebQTest-1030,what are italians classified as,Latin European peoples,"Italian Americans are classified as a group within the broader category of European Americans, and they speak languages including Sicilian, Italian",0,0.08333333333333333,0.75,9313.630137003202,False,cok,0
WebQTest-1031,what has angelina jolie accomplished,Voice Actor,The information provided in the reasoning chain does not directly address Angelina Jolie's accomplishments. The chain mentions Vanessa Kerry as,0,0.0,0.75,9310.19809999998,False,cok,0
WebQTest-1032,who played captain kirk in star trek movie,William Shatner,None of the provided information directly mentions Captain Kirk or any Star Trek movie. The information given is about Shawn Hatosy,0,0.0,0.75,9338.289805004024,False,cok,0
WebQTest-1033,who played dana scully in x files,Gillian Anderson,The information provided does not contain any details about the actress who played Dana Scully in The X-Files. The chain,0,0.0,0.75,9332.93748000142,False,cok,0
WebQTest-1035,what was f. scott fitzgerald,Writer,The given information does not provide details about F. Scott Fitzgerald. The reasoning chain only contains information about John F. Fitzgerald,0,0.0,0.75,9319.287063997763,False,cok,0
WebQTest-1036,what is the dominant language spoken in jamaica,Jamaican English,The dominant language spoken in Jamaica is Jamaican English.,0,0.3636363636363636,0.75,9326.671628994518,False,cok,2
WebQTest-1037,who is the coach for the new york knicks,Derek Fisher,The information provided in the reasoning chain does not contain any details about the coach of the New York Knicks. The chain only,0,0.0,0.75,9336.354448001657,False,cok,0
WebQTest-1038,who was wesley snipes,Actor,"The given reasoning chain does not contain any information about Wesley Snipes. Therefore, I cannot determine who Wesley Snipes is",0,0.0,0.75,9330.109596005059,False,cok,0
WebQTest-1039,where does sherrod brown live,Avon,"Based on the information provided in the reasoning chain, Sherrod Brown's nationality is listed as the United States of America,",0,0.0,0.75,9331.787254996016,False,cok,0
WebQTest-1040,what kind of language does colombia speak,Cuiba language,Spanish Language,1,1.0,0.75,9309.477226001036,False,cok,0
WebQTest-1041,what currency does england use now,Pound sterling,England uses Pound sterling as its currency. The reasoning chain shows that both England and the Kingdom of Great Britain use Pound sterling,0,0.29629629629629634,0.75,9300.989891999052,False,cok,1
WebQTest-1042,who was the original voice of meg griffin on family guy,Lacey Chabert,"The information provided does not contain any details about the original voice of Meg Griffin on Family Guy. To answer this question,",0,0.0,0.75,6400.39265499945,False,cok,0
WebQTest-1043,what kind of government is mali,Semi-presidential system,"The information provided in the reasoning chain does not include any details about Mali's form of government. Therefore, based on the",0,0.0,0.75,7310.603490004723,False,cok,2
WebQTest-1044,who did cristiano ronaldo play for in 2010,Real Madrid C.F.,"Based on the given reasoning chain, there is no information provided about Cristiano Ronaldo or his team in 2010",0,0.08695652173913043,0.75,9320.953649999865,False,cok,0
WebQTest-1045,what is the zip code for morgantown wv,26504,"The provided information does not include a zip code for Morgantown, WV. The chain of data only contains zip codes",0,0.0,0.75,9326.035548001528,False,cok,0
WebQTest-1046,what is jacksonville fl timezone,Eastern Time Zone,Eastern Time Zone,1,1.0,0.75,9306.824184997822,False,cok,3
WebQTest-1047,who does amy stiller play in dodgeball,Keno Waitress,The information provided in the reasoning chain does not contain any details about Amy Stiller or her role in Dodgeball. Therefore,0,0.0,0.75,9313.50071199995,False,cok,0
WebQTest-1048,who were king henry vii children,"Arthur, Prince of Wales",The information provided does not contain any details about King Henry VII's children. The chain of reasoning primarily focuses on King Edward,0,0.14814814814814817,0.75,9313.617974999943,False,cok,0
WebQTest-1050,who does mila kunis play on family guy,Meg Griffin,The information provided in the reasoning chain does not contain any details about Mila Kunis or her role on Family Guy.,0,0.0,0.75,7741.906155999459,False,cok,0
WebQTest-1051,when did the san francisco earthquake occur,1906-04-18,The chain provided does not contain information about the San Francisco earthquake. It contains information about the 1932 San,0,0.0,0.75,9326.24377200409,False,cok,0
WebQTest-1052,who played damien in the omen 2006,Seamus Davey-Fitzpatrick,"The information provided does not specify who played Damien in the 2006 version of ""The Omen."" The",0,0.0,0.75,8711.89964000223,False,cok,0
WebQTest-1054,who played denver in four christmases,Jon Favreau filmography,"Based on the information provided in the reasoning chain, there is no direct mention of who played Denver in ""Four Christm",0,0.0,0.75,9313.246168996557,False,cok,0
WebQTest-1055,what to do with kids in essex,Cudmore Grove Country Park,The given information does not provide specific guidance on what to do with kids in Essex. The reasoning chain focuses on educational institutions,0,0.0,0.75,8656.105590001971,False,cok,0
WebQTest-1056,who did the cleveland cavaliers draft,Dion Waiters,The information provided in the reasoning chain does not contain any details about the Cleveland Cavaliers or their draft picks. The chain focuses,0,0.0,0.75,9335.13992299413,False,cok,0
WebQTest-1057,what concentration camp did anne frank died in,Bergen-Belsen concentration camp,The given information does not mention any concentration camp where Anne Frank died. Anne Frank was a victim of the Holocaust and died,0,0.14814814814814817,0.75,9314.659679002943,False,cok,0
WebQTest-1059,what language does east timor speak,Tukudede Language,"The given reasoning chain does not provide information about the language spoken in East Timor. Therefore, I cannot determine the language",0,0.16,0.75,9309.106492000865,False,cok,0
WebQTest-1060,what is the currency in italy,Euro,Euro,1,1.0,0.75,7650.757282004633,False,cok,1
WebQTest-1061,where does greek language come from,Attic Group,"The Greek language originates from Greece, which is located in both Europe and Asia Minor (part of Eurasia). It has",0,0.0,0.75,9297.823069995502,False,cok,0
WebQTest-1062,what is the name of the currency used in italy,Euro,The currency used in Italy is Euro. Let's break down the reasoning step by step using the provided chain:,0,0.09523809523809523,0.75,8871.216873005324,False,cok,1
WebQTest-1063,where is audrey hepburn from,Ixelles,United States of America,0,0.0,0.75,9315.606429998297,False,cok,0
WebQTest-1065,who does darth vaders voice,James Earl Jones,"The information provided in the reasoning chain does not contain any details about Darth Vader's voice actor. Therefore, the correct response",0,0.0,0.75,9320.353989001887,False,cok,0
WebQTest-1067,what school did douglas macarthur go to,TMI — The Episcopal School of Texas,United States Military Academy,1,1.0,0.75,9324.165607002215,False,cok,0
WebQTest-1068,what famous people are from barbados,Shawn Terry Cox,The given information does not provide any specific names of famous people from Barbados.,0,0.0,0.75,9308.40140699729,False,cok,0
WebQTest-1069,what is the name of the currency used in china,Renminbi,"The reasoning chain provided does not contain information about the currency used in China. Based on the given chain, the currencies and",0,0.0,0.75,7307.66692400357,False,cok,0
WebQTest-1070,what are the names of michael jackson 's 3 children,"Michael Joseph Jackson, Jr.","The information provided in the reasoning chain does not contain any details about Michael Jackson's children. Therefore, I cannot determine their",0,0.15384615384615385,0.75,9339.099839999108,False,cok,0
WebQTest-1072,who is the current governor of arizona 2010,Jan Brewer,The information provided in the reasoning chain does not contain any details about the current governor of Arizona in 2010,0,0.0,0.75,9338.197610995849,False,cok,0
WebQTest-1074,who is lamar odom playing for this year,Saski Baskonia,"The given information does not provide any details about Lamar Odom or his current team. Therefore, it is not possible to",0,0.0,0.75,7567.613578001328,False,cok,0
WebQTest-1075,where were the great pyramids of giza built,Giza Plateau,"The Great Pyramids of Giza were built in Giza Governorate, which is located in Egypt.",0,0.2105263157894737,0.75,9315.258233997156,False,cok,0
WebQTest-1077,what language do the russian speak,Erzya Language,"The Russian Federation, commonly known as Russia, has multiple languages spoken within its borders, but the primary official language is Russian",0,0.25,0.75,9312.817660997098,False,cok,0
WebQTest-1078,what language do australia people speak,Esperanto Language,English Language,1,1.0,0.75,8465.962332003983,False,cok,0
WebQTest-1079,what country was king tut 's tomb found,Egypt,Egypt,1,1.0,0.75,9304.103467002278,False,cok,2
WebQTest-1080,where did abraham and his descendants live,Canaan,Abraham Lincoln and his descendants lived in America.,0,0.0,0.75,8097.856845000933,False,cok,0
WebQTest-1081,where did george washington carver go to collage,Simpson College,George Washington Carver went to Simpson College for his higher education.,0,0.3076923076923077,0.75,6614.588154996454,False,cok,7
WebQTest-1082,what are the sports in spain,CB 1939 Canarias,"The given reasoning chain does not provide information about sports in Spain. Instead, it lists various time zones and winter time periods",0,0.07692307692307693,0.75,9316.653101996053,False,cok,0
WebQTest-1083,where president obama was born,Honolulu,"United States of America To determine where President Barack Obama was born, we can follow the reasoning chain provided:",0,0.0,0.75,9314.43903199397,False,cok,0
WebQTest-1084,what sports do people play in poland,Turów Zgorzelec,The information provided in the reasoning chain does not contain any details about sports played in Poland. The chain focuses on historical events,0,0.07407407407407408,0.75,9314.047290004964,False,cok,0
WebQTest-1085,who was demi lovato dating,Cody Linley,"The given reasoning chain does not contain any information about Demi Lovato or her dating history. Therefore, we cannot determine",0,0.0,0.75,9308.826009997574,False,cok,0
WebQTest-1087,what films has scarlett johansson been in,Ghost World,"The given reasoning chain does not contain any information about Scarlett Johansson. All the film titles mentioned (How She Move,",0,0.16666666666666669,0.75,9325.983647999237,False,cok,0
WebQTest-1088,who originally voiced meg on family guy,Lacey Chabert,The information provided does not contain any details about who originally voiced Meg on Family Guy. The chain of reasoning includes information about,0,0.0,0.75,9316.4171709941,False,cok,0
WebQTest-1089,who played amy squirrel in bad teacher,Lucy Punch,Vanessa Kerry,0,0.0,0.75,9321.147955000924,False,cok,0
WebQTest-1090,where are boeing headquarters,Chicago,Kennedy Space Center The given reasoning chain does not contain any direct information about Boeing's headquarters. The chain provides information about various,0,0.0,0.75,7443.724332995771,False,cok,0
WebQTest-1091,what type of religions are in the united states,Hinduism,"The given information does not provide a comprehensive list of all religions present in the United States. However, based on the reasoning",0,0.0,0.75,8281.667941002524,False,cok,0
WebQTest-1092,who did viggo mortensen play in lord of the rings,Aragorn,The information provided does not contain any details about Viggo Mortensen or his role in Lord of the Rings. The only,0,0.0,0.75,7745.401213003788,False,cok,0
WebQTest-1094,who was isaac newton and what did he do,Chemist,Isaac Newton was a male Philosopher and Scientist from the United Kingdom. He was an Academic and his work influenced notable figures,0,0.08695652173913045,0.75,8636.017668999557,False,cok,0
WebQTest-1095,who did william shakespeare marry,Anne Hathaway,"The information provided does not specify who William Shakespeare married. It only states that he had a spouse or domestic partner, but",0,0.0,0.75,7430.904577995534,False,cok,0
WebQTest-1096,what movies queen latifah is in,We Are Family,The information provided in the reasoning chain does not contain any data linking Yolanda King (who is likely a reference to,0,0.2,0.75,9319.999391998863,False,cok,0
WebQTest-1097,where did michelle obama graduated from,Princeton University,John F. Kennedy University,0,0.3333333333333333,0.75,9039.395910003805,False,cok,0
WebQTest-1098,what kind of music did franz liszt compose,Romantic music,"The given reasoning chain does not provide direct information about the type of music Franz Liszt composed. However, based on the",0,0.08695652173913042,0.75,7947.005779999017,False,cok,0
WebQTest-1099,what country does david luiz play for,Brazil national football team,"The information provided in the reasoning chain does not contain any details about David Luiz or his national team. Therefore, based",0,0.16,0.75,9315.92377400375,False,cok,0
WebQTest-1100,what document did thomas jefferson wrote,The Literary Bible of Thomas Jefferson,The Declaration of Independence,0,0.6666666666666665,0.75,9306.511863993364,False,cok,0
WebQTest-1101,who is martin luther king jr facts,Writer,"Martin Luther King, Jr. was a notable American civil rights leader. Some key facts about him include his work in the",0,0.16666666666666666,0.75,9332.188180997036,False,cok,0
WebQTest-1102,where is victoria british columbia,British Columbia,"Victoria is located in British Columbia, which is a province of Canada. The information provided does not directly state that Victoria is",0,0.16666666666666669,0.75,9302.189524001733,False,cok,0
WebQTest-1103,how many mary mary sisters,Tina Campbell,"To determine how many sisters Mary Mary has based on the given information, we need to identify any siblings of Mary Mary.",0,0.0,0.75,7743.154985997535,False,cok,0
WebQTest-1104,what do we call the currency of france,CFP franc,Euro,1,1.0,0.75,8088.423272994987,False,cok,0
WebQTest-1106,what team does david beckham play for in 2012,LA Galaxy,The information provided in the reasoning chain does not include any details about the teams David Beckham played for in 201,0,0.0,0.75,9314.059042997542,False,cok,0
WebQTest-1107,what movies did nick cannon star in,Garfield: The Movie,The information provided does not contain any details about Nick Cannon's movie appearances. The reasoning chain focuses on various films and their,0,0.21818181818181817,0.75,9334.471724003379,False,cok,0
WebQTest-1108,what radio station is npr on in nyc,WNYC,The information provided does not specify NPR or any direct connection between NPR and a radio station in NYC. The chain of reasoning,0,0.0,0.75,7384.178138003335,False,cok,0
WebQTest-1109,who did tom landry play for,New York Yankees,The information provided in the reasoning chain does not contain any details about Tom Landry or the teams he played for. The,0,0.0,0.75,9310.691655002302,False,cok,0
WebQTest-1110,where was john jay born,New York City,The given information does not provide the birthplace of John Jay.,0,0.0,0.75,9309.951825001917,False,cok,0
WebQTest-1111,where is mount fuji located,Japan,"Mount Fuji is located in Kanagawa Prefecture, Japan.",0,0.2222222222222222,0.75,9317.182825994678,False,cok,1
WebQTest-1113,where was toussaint l'ouverture born,Saint-Domingue,The information provided in the reasoning chain does not include any details about Toussaint Louverture's place of birth. Therefore,0,0.0,0.75,9318.152161999024,False,cok,0
WebQTest-1114,what countries makes up the uk,Wales,"The United Kingdom (UK) is made up of four countries: England, Scotland, Wales, and Northern Ireland. These",0,0.21052631578947367,0.75,9323.454970006424,False,cok,0
WebQTest-1115,what is lawton ok zip code,73507,"The given reasoning chain does not contain information about Lawton, Oklahoma or its ZIP code. Therefore, I cannot determine the",0,0.0,0.75,9314.381853997475,False,cok,0
WebQTest-1116,what is the capital city of spain wiki answers,Madrid,The reasoning chain provided does not contain information about the capital city of Spain. The chain mainly focuses on the location and form,0,0.0,0.75,9305.038200000126,False,cok,0
WebQTest-1117,where do they speak german,Second Polish Republic,Germany and other countries where German is an official or spoken language.,0,0.15384615384615385,0.75,9324.887377995765,False,cok,0
WebQTest-1118,when did mark mcgwire retired,2001 Major League Baseball Season,"The given reasoning chain does not contain any information about Mark McGwire's retirement date. Therefore, I cannot determine the answer",0,0.0,0.75,9335.28854999895,False,cok,0
WebQTest-1119,what is colorado technical university,College/University,"The given information does not mention a ""Colorado Technical University."" The provided reasoning chain only mentions Colorado and its relation to organizations",0,0.08333333333333334,0.75,9313.480844000878,False,cok,0
WebQTest-1120,what was the currency used in france before the euro,French franc,"The reasoning chain provided indicates that France uses the Euro as its currency. However, it does not provide information about the currency",0,0.0,0.75,9301.661329001945,False,cok,0
WebQTest-1121,what is kentucky state slogan,"United we stand, divided we fall",The reasoning chain provided does not contain any information about Kentucky's state slogan. The chain primarily focuses on the geographical and administrative,0,0.0,0.75,9315.39821500337,False,cok,0
WebQTest-1124,who played samantha stephens in bewitched,Elizabeth Montgomery,The information provided does not specify which actor played Samantha Stephens in Bewitched. The chain of reasoning only lists guest roles for,0,0.0,0.75,9327.567864005687,False,cok,0
WebQTest-1125,what area of science did sir isaac newton study,Chemist,Scientist,1,1.0,0.75,9310.361350995663,False,cok,0
WebQTest-1126,what county is san diego in,San Diego County,San Diego County,1,1.0,0.75,9308.17994500103,False,cok,0
WebQTest-1127,which country in north america is divided into provinces,Canada,"The given information does not directly state which country in North America is divided into provinces. However, based on the provided reasoning",0,0.0,0.75,9314.894410999841,False,cok,0
WebQTest-1130,what is real name of santa claus,Saint Nicholas,The given information does not provide any details about the real name of Santa Claus. The chain of reasoning only contains information about,0,0.0,0.75,9314.562343999569,False,cok,0
WebQTest-1131,when did kelly slater go pro,1990,The information provided does not contain any specific details about Kelly Slater's professional surfing career or when he went pro. The chain,0,0.0,0.75,7363.005282000813,False,cok,0
WebQTest-1132,what did coretta scott king died from,Respiratory failure,The given information does not provide the cause of Coretta Scott King's death. The chain only includes details about her,0,0.0,0.75,9313.863994997519,False,cok,0
WebQTest-1133,what does wh smith stand for,WHSmith,The information provided in the reasoning chain does not contain any details about WH Smith or its meaning. The chain primarily focuses on,0,0.0,0.75,9302.166647001286,False,cok,0
WebQTest-1135,who was vp for nixon,Spiro Agnew,Dwight D. Eisenhower,0,0.0,0.75,7994.789194002806,False,cok,0
WebQTest-1136,what religion did adolf hitler follow,Catholicism,The given chain of information does not provide any details about Adolf Hitler's religion. The chain focuses on other philosophers and their,0,0.0,0.75,9313.783946003241,False,cok,0
WebQTest-1137,where is the illinois river on a map,United States of America,"The information provided in the reasoning chain does not directly mention the Illinois River. However, based on the given information, we",0,0.0909090909090909,0.75,9304.691520999768,False,cok,0
WebQTest-1138,where honduras in the world,Americas,"Honduras is located in Central America, which is part of both Latin America and the Americas. It is also situated in North",0,0.24000000000000002,0.75,8318.372672998521,False,cok,5
WebQTest-1142,who does ronaldinho play for now 2011,Clube de Regatas do Flamengo,The given information does not provide any details about Ronaldinho's current team in 2011. The chain of,0,0.0909090909090909,0.75,9311.440960002074,False,cok,0
WebQTest-1143,what galileo galilei was famous for,Heliocentrism,"The final answer to the original question ""What was Galileo Galilei famous for?"" is not directly provided in the",0,0.0,0.75,9341.452315995411,False,cok,0
WebQTest-1144,what are the major trading partners of germany,Scotland,"The information provided in the reasoning chain does not directly address Germany's major trading partners. Instead, it provides details about the",0,0.0,0.75,7491.348881994782,False,cok,0
WebQTest-1145,where did romney graduated college,Brigham Young University,"George W. Romney graduated from Harvard College, which is located in the United States of America.",0,0.0,0.75,9305.703626996547,False,cok,0
WebQTest-1146,who did johnny depp play in corpse bride,Victor Van Dort,"None of the information provided in the reasoning chain is related to Johnny Depp or the film ""Corpse Bride."" Therefore",0,0.0,0.75,9322.883105000074,False,cok,0
WebQTest-1147,what is the zip code for jonesboro ar,72402,"The given information does not provide a zip code for Jonesboro, AR. The reasoning chain only provides area codes and state",0,0.0,0.75,9305.577412997081,False,cok,0
WebQTest-1148,what college did se hinton go,University of Tulsa,"The information provided does not contain any details about Se Hinton or the colleges they attended. Therefore, I cannot determine which",0,0.0,0.75,9327.888085004815,False,cok,0
WebQTest-1149,when was taylor swift fearless tour,2009-04-23,"The Taylor Swift Fearless Tour took place in 2009, specifically in Atlanta, GA at the Philips Arena",0,0.1,0.75,9308.005348000734,False,cok,0
WebQTest-1151,where did charles darwin and his wife live,London,The information provided in the reasoning chain does not contain any details about Charles Darwin or his wife's place of residence. The,0,0.0,0.75,7447.465427001589,False,cok,0
WebQTest-1152,who is the voice of kitt,William Daniels,"The information provided in the reasoning chain does not contain any details about the voice actor for KITT from the show ""Knight",0,0.0,0.75,7809.278186003212,False,cok,0
WebQTest-1153,what is eminem 's real full name,Marshall Bruce Mathers III,"The given reasoning chain does not provide information about Eminem's real full name. The chain mainly focuses on his nationality,",0,0.0,0.75,8946.58550699387,False,cok,0
WebQTest-1154,who is amy grant 's first husband,Gary Chapman,The given information does not provide any details about Amy Grant or her first husband. The reasoning chain only contains information about Patrick,0,0.0,0.75,9313.359612999193,False,cok,0
WebQTest-1155,what are the seven nations of central america,Panama,"The seven nations of Central America, based on the provided reasoning chain, are Honduras, Guatemala, Belize, El Salvador,",0,0.19999999999999998,0.75,9290.205539000453,False,cok,0
WebQTest-1156,what is jamie spears baby name,Maddie Briann Aldridge,"The original question seems to have a typo. It asks about ""Jamie Spears"" but the information provided is about """,0,0.0,0.75,9302.678326996102,False,cok,0
WebQTest-1160,who is the mother of prince michael jackson,Katherine Jackson,Victoria Jackson,0,0.5,0.75,9308.764052002516,False,cok,0
WebQTest-1161,what is the clemson mascot name,Clemson University The Tiger,"The reasoning chain provided does not contain information about Clemson University's mascot. Therefore, I cannot determine the Clemson mascot name from",0,0.34883720930232553,0.75,7271.612579999783,False,cok,0
WebQTest-1163,what rainforest is in south america,Amazon rainforest,"The question provided does not directly mention a rainforest, and the given reasoning chain does not explicitly state any rainforest in",0,0.16,0.75,9301.856411999324,False,cok,0
WebQTest-1164,what type of art does claude monet do,Modern art,The given reasoning chain does not contain any information about Claude Monet or his artistic type. The chain mainly focuses on other,0,0.0,0.75,9314.23508199805,False,cok,0
WebQTest-1166,when did we start war with iraq,2003-03-20,"The original question ""when did we start war with iraq"" is referring to the 2003 invasion of",0,0.1,0.75,9321.21186600125,False,cok,0
WebQTest-1168,what guitar did kurt cobain,Fender Jag-Stang,The reasoning chain provided does not contain any information about Kurt Cobain or his guitar. The chain is primarily focused on musical,0,0.0,0.75,9312.205741996877,False,cok,0
WebQTest-1169,who did jennifer lawrence play in x men,Raven / Mystique,"Jennifer Lawrence did not directly play a character named Professor Charles Xavier in any of the films listed. However, based on the",0,0.0,0.75,9317.381762004516,False,cok,0
WebQTest-1170,who is the governor of virginia 2011,Bob McDonnell,The information provided in the reasoning chain does not contain any details about the governor of Virginia in 2011.,0,0.0,0.75,9333.364999998594,False,cok,0
WebQTest-1171,who did darth vaders voice,James Earl Jones,The information provided in the reasoning chain does not contain any details about Darth Vader's voice actor. The chain is about the,0,0.0,0.75,9344.177192004281,False,cok,0
WebQTest-1173,where is walton county ga,Georgia,"The information provided in the reasoning chain does not contain any direct reference to Walton County, Georgia. The chain primarily focuses on",0,0.08695652173913045,0.75,9319.917954999255,False,cok,3
WebQTest-1174,what cancer did jackie kennedy die of,Lymphoma,"Based on the given reasoning chain, there is no information provided about the type of cancer Jackie Kennedy died from. The chain",0,0.0,0.75,9389.202163001755,False,cok,0
WebQTest-1175,what does lauren conrad major in,Fashion design,"The given information does not provide any details about Lauren Conrad's major. The information provided is about Conrad Black, Claire Mc",0,0.0,0.75,8268.750007999188,False,cok,0
WebQTest-1176,what time zone is pennsylvania in right now,UTC−05:00,Pennsylvania is in the Eastern Time Zone.,0,0.6,0.75,8568.491184007144,False,cok,1
WebQTest-1177,where did mario lopez go to school,Chula Vista High School,"The information provided does not mention Mario Lopez or his schooling. It mentions Juan López Moctezuma, who was born",0,0.0,0.75,9305.560718996276,False,cok,0
WebQTest-1178,where is tupac from originally,East Harlem,Tupac Shakur is originally from the United States of America. The reasoning chain indicates his nationality as United States of America,0,0.0,0.75,9310.532666000654,False,cok,0
WebQTest-1179,what role did george lucas play in star wars,Baron Papanoida,The given reasoning chain does not provide information about George Lucas's role in Star Wars. The chain is about a fictional character,0,0.0,0.75,9313.455298994086,False,cok,0
WebQTest-1180,what sarah dessen books are movies,How to Deal,"The information provided does not directly state which books by Sarah Dessen have been made into movies. However, based on the",0,0.0,0.75,6909.3941600003745,False,cok,0
WebQTest-1181,what is the current time in kauai hawaii,Hawaii-Aleutian Time Zone,"The information provided does not specify the exact current time in Kauai, Hawaii. It only mentions that Hawaii observes the",0,0.23076923076923075,0.75,7676.523199996154,False,cok,0
WebQTest-1183,where was farrah fawcett buried,Westwood Village Memorial Park Cemetery,"The information provided does not specify the burial location of Farrah Fawcett. To determine her burial site, we",0,0.0,0.75,9309.006538998801,False,cok,0
WebQTest-1185,what inspired steinbeck,Thomas Malory,"Based on the reasoning chain provided, it can be inferred that William Faulkner and other authors influenced John Steinbeck,",0,0.1904761904761905,0.75,9317.806583996571,False,cok,0
WebQTest-1186,what kind of government does cuba have today,Semi-presidential system,"The information provided does not specify the current form of government in Cuba. However, historically, under Fidel Castro's leadership",0,0.0,0.75,9333.558550002635,False,cok,0
WebQTest-1187,where are english speakers distributed,Nigeria,"English speakers are distributed in the United Kingdom, British Virgin Islands, and Scotland, among other places. The English language is",0,0.21818181818181814,0.75,7249.112389996299,False,cok,0
WebQTest-1189,what is the capital of italy today,Rome,Rome,1,1.0,0.75,9293.557167999097,False,cok,1
WebQTest-1191,what language do people speak in the bahamas,English Language,English Language,1,1.0,0.75,9309.780864998174,False,cok,1
WebQTest-1192,where did george michael go to school,Bushey Meads School,The information provided does not specify which George Michael is being referred to or his educational history. There is no data linking George,0,0.0,0.75,6950.730343996838,False,cok,0
WebQTest-1194,what club does cristiano ronaldo play for in 2010,Real Madrid C.F.,"The given information does not contain any details about Cristiano Ronaldo or his club in 2010. Therefore, I",0,0.0,0.75,8223.592454000027,False,cok,0
WebQTest-1195,what time zone is in the bahamas,UTC−05:00,"UTC−05:00 or Eastern Time Zone The final answer to the original question ""What time zone is in",0,0.4347826086956522,0.75,8881.980830999964,False,cok,1
WebQTest-1197,what language do people speak in brazil,Brazilian Portuguese,People speak Portuguese and Italian languages in Brazil.,0,0.2,0.75,9238.817625999218,False,cok,0
WebQTest-1198,who influenced samuel taylor coleridge,Immanuel Kant,Robert Southey,0,0.5,0.75,9319.920126006764,False,cok,0
WebQTest-1199,what does kim kardashian work as,Actor,The information provided in the reasoning chain does not contain any direct information about Kim Kardashian's profession. The chain mentions Lil',0,0.0,0.75,9308.082714000193,False,cok,4
WebQTest-1200,where did the mississippi river end,Gulf of Mexico,The Mississippi River ends at the Gulf of Mexico.,0,0.5,0.75,9310.132101003546,False,cok,4
WebQTest-1201,who played carlton lassiter on psych,Timothy Omundson,The information provided does not directly state who played Carlton Lassiter on Psych. The reasoning chain gives details about a person,0,0.0,0.75,9318.726906996744,False,cok,0
WebQTest-1203,who is president of israel,Reuven Rivlin,The information provided in the reasoning chain does not contain any details about the current or past presidents of Israel. The chain focuses,0,0.0,0.75,9083.066088998748,False,cok,0
WebQTest-1204,where did the anasazi indians live,Four Corners,"The Anasazi Indians lived in the Indigenous peoples of the Northeastern Woodlands region, based on the information provided in",0,0.0,0.75,9330.31910200225,False,cok,0
WebQTest-1205,who plays harley quinn,Mia Sara,The information provided in the reasoning chain does not contain any details about who plays Harley Quinn. The chain focuses on Shawn H,0,0.0,0.75,9331.36999799899,False,cok,0
WebQTest-1206,what was francis bacon contributions,Author,"Francis Bacon made significant contributions as a statesman, author, and philosopher. His works influenced notable figures such as Nassim",0,0.1,0.75,9309.149134001927,False,cok,2
WebQTest-1209,when does ziva start on ncis,NCIS - Season 3,"The original question about Ziva starting on NCIS is unrelated to the provided reasoning chain, which discusses 'The Real House",0,0.08695652173913045,0.75,9329.018628995982,False,cok,0
WebQTest-1210,what is the name of the national anthem of canada ( 2 words ),O Canada,God Save the Queen,0,0.0,0.75,9348.579737001273,False,cok,0
WebQTest-1212,what did mark zuckerberg study,Psychology,"The information provided in the reasoning chain does not contain any details about Mark Zuckerberg or his studies. Therefore, based on the",0,0.0,0.75,7024.206676003814,False,cok,0
WebQTest-1213,which country was michael jackson born,United States of America,United States of America,1,1.0,0.75,9313.545942997735,False,cok,1
WebQTest-1215,who was stephen r covey,Author,The given information does not provide any details about Stephen R. Covey. None of the individuals listed in the reasoning chain,0,0.0,0.75,9313.38496600074,False,cok,0
WebQTest-1216,what country was stalin in charge of,Soviet Union,Soviet Union,1,1.0,0.75,7692.785366001772,False,cok,0
WebQTest-1217,what is monta ellis career high points,NBA Most Improved Player Award,The given information does not contain any details about Monta Ellis's career high points or any related information. The reasoning chain,0,0.0,0.75,9325.632062995282,False,cok,0
WebQTest-1219,what nationality is rihanna,Barbados,To determine Rihanna's nationality based on the given information:,0,0.0,0.75,6879.579279004247,False,cok,0
WebQTest-1220,what has shannen doherty played in,Another Day,The information provided does not contain any details about Shannen Doherty's roles. The chain of information is about,0,0.23999999999999996,0.75,9335.51271000033,False,cok,0
WebQTest-1221,what college did joakim noah,University of Florida,Joakim Noah's college is not directly related to the given information and there is no mention of him in the provided,0,0.08,0.75,9315.14738700207,False,cok,0
WebQTest-1223,who plays billy elliot,Jamie Bell,"Based on the information provided in the reasoning chain, there is no direct mention of who plays the character Billy Elliot. The",0,0.0,0.75,8464.700096999877,False,cok,0
WebQTest-1225,what kourtney kardashian boyfriends name,Scott Disick,"The given reasoning chain does not contain any information about Kourtney Kardashian or her boyfriends. Therefore, I cannot determine",0,0.0,0.75,9317.171887996665,False,cok,0
WebQTest-1226,what form of government does australia use,Parliamentary system,Australia uses a Federal monarchy form of government.,0,0.4,0.75,9311.087689995475,False,cok,1
WebQTest-1227,what team did howie long,Oakland Raiders,The information provided does not specify which team Howie Long played for or is associated with. There is a connection made between,0,0.0,0.75,7004.237180000928,False,cok,0
WebQTest-1228,where did the greek alphabet come from,Phoenician alphabet,The Greek alphabet did not directly come from any of the languages or writing systems mentioned in the chain. The Greek alphabet originated,0,0.14814814814814817,0.75,9311.275760999706,False,cok,0
WebQTest-1229,what timezone is elizabethtown kentucky,Eastern Time Zone,"Elizabethtown, Kentucky falls under the Eastern Time Zone.",0,0.5454545454545454,0.75,9313.022686001204,False,cok,3
WebQTest-1230,what to see in christchurch new zealand,Air Force Museum of New Zealand,Phila-christchurchb3,0,0.0,0.75,9314.052884001285,False,cok,0
WebQTest-1231,where is chris paul from,United States of America,Chris Paul's nationality is United States of America.,0,0.6153846153846153,0.75,9322.042017003696,False,cok,1
WebQTest-1232,what year was albert pujols rookie year,2001 Major League Baseball Season,The information provided in the reasoning chain does not contain any specific details about Albert Pujols' rookie year. The chain,0,0.0,0.75,7820.8003229956375,False,cok,0
WebQTest-1233,what are the colors of the ny giants,Red,The colors of the New York Giants are not mentioned in the given reasoning chain. The chain only provides information about the colors,0,0.0,0.75,9305.490198996267,False,cok,1
WebQTest-1234,what business did andrew carnegie dominate,financier,The information provided does not directly state that Andrew Carnegie dominated any specific business. The only related information given is about Carnegie Porter,0,0.0,0.75,7273.403441999108,False,cok,0
WebQTest-1235,what was sir isaac newton 's inventions,Pet door,"The given information does not list any specific inventions by Sir Isaac Newton. It provides details about his nationality, profession, religion",0,0.0,0.75,9314.160946996708,False,cok,0
WebQTest-1237,who did shaq first play for,Orlando Magic,"Based on the information provided in the reasoning chain, there is no direct information about which team Shaquille O'Neal",0,0.0,0.75,7669.390091999958,False,cok,0
WebQTest-1238,who was the artist of mickey mouse,Ub Iwerks,The information provided in the reasoning chain does not contain any details about the artist of Mickey Mouse. The chain is focused on,0,0.0,0.75,9321.00595299562,False,cok,0
WebQTest-1239,what is the zip code for concord,94518,"The final answer to the original question ""What is the zip code for Concord?"" based on the given reasoning chain is not",0,0.0,0.75,9324.408430999028,False,cok,0
WebQTest-1240,what football team is michael vick on,New York Jets,The information provided in the reasoning chain does not contain any direct reference to Michael Vick or his football team. The chain primarily,0,0.0,0.75,7581.011063004553,False,cok,0
WebQTest-1241,where does the columbia river start,Columbia Lake,The information provided does not specify the starting point of the Columbia River. The chain of reasoning primarily focuses on the Columbia River,0,0.14814814814814817,0.75,9320.527381001739,False,cok,0
WebQTest-1242,what are all the names of the harry potter books,Harry Potter and the Chamber of Secrets,"The reasoning chain provided does not contain any information about Harry Potter books. Therefore, based on the given chain, I cannot",0,0.27586206896551724,0.75,6486.458389998006,False,cok,0
WebQTest-1244,who was sir walter raleigh and what did he do,Courtier,"The given information does not provide details about Sir Walter Raleigh. The reasoning chain only contains information about Sir David Baird,",0,0.0,0.75,9262.490529006755,False,cok,0
WebQTest-1245,what countries are in the euro dollar,Kingdom of the Netherlands,"The statement ""what countries are in the euro dollar"" is a bit confusing because ""euro dollar"" is not a",0,0.14814814814814814,0.75,9295.97776800074,False,cok,0
WebQTest-1246,what currency can you use in barbados,Barbadian dollar,English Language,0,0.0,0.75,9309.365233995777,False,cok,0
WebQTest-1247,who is angelina jolie,Voice Actor,The given information does not provide any details about Angelina Jolie. The chain of reasoning only contains information about Brad Pitt,0,0.0,0.75,9316.469778001192,False,cok,0
WebQTest-1248,where is nineveh city,Iraq,"The given reasoning chain does not contain any information about Nineveh City. Therefore, I cannot determine its location based on the",0,0.08695652173913042,0.75,9324.992251000367,False,cok,0
WebQTest-1249,what is the state flower of new mexico,Yucca flower,The state flower of New Mexico is the Yucca flower.,0,0.4615384615384615,0.75,9317.745141001069,False,cok,0
WebQTest-1250,where is the national ffa foundation located today,Alexandria,The information provided does not specify the location of the National FFA Foundation. The reasoning chain only provides information about the locations,0,0.0,0.75,9322.956356998475,False,cok,0
WebQTest-1251,which countries speak germanic languages,Belgium,"Based on the given reasoning chain, we can conclude that Germany speaks German and Turoyo languages. However, the chain",0,0.1,0.75,9320.710744999815,False,cok,0
WebQTest-1252,who plays eowyn in lord of the rings,Miranda Otto,The information provided does not contain any details about who plays Eowyn in Lord of the Rings. The chain of reasoning,0,0.0,0.75,7144.717593997484,False,cok,0
WebQTest-1254,where is augusta masters 2012,Augusta National Golf Course,The information provided does not contain any details about the Augusta Masters tournament or its location in 2012. The,0,0.08695652173913043,0.75,9396.080470003653,False,cok,0
WebQTest-1255,what type of cancer did eva peron die from,Cervical cancer,The information provided in the reasoning chain does not include any details about Eva Peron's cause of death or the type of,0,0.0,0.75,7866.016599000432,False,cok,0
WebQTest-1256,who did terrell owens play for in 2010,Cincinnati Bengals,The given information does not contain any data related to Terrell Owens or his team in 2010. The,0,0.0,0.75,9346.834369003773,False,cok,0
WebQTest-1257,where is denmark south carolina,Bamberg County,"Denmark, South Carolina is a town in the United States and not related to the geographical location of Denmark, which is in",0,0.23076923076923075,0.75,9298.6553380033,False,cok,0
WebQTest-1259,what books did ernest hemingway write,"Ernest Hemingway, selected letters, 1917-1961","Based on the reasoning chain provided, we can conclude that Ernest Hemingway wrote at least two books mentioned: ""Wild",0,0.25,0.75,9324.237079999875,False,cok,0
WebQTest-1260,what year did baltimore ravens win super bowl,Super Bowl XXXV,The reasoning chain provided does not contain any information about the Baltimore Ravens or Super Bowl wins. The chain is focused on the,0,0.15384615384615383,0.75,7403.184643000714,False,cok,0
WebQTest-1261,where did the battle of passchendaele happen,Flanders,The Battle of Passchendaele took place during World War I and involved entities such as the French Third Republic and,0,0.0,0.75,8068.6017379994155,False,cok,0
WebQTest-1262,what part of the country is ohio considered,Midwestern United States,"Ohio is considered to be in the Eastern United States, the Contiguous United States, the East North Central States, and",0,0.4615384615384615,0.75,7805.813302999013,False,cok,0
