qid,question,gold,prediction,em,f1,confidence,latency_ms,abstained,x_method,x_rank
oa_331,"At time 58 in context ctx_02, can u_0041 access res_0027?",1,no,0,0.0,0.4522549279274479,1586.4756209998632,False,graphrag,0
oa_0,"At time 83 in context ctx_03, can u_0045 access res_0134?",0,No,1,1.0,0.49290239345282316,1600.275567999688,False,graphrag,0
oa_365,"At time 55 in context ctx_07, can u_0481 access res_0048?",1,No,0,0.0,0.46588820478190546,1587.5135330002195,False,graphrag,0
oa_1,"At time 142 in context ctx_06, can u_0029 access res_0098?",0,No,1,1.0,0.5331621542572975,1584.6338379997178,False,graphrag,0
oa_589,"At time 55 in context ctx_07, can u_0247 access res_0048?",1,No,0,0.0,0.4414357568906701,1588.223317000029,False,graphrag,0
oa_2,"At time 93 in context ctx_05, can u_0276 access res_0026?",0,No,1,1.0,0.5145450108929684,1585.207070999786,False,graphrag,0
oa_604,"At time 58 in context ctx_02, can u_0127 access res_0130?",1,No,0,0.0,0.45678625472130313,1599.4927920000919,False,graphrag,0
oa_9,"At time 124 in context ctx_04, can u_0442 access res_0154?",0,No,1,1.0,0.476657540670463,1601.5439950001564,False,graphrag,0
oa_685,"At time 51 in context ctx_03, can u_0138 access res_0156?",1,No,0,0.0,0.44697558134794235,1597.0867360001648,False,graphrag,0
oa_12,"At time 134 in context ctx_06, can u_0132 access res_0152?",0,No,1,1.0,0.5021809584954205,1585.765887999969,False,graphrag,0
oa_708,"At time 60 in context ctx_04, can u_0452 access res_0130?",1,No,0,0.0,0.4103091172873974,1600.5579389998275,False,graphrag,0
oa_15,"At time 90 in context ctx_02, can u_0316 access res_0060?",0,No,1,1.0,0.47964583502875435,1604.0511559999686,False,graphrag,0
oa_803,"At time 50 in context ctx_02, can u_0243 access res_0027?",1,No,0,0.0,0.4249292810757955,1603.7715699999353,False,graphrag,0
oa_19,"At time 128 in context ctx_00, can u_0170 access res_0134?",0,No,1,1.0,0.4767449278580515,1586.8732889998682,False,graphrag,0
oa_826,"At time 61 in context ctx_05, can u_0225 access res_0081?",1,No,0,0.0,0.5138659278551737,1586.4068519999819,False,graphrag,0
oa_26,"At time 196 in context ctx_04, can u_0236 access res_0066?",0,No,1,1.0,0.4518691630739915,1588.9820140000666,False,graphrag,0
oa_862,"At time 50 in context ctx_02, can u_0311 access res_0133?",1,No,0,0.0,0.42336523148321337,1597.6209030000064,False,graphrag,0
oa_27,"At time 97 in context ctx_01, can u_0206 access res_0080?",0,No,1,1.0,0.5389612317085266,1585.106777999954,False,graphrag,0
oa_889,"At time 58 in context ctx_02, can u_0096 access res_0140?",1,No,0,0.0,0.471333222463727,1603.0078690000664,False,graphrag,0
oa_58,"At time 66 in context ctx_02, can u_0019 access res_0022?",0,No,1,1.0,0.5632829236984253,1601.1712320000697,False,graphrag,0
oa_948,"At time 58 in context ctx_02, can u_0471 access res_0114?",1,No,0,0.0,0.47012136578559877,1604.590250000001,False,graphrag,0
oa_63,"At time 136 in context ctx_00, can u_0252 access res_0175?",0,No,1,1.0,0.485846522781584,1581.941451000148,False,graphrag,0
oa_1019,"At time 59 in context ctx_03, can u_0465 access res_0056?",1,No,0,0.0,0.46154434365384717,1594.175861000167,False,graphrag,0
oa_64,"At time 190 in context ctx_06, can u_0133 access res_0162?",0,No,1,1.0,0.4656130294005076,1598.38643699959,False,graphrag,0
oa_1083,"At time 52 in context ctx_04, can u_0300 access res_0103?",1,No,0,0.0,0.47519710043381,1597.5555949999034,False,graphrag,0
oa_69,"At time 157 in context ctx_05, can u_0162 access res_0029?",0,No,1,1.0,0.5163084082305431,1588.595302000158,False,graphrag,0
oa_1084,"At time 56 in context ctx_00, can u_0225 access res_0074?",1,No,0,0.0,0.48089275114676533,1585.155477999706,False,graphrag,0
oa_72,"At time 118 in context ctx_06, can u_0369 access res_0089?",0,No,1,1.0,0.5084470860336138,1589.808187000017,False,graphrag,0
oa_1101,"At time 58 in context ctx_02, can u_0127 access res_0114?",1,No,0,0.0,0.45542243402451277,1597.7124910000384,False,graphrag,0
oa_79,"At time 108 in context ctx_04, can u_0206 access res_0157?",0,No,1,1.0,0.44716958577434224,1599.3002159998468,False,graphrag,0
oa_1277,"At time 58 in context ctx_02, can u_0243 access res_0114?",1,No,0,0.0,0.46151563059538603,1595.5881620002401,False,graphrag,0
oa_81,"At time 64 in context ctx_00, can u_0378 access res_0078?",0,No,1,1.0,0.4811353534460068,1586.8342980002126,False,graphrag,0
oa_1342,"At time 55 in context ctx_07, can u_0176 access res_0061?",1,No,0,0.0,0.4478998865400042,1595.8672839997234,False,graphrag,0
oa_82,"At time 86 in context ctx_06, can u_0011 access res_0149?",0,No,1,1.0,0.5525160800843012,1587.4828659998457,False,graphrag,0
oa_1531,"At time 53 in context ctx_05, can u_0440 access res_0074?",1,No,0,0.0,0.470791209075186,1599.9575410000944,False,graphrag,0
oa_101,"At time 176 in context ctx_00, can u_0397 access res_0044?",0,No,1,1.0,0.47633855665723485,1598.4212190001017,False,graphrag,0
oa_1551,"At time 51 in context ctx_03, can u_0190 access res_0156?",1,No,0,0.0,0.4755736127976448,1603.8603360002526,False,graphrag,0
oa_108,"At time 183 in context ctx_07, can u_0276 access res_0120?",0,No,1,1.0,0.5376368034631014,1602.3942649999299,False,graphrag,0
oa_1668,"At time 53 in context ctx_05, can u_0020 access res_0024?",1,No,0,0.0,0.45277197794480756,1596.6138270000556,False,graphrag,0
oa_115,"At time 94 in context ctx_06, can u_0007 access res_0152?",0,No,1,1.0,0.5331106220974642,1587.3223280000275,False,graphrag,0
oa_1677,"At time 50 in context ctx_02, can u_0046 access res_0085?",1,No,0,0.0,0.4054930124964033,1596.6573929999868,False,graphrag,0
oa_117,"At time 144 in context ctx_00, can u_0307 access res_0102?",0,No,1,1.0,0.39963374180453165,1598.8150660000429,False,graphrag,0
oa_1762,"At time 54 in context ctx_06, can u_0225 access res_0077?",1,No,0,0.0,0.4930342137813568,1585.7186130001537,False,graphrag,0
oa_120,"At time 171 in context ctx_03, can u_0063 access res_0130?",0,No,1,1.0,0.49107736829788456,1599.725319999834,False,graphrag,0
oa_1983,"At time 61 in context ctx_05, can u_0277 access res_0074?",1,No,0,0.0,0.4972555532174952,1589.265591000185,False,graphrag,0
oa_125,"At time 69 in context ctx_05, can u_0465 access res_0015?",0,No,1,1.0,0.5478732511401176,1586.7340320000949,False,graphrag,0
oa_1998,"At time 58 in context ctx_02, can u_0199 access res_0016?",1,No,0,0.0,0.5191385050614675,1584.2581299998528,False,graphrag,0
oa_132,"At time 184 in context ctx_00, can u_0312 access res_0154?",0,No,1,1.0,0.4843677159013419,1601.701148000302,False,graphrag,0
oa_2040,"At time 56 in context ctx_00, can u_0440 access res_0074?",1,No,0,0.0,0.485664626485423,1590.0357049999911,False,graphrag,0
oa_152,"At time 96 in context ctx_00, can u_0156 access res_0128?",0,No,1,1.0,0.5006058189001951,1585.029709999617,False,graphrag,0
oa_2101,"At time 62 in context ctx_06, can u_0139 access res_0077?",1,No,0,0.0,0.4924401745200157,1589.3880489998082,False,graphrag,0
oa_165,"At time 103 in context ctx_07, can u_0315 access res_0188?",0,No,1,1.0,0.4887367924054464,1595.858989000135,False,graphrag,0
oa_2127,"At time 50 in context ctx_02, can u_0020 access res_0124?",1,no To determine if u_0020 can access res_0124 at time 50 in,0,0.0,0.4291279306014379,1598.9508880002177,False,graphrag,0
oa_167,"At time 68 in context ctx_04, can u_0073 access res_0039?",0,No,1,1.0,0.5161321429829848,1588.7351589999525,False,graphrag,0
oa_2131,"At time 57 in context ctx_01, can u_0481 access res_0145?",1,No,0,0.0,0.5006499120167324,1583.0537239999103,False,graphrag,0
oa_168,"At time 78 in context ctx_06, can u_0051 access res_0112?",0,No,1,1.0,0.48614062317486467,1598.7550800000463,False,graphrag,0
oa_2133,"At time 56 in context ctx_00, can u_0225 access res_0027?",1,No,0,0.0,0.4454285050592115,1603.6349569999402,False,graphrag,0
oa_177,"At time 180 in context ctx_04, can u_0240 access res_0124?",0,no To determine if u_0240 can access res_0124 at time 180,1,1.0,0.44162139502064934,1600.4522090001956,False,graphrag,0
oa_2250,"At time 55 in context ctx_07, can u_0321 access res_0141?",1,No,0,0.0,0.4476986171737794,1601.1350390003827,False,graphrag,0
oa_178,"At time 65 in context ctx_01, can u_0104 access res_0071?",0,No,1,1.0,0.4624115692244636,1588.824346000365,False,graphrag,0
oa_2280,"At time 61 in context ctx_05, can u_0247 access res_0139?",1,No,0,0.0,0.48456597014477376,1584.381900000153,False,graphrag,0
oa_186,"At time 157 in context ctx_05, can u_0441 access res_0085?",0,No,1,1.0,0.5027595294846429,1586.9764809999651,False,graphrag,0
oa_2374,"At time 56 in context ctx_00, can u_0020 access res_0055?",1,No,0,0.0,0.44051962428622776,1596.555262000038,False,graphrag,0
oa_201,"At time 116 in context ctx_04, can u_0457 access res_0045?",0,No,1,1.0,0.4732321600119273,1592.8204370002277,False,graphrag,0
oa_2411,"At time 53 in context ctx_05, can u_0471 access res_0074?",1,No,0,0.0,0.4615563005208969,1600.7725640001809,False,graphrag,0
oa_209,"At time 110 in context ctx_06, can u_0171 access res_0122?",0,No,1,1.0,0.48467769380658865,1601.2292410000555,False,graphrag,0
oa_2522,"At time 59 in context ctx_03, can u_0096 access res_0056?",1,No,0,0.0,0.4530025466724678,1601.841529000012,False,graphrag,0
oa_218,"At time 153 in context ctx_01, can u_0386 access res_0023?",0,No,1,1.0,0.478571780025959,1588.2101739998689,False,graphrag,0
oa_2551,"At time 52 in context ctx_04, can u_0286 access res_0147?",1,No,0,0.0,0.45606186985969543,1584.6774470001037,False,graphrag,0
oa_226,"At time 65 in context ctx_01, can u_0171 access res_0040?",0,No,1,1.0,0.4531673967838287,1588.3432730001914,False,graphrag,0
oa_2641,"At time 56 in context ctx_00, can u_0247 access res_0074?",1,No,0,0.0,0.4793020258931553,1585.7766990002347,False,graphrag,0
oa_228,"At time 145 in context ctx_01, can u_0110 access res_0128?",0,No,1,1.0,0.5147897766696082,1586.403189000066,False,graphrag,0
oa_2770,"At time 54 in context ctx_06, can u_0247 access res_0077?",1,No,0,0.0,0.4919905960559845,1589.6137600002476,False,graphrag,0
oa_240,"At time 104 in context ctx_00, can u_0457 access res_0157?",0,No,1,1.0,0.49640947580337524,1586.0503659996539,False,graphrag,0
oa_2900,"At time 57 in context ctx_01, can u_0139 access res_0145?",1,No,0,0.0,0.4621921636556324,1585.917254999913,False,graphrag,0
oa_246,"At time 112 in context ctx_00, can u_0123 access res_0127?",0,No,1,1.0,0.4882887274026871,1597.8718149999622,False,graphrag,0
oa_2904,"At time 51 in context ctx_03, can u_0020 access res_0064?",1,No,0,0.0,0.4472314034189497,1598.9309940000567,False,graphrag,0
oa_251,"At time 71 in context ctx_07, can u_0470 access res_0008?",0,No,1,1.0,0.5105333432555199,1587.898548999874,False,graphrag,0
oa_2927,"At time 58 in context ctx_02, can u_0127 access res_0077?",1,No,0,0.0,0.45555264674700224,1595.3672689997802,False,graphrag,0
oa_258,"At time 135 in context ctx_07, can u_0401 access res_0042?",0,No,1,1.0,0.49919720607645374,1586.783485000069,False,graphrag,0
oa_3155,"At time 56 in context ctx_00, can u_0041 access res_0130?",1,No,0,0.0,0.46448561251163484,1588.872591999916,False,graphrag,0
oa_265,"At time 187 in context ctx_03, can u_0245 access res_0030?",0,No,1,1.0,0.5285907409809254,1605.0846390003244,False,graphrag,0
oa_3204,"At time 56 in context ctx_00, can u_0277 access res_0027?",1,No,0,0.0,0.46497113419615704,1587.8848839997772,False,graphrag,0
oa_270,"At time 108 in context ctx_04, can u_0475 access res_0106?",0,No,1,1.0,0.45096233636140826,1598.676684000111,False,graphrag,0
oa_3245,"At time 55 in context ctx_07, can u_0199 access res_0141?",1,No,0,0.0,0.45666571115625315,1601.4605710001888,False,graphrag,0
oa_275,"At time 128 in context ctx_00, can u_0248 access res_0129?",0,No,1,1.0,0.45643282102213967,1589.241731999664,False,graphrag,0
oa_3317,"At time 57 in context ctx_01, can u_0225 access res_0145?",1,No,0,0.0,0.4702171709226525,1585.4491770001005,False,graphrag,0
oa_288,"At time 64 in context ctx_00, can u_0092 access res_0194?",0,No,1,1.0,0.48828347944296324,1596.9584130002659,False,graphrag,0
oa_3400,"At time 58 in context ctx_02, can u_0471 access res_0140?",1,No,0,0.0,0.4736445313319564,1601.668109000002,False,graphrag,0
oa_290,"At time 195 in context ctx_03, can u_0162 access res_0132?",0,No,1,1.0,0.49957698384920757,1606.9594710002093,False,graphrag,0
oa_3420,"At time 62 in context ctx_06, can u_0481 access res_0036?",1,No,0,0.0,0.5101266848413568,1595.6998370002111,False,graphrag,0
oa_292,"At time 179 in context ctx_03, can u_0141 access res_0192?",0,No,1,1.0,0.4867579677412587,1602.8313470001194,False,graphrag,0
oa_3442,"At time 59 in context ctx_03, can u_0452 access res_0056?",1,No,0,0.0,0.4501621036425881,1600.4979550002645,False,graphrag,0
oa_294,"At time 122 in context ctx_02, can u_0305 access res_0022?",0,No,1,1.0,0.5050036119563239,1596.3323439996202,False,graphrag,0
oa_3572,"At time 60 in context ctx_04, can u_0481 access res_0145?",1,No,0,0.0,0.4535254627466202,1590.0641540001743,False,graphrag,0
oa_298,"At time 197 in context ctx_05, can u_0469 access res_0169?",0,No,1,1.0,0.5229019768097821,1583.6258849999467,False,graphrag,0
oa_3678,"At time 56 in context ctx_00, can u_0471 access res_0140?",1,No,0,0.0,0.4858214741661435,1589.3229640000754,False,graphrag,0
oa_309,"At time 198 in context ctx_06, can u_0377 access res_0147?",0,No,1,1.0,0.4980991078274591,1599.397176000366,False,graphrag,0
oa_3784,"At time 53 in context ctx_05, can u_0321 access res_0139?",1,No,0,0.0,0.45981410659592725,1602.3574729997563,False,graphrag,0
oa_312,"At time 172 in context ctx_04, can u_0162 access res_0195?",0,No,1,1.0,0.484181834384799,1585.8080600000903,False,graphrag,0
oa_3853,"At time 50 in context ctx_02, can u_0221 access res_0066?",1,No,0,0.0,0.42295235501868383,1601.1180579998836,False,graphrag,0
oa_316,"At time 93 in context ctx_05, can u_0352 access res_0088?",0,No,1,1.0,0.5366925947806415,1588.9695280002343,False,graphrag,0
oa_3947,"At time 53 in context ctx_05, can u_0247 access res_0145?",1,Yes,1,1.0,0.45070547819137574,1593.6063630001627,False,graphrag,0
oa_318,"At time 88 in context ctx_00, can u_0052 access res_0131?",0,No,1,1.0,0.48944240160610364,1590.0381659998857,False,graphrag,0
oa_4008,"At time 62 in context ctx_06, can u_0096 access res_0036?",1,No,0,0.0,0.4938810870051384,1595.8261739997397,False,graphrag,0
oa_322,"At time 133 in context ctx_05, can u_0475 access res_0026?",0,No,1,1.0,0.4313779677215375,1586.7019550000805,False,graphrag,0
oa_4258,"At time 61 in context ctx_05, can u_0321 access res_0074?",1,No,0,0.0,0.5016110241413116,1586.0725369998363,False,graphrag,0
oa_327,"At time 173 in context ctx_05, can u_0109 access res_0006?",0,No,1,1.0,0.4957442217402988,1586.4702859998943,False,graphrag,0
oa_4270,"At time 54 in context ctx_06, can u_0243 access res_0020?",1,No,0,0.0,0.49115459819634755,1596.8420979997973,False,graphrag,0
oa_332,"At time 96 in context ctx_00, can u_0002 access res_0164?",0,No,1,1.0,0.511340364029533,1586.4021990000765,False,graphrag,0
oa_4458,"At time 61 in context ctx_05, can u_0247 access res_0077?",1,No,0,0.0,0.49748317152261734,1585.5854080000427,False,graphrag,0
oa_333,"At time 119 in context ctx_07, can u_0388 access res_0158?",0,No,1,1.0,0.5115542262792587,1602.14600099971,False,graphrag,0
oa_4580,"At time 60 in context ctx_04, can u_0452 access res_0145?",1,No,0,0.0,0.42403214797377586,1585.828102999585,False,graphrag,0
oa_337,"At time 68 in context ctx_04, can u_0331 access res_0092?",0,No,1,1.0,0.5340642087599811,1586.0616619997927,False,graphrag,0
oa_4588,"At time 58 in context ctx_02, can u_0041 access res_0140?",1,no,0,0.0,0.45292321145534514,1599.2323739997119,False,graphrag,0
oa_344,"At time 127 in context ctx_07, can u_0495 access res_0113?",0,No,1,1.0,0.4052382225082034,1587.3304910001025,False,graphrag,0
oa_4590,"At time 61 in context ctx_05, can u_0199 access res_0125?",1,No,0,0.0,0.49586434555905207,1594.9486599997726,False,graphrag,0
oa_346,"At time 158 in context ctx_06, can u_0301 access res_0141?",0,No,1,1.0,0.5082152858376503,1588.1601900000533,False,graphrag,0
oa_4592,"At time 59 in context ctx_03, can u_0452 access res_0056?",1,No,0,0.0,0.4501621036425881,1596.2007170001016,False,graphrag,0
oa_370,"At time 95 in context ctx_07, can u_0041 access res_0145?",0,No,1,1.0,0.5035817548632622,1594.9729339999976,False,graphrag,0
oa_4603,"At time 59 in context ctx_03, can u_0465 access res_0056?",1,No,0,0.0,0.46154434365384717,1596.8948800000362,False,graphrag,0
oa_374,"At time 142 in context ctx_06, can u_0417 access res_0008?",0,No,1,1.0,0.5258993431925774,1592.432349000319,False,graphrag,0
oa_4667,"At time 62 in context ctx_06, can u_0167 access res_0048?",1,No,0,0.0,0.5072424891922209,1590.4167419998885,False,graphrag,0
oa_378,"At time 72 in context ctx_00, can u_0103 access res_0130?",0,No,1,1.0,0.4801262334773415,1585.607656999855,False,graphrag,0
oa_4740,"At time 53 in context ctx_05, can u_0471 access res_0077?",1,No,0,0.0,0.454306370538214,1597.9087180003262,False,graphrag,0
oa_383,"At time 159 in context ctx_07, can u_0163 access res_0090?",0,No,1,1.0,0.478164404630661,1600.0271990001238,False,graphrag,0
oa_4742,"At time 53 in context ctx_05, can u_0440 access res_0077?",1,No,0,0.0,0.46508348929254634,1597.0682859997396,False,graphrag,0
oa_385,"At time 110 in context ctx_06, can u_0385 access res_0004?",0,No,1,1.0,0.4649978118638198,1599.2257090001658,False,graphrag,0
oa_4777,"At time 50 in context ctx_02, can u_0465 access res_0016?",1,No,0,0.0,0.4519306452650773,1599.0071969999917,False,graphrag,0
oa_395,"At time 85 in context ctx_05, can u_0321 access res_0119?",0,No,1,1.0,0.49733505475110024,1594.7099980003259,False,graphrag,0
oa_4790,"At time 57 in context ctx_01, can u_0225 access res_0048?",1,No,0,0.0,0.4744451203766991,1588.282528000036,False,graphrag,0
oa_408,"At time 110 in context ctx_06, can u_0196 access res_0043?",0,No,1,1.0,0.4729384503194264,1598.6805580000691,False,graphrag,0
oa_4837,"At time 53 in context ctx_05, can u_0176 access res_0140?",1,No,0,0.0,0.458467663526535,1600.6936120002138,False,graphrag,0
oa_429,"At time 82 in context ctx_02, can u_0197 access res_0093?",0,No,1,1.0,0.5033652138325476,1599.1754189999483,False,graphrag,0
oa_4950,"At time 62 in context ctx_06, can u_0277 access res_0061?",1,No,0,0.0,0.5074817595027742,1599.6037949998936,False,graphrag,0
oa_454,"At time 100 in context ctx_04, can u_0153 access res_0154?",0,No,1,1.0,0.43686534251485554,1587.6304930002334,False,graphrag,0
oa_4971,"At time 57 in context ctx_01, can u_0199 access res_0048?",1,No,0,0.0,0.49632174438900417,1588.524676000361,False,graphrag,0
oa_473,"At time 135 in context ctx_07, can u_0080 access res_0062?",0,No,1,1.0,0.4828973611195882,1585.3691890001755,False,graphrag,0
oa_475,"At time 180 in context ctx_04, can u_0256 access res_0030?",0,No,1,1.0,0.42910173399881885,1598.3744549998846,False,graphrag,0
oa_492,"At time 194 in context ctx_02, can u_0422 access res_0128?",0,No,1,1.0,0.5232930237596686,1603.97839999996,False,graphrag,0
oa_493,"At time 92 in context ctx_04, can u_0427 access res_0032?",0,No,1,1.0,0.49095614176047475,1592.6575579997007,False,graphrag,0
oa_500,"At time 87 in context ctx_07, can u_0186 access res_0142?",0,No,1,1.0,0.5143787087872624,1602.9620399999658,False,graphrag,0
oa_509,"At time 91 in context ctx_03, can u_0014 access res_0083?",0,No,1,1.0,0.584362675746282,1587.1171499998127,False,graphrag,0
oa_510,"At time 69 in context ctx_05, can u_0314 access res_0147?",0,No,1,1.0,0.5360927283763885,1589.3254820002767,False,graphrag,0
oa_515,"At time 152 in context ctx_00, can u_0062 access res_0129?",0,No,1,1.0,0.5070611573755741,1586.379782000222,False,graphrag,0
oa_523,"At time 95 in context ctx_07, can u_0034 access res_0027?",0,No,1,1.0,0.4877880082048219,1606.2791660001494,False,graphrag,0
oa_537,"At time 71 in context ctx_07, can u_0070 access res_0072?",0,No,1,1.0,0.49218770084173785,1583.0598800002917,False,graphrag,0
oa_539,"At time 124 in context ctx_04, can u_0333 access res_0080?",0,No,1,1.0,0.47465026658028364,1599.3998919998376,False,graphrag,0
oa_543,"At time 178 in context ctx_02, can u_0360 access res_0136?",0,No,1,1.0,0.48348590452224016,1601.4669669998511,False,graphrag,0
oa_544,"At time 135 in context ctx_07, can u_0246 access res_0149?",0,No,1,1.0,0.46502405570613015,1588.8136759999725,False,graphrag,0
oa_557,"At time 160 in context ctx_00, can u_0150 access res_0118?",0,No,1,1.0,0.4588180830081304,1586.565402999895,False,graphrag,0
oa_565,"At time 82 in context ctx_02, can u_0158 access res_0131?",0,No,1,1.0,0.5075110466249527,1599.480991999826,False,graphrag,0
oa_573,"At time 152 in context ctx_00, can u_0004 access res_0110?",0,No,1,1.0,0.5177986060871798,1588.9568149996194,False,graphrag,0
oa_576,"At time 196 in context ctx_04, can u_0281 access res_0189?",0,No,1,1.0,0.48792943642252967,1591.5338429999792,False,graphrag,0
oa_577,"At time 143 in context ctx_07, can u_0020 access res_0107?",0,No,1,1.0,0.491249984816501,1588.3276769995973,False,graphrag,0
oa_580,"At time 195 in context ctx_03, can u_0127 access res_0137?",0,no,1,1.0,0.47967431880533695,1606.0344450002049,False,graphrag,0
oa_599,"At time 178 in context ctx_02, can u_0402 access res_0050?",0,No,1,1.0,0.4925556860186837,1596.963672000129,False,graphrag,0
oa_606,"At time 110 in context ctx_06, can u_0112 access res_0187?",0,No,1,1.0,0.46866022867541157,1596.6348809997726,False,graphrag,0
oa_617,"At time 70 in context ctx_06, can u_0123 access res_0073?",0,No,1,1.0,0.4968867434395684,1587.0258780000768,False,graphrag,0
oa_625,"At time 67 in context ctx_03, can u_0418 access res_0008?",0,No,1,1.0,0.5196192011237144,1597.5058590001936,False,graphrag,0
oa_638,"At time 78 in context ctx_06, can u_0062 access res_0031?",0,No,1,1.0,0.4855756511290868,1601.1359439999069,False,graphrag,0
oa_643,"At time 73 in context ctx_01, can u_0023 access res_0096?",0,No,1,1.0,0.5496450241874246,1588.6268649996964,False,graphrag,0
oa_647,"At time 156 in context ctx_04, can u_0429 access res_0189?",0,No,1,1.0,0.4972759748206419,1590.3174109998872,False,graphrag,0
oa_657,"At time 148 in context ctx_04, can u_0096 access res_0022?",0,No,1,1.0,0.499035165955623,1588.4641830002693,False,graphrag,0
oa_659,"At time 97 in context ctx_01, can u_0475 access res_0086?",0,No,1,1.0,0.5382409785923205,1588.7745459999678,False,graphrag,0
oa_661,"At time 66 in context ctx_02, can u_0237 access res_0083?",0,No,1,1.0,0.5301027131080628,1596.2540190002983,False,graphrag,0
oa_666,"At time 167 in context ctx_07, can u_0047 access res_0109?",0,No,1,1.0,0.4900099914520979,1598.15141900026,False,graphrag,0
oa_668,"At time 164 in context ctx_04, can u_0268 access res_0130?",0,No,1,1.0,0.518742251125249,1588.5100169998623,False,graphrag,0
oa_674,"At time 157 in context ctx_05, can u_0235 access res_0018?",0,No,1,1.0,0.5378960791756126,1586.5412449998075,False,graphrag,0
oa_683,"At time 163 in context ctx_03, can u_0169 access res_0020?",0,No,1,1.0,0.501584880775021,1603.1186459999844,False,graphrag,0
oa_688,"At time 175 in context ctx_07, can u_0474 access res_0198?",0,No,1,1.0,0.485675326165031,1584.9942009999722,False,graphrag,0
oa_692,"At time 148 in context ctx_04, can u_0236 access res_0173?",0,No,1,1.0,0.4888860583305359,1586.4457279999442,False,graphrag,0
oa_693,"At time 112 in context ctx_00, can u_0304 access res_0014?",0,No,1,1.0,0.536092821508646,1589.1859560001649,False,graphrag,0
oa_698,"At time 82 in context ctx_02, can u_0062 access res_0169?",0,No,1,1.0,0.4988810845783779,1600.1057460002812,False,graphrag,0
oa_712,"At time 149 in context ctx_05, can u_0108 access res_0104?",0,No,1,1.0,0.5187340519007515,1584.168378999948,False,graphrag,0
oa_735,"At time 95 in context ctx_07, can u_0371 access res_0183?",0,No,1,1.0,0.507637830007644,1588.2983459996467,False,graphrag,0
oa_742,"At time 97 in context ctx_01, can u_0307 access res_0034?",0,No,1,1.0,0.5405331394251656,1590.2086139999483,False,graphrag,0
oa_745,"At time 67 in context ctx_03, can u_0010 access res_0183?",0,No,1,1.0,0.5714822597801685,1588.9346480003042,False,graphrag,0
oa_747,"At time 111 in context ctx_07, can u_0332 access res_0133?",0,No,1,1.0,0.4958823190795051,1599.4986420000714,False,graphrag,0
oa_749,"At time 163 in context ctx_03, can u_0133 access res_0173?",0,No,1,1.0,0.49140668474137783,1590.147246000015,False,graphrag,0
oa_750,"At time 119 in context ctx_07, can u_0395 access res_0081?",0,No,1,1.0,0.5168181881308556,1601.494057000309,False,graphrag,0
oa_758,"At time 95 in context ctx_07, can u_0434 access res_0133?",0,No,1,1.0,0.5012003279501392,1604.5653129999664,False,graphrag,0
oa_764,"At time 142 in context ctx_06, can u_0149 access res_0115?",0,No,1,1.0,0.4983743031819661,1588.7534399998913,False,graphrag,0
oa_765,"At time 173 in context ctx_05, can u_0470 access res_0151?",0,No,1,1.0,0.4714421298768785,1590.3571300000294,False,graphrag,0
oa_767,"At time 103 in context ctx_07, can u_0003 access res_0144?",0,No,1,1.0,0.4916163415744387,1598.6795670000902,False,graphrag,0
oa_776,"At time 155 in context ctx_03, can u_0476 access res_0146?",0,No,1,1.0,0.4919099294477039,1588.9914379999937,False,graphrag,0
oa_801,"At time 122 in context ctx_02, can u_0282 access res_0176?",0,No,1,1.0,0.4936535954475403,1593.4644339999977,False,graphrag,0
oa_809,"At time 161 in context ctx_01, can u_0310 access res_0170?",0,No,1,1.0,0.5091858772855056,1585.7984229996873,False,graphrag,0
oa_812,"At time 120 in context ctx_00, can u_0427 access res_0166?",0,No,1,1.0,0.4457929953932762,1583.1938669998635,False,graphrag,0
oa_814,"At time 98 in context ctx_02, can u_0116 access res_0151?",0,No,1,1.0,0.533232904249622,1601.2666520000494,False,graphrag,0
oa_820,"At time 75 in context ctx_03, can u_0069 access res_0153?",0,No,1,1.0,0.46942897858443083,1595.5900799999654,False,graphrag,0
oa_824,"At time 168 in context ctx_00, can u_0038 access res_0014?",0,No,1,1.0,0.47298152185976505,1587.820445000034,False,graphrag,0
oa_831,"At time 161 in context ctx_01, can u_0172 access res_0133?",0,No,1,1.0,0.5111579701304436,1591.0085969999272,False,graphrag,0
oa_835,"At time 98 in context ctx_02, can u_0051 access res_0089?",0,No,1,1.0,0.5380147722634402,1600.628358999984,False,graphrag,0
oa_840,"At time 166 in context ctx_06, can u_0149 access res_0120?",0,No,1,1.0,0.4962097827730508,1604.5349780001743,False,graphrag,0
oa_857,"At time 104 in context ctx_00, can u_0485 access res_0168?",0,No,1,1.0,0.5254947940508524,1586.3105299999916,False,graphrag,0
oa_858,"At time 164 in context ctx_04, can u_0114 access res_0109?",0,No,1,1.0,0.5185654044151307,1585.858589000054,False,graphrag,0
oa_890,"At time 140 in context ctx_04, can u_0228 access res_0140?",0,No,1,1.0,0.4603791581466794,1605.3111030000764,False,graphrag,0
oa_893,"At time 88 in context ctx_00, can u_0434 access res_0126?",0,No,1,1.0,0.49610192626714705,1589.377262999733,False,graphrag,0
oa_909,"At time 127 in context ctx_07, can u_0432 access res_0103?",0,No,1,1.0,0.4105372458696365,1588.5900270000093,False,graphrag,0
oa_918,"At time 79 in context ctx_07, can u_0463 access res_0175?",0,No,1,1.0,0.5007134590830121,1601.0516730002564,False,graphrag,0
oa_920,"At time 124 in context ctx_04, can u_0404 access res_0056?",0,No,1,1.0,0.5014202315360308,1588.906771999973,False,graphrag,0
oa_929,"At time 150 in context ctx_06, can u_0417 access res_0039?",0,No,1,1.0,0.4503885041922331,1586.8940000000293,False,graphrag,0
oa_937,"At time 65 in context ctx_01, can u_0158 access res_0045?",0,No,1,1.0,0.45277685102294474,1589.8847059997934,False,graphrag,0
oa_941,"At time 142 in context ctx_06, can u_0328 access res_0157?",0,No,1,1.0,0.5127770118415356,1587.6715680001325,False,graphrag,0
oa_942,"At time 171 in context ctx_03, can u_0378 access res_0048?",0,No,1,1.0,0.47748741199230327,1600.3890489996593,False,graphrag,0
oa_944,"At time 183 in context ctx_07, can u_0418 access res_0196?",0,No,1,1.0,0.5254506543278694,1602.7629909999632,False,graphrag,0
oa_950,"At time 186 in context ctx_02, can u_0223 access res_0116?",0,No,1,1.0,0.4829534380524247,1603.5550910000893,False,graphrag,0
oa_959,"At time 73 in context ctx_01, can u_0435 access res_0027?",0,No,1,1.0,0.5276982486248016,1581.5057999998317,False,graphrag,0
oa_960,"At time 104 in context ctx_00, can u_0289 access res_0013?",0,No,1,1.0,0.5394809477859073,1585.0957500001641,False,graphrag,0
oa_968,"At time 200 in context ctx_00, can u_0050 access res_0166?",0,No,1,1.0,0.4280397231164186,1589.288552999733,False,graphrag,0
oa_974,"At time 95 in context ctx_07, can u_0373 access res_0021?",0,No,1,1.0,0.5096460084120432,1596.2478779997582,False,graphrag,0
oa_980,"At time 164 in context ctx_04, can u_0449 access res_0138?",0,No,1,1.0,0.4947290953836943,1589.2770860000383,False,graphrag,0
oa_987,"At time 152 in context ctx_00, can u_0393 access res_0197?",0,No,1,1.0,0.5086841750890017,1586.2096620003285,False,graphrag,0
oa_989,"At time 189 in context ctx_05, can u_0255 access res_0067?",0,No,1,1.0,0.5155559368431568,1592.065242999979,False,graphrag,0
oa_994,"At time 192 in context ctx_00, can u_0297 access res_0042?",0,No,1,1.0,0.4331676846948163,1600.1594280000973,False,graphrag,0
oa_995,"At time 127 in context ctx_07, can u_0200 access res_0008?",0,No,1,1.0,0.4301394732559429,1591.7902870000944,False,graphrag,0
oa_1009,"At time 96 in context ctx_00, can u_0147 access res_0181?",0,No,1,1.0,0.5092764766443343,1588.8503549999768,False,graphrag,0
oa_1010,"At time 184 in context ctx_00, can u_0336 access res_0005?",0,No,1,1.0,0.46675669633108996,1603.3611140001085,False,graphrag,0
oa_1014,"At time 81 in context ctx_01, can u_0264 access res_0176?",0,No,1,1.0,0.5264114797115326,1590.1311269999496,False,graphrag,0
oa_1018,"At time 82 in context ctx_02, can u_0176 access res_0024?",0,No,1,1.0,0.4989604507723162,1595.730992999961,False,graphrag,0
oa_1022,"At time 103 in context ctx_07, can u_0301 access res_0043?",0,No,1,1.0,0.49367600967807157,1594.0961389997028,False,graphrag,0
oa_1025,"At time 127 in context ctx_07, can u_0402 access res_0036?",0,No,1,1.0,0.4126413194906144,1588.4455440000238,False,graphrag,0
oa_1041,"At time 89 in context ctx_01, can u_0115 access res_0052?",0,No,1,1.0,0.5134539113325232,1584.830742000122,False,graphrag,0
oa_1043,"At time 128 in context ctx_00, can u_0406 access res_0036?",0,No,1,1.0,0.455742590806701,1589.1878730003555,False,graphrag,0
oa_1062,"At time 125 in context ctx_05, can u_0355 access res_0067?",0,No,1,1.0,0.49803707376122475,1585.2145929998187,False,graphrag,0
oa_1066,"At time 92 in context ctx_04, can u_0489 access res_0106?",0,No,1,1.0,0.5323305788793062,1590.7161070003895,False,graphrag,0
oa_1069,"At time 190 in context ctx_06, can u_0404 access res_0005?",0,No,1,1.0,0.49670738809638554,1596.5051119997042,False,graphrag,0
oa_1081,"At time 95 in context ctx_07, can u_0129 access res_0094?",0,No,1,1.0,0.5140135803005912,1599.2353209999237,False,graphrag,0
oa_1087,"At time 74 in context ctx_02, can u_0224 access res_0181?",0,No,1,1.0,0.4801492653787136,1600.960435000161,False,graphrag,0
oa_1092,"At time 88 in context ctx_00, can u_0243 access res_0049?",0,No,1,1.0,0.5007128864526749,1599.055251000209,False,graphrag,0
oa_1104,"At time 67 in context ctx_03, can u_0403 access res_0083?",0,No,1,1.0,0.5369203984737396,1589.519167999697,False,graphrag,0
oa_1128,"At time 76 in context ctx_04, can u_0139 access res_0006?",0,No,1,1.0,0.5082874800029554,1588.2798509996974,False,graphrag,0
oa_1134,"At time 79 in context ctx_07, can u_0303 access res_0153?",0,No,1,1.0,0.5002845978295362,1600.6840280001597,False,graphrag,0
oa_1140,"At time 76 in context ctx_04, can u_0285 access res_0050?",0,No,1,1.0,0.49788288693679006,1587.7419729999929,False,graphrag,0
oa_1143,"At time 156 in context ctx_04, can u_0165 access res_0045?",0,No,1,1.0,0.49275009255660207,1583.4479079999255,False,graphrag,0
oa_1144,"At time 85 in context ctx_05, can u_0437 access res_0095?",0,No,1,1.0,0.5153207381566366,1589.0151510002397,False,graphrag,0
oa_1154,"At time 143 in context ctx_07, can u_0384 access res_0129?",0,No,1,1.0,0.4644374942779541,1595.6092770002215,False,graphrag,0
oa_1162,"At time 170 in context ctx_02, can u_0434 access res_0125?",0,No,1,1.0,0.46754726270834607,1602.4847049998243,False,graphrag,0
oa_1165,"At time 73 in context ctx_01, can u_0485 access res_0095?",0,No,1,1.0,0.5518854889604781,1587.6510799998869,False,graphrag,0
oa_1167,"At time 100 in context ctx_04, can u_0258 access res_0091?",0,No,1,1.0,0.4623310064014636,1588.3560309998757,False,graphrag,0
oa_1169,"At time 65 in context ctx_01, can u_0405 access res_0158?",0,No,1,1.0,0.4631271306425333,1588.393465000081,False,graphrag,0
oa_1173,"At time 165 in context ctx_05, can u_0290 access res_0061?",0,No,1,1.0,0.4902038966354571,1587.2308390003127,False,graphrag,0
oa_1193,"At time 199 in context ctx_07, can u_0300 access res_0073?",0,No,1,1.0,0.47836086250120596,1600.6841829998848,False,graphrag,0
oa_1198,"At time 160 in context ctx_00, can u_0266 access res_0075?",0,No,1,1.0,0.45354598462581636,1589.1169540000192,False,graphrag,0
oa_1203,"At time 191 in context ctx_07, can u_0412 access res_0033?",0,No,1,1.0,0.5331439324047255,1599.4562509999923,False,graphrag,0
oa_1215,"At time 160 in context ctx_00, can u_0134 access res_0151?",0,No,1,1.0,0.4634494435787201,1585.6635190002635,False,graphrag,0
oa_1219,"At time 99 in context ctx_03, can u_0083 access res_0095?",0,No,1,1.0,0.5128124952316284,1598.3033130000877,False,graphrag,0
oa_1224,"At time 163 in context ctx_03, can u_0161 access res_0034?",0,No,1,1.0,0.5117120357120738,1589.6118730001945,False,graphrag,0
oa_1225,"At time 168 in context ctx_00, can u_0463 access res_0077?",0,No,1,1.0,0.45523546470536125,1586.4103760000035,False,graphrag,0
oa_1237,"At time 86 in context ctx_06, can u_0226 access res_0020?",0,No,1,1.0,0.48594990564930823,1599.6036510000522,False,graphrag,0
oa_1239,"At time 117 in context ctx_05, can u_0468 access res_0056?",0,No,1,1.0,0.5357843898236752,1591.1001119998218,False,graphrag,0
oa_1240,"At time 168 in context ctx_00, can u_0298 access res_0052?",0,No,1,1.0,0.4730028790586135,1587.908836999759,False,graphrag,0
oa_1256,"At time 138 in context ctx_02, can u_0314 access res_0081?",0,No,1,1.0,0.4966216077727656,1601.6706549999071,False,graphrag,0
oa_1260,"At time 90 in context ctx_02, can u_0009 access res_0101?",0,No,1,1.0,0.49764549526674995,1598.824137000065,False,graphrag,0
oa_1265,"At time 80 in context ctx_00, can u_0413 access res_0132?",0,No,1,1.0,0.40724508269973425,1600.3271599997788,False,graphrag,0
oa_1275,"At time 195 in context ctx_03, can u_0003 access res_0114?",0,No,1,1.0,0.486811387923456,1604.0739830000348,False,graphrag,0
oa_1279,"At time 126 in context ctx_06, can u_0426 access res_0052?",0,No,1,1.0,0.5028298397858938,1589.9757030001638,False,graphrag,0
oa_1281,"At time 64 in context ctx_00, can u_0238 access res_0173?",0,No,1,1.0,0.47164310365915296,1583.4927900000366,False,graphrag,0
oa_1286,"At time 109 in context ctx_05, can u_0361 access res_0122?",0,No,1,1.0,0.4664373590100196,1603.7410360004287,False,graphrag,0
oa_1291,"At time 186 in context ctx_02, can u_0149 access res_0167?",0,No,1,1.0,0.4840953281292549,1600.818134000292,False,graphrag,0
oa_1296,"At time 178 in context ctx_02, can u_0043 access res_0107?",0,No,1,1.0,0.4823139049112797,1605.2886130000843,False,graphrag,0
oa_1311,"At time 175 in context ctx_07, can u_0000 access res_0114?",0,No,1,1.0,0.47680173892723887,1587.1109290001186,False,graphrag,0
oa_1316,"At time 167 in context ctx_07, can u_0495 access res_0064?",0,No,1,1.0,0.5071219672327456,1601.220060000287,False,graphrag,0
oa_1326,"At time 132 in context ctx_04, can u_0163 access res_0174?",0,No,1,1.0,0.49925966560840607,1591.9666139998299,False,graphrag,0
oa_1339,"At time 140 in context ctx_04, can u_0145 access res_0043?",0,No,1,1.0,0.47426078775349784,1585.2775359999214,False,graphrag,0
oa_1341,"At time 64 in context ctx_00, can u_0313 access res_0168?",0,No,1,1.0,0.4851421947064607,1589.6595289996185,False,graphrag,0
oa_1357,"At time 170 in context ctx_02, can u_0483 access res_0129?",0,No,1,1.0,0.46667061001062393,1599.0467799997532,False,graphrag,0
oa_1364,"At time 164 in context ctx_04, can u_0135 access res_0042?",0,No,1,1.0,0.4832144658411703,1596.1246340002617,False,graphrag,0
oa_1387,"At time 105 in context ctx_01, can u_0116 access res_0085?",0,No,1,1.0,0.5130041316151619,1590.7367469999372,False,graphrag,0
oa_1396,"At time 200 in context ctx_00, can u_0410 access res_0058?",0,No,1,1.0,0.44984889179468157,1588.7327320001532,False,graphrag,0
oa_1431,"At time 140 in context ctx_04, can u_0475 access res_0138?",0,No,1,1.0,0.45228968639122813,1592.8388459997223,False,graphrag,0
oa_1432,"At time 130 in context ctx_02, can u_0174 access res_0183?",0,No,1,1.0,0.4740012902766466,1589.234309999938,False,graphrag,0
oa_1457,"At time 183 in context ctx_07, can u_0440 access res_0009?",0,No,1,1.0,0.5251650512218475,1597.6580679998733,False,graphrag,0
oa_1460,"At time 119 in context ctx_07, can u_0199 access res_0155?",0,No,1,1.0,0.5171495312824845,1598.9466030000585,False,graphrag,0
oa_1471,"At time 171 in context ctx_03, can u_0267 access res_0139?",0,No,1,1.0,0.4864783650264144,1599.8302500001955,False,graphrag,0
oa_1477,"At time 113 in context ctx_01, can u_0454 access res_0088?",0,No,1,1.0,0.5099252953248865,1590.4316480000489,False,graphrag,0
oa_1490,"At time 85 in context ctx_05, can u_0441 access res_0128?",0,No,1,1.0,0.5033333471843174,1590.1914460000626,False,graphrag,0
oa_1492,"At time 141 in context ctx_05, can u_0078 access res_0036?",0,No,1,1.0,0.49760051934342636,1587.291069999992,False,graphrag,0
oa_1506,"At time 114 in context ctx_02, can u_0087 access res_0121?",0,No,1,1.0,0.479974708249492,1603.4071119997861,False,graphrag,0
oa_1507,"At time 103 in context ctx_07, can u_0257 access res_0134?",0,No,1,1.0,0.48166425381937333,1598.3790129998852,False,graphrag,0
oa_1515,"At time 107 in context ctx_03, can u_0292 access res_0186?",0,No,1,1.0,0.5010522363647338,1604.1208809997443,False,graphrag,0
oa_1518,"At time 172 in context ctx_04, can u_0184 access res_0172?",0,No,1,1.0,0.4839152917265892,1589.0900399999737,False,graphrag,0
oa_1519,"At time 132 in context ctx_04, can u_0017 access res_0021?",0,No,1,1.0,0.5365470230579377,1589.0934919998472,False,graphrag,0
oa_1529,"At time 178 in context ctx_02, can u_0364 access res_0168?",0,No,1,1.0,0.47405427880585194,1589.7306899996693,False,graphrag,0
oa_1540,"At time 83 in context ctx_03, can u_0481 access res_0105?",0,No,1,1.0,0.502343931505757,1601.8018400000074,False,graphrag,0
oa_1544,"At time 82 in context ctx_02, can u_0435 access res_0142?",0,No,1,1.0,0.48830835800617933,1605.826676000106,False,graphrag,0
oa_1549,"At time 124 in context ctx_04, can u_0105 access res_0103?",0,No,1,1.0,0.5132135252157847,1589.5989569999074,False,graphrag,0
oa_1559,"At time 173 in context ctx_05, can u_0163 access res_0156?",0,No,1,1.0,0.4878570605069399,1589.334861000225,False,graphrag,0
oa_1560,"At time 89 in context ctx_01, can u_0059 access res_0142?",0,No,1,1.0,0.5085289478302002,1587.5355680000212,False,graphrag,0
oa_1565,"At time 130 in context ctx_02, can u_0293 access res_0180?",0,No,1,1.0,0.46116028539836407,1598.2581769999342,False,graphrag,0
oa_1572,"At time 140 in context ctx_04, can u_0269 access res_0125?",0,No,1,1.0,0.4562890020108992,1601.1744500001441,False,graphrag,0
oa_1575,"At time 70 in context ctx_06, can u_0320 access res_0129?",0,No,1,1.0,0.47278008692794377,1587.5282090000837,False,graphrag,0
oa_1594,"At time 169 in context ctx_01, can u_0374 access res_0024?",0,No,1,1.0,0.4253915415869819,1605.196479999904,False,graphrag,0
oa_1597,"At time 200 in context ctx_00, can u_0498 access res_0163?",0,No,1,1.0,0.4566631615161896,1589.4505920000483,False,graphrag,0
oa_1605,"At time 93 in context ctx_05, can u_0002 access res_0030?",0,No,1,1.0,0.5324696728161403,1590.5015429998457,False,graphrag,0
oa_1621,"At time 200 in context ctx_00, can u_0436 access res_0012?",0,No,1,1.0,0.4698435648491508,1584.376076999888,False,graphrag,0
oa_1622,"At time 95 in context ctx_07, can u_0024 access res_0158?",0,No,1,1.0,0.4904455182881191,1597.3472190003122,False,graphrag,0
oa_1626,"At time 116 in context ctx_04, can u_0115 access res_0077?",0,No,1,1.0,0.4860702171212151,1587.207172000035,False,graphrag,0
oa_1633,"At time 129 in context ctx_01, can u_0165 access res_0176?",0,No,1,1.0,0.49803791077513443,1588.7817769998946,False,graphrag,0
oa_1652,"At time 143 in context ctx_07, can u_0059 access res_0197?",0,No,1,1.0,0.49842604994773865,1586.103120000189,False,graphrag,0
oa_1654,"At time 159 in context ctx_07, can u_0362 access res_0198?",0,No,1,1.0,0.4714869725704193,1598.6672039998666,False,graphrag,0
oa_1664,"At time 145 in context ctx_01, can u_0323 access res_0091?",0,No,1,1.0,0.5291345025363722,1587.6062309998815,False,graphrag,0
oa_1666,"At time 149 in context ctx_05, can u_0108 access res_0098?",0,No,1,1.0,0.5284067392349243,1586.8116289998397,False,graphrag,0
oa_1671,"At time 98 in context ctx_02, can u_0327 access res_0059?",0,No,1,1.0,0.5311353405316671,1583.8810380000723,False,graphrag,0
oa_1675,"At time 181 in context ctx_05, can u_0132 access res_0143?",0,No,1,1.0,0.501201231931818,1596.8484310001259,False,graphrag,0
oa_1685,"At time 96 in context ctx_00, can u_0407 access res_0126?",0,No,1,1.0,0.49739768559282477,1592.0152009998674,False,graphrag,0
oa_1688,"At time 104 in context ctx_00, can u_0180 access res_0156?",0,No,1,1.0,0.49782003024045157,1588.0858460000127,False,graphrag,0
oa_1697,"At time 94 in context ctx_06, can u_0278 access res_0103?",0,No,1,1.0,0.5360890837276683,1588.7623479998183,False,graphrag,0
oa_1702,"At time 103 in context ctx_07, can u_0324 access res_0007?",0,No,1,1.0,0.484587205780877,1603.4272449996934,False,graphrag,0
oa_1703,"At time 156 in context ctx_04, can u_0129 access res_0026?",0,No,1,1.0,0.4664408266544342,1588.315928999691,False,graphrag,0
oa_1704,"At time 63 in context ctx_07, can u_0403 access res_0181?",0,No,1,1.0,0.5289676960776833,1589.018254000166,False,graphrag,0
oa_1722,"At time 119 in context ctx_07, can u_0105 access res_0095?",0,No,1,1.0,0.5181370733245727,1597.7468950000002,False,graphrag,0
oa_1725,"At time 126 in context ctx_06, can u_0277 access res_0156?",0,No,1,1.0,0.5150965969813498,1585.5554260001554,False,graphrag,0
oa_1749,"At time 126 in context ctx_06, can u_0004 access res_0046?",0,No,1,1.0,0.52326899766922,1584.3348439998408,False,graphrag,0
oa_1767,"At time 98 in context ctx_02, can u_0286 access res_0170?",0,no To determine if u_0286 can access res_0170 at time 98 in,1,1.0,0.5295337803902165,1603.7971939999807,False,graphrag,0
oa_1768,"At time 103 in context ctx_07, can u_0352 access res_0048?",0,No,1,1.0,0.48120026530758025,1603.6964159998206,False,graphrag,0
oa_1769,"At time 75 in context ctx_03, can u_0055 access res_0046?",0,No,1,1.0,0.46060411018483777,1586.8295519999265,False,graphrag,0
oa_1779,"At time 176 in context ctx_00, can u_0488 access res_0023?",0,No,1,1.0,0.48714608731477155,1590.4507390000617,False,graphrag,0
oa_1785,"At time 164 in context ctx_04, can u_0256 access res_0186?",0,No,1,1.0,0.504201708568467,1588.7565769999128,False,graphrag,0
oa_1789,"At time 180 in context ctx_04, can u_0414 access res_0139?",0,No,1,1.0,0.4138658319910367,1597.0848070001011,False,graphrag,0
oa_1791,"At time 194 in context ctx_02, can u_0129 access res_0110?",0,No,1,1.0,0.5286536607891321,1602.2650790000625,False,graphrag,0
oa_1792,"At time 171 in context ctx_03, can u_0004 access res_0025?",0,No,1,1.0,0.48849136299557155,1596.7451819997223,False,graphrag,0
oa_1803,"At time 129 in context ctx_01, can u_0375 access res_0160?",0,No,1,1.0,0.4974525405300988,1586.4235620001637,False,graphrag,0
oa_1806,"At time 65 in context ctx_01, can u_0052 access res_0159?",0,No,1,1.0,0.44414149663027597,1588.6174409997693,False,graphrag,0
oa_1809,"At time 74 in context ctx_02, can u_0378 access res_0179?",0,No,1,1.0,0.47566545630494755,1596.2374020000425,False,graphrag,0
oa_1810,"At time 84 in context ctx_04, can u_0111 access res_0018?",0,No,1,1.0,0.5461645608856565,1585.6327070000589,False,graphrag,0
oa_1816,"At time 152 in context ctx_00, can u_0356 access res_0128?",0,No,1,1.0,0.49765419214963913,1584.4543569996858,False,graphrag,0
oa_1825,"At time 64 in context ctx_00, can u_0192 access res_0146?",0,No,1,1.0,0.4851355776190758,1587.3099000000366,False,graphrag,0
oa_1827,"At time 157 in context ctx_05, can u_0333 access res_0111?",0,No,1,1.0,0.5030709430575371,1586.2462909999522,False,graphrag,0
oa_1843,"At time 110 in context ctx_06, can u_0130 access res_0146?",0,No,1,1.0,0.45192025701204935,1599.837120000302,False,graphrag,0
oa_1881,"At time 66 in context ctx_02, can u_0203 access res_0185?",0,No,1,1.0,0.5184287369251251,1603.1534670000838,False,graphrag,0
oa_1888,"At time 117 in context ctx_05, can u_0326 access res_0179?",0,No,1,1.0,0.5038591358396742,1589.4819240002107,False,graphrag,0
oa_1903,"At time 127 in context ctx_07, can u_0325 access res_0130?",0,No,1,1.0,0.401003111153841,1590.7227890002105,False,graphrag,0
oa_1907,"At time 115 in context ctx_03, can u_0081 access res_0043?",0,No,1,1.0,0.491974002122879,1605.8232730001691,False,graphrag,0
oa_1913,"At time 197 in context ctx_05, can u_0166 access res_0066?",0,No,1,1.0,0.515579029917717,1590.1598489999742,False,graphrag,0
oa_1929,"At time 94 in context ctx_06, can u_0059 access res_0012?",0,No,1,1.0,0.5713837258517742,1589.9961600002825,False,graphrag,0
oa_1938,"At time 117 in context ctx_05, can u_0431 access res_0083?",0,No,1,1.0,0.542232982814312,1587.6254459999473,False,graphrag,0
oa_1954,"At time 133 in context ctx_05, can u_0026 access res_0019?",0,No,1,1.0,0.46532001346349716,1588.4659980001743,False,graphrag,0
oa_1957,"At time 187 in context ctx_03, can u_0462 access res_0004?",0,No,1,1.0,0.5265757441520691,1605.729476000306,False,graphrag,0
oa_1961,"At time 87 in context ctx_07, can u_0230 access res_0006?",0,No,1,1.0,0.5253985063596205,1585.7913960003316,False,graphrag,0
oa_1963,"At time 143 in context ctx_07, can u_0395 access res_0046?",0,No,1,1.0,0.4567201126080293,1599.0070590000869,False,graphrag,0
oa_1967,"At time 84 in context ctx_04, can u_0197 access res_0131?",0,No,1,1.0,0.5258151463099888,1590.1157190000959,False,graphrag,0
oa_1989,"At time 172 in context ctx_04, can u_0355 access res_0189?",0,No,1,1.0,0.4638917874544859,1589.3298500000128,False,graphrag,0
oa_1990,"At time 187 in context ctx_03, can u_0376 access res_0083?",0,No,1,1.0,0.5207892873070457,1597.9687290000584,False,graphrag,0
oa_2031,"At time 163 in context ctx_03, can u_0377 access res_0185?",0,No,1,1.0,0.499813308318456,1588.8735630001065,False,graphrag,0
oa_2032,"At time 182 in context ctx_06, can u_0217 access res_0165?",0,No,1,1.0,0.5023879939690232,1602.025264999611,False,graphrag,0
oa_2052,"At time 83 in context ctx_03, can u_0231 access res_0050?",0,No,1,1.0,0.5107605996586028,1586.4654829997562,False,graphrag,0
oa_2053,"At time 106 in context ctx_02, can u_0260 access res_0015?",0,Yes,0,0.0,0.5145379641781682,1598.2903160002024,False,graphrag,0
oa_2055,"At time 153 in context ctx_01, can u_0106 access res_0022?",0,No,1,1.0,0.4947125893086195,1591.9926650003617,False,graphrag,0
oa_2069,"At time 162 in context ctx_02, can u_0188 access res_0003?",0,No,1,1.0,0.4591734725981951,1597.6224609999008,False,graphrag,0
oa_2084,"At time 102 in context ctx_06, can u_0036 access res_0104?",0,No,1,1.0,0.4702993170781569,1590.7359310003812,False,graphrag,0
oa_2092,"At time 153 in context ctx_01, can u_0149 access res_0059?",0,No,1,1.0,0.4857182279229164,1588.3135730000504,False,graphrag,0
oa_2104,"At time 144 in context ctx_00, can u_0371 access res_0081?",0,No,1,1.0,0.4357795678079128,1592.8203050002594,False,graphrag,0
oa_2115,"At time 88 in context ctx_00, can u_0312 access res_0085?",0,No,1,1.0,0.49432419091463087,1588.956326999778,False,graphrag,0
oa_2121,"At time 72 in context ctx_00, can u_0298 access res_0110?",0,No,1,1.0,0.4824590097974848,1586.2145400001282,False,graphrag,0
oa_2123,"At time 174 in context ctx_06, can u_0368 access res_0154?",0,No,1,1.0,0.4963050923849407,1589.4570599998588,False,graphrag,0
oa_2129,"At time 82 in context ctx_02, can u_0338 access res_0185?",0,No,1,1.0,0.46615941966733626,1596.404781000274,False,graphrag,0
oa_2130,"At time 190 in context ctx_06, can u_0426 access res_0117?",0,No,1,1.0,0.45561805626620416,1603.8248180002483,False,graphrag,0
oa_2137,"At time 117 in context ctx_05, can u_0020 access res_0018?",0,No,1,1.0,0.5589062174161276,1584.7954770001706,False,graphrag,0
oa_2146,"At time 200 in context ctx_00, can u_0044 access res_0119?",0,No,1,1.0,0.44191594566068343,1598.4059920001528,False,graphrag,0
oa_2150,"At time 85 in context ctx_05, can u_0483 access res_0150?",0,No,1,1.0,0.5097489980134097,1588.3407979999902,False,graphrag,0
oa_2208,"At time 96 in context ctx_00, can u_0101 access res_0099?",0,No,1,1.0,0.5233723402023316,1597.0644079998237,False,graphrag,0
oa_2212,"At time 169 in context ctx_01, can u_0399 access res_0191?",0,No,1,1.0,0.43637023049016155,1602.7502259998982,False,graphrag,0
oa_2220,"At time 197 in context ctx_05, can u_0208 access res_0190?",0,No,1,1.0,0.5208433568477631,1589.9761700002273,False,graphrag,0
oa_2223,"At time 100 in context ctx_04, can u_0183 access res_0072?",0,No,1,1.0,0.4562208586268955,1586.8088580000403,False,graphrag,0
oa_2254,"At time 167 in context ctx_07, can u_0308 access res_0095?",0,No,1,1.0,0.4930354783932368,1599.5915839998815,False,graphrag,0
oa_2257,"At time 129 in context ctx_01, can u_0394 access res_0155?",0,No,1,1.0,0.4947579249739647,1590.4292620002707,False,graphrag,0
oa_2268,"At time 174 in context ctx_06, can u_0490 access res_0054?",0,No,1,1.0,0.5038715586066246,1582.8418700002658,False,graphrag,0
oa_2282,"At time 177 in context ctx_01, can u_0003 access res_0107?",0,No,1,1.0,0.4888966754078865,1587.7136969997991,False,graphrag,0
oa_2293,"At time 122 in context ctx_02, can u_0362 access res_0184?",0,No,1,1.0,0.48943775485862384,1597.4139499999183,False,graphrag,0
oa_2294,"At time 173 in context ctx_05, can u_0470 access res_0103?",0,No,1,1.0,0.4843859462177052,1590.631637000115,False,graphrag,0
oa_2300,"At time 157 in context ctx_05, can u_0403 access res_0086?",0,No,1,1.0,0.5117824375629425,1587.1534529997007,False,graphrag,0
oa_2308,"At time 80 in context ctx_00, can u_0317 access res_0176?",0,No,1,1.0,0.40234904289245604,1602.0051750001585,False,graphrag,0
oa_2316,"At time 183 in context ctx_07, can u_0107 access res_0032?",0,No,1,1.0,0.5346934385597706,1603.065776999756,False,graphrag,0
oa_2321,"At time 96 in context ctx_00, can u_0408 access res_0178?",0,No,1,1.0,0.5227405230204264,1588.1177050000588,False,graphrag,0
oa_2351,"At time 143 in context ctx_07, can u_0459 access res_0196?",0,No,1,1.0,0.5037573575973511,1588.4635829997933,False,graphrag,0
oa_2356,"At time 130 in context ctx_02, can u_0245 access res_0089?",0,No,1,1.0,0.48196451453601613,1586.154582999825,False,graphrag,0
oa_2358,"At time 86 in context ctx_06, can u_0409 access res_0116?",0,No,1,1.0,0.5046157631380804,1598.5462270000426,False,graphrag,0
oa_2371,"At time 138 in context ctx_02, can u_0235 access res_0038?",0,No,1,1.0,0.47407663485099527,1597.7046319999317,False,graphrag,0
oa_2372,"At time 161 in context ctx_01, can u_0344 access res_0178?",0,No,1,1.0,0.4984957433882214,1582.7893720002066,False,graphrag,0
oa_2373,"At time 184 in context ctx_00, can u_0405 access res_0146?",0,No,1,1.0,0.49502575397491455,1584.8072329999923,False,graphrag,0
oa_2378,"At time 111 in context ctx_07, can u_0289 access res_0177?",0,No,1,1.0,0.49415009934455156,1605.7155250000505,False,graphrag,0
oa_2384,"At time 107 in context ctx_03, can u_0275 access res_0163?",0,No,1,1.0,0.4799032360315323,1604.2370590002974,False,graphrag,0
oa_2394,"At time 106 in context ctx_02, can u_0117 access res_0164?",0,No,1,1.0,0.4777160780504346,1598.5779010002261,False,graphrag,0
oa_2397,"At time 178 in context ctx_02, can u_0358 access res_0163?",0,No,1,1.0,0.47020188675207253,1593.6146250001002,False,graphrag,0
oa_2402,"At time 104 in context ctx_00, can u_0149 access res_0090?",0,No,1,1.0,0.48870478434996173,1598.170719999871,False,graphrag,0
oa_2403,"At time 170 in context ctx_02, can u_0165 access res_0184?",0,No,1,1.0,0.4684705702882064,1589.3845479999982,False,graphrag,0
oa_2406,"At time 121 in context ctx_01, can u_0102 access res_0030?",0,No,1,1.0,0.5152726033702493,1595.7849410001472,False,graphrag,0
oa_2414,"At time 72 in context ctx_00, can u_0011 access res_0195?",0,No,1,1.0,0.5311713877477144,1586.9922079996286,False,graphrag,0
oa_2427,"At time 125 in context ctx_05, can u_0199 access res_0069?",0,No,1,1.0,0.518073495477438,1588.579516000209,False,graphrag,0
oa_2441,"At time 157 in context ctx_05, can u_0343 access res_0040?",0,No,1,1.0,0.48519972485044727,1585.9442089999902,False,graphrag,0
oa_2445,"At time 137 in context ctx_01, can u_0125 access res_0041?",0,No,1,1.0,0.4643754828721285,1585.143313000117,False,graphrag,0
oa_2449,"At time 117 in context ctx_05, can u_0263 access res_0042?",0,No,1,1.0,0.5177598107944835,1587.513078000029,False,graphrag,0
oa_2451,"At time 92 in context ctx_04, can u_0328 access res_0118?",0,No,1,1.0,0.5168161278679257,1586.9028550000621,False,graphrag,0
oa_2452,"At time 96 in context ctx_00, can u_0223 access res_0159?",0,No,1,1.0,0.5135308280587196,1589.6047339997494,False,graphrag,0
oa_2459,"At time 184 in context ctx_00, can u_0176 access res_0156?",0,No,1,1.0,0.4914646769563357,1586.9898780001677,False,graphrag,0
oa_2461,"At time 147 in context ctx_03, can u_0134 access res_0054?",0,No,1,1.0,0.4841712415218353,1599.264101999779,False,graphrag,0
oa_2466,"At time 196 in context ctx_04, can u_0190 access res_0030?",0,No,1,1.0,0.4853054702281952,1586.126554999737,False,graphrag,0
oa_2467,"At time 103 in context ctx_07, can u_0401 access res_0126?",0,No,1,1.0,0.4769245926980619,1603.4881020000284,False,graphrag,0
oa_2469,"At time 200 in context ctx_00, can u_0063 access res_0084?",0,No,1,1.0,0.4330244930017562,1587.813541000287,False,graphrag,0
oa_2473,"At time 123 in context ctx_03, can u_0345 access res_0063?",0,No,1,1.0,0.4435185281669392,1584.3118729999333,False,graphrag,0
oa_2477,"At time 164 in context ctx_04, can u_0240 access res_0045?",0,No,1,1.0,0.5203334026866488,1585.7164250001006,False,graphrag,0
oa_2479,"At time 164 in context ctx_04, can u_0465 access res_0146?",0,No,1,1.0,0.49350994197945847,1588.9495270002953,False,graphrag,0
oa_2480,"At time 64 in context ctx_00, can u_0374 access res_0188?",0,No,1,1.0,0.49677160111340607,1588.352644999759,False,graphrag,0
oa_2484,"At time 76 in context ctx_04, can u_0415 access res_0104?",0,No,1,1.0,0.4868202402311213,1590.3983820003305,False,graphrag,0
oa_2501,"At time 120 in context ctx_00, can u_0370 access res_0102?",0,No,1,1.0,0.46086979657411575,1587.0119559999694,False,graphrag,0
oa_2503,"At time 197 in context ctx_05, can u_0018 access res_0112?",0,No,1,1.0,0.5569413555295843,1591.5752810001322,False,graphrag,0
oa_2521,"At time 88 in context ctx_00, can u_0260 access res_0150?",0,No,1,1.0,0.5098237610525556,1584.3965019998905,False,graphrag,0
oa_2540,"At time 162 in context ctx_02, can u_0359 access res_0158?",0,No,1,1.0,0.4608461484313011,1588.9578349997464,False,graphrag,0
oa_2541,"At time 76 in context ctx_04, can u_0402 access res_0154?",0,No,1,1.0,0.5009245928376913,1591.0692580000614,False,graphrag,0
oa_2556,"At time 147 in context ctx_03, can u_0151 access res_0061?",0,No,1,1.0,0.5037956789135933,1588.61970199996,False,graphrag,0
oa_2578,"At time 173 in context ctx_05, can u_0395 access res_0187?",0,No,1,1.0,0.48465968668460846,1583.9622889998282,False,graphrag,0
oa_2587,"At time 152 in context ctx_00, can u_0056 access res_0123?",0,No,1,1.0,0.4814932819674997,1585.6340420000379,False,graphrag,0
oa_2590,"At time 64 in context ctx_00, can u_0042 access res_0019?",0,No,1,1.0,0.495712214190027,1598.9729299999453,False,graphrag,0
oa_2597,"At time 164 in context ctx_04, can u_0107 access res_0044?",0,No,1,1.0,0.5232023596763611,1590.1687779996792,False,graphrag,0
oa_2607,"At time 136 in context ctx_00, can u_0196 access res_0013?",0,No,1,1.0,0.5264904814607957,1583.9597230001345,False,graphrag,0
oa_2621,"At time 109 in context ctx_05, can u_0256 access res_0046?",0,No,1,1.0,0.46200503016773026,1586.9231550000222,False,graphrag,0
oa_2626,"At time 181 in context ctx_05, can u_0136 access res_0115?",0,No,1,1.0,0.48800621156034796,1599.690978000126,False,graphrag,0
oa_2636,"At time 152 in context ctx_00, can u_0077 access res_0059?",0,No,1,1.0,0.5078390277922153,1588.5772530000395,False,graphrag,0
oa_2653,"At time 89 in context ctx_01, can u_0332 access res_0093?",0,No,1,1.0,0.5209807613316704,1585.6646669999463,False,graphrag,0
oa_2656,"At time 99 in context ctx_03, can u_0322 access res_0004?",0,No,1,1.0,0.5202259570360184,1601.1598499999309,False,graphrag,0
oa_2658,"At time 86 in context ctx_06, can u_0226 access res_0129?",0,No,1,1.0,0.4896373546892597,1601.3821219999045,False,graphrag,0
oa_2664,"At time 116 in context ctx_04, can u_0143 access res_0138?",0,No,1,1.0,0.4827593117952347,1589.840761999767,False,graphrag,0
oa_2670,"At time 99 in context ctx_03, can u_0022 access res_0006?",0,No,1,1.0,0.5187808072566986,1595.267781000075,False,graphrag,0
oa_2678,"At time 137 in context ctx_01, can u_0089 access res_0072?",0,No,1,1.0,0.47543468370157127,1588.6339630001203,False,graphrag,0
oa_2691,"At time 191 in context ctx_07, can u_0429 access res_0114?",0,No,1,1.0,0.5397976785898209,1604.7016369998346,False,graphrag,0
oa_2704,"At time 154 in context ctx_02, can u_0498 access res_0046?",0,No,1,1.0,0.5081065433720747,1598.8822179997442,False,graphrag,0
oa_2708,"At time 107 in context ctx_03, can u_0149 access res_0182?",0,No,1,1.0,0.501792450249195,1590.786062999996,False,graphrag,0
oa_2724,"At time 139 in context ctx_03, can u_0421 access res_0157?",0,No,1,1.0,0.48044184364121534,1602.8157870000541,False,graphrag,0
oa_2725,"At time 169 in context ctx_01, can u_0122 access res_0090?",0,No,1,1.0,0.42836887296289206,1605.2710389999447,False,graphrag,0
oa_2729,"At time 175 in context ctx_07, can u_0139 access res_0090?",0,No,1,1.0,0.45873575409253436,1603.1609490000847,False,graphrag,0
oa_2731,"At time 188 in context ctx_04, can u_0030 access res_0086?",0,No,1,1.0,0.5004290112040259,1593.515667000247,False,graphrag,0
oa_2736,"At time 77 in context ctx_05, can u_0336 access res_0007?",0,No,1,1.0,0.5011988685411566,1589.7047209996344,False,graphrag,0
oa_2739,"At time 160 in context ctx_00, can u_0119 access res_0073?",0,No,1,1.0,0.46589457638123455,1585.759833999873,False,graphrag,0
oa_2744,"At time 93 in context ctx_05, can u_0488 access res_0095?",0,No,1,1.0,0.5432031571865081,1586.7871549999109,False,graphrag,0
oa_2746,"At time 135 in context ctx_07, can u_0393 access res_0017?",0,No,1,1.0,0.509831373890241,1589.570171000105,False,graphrag,0
oa_2751,"At time 195 in context ctx_03, can u_0314 access res_0077?",0,No,1,1.0,0.47215960174798965,1602.4118840000483,False,graphrag,0
oa_2761,"At time 176 in context ctx_00, can u_0460 access res_0169?",0,No,1,1.0,0.5029878896825454,1589.6020019999924,False,graphrag,0
oa_2764,"At time 82 in context ctx_02, can u_0430 access res_0008?",0,No,1,1.0,0.4914295108153902,1597.4603239997123,False,graphrag,0
oa_2767,"At time 129 in context ctx_01, can u_0001 access res_0059?",0,No,1,1.0,0.5228717103600502,1589.125931000126,False,graphrag,0
oa_2784,"At time 76 in context ctx_04, can u_0438 access res_0065?",0,No,1,1.0,0.47338035702705383,1588.0915059997278,False,graphrag,0
oa_2787,"At time 65 in context ctx_01, can u_0221 access res_0115?",0,No,1,1.0,0.42968847534873267,1587.0195080001395,False,graphrag,0
oa_2788,"At time 114 in context ctx_02, can u_0183 access res_0041?",0,No,1,1.0,0.49077357227603596,1597.0898350001335,False,graphrag,0
oa_2804,"At time 127 in context ctx_07, can u_0446 access res_0156?",0,No,1,1.0,0.3813621401786804,1591.2840490000235,False,graphrag,0
oa_2815,"At time 109 in context ctx_05, can u_0423 access res_0143?",0,No,1,1.0,0.47593544502007334,1588.6306269999295,False,graphrag,0
oa_2821,"At time 142 in context ctx_06, can u_0132 access res_0107?",0,No,1,1.0,0.5282841821511587,1590.6258539998817,False,graphrag,0
oa_2829,"At time 152 in context ctx_00, can u_0031 access res_0091?",0,No,1,1.0,0.5067959974209467,1586.3661560001674,False,graphrag,0
oa_2839,"At time 116 in context ctx_04, can u_0169 access res_0035?",0,No,1,1.0,0.49445197215447056,1586.5199539998684,False,graphrag,0
oa_2843,"At time 94 in context ctx_06, can u_0360 access res_0028?",0,No,1,1.0,0.5370118208229542,1590.5719900001714,False,graphrag,0
oa_2849,"At time 108 in context ctx_04, can u_0242 access res_0199?",0,No,1,1.0,0.4739725112915039,1600.3049020000617,False,graphrag,0
oa_2869,"At time 197 in context ctx_05, can u_0147 access res_0062?",0,No,1,1.0,0.5226092759300681,1586.0893919998489,False,graphrag,0
oa_2885,"At time 190 in context ctx_06, can u_0419 access res_0050?",0,No,1,1.0,0.47538295494658606,1602.629246000106,False,graphrag,0
oa_2887,"At time 108 in context ctx_04, can u_0421 access res_0151?",0,No,1,1.0,0.4615230777046897,1602.3103920001631,False,graphrag,0
oa_2889,"At time 129 in context ctx_01, can u_0090 access res_0105?",0,No,1,1.0,0.4987725814183553,1586.684607999814,False,graphrag,0
oa_2898,"At time 155 in context ctx_03, can u_0262 access res_0151?",0,No,1,1.0,0.5003978868325551,1602.2581530000934,False,graphrag,0
oa_2911,"At time 109 in context ctx_05, can u_0270 access res_0032?",0,No,1,1.0,0.4939160848918714,1589.5996399999603,False,graphrag,0
oa_2920,"At time 180 in context ctx_04, can u_0148 access res_0003?",0,No,1,1.0,0.4371621498355159,1601.1757650003346,False,graphrag,0
oa_2925,"At time 102 in context ctx_06, can u_0358 access res_0127?",0,No,1,1.0,0.4621893382072449,1588.1449080002312,False,graphrag,0
oa_2933,"At time 146 in context ctx_02, can u_0023 access res_0011?",0,No,1,1.0,0.540153377934506,1585.7669060001172,False,graphrag,0
oa_2936,"At time 83 in context ctx_03, can u_0001 access res_0052?",0,No,1,1.0,0.5132539456798917,1588.9010109999617,False,graphrag,0
oa_2937,"At time 91 in context ctx_03, can u_0233 access res_0010?",0,No,1,1.0,0.5463166628032923,1600.7730190003713,False,graphrag,0
oa_2942,"At time 152 in context ctx_00, can u_0419 access res_0065?",0,No,1,1.0,0.49150309141944437,1591.2553620000836,False,graphrag,0
oa_2943,"At time 129 in context ctx_01, can u_0335 access res_0172?",0,No,1,1.0,0.4910697603926939,1587.1166699998867,False,graphrag,0
oa_2956,"At time 157 in context ctx_05, can u_0143 access res_0149?",0,No,1,1.0,0.513885077308206,1588.215499999933,False,graphrag,0
oa_2962,"At time 121 in context ctx_01, can u_0214 access res_0026?",0,No,1,1.0,0.4890394490212202,1601.024126000084,False,graphrag,0
oa_2967,"At time 158 in context ctx_06, can u_0291 access res_0168?",0,No,1,1.0,0.5151596218347549,1587.7555320003012,False,graphrag,0
oa_2996,"At time 125 in context ctx_05, can u_0423 access res_0047?",0,No,1,1.0,0.516443620709812,1583.610322000368,False,graphrag,0
oa_3005,"At time 157 in context ctx_05, can u_0164 access res_0137?",0,No,1,1.0,0.5158768445253372,1587.8888870001902,False,graphrag,0
oa_3008,"At time 114 in context ctx_02, can u_0393 access res_0160?",0,No,1,1.0,0.47867378691832224,1601.7299129998719,False,graphrag,0
oa_3017,"At time 169 in context ctx_01, can u_0239 access res_0024?",0,No,1,1.0,0.423888193236457,1601.3488829999005,False,graphrag,0
oa_3023,"At time 63 in context ctx_07, can u_0117 access res_0006?",0,No,1,1.0,0.4952556788921356,1595.0595170002089,False,graphrag,0
oa_3024,"At time 89 in context ctx_01, can u_0167 access res_0070?",0,No,1,1.0,0.5246213972568512,1587.3650799999268,False,graphrag,0
oa_3032,"At time 199 in context ctx_07, can u_0375 access res_0148?",0,No,1,1.0,0.477984725497663,1601.2755110000398,False,graphrag,0
oa_3041,"At time 72 in context ctx_00, can u_0117 access res_0034?",0,No,1,1.0,0.45733192563056946,1598.1198329996005,False,graphrag,0
oa_3043,"At time 153 in context ctx_01, can u_0367 access res_0058?",0,No,1,1.0,0.4894680939614773,1588.6129109999274,False,graphrag,0
oa_3044,"At time 176 in context ctx_00, can u_0192 access res_0070?",0,No,1,1.0,0.49160903443892795,1596.5391400000044,False,graphrag,0
oa_3045,"At time 69 in context ctx_05, can u_0456 access res_0195?",0,No,1,1.0,0.5323032028973103,1590.9702929998275,False,graphrag,0
oa_3047,"At time 173 in context ctx_05, can u_0267 access res_0092?",0,No,1,1.0,0.4897071073452632,1584.0199499998562,False,graphrag,0
oa_3051,"At time 107 in context ctx_03, can u_0297 access res_0065?",0,No,1,1.0,0.4864459800720215,1598.955032000049,False,graphrag,0
oa_3076,"At time 115 in context ctx_03, can u_0411 access res_0181?",0,No,1,1.0,0.5137959685590532,1589.5446470003662,False,graphrag,0
oa_3083,"At time 144 in context ctx_00, can u_0179 access res_0129?",0,No,1,1.0,0.41780681548447446,1598.1541690002814,False,graphrag,0
oa_3085,"At time 196 in context ctx_04, can u_0156 access res_0044?",0,No,1,1.0,0.4676020961058767,1589.9788540000372,False,graphrag,0
oa_3096,"At time 132 in context ctx_04, can u_0140 access res_0014?",0,No,1,1.0,0.5398724114193636,1586.900907999734,False,graphrag,0
oa_3101,"At time 126 in context ctx_06, can u_0013 access res_0150?",0,No,1,1.0,0.5483091121370142,1591.3264949999757,False,graphrag,0
oa_3104,"At time 191 in context ctx_07, can u_0163 access res_0149?",0,No,1,1.0,0.5374501114306243,1604.709343000195,False,graphrag,0
oa_3124,"At time 141 in context ctx_05, can u_0345 access res_0188?",0,No,1,1.0,0.5011111597220103,1590.5252620000283,False,graphrag,0
oa_3131,"At time 178 in context ctx_02, can u_0430 access res_0129?",0,No,1,1.0,0.4920373447239399,1603.30691199988,False,graphrag,0
oa_3140,"At time 98 in context ctx_02, can u_0258 access res_0075?",0,No,1,1.0,0.5337979542581659,1589.6000719999392,False,graphrag,0
oa_3143,"At time 129 in context ctx_01, can u_0280 access res_0052?",0,No,1,1.0,0.49538695646656883,1586.291292000169,False,graphrag,0
oa_3147,"At time 112 in context ctx_00, can u_0107 access res_0196?",0,No,1,1.0,0.5076621747016907,1597.2562050001216,False,graphrag,0
oa_3152,"At time 184 in context ctx_00, can u_0497 access res_0051?",0,No,1,1.0,0.4935796308517456,1601.0280840000632,False,graphrag,0
oa_3153,"At time 66 in context ctx_02, can u_0044 access res_0095?",0,No,1,1.0,0.514959920069267,1602.5381449999259,False,graphrag,0
oa_3167,"At time 182 in context ctx_06, can u_0094 access res_0071?",0,No,1,1.0,0.5004617969195048,1589.8766680002154,False,graphrag,0
oa_3175,"At time 193 in context ctx_01, can u_0184 access res_0151?",0,No,1,1.0,0.4802341844354357,1597.3770000000513,False,graphrag,0
oa_3178,"At time 77 in context ctx_05, can u_0463 access res_0160?",0,No,1,1.0,0.5309258335166507,1587.6299540000218,False,graphrag,0
oa_3183,"At time 160 in context ctx_00, can u_0281 access res_0056?",0,No,1,1.0,0.4634678091691888,1588.553655999931,False,graphrag,0
oa_3202,"At time 193 in context ctx_01, can u_0046 access res_0151?",0,No,1,1.0,0.4637491504351298,1603.7207379999927,False,graphrag,0
oa_3205,"At time 68 in context ctx_04, can u_0190 access res_0169?",0,No,1,1.0,0.5259062515364753,1585.7751389999066,False,graphrag,0
oa_3211,"At time 85 in context ctx_05, can u_0226 access res_0137?",0,No,1,1.0,0.4904131999141292,1587.732588000108,False,graphrag,0
oa_3226,"At time 172 in context ctx_04, can u_0166 access res_0154?",0,No,1,1.0,0.46041847579181194,1589.005928000006,False,graphrag,0
oa_3234,"At time 86 in context ctx_06, can u_0376 access res_0142?",0,No,1,1.0,0.4961053319275379,1601.2627120003344,False,graphrag,0
oa_3236,"At time 152 in context ctx_00, can u_0007 access res_0026?",0,No,1,1.0,0.4864649871985118,1589.5699960001366,False,graphrag,0
oa_3249,"At time 91 in context ctx_03, can u_0405 access res_0097?",0,No,1,1.0,0.5377525935570399,1602.3340100000496,False,graphrag,0
oa_3260,"At time 161 in context ctx_01, can u_0413 access res_0184?",0,No,1,1.0,0.516977846622467,1588.977032999992,False,graphrag,0
oa_3263,"At time 77 in context ctx_05, can u_0217 access res_0160?",0,No,1,1.0,0.504513544695718,1597.680185000172,False,graphrag,0
oa_3266,"At time 158 in context ctx_06, can u_0251 access res_0118?",0,No,1,1.0,0.48913148202394185,1590.4850359997909,False,graphrag,0
oa_3267,"At time 141 in context ctx_05, can u_0110 access res_0118?",0,No,1,1.0,0.4933617330259747,1584.6738449999975,False,graphrag,0
oa_3286,"At time 71 in context ctx_07, can u_0484 access res_0070?",0,No,1,1.0,0.5077174333008853,1596.5310850001515,False,graphrag,0
oa_3291,"At time 134 in context ctx_06, can u_0048 access res_0128?",0,No,1,1.0,0.5003036383320304,1588.5791149999022,False,graphrag,0
oa_3295,"At time 143 in context ctx_07, can u_0350 access res_0087?",0,No,1,1.0,0.49677085701157064,1587.8235309996853,False,graphrag,0
oa_3302,"At time 154 in context ctx_02, can u_0392 access res_0009?",0,No,1,1.0,0.5113353288691976,1594.4205810001222,False,graphrag,0
oa_3304,"At time 70 in context ctx_06, can u_0332 access res_0032?",0,No,1,1.0,0.48183975451522404,1590.7050060000074,False,graphrag,0
oa_3320,"At time 156 in context ctx_04, can u_0494 access res_0017?",0,No,1,1.0,0.5268538524122799,1588.7222329997712,False,graphrag,0
oa_3325,"At time 140 in context ctx_04, can u_0258 access res_0095?",0,No,1,1.0,0.47820037760232625,1587.9030090000015,False,graphrag,0
oa_3342,"At time 160 in context ctx_00, can u_0162 access res_0164?",0,No,1,1.0,0.47844346053898335,1584.8414480001338,False,graphrag,0
oa_3347,"At time 173 in context ctx_05, can u_0454 access res_0092?",0,No,1,1.0,0.48828313695757014,1587.2794309998426,False,graphrag,0
oa_3357,"At time 79 in context ctx_07, can u_0103 access res_0025?",0,No,1,1.0,0.5114309335577076,1601.3102590000017,False,graphrag,0
oa_3365,"At time 131 in context ctx_03, can u_0372 access res_0195?",0,No,1,1.0,0.4800649657845497,1600.0234839998484,False,graphrag,0
oa_3368,"At time 144 in context ctx_00, can u_0187 access res_0016?",0,No,1,1.0,0.46727413601345485,1587.2251230002803,False,graphrag,0
oa_3394,"At time 79 in context ctx_07, can u_0273 access res_0172?",0,No,1,1.0,0.4959222497763457,1597.43275000028,False,graphrag,0
oa_3397,"At time 140 in context ctx_04, can u_0233 access res_0083?",0,No,1,1.0,0.47340603172779083,1589.4701639999766,False,graphrag,0
oa_3398,"At time 185 in context ctx_01, can u_0499 access res_0010?",0,No,1,1.0,0.5262864922222338,1596.2744529997508,False,graphrag,0
oa_3401,"At time 124 in context ctx_04, can u_0072 access res_0037?",0,No,1,1.0,0.5091589215923759,1588.739673999953,False,graphrag,0
oa_3404,"At time 65 in context ctx_01, can u_0096 access res_0087?",0,No,1,1.0,0.4656189240907368,1586.576530000002,False,graphrag,0
oa_3414,"At time 113 in context ctx_01, can u_0461 access res_0073?",0,No,1,1.0,0.5042308148215798,1587.012674000107,False,graphrag,0
oa_3416,"At time 166 in context ctx_06, can u_0280 access res_0086?",0,No,1,1.0,0.4932910328911197,1601.445646999764,False,graphrag,0
oa_3417,"At time 172 in context ctx_04, can u_0105 access res_0006?",0,No,1,1.0,0.48737629503011703,1587.2444429996904,False,graphrag,0
oa_3422,"At time 79 in context ctx_07, can u_0309 access res_0077?",0,No,1,1.0,0.49922619416163516,1600.1785359999303,False,graphrag,0
oa_3423,"At time 101 in context ctx_05, can u_0043 access res_0144?",0,No,1,1.0,0.49137978586885667,1590.5260519998592,False,graphrag,0
oa_3426,"At time 112 in context ctx_00, can u_0183 access res_0004?",0,No,1,1.0,0.5088442428545519,1594.313437999972,False,graphrag,0
oa_3435,"At time 174 in context ctx_06, can u_0218 access res_0030?",0,No,1,1.0,0.49501381708042963,1598.9057680003498,False,graphrag,0
oa_3438,"At time 185 in context ctx_01, can u_0329 access res_0125?",0,No,1,1.0,0.47092024706028124,1601.275369999712,False,graphrag,0
oa_3441,"At time 173 in context ctx_05, can u_0159 access res_0149?",0,No,1,1.0,0.49163209866074953,1589.0564350002023,False,graphrag,0
oa_3445,"At time 140 in context ctx_04, can u_0419 access res_0038?",0,No,1,1.0,0.4371914179886089,1582.0904949996475,False,graphrag,0
oa_3454,"At time 97 in context ctx_01, can u_0125 access res_0196?",0,No,1,1.0,0.5334246378195914,1587.746953000078,False,graphrag,0
oa_3457,"At time 148 in context ctx_04, can u_0494 access res_0164?",0,No,1,1.0,0.5153948217630386,1586.4266309999948,False,graphrag,0
oa_3458,"At time 161 in context ctx_01, can u_0121 access res_0180?",0,No,1,1.0,0.5081467127799988,1593.6868530002357,False,graphrag,0
oa_3465,"At time 157 in context ctx_05, can u_0296 access res_0132?",0,No,1,1.0,0.5237970091402531,1589.4720840001355,False,graphrag,0
oa_3467,"At time 137 in context ctx_01, can u_0133 access res_0185?",0,No,1,1.0,0.4610265642404556,1589.091683999868,False,graphrag,0
oa_3475,"At time 96 in context ctx_00, can u_0453 access res_0104?",0,No,1,1.0,0.5061279418213027,1605.7681059996867,False,graphrag,0
oa_3486,"At time 64 in context ctx_00, can u_0005 access res_0065?",0,No,1,1.0,0.47061309333030993,1584.1118579996873,False,graphrag,0
oa_3489,"At time 110 in context ctx_06, can u_0146 access res_0199?",0,No,1,1.0,0.45827200700496806,1606.2423170001239,False,graphrag,0
oa_3490,"At time 171 in context ctx_03, can u_0318 access res_0179?",0,No,1,1.0,0.4732974726578285,1599.2563300001166,False,graphrag,0
oa_3492,"At time 86 in context ctx_06, can u_0035 access res_0076?",0,No,1,1.0,0.49725197894232614,1591.412205999859,False,graphrag,0
oa_3494,"At time 176 in context ctx_00, can u_0448 access res_0176?",0,No,1,1.0,0.4859275238381492,1585.8866210000997,False,graphrag,0
oa_3531,"At time 78 in context ctx_06, can u_0075 access res_0034?",0,No,1,1.0,0.47509031370282173,1600.6412070000806,False,graphrag,0
oa_3532,"At time 98 in context ctx_02, can u_0220 access res_0055?",0,No,1,1.0,0.5305301649817105,1601.0260970001582,False,graphrag,0
oa_3536,"At time 187 in context ctx_03, can u_0263 access res_0036?",0,No,1,1.0,0.5252817677600043,1605.6032459996459,False,graphrag,0
oa_3556,"At time 90 in context ctx_02, can u_0392 access res_0155?",0,No,1,1.0,0.48072273284196854,1604.1888589998052,False,graphrag,0
oa_3567,"At time 158 in context ctx_06, can u_0332 access res_0082?",0,No,1,1.0,0.5150225050747395,1588.764677999734,False,graphrag,0
oa_3615,"At time 98 in context ctx_02, can u_0314 access res_0191?",0,No,1,1.0,0.5301363183104474,1597.467976000189,False,graphrag,0
oa_3623,"At time 143 in context ctx_07, can u_0366 access res_0090?",0,No,1,1.0,0.4642716889028196,1604.3174499995985,False,graphrag,0
oa_3626,"At time 80 in context ctx_00, can u_0090 access res_0066?",0,No,1,1.0,0.4044733941555023,1598.6494290000337,False,graphrag,0
oa_3637,"At time 146 in context ctx_02, can u_0013 access res_0148?",0,No,1,1.0,0.5452081130610572,1587.2091139999611,False,graphrag,0
oa_3641,"At time 98 in context ctx_02, can u_0405 access res_0053?",0,No,1,1.0,0.5349666099799307,1599.0622620001886,False,graphrag,0
oa_3642,"At time 136 in context ctx_00, can u_0046 access res_0026?",0,No,1,1.0,0.4165851885364169,1600.7175270001426,False,graphrag,0
oa_3643,"At time 95 in context ctx_07, can u_0236 access res_0045?",0,No,1,1.0,0.5040569603443146,1590.4191849999734,False,graphrag,0
oa_3645,"At time 184 in context ctx_00, can u_0282 access res_0181?",0,No,1,1.0,0.5120477020740509,1586.0273569996934,False,graphrag,0
oa_3648,"At time 189 in context ctx_05, can u_0028 access res_0190?",0,No,1,1.0,0.5185805492930942,1599.2584929999794,False,graphrag,0
oa_3654,"At time 196 in context ctx_04, can u_0475 access res_0054?",0,No,1,1.0,0.4561979567462748,1598.3007700001508,False,graphrag,0
oa_3656,"At time 153 in context ctx_01, can u_0094 access res_0092?",0,No,1,1.0,0.492602851241827,1588.8911160000134,False,graphrag,0
oa_3659,"At time 120 in context ctx_00, can u_0326 access res_0072?",0,No,1,1.0,0.42924051249728484,1586.7208740000933,False,graphrag,0
oa_3669,"At time 72 in context ctx_00, can u_0371 access res_0144?",0,No,1,1.0,0.4712240384383635,1586.9394810001722,False,graphrag,0
oa_3671,"At time 139 in context ctx_03, can u_0150 access res_0041?",0,No,1,1.0,0.485412135720253,1593.025191000379,False,graphrag,0
oa_3674,"At time 89 in context ctx_01, can u_0446 access res_0031?",0,No,1,1.0,0.5083676306974321,1589.9102319999656,False,graphrag,0
oa_3691,"At time 162 in context ctx_02, can u_0071 access res_0121?",0,No,1,1.0,0.47123003538165775,1605.0170689995866,False,graphrag,0
oa_3699,"At time 168 in context ctx_00, can u_0407 access res_0067?",0,No,1,1.0,0.4617413414849175,1586.8302539997785,False,graphrag,0
oa_3710,"At time 64 in context ctx_00, can u_0485 access res_0064?",0,No,1,1.0,0.44418450742959975,1586.2984100003814,False,graphrag,0
oa_3714,"At time 159 in context ctx_07, can u_0142 access res_0119?",0,No,1,1.0,0.48504117503762245,1605.082365999806,False,graphrag,0
oa_3719,"At time 139 in context ctx_03, can u_0204 access res_0026?",0,No,1,1.0,0.4696477747732593,1600.5990549997478,False,graphrag,0
oa_3731,"At time 94 in context ctx_06, can u_0418 access res_0018?",0,No,1,1.0,0.553614892065525,1589.500179999959,False,graphrag,0
oa_3751,"At time 89 in context ctx_01, can u_0269 access res_0048?",0,No,1,1.0,0.5275854813425165,1589.0806550000889,False,graphrag,0
oa_3755,"At time 89 in context ctx_01, can u_0402 access res_0075?",0,No,1,1.0,0.5353680723591855,1585.0219790004303,False,graphrag,0
oa_3757,"At time 95 in context ctx_07, can u_0038 access res_0097?",0,No,1,1.0,0.5086590018537309,1587.750208000216,False,graphrag,0
oa_3759,"At time 123 in context ctx_03, can u_0322 access res_0169?",0,No,1,1.0,0.45244764619403416,1589.0659279998545,False,graphrag,0
oa_3774,"At time 159 in context ctx_07, can u_0228 access res_0114?",0,No,1,1.0,0.47932120869236605,1597.2737629999756,False,graphrag,0
oa_3788,"At time 95 in context ctx_07, can u_0304 access res_0116?",0,No,1,1.0,0.5099299740791321,1596.7742899997575,False,graphrag,0
oa_3819,"At time 96 in context ctx_00, can u_0174 access res_0068?",0,No,1,1.0,0.513196587562561,1586.1311939997904,False,graphrag,0
oa_3824,"At time 169 in context ctx_01, can u_0413 access res_0157?",0,No,1,1.0,0.4217878702011975,1598.3711789999688,False,graphrag,0
oa_3826,"At time 126 in context ctx_06, can u_0180 access res_0040?",0,No,1,1.0,0.4967094381009379,1605.2610739998272,False,graphrag,0
oa_3827,"At time 106 in context ctx_02, can u_0185 access res_0137?",0,No,1,1.0,0.4934278224643908,1591.0408260001532,False,graphrag,0
oa_3833,"At time 168 in context ctx_00, can u_0126 access res_0043?",0,No,1,1.0,0.4166390404981725,1587.695469999744,False,graphrag,0
oa_3852,"At time 75 in context ctx_03, can u_0177 access res_0054?",0,No,1,1.0,0.47585979916832666,1588.6823440000626,False,graphrag,0
oa_3857,"At time 143 in context ctx_07, can u_0254 access res_0183?",0,No,1,1.0,0.4796364762281117,1585.4953759999262,False,graphrag,0
oa_3861,"At time 163 in context ctx_03, can u_0145 access res_0115?",0,No,1,1.0,0.48212697903315227,1603.2089119999,False,graphrag,0
oa_3862,"At time 139 in context ctx_03, can u_0045 access res_0170?",0,No,1,1.0,0.47856883307298026,1601.3250490000246,False,graphrag,0
oa_3863,"At time 196 in context ctx_04, can u_0393 access res_0171?",0,No,1,1.0,0.46236315499181335,1601.0207190001893,False,graphrag,0
oa_3867,"At time 198 in context ctx_06, can u_0413 access res_0027?",0,No,1,1.0,0.513369945379404,1600.7070369996654,False,graphrag,0
oa_3872,"At time 184 in context ctx_00, can u_0422 access res_0030?",0,No,1,1.0,0.48497483906922517,1599.8308700000052,False,graphrag,0
oa_3877,"At time 75 in context ctx_03, can u_0369 access res_0116?",0,No,1,1.0,0.4780092632228678,1589.9040399999649,False,graphrag,0
oa_3883,"At time 181 in context ctx_05, can u_0160 access res_0121?",0,No,1,1.0,0.5108510338026901,1597.8101989999232,False,graphrag,0
oa_3896,"At time 76 in context ctx_04, can u_0030 access res_0049?",0,No,1,1.0,0.4949587536485572,1590.4286140003023,False,graphrag,0
oa_3903,"At time 77 in context ctx_05, can u_0026 access res_0096?",0,No,1,1.0,0.5081904712650511,1585.4645280001023,False,graphrag,0
oa_3904,"At time 149 in context ctx_05, can u_0340 access res_0059?",0,No,1,1.0,0.5119819082319736,1586.2819829999353,False,graphrag,0
oa_3905,"At time 175 in context ctx_07, can u_0470 access res_0158?",0,No,1,1.0,0.48753008908695644,1590.529463999701,False,graphrag,0
oa_3907,"At time 170 in context ctx_02, can u_0372 access res_0044?",0,No,1,1.0,0.4669014401733875,1598.6735080000471,False,graphrag,0
oa_3916,"At time 182 in context ctx_06, can u_0432 access res_0028?",0,No,1,1.0,0.5086735305578812,1598.4633429998212,False,graphrag,0
oa_3924,"At time 79 in context ctx_07, can u_0069 access res_0077?",0,no,1,1.0,0.4977731252538747,1596.5755250003895,False,graphrag,0
oa_3925,"At time 68 in context ctx_04, can u_0248 access res_0124?",0,No,1,1.0,0.5020134747028351,1588.4238349999578,False,graphrag,0
oa_3941,"At time 178 in context ctx_02, can u_0069 access res_0073?",0,No,1,1.0,0.4868323222586983,1596.1299350001354,False,graphrag,0
oa_3943,"At time 186 in context ctx_02, can u_0140 access res_0013?",0,No,1,1.0,0.5149663299322128,1598.6745959999098,False,graphrag,0
oa_3950,"At time 108 in context ctx_04, can u_0350 access res_0021?",0,No,1,1.0,0.45585031972991097,1601.9630610003333,False,graphrag,0
oa_3959,"At time 114 in context ctx_02, can u_0226 access res_0132?",0,No,1,1.0,0.46034385119715043,1604.1179899998497,False,graphrag,0
oa_3980,"At time 70 in context ctx_06, can u_0042 access res_0089?",0,No,1,1.0,0.489015883869595,1591.3245719998486,False,graphrag,0
oa_3982,"At time 83 in context ctx_03, can u_0031 access res_0051?",0,No,1,1.0,0.49799851536750794,1599.0820709998843,False,graphrag,0
oa_3984,"At time 171 in context ctx_03, can u_0106 access res_0070?",0,No,1,1.0,0.49501575622707605,1601.0621049999827,False,graphrag,0
oa_3991,"At time 79 in context ctx_07, can u_0030 access res_0150?",0,No,1,1.0,0.4971456773903059,1600.9210170000188,False,graphrag,0
oa_3996,"At time 196 in context ctx_04, can u_0224 access res_0067?",0,No,1,1.0,0.4556543136184866,1599.917570999878,False,graphrag,0
oa_4002,"At time 106 in context ctx_02, can u_0242 access res_0105?",0,No,1,1.0,0.487063349224627,1604.7539049995976,False,graphrag,0
oa_4004,"At time 146 in context ctx_02, can u_0103 access res_0004?",0,No,1,1.0,0.5045819103717804,1606.103216000065,False,graphrag,0
oa_4016,"At time 82 in context ctx_02, can u_0176 access res_0078?",0,No,1,1.0,0.5012014075633018,1593.3466870001212,False,graphrag,0
oa_4029,"At time 116 in context ctx_04, can u_0450 access res_0121?",0,No,1,1.0,0.46392518438790975,1604.207174000294,False,graphrag,0
oa_4035,"At time 143 in context ctx_07, can u_0014 access res_0059?",0,No,1,1.0,0.5398486144840717,1586.1481270003424,False,graphrag,0
oa_4036,"At time 156 in context ctx_04, can u_0473 access res_0180?",0,No,1,1.0,0.48624538277324875,1588.807524999993,False,graphrag,0
oa_4042,"At time 109 in context ctx_05, can u_0430 access res_0141?",0,No,1,1.0,0.4841013165081249,1588.3554319998439,False,graphrag,0
oa_4043,"At time 171 in context ctx_03, can u_0246 access res_0142?",0,No,1,1.0,0.4761487309421812,1604.9373680002645,False,graphrag,0
oa_4050,"At time 153 in context ctx_01, can u_0452 access res_0077?",0,No,1,1.0,0.4850136376917362,1588.3176410002307,False,graphrag,0
oa_4051,"At time 186 in context ctx_02, can u_0074 access res_0041?",0,No,1,1.0,0.4944958592003042,1593.5760610000216,False,graphrag,0
oa_4058,"At time 162 in context ctx_02, can u_0397 access res_0066?",0,No,1,1.0,0.4529692880038557,1605.0184129999252,False,graphrag,0
oa_4059,"At time 125 in context ctx_05, can u_0319 access res_0111?",0,No,1,1.0,0.495468450917138,1581.8424549997872,False,graphrag,0
oa_4068,"At time 68 in context ctx_04, can u_0031 access res_0017?",0,No,1,1.0,0.5466789272096422,1585.3654830002597,False,graphrag,0
oa_4072,"At time 107 in context ctx_03, can u_0118 access res_0119?",0,No,1,1.0,0.48590939678251743,1603.0160899999828,False,graphrag,0
oa_4076,"At time 131 in context ctx_03, can u_0115 access res_0098?",0,No,1,1.0,0.47736963257193565,1600.7616389997565,False,graphrag,0
oa_4077,"At time 101 in context ctx_05, can u_0406 access res_0009?",0,No,1,1.0,0.512290401591195,1589.0560739999273,False,graphrag,0
oa_4083,"At time 128 in context ctx_00, can u_0499 access res_0013?",0,No,1,1.0,0.5012700458367666,1585.7697460000963,False,graphrag,0
oa_4084,"At time 160 in context ctx_00, can u_0059 access res_0142?",0,No,1,1.0,0.4669933170080185,1591.751850000037,False,graphrag,0
oa_4108,"At time 194 in context ctx_02, can u_0346 access res_0069?",0,No,1,1.0,0.5026328384876251,1597.9763340001227,False,graphrag,0
oa_4115,"At time 162 in context ctx_02, can u_0284 access res_0095?",0,No,1,1.0,0.4708910522361596,1593.566627999735,False,graphrag,0
oa_4125,"At time 103 in context ctx_07, can u_0483 access res_0079?",0,No,1,1.0,0.4856266031662623,1602.881613000136,False,graphrag,0
oa_4134,"At time 154 in context ctx_02, can u_0119 access res_0064?",0,No,1,1.0,0.5164126030036381,1587.4376850001681,False,graphrag,0
oa_4136,"At time 106 in context ctx_02, can u_0436 access res_0155?",0,No,1,1.0,0.4631394503578063,1600.9858789998361,False,graphrag,0
oa_4152,"At time 118 in context ctx_06, can u_0393 access res_0102?",0,No,1,1.0,0.49671520572155714,1605.219586000203,False,graphrag,0
oa_4154,"At time 154 in context ctx_02, can u_0482 access res_0136?",0,No,1,1.0,0.5089319461867923,1597.8460119999909,False,graphrag,0
oa_4161,"At time 143 in context ctx_07, can u_0051 access res_0024?",0,No,1,1.0,0.4588089030364464,1603.8777189996836,False,graphrag,0
oa_4164,"At time 71 in context ctx_07, can u_0359 access res_0100?",0,No,1,1.0,0.5031900733709336,1591.6262060000008,False,graphrag,0
oa_4166,"At time 197 in context ctx_05, can u_0129 access res_0038?",0,No,1,1.0,0.5207716392146217,1591.0312910000357,False,graphrag,0
oa_4188,"At time 177 in context ctx_01, can u_0057 access res_0143?",0,No,1,1.0,0.46964989690219655,1586.0464850002245,False,graphrag,0
oa_4231,"At time 142 in context ctx_06, can u_0159 access res_0021?",0,No,1,1.0,0.5271048098802567,1587.4988649998159,False,graphrag,0
oa_4243,"At time 67 in context ctx_03, can u_0468 access res_0075?",0,No,1,1.0,0.5350069017971263,1587.0327500001622,False,graphrag,0
oa_4251,"At time 137 in context ctx_01, can u_0320 access res_0070?",0,No,1,1.0,0.4743666333310744,1585.2953100002196,False,graphrag,0
oa_4260,"At time 76 in context ctx_04, can u_0369 access res_0059?",0,No,1,1.0,0.5205255581272973,1590.587737000078,False,graphrag,0
oa_4266,"At time 135 in context ctx_07, can u_0096 access res_0090?",0,No,1,1.0,0.4813629294696607,1583.906633999959,False,graphrag,0
oa_4269,"At time 198 in context ctx_06, can u_0214 access res_0180?",0,No,1,1.0,0.5207770803282338,1600.6583879998288,False,graphrag,0
oa_4274,"At time 163 in context ctx_03, can u_0264 access res_0194?",0,No,1,1.0,0.5029625261531157,1589.7067840001,False,graphrag,0
oa_4284,"At time 64 in context ctx_00, can u_0391 access res_0010?",0,No,1,1.0,0.5213244524266984,1588.4900539999762,False,graphrag,0
oa_4287,"At time 152 in context ctx_00, can u_0478 access res_0076?",0,No,1,1.0,0.5130495056509972,1588.5607449999952,False,graphrag,0
oa_4290,"At time 108 in context ctx_04, can u_0029 access res_0017?",0,No,1,1.0,0.4900288851488204,1598.6064169997007,False,graphrag,0
oa_4297,"At time 185 in context ctx_01, can u_0202 access res_0096?",0,No,1,1.0,0.5008666091843655,1590.4708250000112,False,graphrag,0
oa_4301,"At time 142 in context ctx_06, can u_0269 access res_0105?",0,No,1,1.0,0.5233310677788474,1588.8312110000697,False,graphrag,0
oa_4307,"At time 147 in context ctx_03, can u_0196 access res_0190?",0,No,1,1.0,0.4928258806467056,1602.445312999862,False,graphrag,0
oa_4309,"At time 179 in context ctx_03, can u_0108 access res_0043?",0,No,1,1.0,0.486128106713295,1602.9366320003646,False,graphrag,0
oa_4321,"At time 143 in context ctx_07, can u_0006 access res_0046?",0,No,1,1.0,0.47593065155179876,1586.5407080000296,False,graphrag,0
oa_4328,"At time 95 in context ctx_07, can u_0383 access res_0115?",0,No,1,1.0,0.5025674902623699,1604.763782000191,False,graphrag,0
oa_4335,"At time 160 in context ctx_00, can u_0126 access res_0008?",0,No,1,1.0,0.4574874620884657,1589.7380839996913,False,graphrag,0
oa_4337,"At time 158 in context ctx_06, can u_0479 access res_0045?",0,No,1,1.0,0.5142778642475605,1586.0873690003245,False,graphrag,0
oa_4340,"At time 134 in context ctx_06, can u_0091 access res_0168?",0,No,1,1.0,0.5186124600862202,1589.207064999755,False,graphrag,0
oa_4343,"At time 192 in context ctx_00, can u_0413 access res_0068?",0,No,1,1.0,0.4135605454444885,1585.3534089997083,False,graphrag,0
oa_4362,"At time 125 in context ctx_05, can u_0052 access res_0114?",0,No,1,1.0,0.49191870344312566,1588.8070980004159,False,graphrag,0
oa_4368,"At time 166 in context ctx_06, can u_0432 access res_0177?",0,No,1,1.0,0.5186092787318759,1587.899453999853,False,graphrag,0
oa_4376,"At time 143 in context ctx_07, can u_0345 access res_0092?",0,No,1,1.0,0.48530529737472533,1587.3977979999836,False,graphrag,0
oa_4386,"At time 196 in context ctx_04, can u_0268 access res_0012?",0,No,1,1.0,0.5074280908233241,1599.5191990000421,False,graphrag,0
oa_4406,"At time 134 in context ctx_06, can u_0296 access res_0192?",0,No,1,1.0,0.5113258291693294,1588.8743539999268,False,graphrag,0
oa_4420,"At time 123 in context ctx_03, can u_0379 access res_0015?",0,No,1,1.0,0.4779172170729864,1588.0258540000796,False,graphrag,0
oa_4426,"At time 175 in context ctx_07, can u_0084 access res_0055?",0,No,1,1.0,0.4543293066646742,1602.2773710001275,False,graphrag,0
oa_4428,"At time 123 in context ctx_03, can u_0037 access res_0026?",0,No,1,1.0,0.427737610904794,1588.2850200000576,False,graphrag,0
oa_4435,"At time 73 in context ctx_01, can u_0078 access res_0098?",0,No,1,1.0,0.5431977737517584,1590.3759640000317,False,graphrag,0
oa_4446,"At time 78 in context ctx_06, can u_0101 access res_0134?",0,No,1,1.0,0.5006211438904637,1588.9973590001318,False,graphrag,0
oa_4448,"At time 171 in context ctx_03, can u_0072 access res_0058?",0,No,1,1.0,0.4836798181136449,1599.2143190001116,False,graphrag,0
oa_4456,"At time 80 in context ctx_00, can u_0228 access res_0039?",0,No,1,1.0,0.41914143448784236,1602.7520140000888,False,graphrag,0
oa_4459,"At time 119 in context ctx_07, can u_0045 access res_0019?",0,No,1,1.0,0.5377154052257538,1597.9543519997605,False,graphrag,0
oa_4476,"At time 113 in context ctx_01, can u_0183 access res_0132?",0,No,1,1.0,0.4981817487213347,1586.9478999998137,False,graphrag,0
oa_4482,"At time 196 in context ctx_04, can u_0290 access res_0009?",0,No,1,1.0,0.475002102908634,1600.2616220002892,False,graphrag,0
oa_4484,"At time 136 in context ctx_00, can u_0259 access res_0058?",0,No,1,1.0,0.4874297697097063,1587.6655389997723,False,graphrag,0
oa_4493,"At time 180 in context ctx_04, can u_0126 access res_0110?",0,No,1,1.0,0.4337906664417636,1597.6176659996781,False,graphrag,0
oa_4494,"At time 74 in context ctx_02, can u_0392 access res_0038?",0,no,1,1.0,0.46655580004056296,1598.0725600002188,False,graphrag,0
oa_4495,"At time 154 in context ctx_02, can u_0153 access res_0078?",0,No,1,1.0,0.5206181225569352,1584.1574500000206,False,graphrag,0
oa_4498,"At time 103 in context ctx_07, can u_0379 access res_0147?",0,No,1,1.0,0.4915206264704466,1599.881428000117,False,graphrag,0
oa_4506,"At time 194 in context ctx_02, can u_0431 access res_0060?",0,No,1,1.0,0.5224646079540253,1604.307648000031,False,graphrag,0
oa_4512,"At time 74 in context ctx_02, can u_0421 access res_0186?",0,No,1,1.0,0.4813186228275299,1590.8114839999143,False,graphrag,0
oa_4515,"At time 172 in context ctx_04, can u_0449 access res_0045?",0,No,1,1.0,0.4575760066509247,1588.3663760000672,False,graphrag,0
oa_4521,"At time 74 in context ctx_02, can u_0078 access res_0042?",0,No,1,1.0,0.47691744430498645,1595.7843080000202,False,graphrag,0
oa_4526,"At time 82 in context ctx_02, can u_0025 access res_0168?",0,No,1,1.0,0.4879742879420519,1603.1799249999494,False,graphrag,0
oa_4558,"At time 168 in context ctx_00, can u_0499 access res_0032?",0,No,1,1.0,0.4762889094212476,1588.579141000082,False,graphrag,0
oa_4561,"At time 180 in context ctx_04, can u_0287 access res_0003?",0,No,1,1.0,0.430434564064289,1597.5099930001306,False,graphrag,0
oa_4573,"At time 191 in context ctx_07, can u_0276 access res_0008?",0,No,1,1.0,0.52267897605896,1601.359278000018,False,graphrag,0
oa_4574,"At time 142 in context ctx_06, can u_0312 access res_0068?",0,No,1,1.0,0.533793468028307,1584.0765990001273,False,graphrag,0
oa_4585,"At time 148 in context ctx_04, can u_0345 access res_0190?",0,No,1,1.0,0.4969280785635898,1587.0775379999031,False,graphrag,0
oa_4594,"At time 74 in context ctx_02, can u_0215 access res_0014?",0,No,1,1.0,0.5246497525109185,1588.1530669998938,False,graphrag,0
oa_4599,"At time 181 in context ctx_05, can u_0204 access res_0124?",0,No,1,1.0,0.505028780301412,1598.1857249998939,False,graphrag,0
oa_4605,"At time 190 in context ctx_06, can u_0074 access res_0121?",0,No,1,1.0,0.47906872298982406,1603.4816800001863,False,graphrag,0
oa_4617,"At time 71 in context ctx_07, can u_0464 access res_0010?",0,No,1,1.0,0.5298856556415558,1591.0964409999906,False,graphrag,0
oa_4624,"At time 160 in context ctx_00, can u_0463 access res_0077?",0,No,1,1.0,0.4700249871786903,1584.8660070000733,False,graphrag,0
oa_4638,"At time 158 in context ctx_06, can u_0461 access res_0093?",0,No,1,1.0,0.521205510944128,1587.7004049998504,False,graphrag,0
oa_4640,"At time 124 in context ctx_04, can u_0344 access res_0028?",0,No,1,1.0,0.48228483367711306,1600.9873630000584,False,graphrag,0
oa_4642,"At time 187 in context ctx_03, can u_0201 access res_0181?",0,No,1,1.0,0.5438931491225958,1604.6332430000803,False,graphrag,0
oa_4648,"At time 173 in context ctx_05, can u_0295 access res_0012?",0,No,1,1.0,0.5202329544460073,1585.8802460002153,False,graphrag,0
oa_4649,"At time 188 in context ctx_04, can u_0227 access res_0087?",0,No,1,1.0,0.5113422713781658,1589.840102999915,False,graphrag,0
oa_4654,"At time 165 in context ctx_05, can u_0162 access res_0137?",0,No,1,1.0,0.49230679869651794,1588.1762730000446,False,graphrag,0
oa_4656,"At time 153 in context ctx_01, can u_0417 access res_0072?",0,No,1,1.0,0.48400239646434784,1587.4280940001881,False,graphrag,0
oa_4662,"At time 165 in context ctx_05, can u_0346 access res_0035?",0,No,1,1.0,0.44955706894397734,1588.9469349999672,False,graphrag,0
oa_4663,"At time 77 in context ctx_05, can u_0289 access res_0000?",0,No,1,1.0,0.5144766597520738,1598.9863229997354,False,graphrag,0
oa_4677,"At time 191 in context ctx_07, can u_0180 access res_0045?",0,No,1,1.0,0.5149185030624784,1606.733254000119,False,graphrag,0
oa_4701,"At time 94 in context ctx_06, can u_0185 access res_0164?",0,No,1,1.0,0.5281067771070144,1589.1368299999158,False,graphrag,0
oa_4704,"At time 197 in context ctx_05, can u_0163 access res_0181?",0,No,1,1.0,0.5250755921006203,1586.685978999867,False,graphrag,0
oa_4705,"At time 178 in context ctx_02, can u_0474 access res_0177?",0,No,1,1.0,0.4783691333399879,1599.8399370000698,False,graphrag,0
oa_4709,"At time 187 in context ctx_03, can u_0364 access res_0109?",0,No,1,1.0,0.5210065913611445,1601.6819890000988,False,graphrag,0
oa_4713,"At time 191 in context ctx_07, can u_0241 access res_0011?",0,No,1,1.0,0.5485252765091982,1602.863805999732,False,graphrag,0
oa_4715,"At time 188 in context ctx_04, can u_0107 access res_0094?",0,No,1,1.0,0.5294534199767642,1589.871746999961,False,graphrag,0
oa_4718,"At time 187 in context ctx_03, can u_0128 access res_0185?",0,No,1,1.0,0.5326964035630226,1601.0938059998807,False,graphrag,0
oa_4725,"At time 89 in context ctx_01, can u_0250 access res_0064?",0,No,1,1.0,0.5142380562093523,1588.1920519996129,False,graphrag,0
oa_4729,"At time 117 in context ctx_05, can u_0340 access res_0025?",0,No,1,1.0,0.489694881439209,1596.4244150000013,False,graphrag,0
oa_4734,"At time 186 in context ctx_02, can u_0333 access res_0116?",0,No,1,1.0,0.4798125614012991,1604.784896000183,False,graphrag,0
oa_4743,"At time 130 in context ctx_02, can u_0323 access res_0035?",0,No,1,1.0,0.46250899399028106,1586.0824190003768,False,graphrag,0
oa_4748,"At time 124 in context ctx_04, can u_0140 access res_0096?",0,No,1,1.0,0.5254267804762897,1589.652727000157,False,graphrag,0
oa_4754,"At time 185 in context ctx_01, can u_0317 access res_0173?",0,No,1,1.0,0.4698748219013214,1595.73453899975,False,graphrag,0
oa_4756,"At time 196 in context ctx_04, can u_0147 access res_0111?",0,No,1,1.0,0.4607540030371059,1600.4045829999995,False,graphrag,0
oa_4758,"At time 171 in context ctx_03, can u_0412 access res_0075?",0,No,1,1.0,0.4909597111159357,1600.4111560000638,False,graphrag,0
oa_4772,"At time 162 in context ctx_02, can u_0425 access res_0117?",0,No,1,1.0,0.4450688726372189,1602.2268079996138,False,graphrag,0
oa_4779,"At time 155 in context ctx_03, can u_0320 access res_0178?",0,No,1,1.0,0.49338290095329285,1588.3766490001108,False,graphrag,0
oa_4781,"At time 80 in context ctx_00, can u_0211 access res_0026?",0,No,1,1.0,0.40241381525993347,1602.737315000013,False,graphrag,0
oa_4791,"At time 139 in context ctx_03, can u_0043 access res_0063?",0,No,1,1.0,0.475341651708849,1603.098859000056,False,graphrag,0
oa_4809,"At time 154 in context ctx_02, can u_0107 access res_0198?",0,No,1,1.0,0.5224122188308022,1586.8629629999305,False,graphrag,0
oa_4811,"At time 97 in context ctx_01, can u_0217 access res_0163?",0,No,1,1.0,0.5290508766969045,1584.968699000001,False,graphrag,0
oa_4813,"At time 118 in context ctx_06, can u_0459 access res_0041?",0,No,1,1.0,0.5382783728487351,1589.113351999913,False,graphrag,0
oa_4820,"At time 157 in context ctx_05, can u_0054 access res_0107?",0,No,1,1.0,0.5097540126127356,1586.2843149998298,False,graphrag,0
oa_4831,"At time 138 in context ctx_02, can u_0151 access res_0047?",0,No,1,1.0,0.5034859829089221,1589.7790399999394,False,graphrag,0
oa_4840,"At time 196 in context ctx_04, can u_0456 access res_0107?",0,No,1,1.0,0.4660445832543903,1588.739761999932,False,graphrag,0
oa_4849,"At time 156 in context ctx_04, can u_0466 access res_0146?",0,No,1,1.0,0.4707804384984468,1589.7076609999203,False,graphrag,0
oa_4853,"At time 100 in context ctx_04, can u_0290 access res_0052?",0,No,1,1.0,0.4507534983365432,1592.413433999809,False,graphrag,0
oa_4859,"At time 186 in context ctx_02, can u_0145 access res_0166?",0,No,1,1.0,0.47880472518779615,1603.3058739999433,False,graphrag,0
oa_4861,"At time 133 in context ctx_05, can u_0093 access res_0132?",0,No,1,1.0,0.4704950749874115,1588.5481840000466,False,graphrag,0
oa_4869,"At time 85 in context ctx_05, can u_0452 access res_0051?",0,No,1,1.0,0.48495308132398696,1584.3335570002637,False,graphrag,0
oa_4874,"At time 101 in context ctx_05, can u_0122 access res_0032?",0,No,1,1.0,0.5114385485649109,1587.9384419999951,False,graphrag,0
oa_4875,"At time 109 in context ctx_05, can u_0123 access res_0051?",0,No,1,1.0,0.4651494547724724,1590.4612969998198,False,graphrag,0
oa_4884,"At time 141 in context ctx_05, can u_0471 access res_0033?",0,No,1,1.0,0.514051154255867,1586.7430680000325,False,graphrag,0
oa_4906,"At time 119 in context ctx_07, can u_0075 access res_0193?",0,No,1,1.0,0.5050547095015645,1602.3045229999298,False,graphrag,0
oa_4907,"At time 76 in context ctx_04, can u_0097 access res_0155?",0,No,1,1.0,0.5088838323950767,1585.198481000134,False,graphrag,0
oa_4911,"At time 198 in context ctx_06, can u_0260 access res_0131?",0,No,1,1.0,0.521348612383008,1603.602441000021,False,graphrag,0
oa_4919,"At time 147 in context ctx_03, can u_0419 access res_0009?",0,No,1,1.0,0.4975193279484908,1590.8455040002991,False,graphrag,0
oa_4930,"At time 93 in context ctx_05, can u_0161 access res_0159?",0,No,1,1.0,0.5489343860570122,1589.7520729999997,False,graphrag,0
oa_4933,"At time 176 in context ctx_00, can u_0062 access res_0033?",0,No,1,1.0,0.4713600254058838,1600.1462019999053,False,graphrag,0
oa_4936,"At time 86 in context ctx_06, can u_0442 access res_0163?",0,No,1,1.0,0.49941373740633327,1600.6992139996328,False,graphrag,0
oa_4946,"At time 106 in context ctx_02, can u_0490 access res_0124?",0,No,1,1.0,0.4809766938289007,1603.3595140002035,False,graphrag,0
oa_4947,"At time 193 in context ctx_01, can u_0389 access res_0108?",0,No,1,1.0,0.47057117984212676,1604.329375999896,False,graphrag,0
oa_4952,"At time 112 in context ctx_00, can u_0084 access res_0117?",0,No,1,1.0,0.4992040745590044,1596.792757000003,False,graphrag,0
oa_4962,"At time 133 in context ctx_05, can u_0379 access res_0066?",0,No,1,1.0,0.45692495815455914,1588.0701239998416,False,graphrag,0
oa_4969,"At time 142 in context ctx_06, can u_0130 access res_0132?",0,No,1,1.0,0.5263314773054684,1588.058135999745,False,graphrag,0
oa_4972,"At time 135 in context ctx_07, can u_0449 access res_0049?",0,No,1,1.0,0.47896552251444924,1587.4480780003069,False,graphrag,0
oa_4979,"At time 157 in context ctx_05, can u_0350 access res_0148?",0,No,1,1.0,0.5072591480086831,1583.4318920001351,False,graphrag,0
