qid,question,gold,prediction,em,f1,confidence,latency_ms,abstained,x_method,x_rank
WebQTest-0,what does jamaican people speak,Jamaican English,"Jamaican Creole English Language, Haitian Creole, Sea Island Creole English Language, Spanish Language",0,0.8181818181818181,0.6745453722336713,1620.1275879975583,False,graphrag,0
WebQTest-1,what did james k polk do before he was president,United States Representative,"In 1825 Polk was elected to the U.S. House of Representatives, where he continued his support",0,0.3418803418803419,0.694107617202558,1729.909484001837,False,graphrag,0
WebQTest-3,who plays ken barlow in coronation street,William Roache,The subgraph does not provide information about who plays Ken Barlow in Coronation Street. It only contains information about episodes,0,0.0,0.5322262793779373,1689.0354919996753,False,graphrag,0
WebQTest-6,where is jamarcus russell from,Mobile,United States of America,0,0.0,0.7258968725800514,1644.5534589984163,False,graphrag,9
WebQTest-7,where was george washington carver from,Diamond,"United States of America To determine George Washington Carver's origin, I examined the provided triples for information about his nationality or",0,0.0,0.7197393459432265,1647.7800749999005,False,graphrag,0
WebQTest-8,what else did ben franklin invent,Lightning rod,"jamin franklin invent besides the lightning rod? Besides the lightning rod, Benjamin Franklin also invented the Franklin stove, bifoc",0,0.34782608695652173,0.5955778161684672,1728.779745000793,False,graphrag,6
WebQTest-9,who was richard nixon married to,Pat Nixon,Pat Nixon,1,1.0,0.6202555239200592,1261.276971999905,False,graphrag,12
WebQTest-12,who is governor of ohio 2011,John Kasich,The subgraph provided does not contain any information about the governor of Ohio in 2011. It only includes,0,0.0,0.5174001209113909,1693.220160999772,False,graphrag,0
WebQTest-13,who was vice president after kennedy died,Lyndon B. Johnson,"running mate., base.kwebbase.kwsentence.kwtopic, John F. Kennedy)",0,0.0,0.5142526961863041,1737.8143889982312,False,graphrag,5
WebQTest-14,where is the fukushima daiichi nuclear plant located,Japan,"Japan, Okuma, Fukushima, m.0ggj3z2, m.0clv1h_",0,0.25,0.7419211765130361,1626.344247997622,False,graphrag,1
WebQTest-16,what countries are part of the uk,Wales,"United Kingdom, with Dependencies and Territories",0,0.0,0.6372939698836383,1657.5646129967936,False,graphrag,14
WebQTest-19,what is my timezone in louisiana,Central Time Zone,"Central Time Zone The primary time zone for Louisiana, as indicated by the subgraph, is the Central Time Zone. Therefore",0,0.5714285714285715,0.6459596686893039,1606.5249270031927,False,graphrag,1
WebQTest-20,what did st augustine do,Writer,wrote books and confessions,0,0.0,0.6547812258496004,1661.8764349987032,False,graphrag,0
WebQTest-21,who is keyshia cole dad,Sal Gibson,"Leon Cole, Sal Gibson",0,0.6666666666666666,0.691131666302681,1626.2576160006574,False,graphrag,5
WebQTest-22,what kind government does egypt have,Semi-presidential system,Semi-presidential system,1,1.0,0.8075059379140536,1626.4417120000871,False,graphrag,10
WebQTest-23,what town was martin luther king assassinated in,Memphis,Memphis,1,1.0,0.602881669998169,333.98994299932383,False,graphrag,2
WebQTest-24,where did edgar allan poe died,Baltimore,Baltimore,1,1.0,0.6550909736577202,1180.810380003095,False,graphrag,5
WebQTest-26,what to do today in atlanta with kids,Fox Theatre,Visit Cobb Energy Performing Arts Centre or Jimmy Carter Library and Museum,0,0.5882352941176471,0.514239141815587,1621.2203320028493,False,graphrag,0
WebQTest-28,what electorate does anna bligh represent,Electoral district of South Brisbane,"The given subgraph does not provide information about the specific electorate that Anna Bligh represents. Therefore, I cannot determine the",0,0.0,0.6044610212830936,1632.8159100012272,False,graphrag,0
WebQTest-31,where did andy murray started playing tennis,2005,"The subgraph does not provide information about where Andy Murray started playing tennis. Based on the given triples, we only know",0,0.0,0.6982400697820327,1659.1659670011722,False,graphrag,0
WebQTest-32,what is the australian dollar called,AUD,Australian dollar,0,0.0,0.7284480964436251,1622.557220998715,False,graphrag,0
WebQTest-33,what timezone is sweden,Central European Time Zone,Central European Time Zone,1,1.0,0.7027098271581862,489.3792229995597,False,graphrag,1
WebQTest-34,who did cam newton sign with,Carolina Panthers,m.04nb7yn To provide a more accurate and detailed response based on the given triples:,0,0.0,0.6152208949390211,1642.3376189995906,False,graphrag,0
WebQTest-35,what county is frederick md in,Frederick County,Frederick County,1,1.0,0.7238040851510089,396.8903009990754,False,graphrag,3
WebQTest-36,what highschool did harper lee go to,Monroe County High School,m.0lwxmyl,0,0.0,0.6273652650415897,1631.0447420000855,False,graphrag,0
WebQTest-37,what timezone is utah in,Mountain Time Zone,Mountain Time Zone,1,1.0,0.5791399934712578,1594.8182130014175,False,graphrag,1
WebQTest-38,who did george w. bush run against for the second term,John Kerry,", as his running mate, to boost his chances in the South.)",0,0.0,0.3691977941327625,1726.2024999981804,False,graphrag,0
WebQTest-39,who is niall ferguson 's wife,Ayaan Hirsi Ali,"The information provided in the subgraph does not contain any details about Niall Ferguson or his wife. Therefore, I",0,0.0,0.35573425605183556,1611.9199919994571,False,graphrag,0
WebQTest-41,where is the galapagos islands located on a world map,Ecuador,"The subgraph does not contain information about the Galapagos Islands. Therefore, I cannot determine its location based on the",0,0.0,0.4666448622941971,1588.279212002817,False,graphrag,0
WebQTest-42,what are the songs that justin bieber wrote,Somebody to Love,"The subgraph provided does not contain specific song titles or information about which songs Justin Bieber wrote. Therefore, based on the",0,0.13793103448275862,0.6058775521814823,1610.5078280015732,False,graphrag,0
WebQTest-43,what did george clemenceau do,Physician,"The provided subgraph does not contain any information about George Clemenceau or his actions. Therefore, based on the given",0,0.0,0.3750024012156895,1703.052895001747,False,graphrag,0
WebQTest-44,what is the state flower of arizona,Saguaro,m.0hz8zdj,0,0.0,0.47521571552052216,1639.5211460003338,False,graphrag,0
WebQTest-45,where was rihanna born and raised,Saint Michael Parish,The subgraph does not provide specific information about Rihanna's place of birth or where she was raised. Based on the given,0,0.0,0.5106764944160685,1631.1120050013415,False,graphrag,0
WebQTest-46,what year did president william henry harrison take office,1841-03-04,1841,0,0.5,0.5064123123884201,587.8706940020493,False,graphrag,0
WebQTest-47,where george lopez was born,Mission Hills,"Mexico To answer the question ""Where George Lopez was born,"" I looked for information about George Lopez's place of birth in",0,0.0,0.4770374438341926,1646.314137000445,False,graphrag,0
WebQTest-48,where are samsung based,Suwon,"The information provided in the subgraph does not contain any details about Samsung's location or country of origin. Therefore, I",0,0.0,0.39039836888727936,1630.36620999992,False,graphrag,0
WebQTest-49,what did the islamic people believe in,Ṭūbā,Islamism,0,0.0,0.5011762458345165,1614.9653540014697,False,graphrag,0
WebQTest-51,who will play mr gray in the film,Jamie Dornan,J. Charles Haydon,0,0.0,0.4629636165641603,1652.304063001793,False,graphrag,0
WebQTest-52,what did george orwell died of,Tuberculosis,The subgraph does not provide information about the cause of George Orwell's death. It only states that he died in London,0,0.0,0.5376962386071682,1641.930409001361,False,graphrag,0
WebQTest-54,what country did adolf hitler control,Nazi Germany,"Germany To determine the country Adolf Hitler controlled, we need to look for information related to Adolf Hitler and his leadership in the",0,0.08,0.437873865876879,1602.2094450017903,False,graphrag,0
WebQTest-55,who is michael buble,Actor,Michael Bublé is not mentioned in the provided subgraph.,0,0.0,0.4529254718830711,1628.4060270008922,False,graphrag,0
WebQTest-56,what county is kansas city kansas,Wyandotte County,"Polk County To determine the correct answer, let's analyze the relevant information from the provided triples:",0,0.10526315789473684,0.5213517923104135,1634.7377530000813,False,graphrag,0
WebQTest-58,who did jackie robinson first play for,UCLA Bruins football,The provided triples do not contain information about Jackie Robinson's first team. The subgraph focuses on various individuals and their professions,0,0.0,0.3737456202507019,1630.7407710010011,False,graphrag,0
WebQTest-59,when did annie open,1976-08-10,"The question is not clearly specified. However, based on the provided triples, there is no information about anyone named Annie opening",0,0.0,0.2575781157483225,1638.0138160020579,False,graphrag,0
WebQTest-60,where did eleanor roosevelt die,Manhattan,Manhattan,1,1.0,0.5563558265566826,310.67355199775193,False,graphrag,1
WebQTest-61,what are the religions practiced in indonesia,Catholicism,The given subgraph does not provide information about religions practiced in Indonesia. It only contains information about Oriental Orthodoxy and its,0,0.0,0.5857807795206705,1626.2187289976282,False,graphrag,0
WebQTest-62,what was jesse james killed with,Firearm,The subgraph does not provide information about Jesse James being killed. It seems there might be a confusion with another individual named,0,0.0,0.35136059299111366,1640.885011998762,False,graphrag,0
WebQTest-63,who was vp for lincoln,Hannibal Hamlin,"the popular vote., base.kwebbase.kwsentence.previous_sentence, He was elected, then re- elected, but",0,0.0,0.4607826415449381,1748.25890899956,False,graphrag,0
WebQTest-64,what other books did charles dickens write,A Christmas Carol (Chrysalis Children's Classics Series),The Last Dickens,0,0.3636363636363636,0.5440094787627459,1615.261589999136,False,graphrag,0
WebQTest-65,who was the first dictator of the soviet union,Vladimir Lenin,"base.kwebbase.kwsentence.kwtopic, Richard Nixon)",0,0.0,0.4839333608746529,1734.840692999569,False,graphrag,0
WebQTest-66,what is the currency of puerto rico called,United States Dollar,United States Dollar,1,1.0,0.6210810542106628,1629.113323000638,False,graphrag,1
WebQTest-67,what kind of cancer did carl wilson have,Lung cancer,"The subgraph does not contain any information about Carl Wilson or his cause of death. Therefore, it is impossible to determine",0,0.0,0.44311780855059624,1623.3591419986624,False,graphrag,0
WebQTest-68,who plays the voice of kitt in knight rider,William Daniels,None of the provided triples mention anything about the voice actor for KITT in Knight Rider. The subgraph focuses on various,0,0.0,0.32431725362936653,1647.4416739984008,False,graphrag,0
WebQTest-69,what county is brentwood tennessee in,Williamson County,"The subgraph does not contain information about Brentwood, Tennessee. Therefore, I cannot determine which county Brentwood, Tennessee",0,0.10526315789473684,0.4651109407345454,1638.522383000236,False,graphrag,0
WebQTest-71,who did michael j fox marry,Tracy Pollan,The information provided in the subgraph does not contain any details about Michael J. Fox's marital status or spouse. Therefore,0,0.0,0.32866688403818345,1625.3411589968891,False,graphrag,0
WebQTest-72,what battles did stonewall jackson fight in,Manassas Station Operations,"Battle of Forts Jackson and St. Philip, Battle of Memphis, First Battle of Winchester, Battle of Chickasaw",0,0.7407407407407407,0.4942789636552334,1652.1864110000024,False,graphrag,0
WebQTest-73,what language do the maasai tribe speak,Maasai Language,"The subgraph does not provide information about the Maasai tribe or their language. Therefore, I cannot determine what language",0,0.2727272727272727,0.5437988232482563,1616.360395000811,False,graphrag,0
WebQTest-74,who did benjamin franklin get married to,Deborah Read,m.0j4kb46,0,0.0,0.5137218659122785,1706.893520997255,False,graphrag,0
WebQTest-75,what disease did patrick swayze died from,Pancreatic cancer,"The subgraph does not provide information about Patrick Swayze's cause of death. Therefore, I cannot determine what disease",0,0.0,0.3542182743549347,1671.7116010004247,False,graphrag,0
WebQTest-76,what works of art did leonardo da vinci produce,g.121wt37c,None,0,0.0,0.4317529376815347,1631.8010129980394,False,graphrag,0
WebQTest-77,what capital of austria,Vienna,Vienna,1,1.0,0.6169438697397709,306.0539729995071,False,graphrag,0
WebQTest-78,what type of cancer did eva peron have,Cervical cancer,"Ovarian cancer To determine the type of cancer Eva Peron had, I would need to find a triple in the",0,0.16666666666666669,0.3550388374749352,1633.4056400010013,False,graphrag,0
WebQTest-79,what country did buddha come from,Nepal,Nepal,1,1.0,0.47446020561106067,317.9530689994863,False,graphrag,0
WebQTest-80,what county is greeley colorado in,Weld County,"The subgraph provided does not contain any information about Greeley, Colorado or its county. Therefore, the question cannot be",0,0.09523809523809525,0.4288947685406758,1631.3511059997836,False,graphrag,0
WebQTest-82,what did peter tchaikovsky do,Musician,avinsky to dinner Decided on NASA Apollo missions.),0,0.0,0.38972032212075736,1731.930181998905,False,graphrag,0
WebQTest-83,which countries speak german officially,Belgium,"Germany, South Africa, Canada",0,0.4,0.6019172867139181,1620.3207340004155,False,graphrag,0
WebQTest-84,what type of music did john lennon sing,Rock music,Pop music,1,1.0,0.5062990679460413,1648.8788409988047,False,graphrag,0
WebQTest-85,who are the colorado representatives,Mark Udall,The given triples do not provide information about Colorado representatives. The subgraph focuses on geographic and organizational scopes related to Colorado but,0,0.0,0.4681543614715338,1628.3204589999514,False,graphrag,0
WebQTest-86,which country does greenland belong to,Denmark,"Greenland does not appear in the provided triples. Based on the information given, there is no mention of Greenland belonging to any",0,0.0,0.5364952511512316,1585.9333139997034,False,graphrag,3
WebQTest-87,what the zip code for seattle washington,98185,"The provided triples do not contain any information about Seattle or its zip codes. Therefore, I cannot determine the zip code for",0,0.0,0.43063025549054146,1660.0878910030588,False,graphrag,0
WebQTest-88,who is willow smith mom name,Jada Pinkett Smith,Rose Kennedy,0,0.0,0.3872481435537338,1599.7720380000828,False,graphrag,0
WebQTest-89,what do you call the chinese writing system,Simplified Chinese character,Chinese characters,1,1.0,0.39068803668022156,1632.8382800020336,False,graphrag,0
WebQTest-90,who played on the jeffersons,Damon Evans,Ray Bradbury,0,0.0,0.46823010199210224,1609.6244549989933,False,graphrag,0
WebQTest-91,what is the name of the san francisco newspaper,Synapse,Hunchak,0,0.0,0.4817877884568839,1676.7837000006693,False,graphrag,0
WebQTest-93,what continent does armenia belong to,Europe,"Asia To determine which continent Armenia belongs to, I looked for triples in the provided subgraph that directly linked Armenia to a",0,0.0,0.5344730874766475,1577.8222599983565,False,graphrag,2
WebQTest-94,what did randy savage died of,heart attack,Cause of death,0,0.0,0.36441074311733246,1634.4998420026968,False,graphrag,0
WebQTest-95,what was the title of the book charles darwin wrote,On evolution,There is no information in the provided subgraph about Charles Darwin or any book he wrote. The subgraph only contains information,0,0.2891566265060241,0.4578573127587636,1698.5089789995982,False,graphrag,0
WebQTest-96,where did richard nixon die,New York City,New York City,1,1.0,0.6163265014949598,1634.8402830008126,False,graphrag,5
WebQTest-97,what songs does smokey robinson sing,Just to See Her,"Based on the provided subgraph, there is no information about Smokey Robinson or his songs. The subgraph primarily",0,0.25,0.39812593162059784,1637.6084980001906,False,graphrag,0
WebQTest-98,who was vice president when jfk was president,Lyndon B. Johnson,"the nomination to Senator Estes Kefauver, Kennedy's campaign brought him national attention and helped him win a Senate",0,0.0,0.5654582536738851,1726.9307390015456,False,graphrag,2
WebQTest-99,what is serbian language called,Serbian language,"The subgraph does not contain information about the Serbian language. Therefore, I cannot provide an answer based on the given information",0,0.17391304347826084,0.5844433969921536,1622.3814639997727,False,graphrag,0
WebQTest-100,what language is spoken in haiti today,Haitian Creole,Haitian Creole,1,1.0,0.6447715233354008,1665.8330259997456,False,graphrag,8
WebQTest-102,who played barbara gordon batgirl,Melinda McGraw,"The subgraph does not contain any information about Barbara Gordon or Batgirl. Therefore, I cannot determine who played Barbara Gordon",0,0.0,0.41681384046872455,1579.998880999483,False,graphrag,0
WebQTest-103,what basketball teams has shaq played for,Miami Heat,None of the teams mentioned in the subgraph are associated with Shaquille O'Neal (referred to as Sh,0,0.0,0.39791385769844057,1694.6675170001981,False,graphrag,0
WebQTest-104,where is jay leno from,New Rochelle,United States of America,0,0.0,0.533863564953208,1646.0532600031001,False,graphrag,0
WebQTest-105,what language do people from thailand speak,Mon Language,"The subgraph does not provide information about the language spoken in Thailand. Therefore, I cannot answer this question based on the",0,0.08695652173913042,0.5527654834415602,1633.3970029991178,False,graphrag,0
WebQTest-106,who did armie hammer play in the social network,Cameron Winklevoss,"The subgraph provided does not contain any information about Armie Hammer or his role in The Social Network. Therefore, I",0,0.0,0.2940002224947277,1645.2910759981023,False,graphrag,0
WebQTest-107,what was thomas jefferson role in the declaration of independence,Lawyer,"Thomas Jefferson was the primary author of the Declaration of Independence. He advised Washington, helped draft the document, and played a",0,0.0909090909090909,0.4800402493703933,1713.4798830011277,False,graphrag,0
WebQTest-108,what was the book written by charles darwin,On evolution,There is no information about a book written by Charles Darwin in the provided subgraph. The subgraph only contains information about,0,0.2891566265060241,0.5526829333074631,1656.8543519970262,False,graphrag,0
WebQTest-109,who did tim tebow play college football for,Florida Gators football,There is no information in the provided subgraph about Tim Tebow or the college he played football for. The subgraph,0,0.08695652173913045,0.32328339852392673,1624.5420279992686,False,graphrag,0
WebQTest-110,who does peyton manning play football for,Denver Broncos,"The information provided in the subgraph does not include any details about Peyton Manning's current or past teams. Therefore, I",0,0.0,0.4419712759554386,1623.6738480001804,False,graphrag,0
WebQTest-111,where is the carpathian mountain range located,Europe,"The Carpathian mountain range is not mentioned in the provided subgraph. Based on the information given, the subgraph",0,0.0,0.5691712684929371,1617.4570900002436,False,graphrag,0
WebQTest-112,what was robert burns,Bard,"Robert Burns is not mentioned in the provided triples. The closest match is Ambrose Burnside, who participated in the American",0,0.0,0.4982070103287697,1641.5233020015876,False,graphrag,0
WebQTest-114,who did the voice of darth vader in episode 3,Hayden Christensen,"The subgraph provided does not contain any information about Darth Vader or Episode 3 of Star Wars. Therefore, it",0,0.0,0.3335877787321806,1685.5700039996009,False,graphrag,0
WebQTest-115,what super bowl did peyton manning win,Super Bowl XLI,Super Bowl XLIX,0,0.6666666666666666,0.3958665505051613,1666.2513529990974,False,graphrag,0
WebQTest-116,which country was justin bieber born in,Canada,United States of America,0,0.0,0.5828516764773263,1605.483767001715,False,graphrag,0
WebQTest-118,who fought in the gulf war 1991,France,"Based on the provided triples, the Gulf War (1991) involved military casualties, but specific parties fighting are",0,0.0,0.458265816171964,1651.7686059996777,False,graphrag,0
WebQTest-119,who plays london tipton in suite life on deck,Brenda Song,"The information provided does not contain any details about who plays London Tipton in Suite Life on Deck. Therefore, I",0,0.0,0.272948213494741,1593.6148229993705,False,graphrag,0
WebQTest-121,what team did david beckham play for in 2011,LA Galaxy,United Kingdom national football team,0,0.0,0.3752042964100838,1644.256026000221,False,graphrag,0
WebQTest-122,where did francisco coronado come from,Salamanca,"Spain To answer the question ""Where did Francisco Suárez come from?"", I looked for information in the provided triples about",0,0.0,0.42152271551244397,1625.7443109971064,False,graphrag,0
WebQTest-123,what all does google now do,Google Glass,"Based on the provided knowledge graph, there is no direct information about what Google now does. The graph focuses on businesses and",0,0.14814814814814814,0.2909578292266182,1601.7696849994536,False,graphrag,0
WebQTest-124,what language does egyptian people speak,Modern Standard Arabic,"Egyptian people primarily speak Egyptian Arabic and Modern Standard Arabic. Egyptian Arabic is widely spoken in Egypt, while Modern Standard Arabic is",0,0.5333333333333333,0.7600195159514745,1625.979926000582,False,graphrag,6
WebQTest-125,what are abraham sons names,Midian,Not available in the given subgraph. The subgraph does not contain any information about Abraham Lincoln's sons' names.,0,0.0,0.41346287892924416,1648.349806000624,False,graphrag,0
WebQTest-126,who wrote the jana gana mana,Ram Singh Thakur,Jyotirao Phule,0,0.0,0.33342167209176454,1701.1471849982627,False,graphrag,0
WebQTest-127,what type of cancer did gilda radner die of,Ovarian cancer,"The subgraph does not provide information about Gilda Radner's cause or type of cancer. Therefore, there is no",0,0.09523809523809525,0.3399596271060762,1627.3398349985655,False,graphrag,0
WebQTest-128,who plays juni cortez,Daryl Sabara,Jennifer Lopez,0,0.0,0.36409045870487505,1602.9840600021998,False,graphrag,0
WebQTest-129,what was lucille ball,Actor,Lucille Ball is not mentioned in the provided subgraph.,0,0.0,0.38973813586764866,1638.5331909987144,False,graphrag,2
WebQTest-131,who inspired obama,Nipsey Russell,Reinhold Niebuhr,1,1.0,0.5428636256191466,1683.1698339992727,False,graphrag,0
WebQTest-132,who is michael j fox wife,Tracy Pollan,"The subgraph does not provide any information about Michael J. Fox's wife. Therefore, I cannot determine his wife from",0,0.0,0.3583100892995533,1598.9863190006872,False,graphrag,0
WebQTest-133,where did dolly parton grow up,Sevierville,"The subgraph does not provide specific information about where Dolly Parton grew up. Based on the given triples, we",0,0.0,0.5795024894177914,1654.14653499829,False,graphrag,0
WebQTest-134,what type of books did agatha christie wrote,Writer,Detective fiction,0,0.0,0.5366164477247941,386.5445599985833,False,graphrag,3
WebQTest-138,what are the four main languages spoken in spain,Catalan language,Spanish Language,1,1.0,0.5730539709329605,1628.966999000113,False,graphrag,0
WebQTest-139,where is the nra headquarters located,Fairfax,The information provided in the subgraph does not contain any details about the NRA (National Rifle Association) headquarters location. Therefore,0,0.0,0.45243584488828975,1660.9435630016378,False,graphrag,0
WebQTest-141,who is gimli 's father in the hobbit,Gloin,"The subgraph provided does not contain any information about Gimli or his father from ""The Hobbit."" Therefore, I",0,0.0,0.32650768756866455,1670.539752998593,False,graphrag,0
WebQTest-142,who developed the tcp ip reference model,Vint Cerf,"Don L. Anderson developed the Preliminary reference Earth model, but there is no information in the given subgraph about anyone",0,0.0,0.24842680344978968,1684.555890999036,False,graphrag,0
WebQTest-145,what college did albert einstein go to,ETH Zurich,"The subgraph does not provide information about the colleges that Albert Einstein attended. Therefore, the correct response is:",0,0.0,0.47415939904749393,1624.8425279991352,False,graphrag,0
WebQTest-146,what team does jordan own,Jordan national football team,Jordan does not own any team in the given subgraph. The subgraph only mentions ownership of the Atlanta Hawks by the,0,0.16,0.48216083361988976,1624.629621997883,False,graphrag,0
WebQTest-147,who is the state governor of tennessee,William Haslam,"entity, James K. Polk)",0,0.0,0.6029182421533685,1730.0910920021124,False,graphrag,0
WebQTest-149,what do portuguese people speak,Portuguese Language,Portuguese Language,1,1.0,0.5818049538703192,1599.7319890011568,False,graphrag,1
WebQTest-150,what language does cuba speak,Haitian Creole,Spanish Language,1,1.0,0.6354829323919196,1618.767182000738,False,graphrag,0
WebQTest-153,what are the sights to see in madrid,Madrid Arena,Not enough information provided in the subgraph to determine specific sights to see in Madrid. The subgraph only indicates that Madrid,0,0.16,0.43344235233962536,1618.7686529992789,False,graphrag,0
WebQTest-154,what instruments did louis armstrong play,Cornet,There is no information about Louis Armstrong playing any instruments in the given subgraph. The subgraph does not contain any data,0,0.0,0.45989169776439665,1619.425365999632,False,graphrag,0
WebQTest-155,what year was george w bush elected,2000-11-07,George W. Bush was not directly elected in any year mentioned in the provided triples. The subgraph does not contain information,0,0.0,0.4272971361875534,1666.0841740012984,False,graphrag,0
WebQTest-156,what time zone am i in california,Pacific Time Zone,Pacific Time Zone,1,1.0,0.7740691229701042,420.4663939999591,False,graphrag,1
WebQTest-157,where is mission san buenaventura located,Ventura County,"California To determine the location of Mission San Buenaventura, we would need specific triples involving it. However, based",0,0.0,0.40126719772815705,1627.7020620000258,False,graphrag,0
WebQTest-159,what time in hilo hawaii,Hawaii-Aleutian Time Zone,Pacific Time Zone,0,0.5714285714285715,0.5103617385029793,396.1956229977659,False,graphrag,0
WebQTest-160,where did rudolf virchow conduct his research,Humboldt University of Berlin,The information provided in the subgraph does not contain any details about Rudolf Virchow or the location of his research,0,0.08695652173913045,0.3740110695362091,1735.4284190005274,False,graphrag,0
WebQTest-161,what university did gordon brown attend,University of Edinburgh,"The information provided in the subgraph does not contain any details about Gordon Brown's university attendance. Therefore, I cannot determine",0,0.08333333333333333,0.4150727772050434,1663.4262920015317,False,graphrag,0
WebQTest-162,what countries does greece share borders with,Albania,"The subgraph provided does not contain any information about countries that Greece shares borders with. Therefore, based on the given information",0,0.0,0.5268565824157313,1624.1425839980366,False,graphrag,0
WebQTest-163,what year did the seahawks win the superbowl,Super Bowl XLVIII,"The subgraph provided does not contain any information about the Seattle Seahawks or their Super Bowl wins. Therefore, I cannot determine",0,0.16666666666666666,0.316091850399971,1692.6602329986054,False,graphrag,0
WebQTest-164,what did stephen hawking become famous for,Cosmologist,"Based on the provided triples, there is no information about Stephen Hawking. The subgraph only contains information about Stephen King",0,0.0,0.4153195973485708,1626.4418440005102,False,graphrag,0
WebQTest-165,who plays donna noble,Catherine Tate,Donna Ludlow,0,0.0,0.4323694157600403,1598.6547120010073,False,graphrag,0
WebQTest-166,what was dr seuss education,"Lincoln College, Oxford",Dr Seuss's education is not mentioned in the provided subgraph.,0,0.0,0.4844877381216396,1657.4082899969653,False,graphrag,0
WebQTest-167,where did queensland get its name from,Queen Victoria,"The subgraph does not provide information about the origin of the name ""Queensland"". The provided triples focus on administrative",0,0.0,0.5767379328608513,1627.4864680017345,False,graphrag,0
WebQTest-168,what document did james madison write,"The Papers of James Madison, Secretary of State Series, Vol. 2",The subgraph does not provide specific information about a particular document written by James Madison. It mentions that he was an author,0,0.21428571428571427,0.5177084157864252,1685.2693869986979,False,graphrag,0
WebQTest-169,what are the three official languages of belgium,Dutch Language,"French, Dutch, Finnish",0,0.5,0.5719104806582133,1604.3360820003727,False,graphrag,0
WebQTest-170,who played bilbo in lord of the rings,Norman Bird,Shawn Hatosy,0,0.0,0.38957407951354983,1647.981370002526,False,graphrag,0
WebQTest-171,what airport do you fly into to get to destin fl,Destin–Fort Walton Beach Airport,"The subgraph provided does not contain any information about Destin, FL or any airport serving that location. Therefore, I",0,0.18181818181818182,0.5338866500293508,1634.1552659978333,False,graphrag,0
WebQTest-172,what do you call members of the senate,Senator,senators,0,0.0,0.6603727601468563,1678.6126289989625,False,graphrag,0
WebQTest-173,what countries are part of the baltic,Latvia,"Russia, Poland, Lithuania, Sweden, Denmark, Finland, Germany, Latvia, Estonia",0,0.19999999999999998,0.6847229654138739,1251.336588000413,False,graphrag,0
WebQTest-174,what team does colin kaepernick play for,San Francisco 49ers,"The given subgraph does not contain any information about Colin Kaepernick or his current team. Therefore, I cannot answer this question",0,0.0,0.2587023383897284,1645.0231460003124,False,graphrag,0
WebQTest-175,where did joe flacco attend college,University of Delaware,"The information provided does not mention Joe Flacco or his college attendance. To accurately answer this question, we would need additional",0,0.0,0.3970041730824639,1642.942155001947,False,graphrag,0
WebQTest-176,who is emma stone father,Jeff Stone,Rex Kennedy,0,0.0,0.38730524852871895,1616.9355230013025,False,graphrag,0
WebQTest-177,where was theodore roosevelt buried,Youngs Memorial Cemetery,Arlington National Cemetery,0,0.3333333333333333,0.4806016269657347,1657.0590139999695,False,graphrag,0
WebQTest-178,who was the leader of the us during wwii,Franklin D. Roosevelt,m.0c0zzs0),0,0.0,0.4749697612391578,1721.6634149990568,False,graphrag,0
WebQTest-179,what artistic movement did henri matisse belong to,Neo-impressionism,Fauvism,1,1.0,0.48389026357067955,1710.2563430016744,False,graphrag,0
WebQTest-180,where the missouri river ends,Mississippi River,"Gulf of Mexico To answer the question ""Where does the Missouri River end?"", we need to look for information about the endpoint",0,0.08333333333333334,0.5833077118510291,1628.348394002387,False,graphrag,1
WebQTest-181,what type of currency do they use in thailand,Thai baht,"Currency Used To determine the type of currency used in Thailand based on the provided triples, we need to identify the relevant information",0,0.0,0.49588461841146153,1588.8379169991822,False,graphrag,0
WebQTest-182,who is khloe kardashian 's husband,Lamar Odom,"The subgraph does not contain any information about Khloe Kardashian or her husband. Therefore, I cannot answer this question based",0,0.0,0.311013363301754,1629.7705520009913,False,graphrag,0
WebQTest-184,what state does romney live in,Massachusetts,Georgia,0,0.0,0.47820594906806946,335.6186940000043,False,graphrag,8
WebQTest-185,what type of government does france use,Semi-presidential system,"Semi-presidential system, Unitary state",0,0.7499999999999999,0.5728988260030746,711.8634520011256,False,graphrag,2
WebQTest-186,who rules denmark right now,Helle Thorning-Schmidt,Hereditary monarchy,0,0.0,0.6030139625072479,1591.7261130016414,False,graphrag,0
WebQTest-187,what did stephen hawking study,Physics,"The subgraph does not contain any information about Stephen Hawking or his studies. Therefore, I cannot determine what Stephen Haw",0,0.0,0.373445798369015,1721.3541620003525,False,graphrag,0
WebQTest-188,where did bristol palin go to school,West Anchorage High School,"The information provided in the subgraph does not contain any details about Bristol Palin's educational background. Therefore, I cannot determine",0,0.0,0.36271172099643284,1644.756875000894,False,graphrag,0
WebQTest-189,what region of the world is egypt associated with,Middle East,Arab world,0,0.0,0.6877144500613213,1671.122371997626,False,graphrag,0
WebQTest-190,what did dr. seuss do,Visual Artist,jamin franklin critiqued franz anton mesmer),0,0.0,0.3685871380216935,1723.9465470011055,False,graphrag,0
WebQTest-191,where did drew brees go to college wikianswers,Stanford Graduate School of Business,"The information provided in the subgraph does not contain any details about Drew Brees or his college education. Therefore, I",0,0.0,0.2660590566017411,1639.7783819993492,False,graphrag,0
WebQTest-193,what school did ben roethlisberger go to,Miami University,The information provided in the subgraph does not contain any details about Ben Roethlisberger or the schools he attended.,0,0.0,0.3748336732387543,1679.7582689978299,False,graphrag,0
WebQTest-194,where did the iroquois indians come from,Québec,North America,0,0.0,0.4172016943202299,1707.4121750010818,False,graphrag,0
WebQTest-195,what kind of guitar did george harrison use,Rickenbacker 360/12,"The subgraph does not contain any information about George Harrison or his guitar usage. Therefore, I cannot determine what kind of",0,0.0,0.331352142824067,1635.4056790005416,False,graphrag,0
WebQTest-196,what language do navajo people speak,Navajo Language,"The subgraph does not provide information about the Navajo people or their language. Therefore, I cannot determine what language Nav",0,0.2608695652173913,0.4945067226886749,1641.3733389999834,False,graphrag,0
WebQTest-197,what places make up new england,New Hampshire,"New Hampshire, Massachusetts, Maine, Vermont, Connecticut, Rhode Island",0,0.4,0.6205592983298831,1607.0405159989605,False,graphrag,1
WebQTest-199,what type of government does iraq have now,Parliamentary system,Sovereign state,0,0.0,0.538556898633639,1604.6046359988395,False,graphrag,0
WebQTest-200,where was the vietnam war location,Vietnam,"Vietnam To determine the location of the Vietnam War from the given triples, we can look for information that directly links the event",0,0.16,0.6044371588663622,1634.9153329974797,False,graphrag,3
WebQTest-201,who did gerald ford select as his vice president when he became president,Nelson Rockefeller,Richard Nixon,0,0.0,0.5029862312709584,479.270458999963,False,graphrag,0
WebQTest-202,what is the currency used in italy,Euro,Euro,1,1.0,0.7548942433463203,1595.5267310018826,False,graphrag,1
WebQTest-204,what is the capital of modern egypt,Cairo,Cairo,1,1.0,0.5781729966402054,1607.4502230003418,False,graphrag,1
WebQTest-205,what school did sir ernest rutherford go to,University of Cambridge,"The given subgraph does not contain any information about Sir Ernest Rutherford or the schools he attended. Therefore, I cannot",0,0.0,0.41658634940783185,1669.9386129985214,False,graphrag,0
WebQTest-206,what position does brandon roy play,Small forward,"The subgraph does not provide information about Brandon Roy's position. Therefore, I cannot determine what position Brandon Roy plays based",0,0.0,0.28560773886385415,1653.5900290000427,False,graphrag,0
WebQTest-207,where is harvard university,United States of America,"Harvard University is located in the United States of America, Massachusetts, and Cambridge.",0,0.47058823529411764,0.6622689306735993,1209.095932001219,False,graphrag,1
WebQTest-209,where is laos in world map,Southeast Asia,Laos is not mentioned in the given subgraph.,0,0.0,0.4265454253729652,1588.6479639993922,False,graphrag,0
WebQTest-210,where is tyrese gibson from,Watts,United States of America,0,0.0,0.7424673326313496,768.282986999111,False,graphrag,0
WebQTest-211,what countries are near italy,Slovenia,"France, Turkey",0,0.6666666666666666,0.6187915128210316,1618.2922489970224,False,graphrag,0
WebQTest-212,which states does the colorado river run through,Arizona,Colorado,1,1.0,0.4970376140931073,1626.0471079986019,False,graphrag,0
WebQTest-213,who did scarlett johansson date,Patrick Wilson,"The given subgraph does not contain any information about Scarlett Johansson or her dating history. Therefore, I cannot answer this",0,0.0,0.3290863835811615,1632.2028689974104,False,graphrag,0
WebQTest-214,which continents were part of the roman empire,Europe,"Europe, Asia",0,0.6666666666666666,0.44241954062295996,1603.7815550007508,False,graphrag,11
WebQTest-215,where was elvis costello born,Paddington,"United Kingdom To determine Elvis Costello's birthplace, we need to identify information related to him in the provided triples.",0,0.0,0.5305726248770952,1675.9241850013495,False,graphrag,0
WebQTest-216,where are the gobi desert located on a map,Mongolia,"The information provided in the subgraph does not contain any details about the Gobi Desert. Therefore, I cannot determine its",0,0.0,0.43423174470663073,1607.458532002056,False,graphrag,0
WebQTest-217,what type of government does the us follow,Presidential system,Federal government of the United States,0,0.25,0.620198529017599,622.8804120000859,False,graphrag,0
WebQTest-218,in which continent is germany,Europe,Europe,1,1.0,0.6691438436508179,1615.4197319992818,False,graphrag,1
WebQTest-220,what language turkey people speak,Ladino Language,"Turoyo Language, Turkish Language",0,0.8571428571428571,0.5654223362604777,1615.9943300008308,False,graphrag,0
WebQTest-221,who does jeremy lin play for,Los Angeles Lakers,"The given subgraph does not contain any information about Jeremy Lin or his professional affiliations, including which team he plays",0,0.0,0.3210816697941886,1611.3730020006187,False,graphrag,0
WebQTest-222,where is the seychelles on world map,Africa,The subgraph does not provide information about the Seychelles' location on the world map. Based on the given triples,0,0.0,0.42583635614977944,1612.9711629982921,False,graphrag,10
WebQTest-224,where did william morris go to college,"Exeter College, Oxford","m.0w5mw63 To determine where William Morris went to college, we need to follow the information provided",0,0.1,0.4899629261344671,1649.4804540016048,False,graphrag,0
WebQTest-225,what state is mount st. helens in,Washington,Mount St. Helens is not mentioned in the provided subgraph. The closest related location is Mount Bachelor which is contained,0,0.0,0.38323875006876496,1629.394998002681,False,graphrag,0
WebQTest-226,who is jimmy savile,Disc jockey,"There is no person named Jimmy Savile in the provided subgraph. The closest match is Jimmy Wales, but he is",0,0.0,0.36083056330680846,1623.6071159983112,False,graphrag,0
WebQTest-227,where were the seneca indians located,New York,The subgraph provided does not contain any information about the Seneca Indians or their location. It is about a philosopher named,0,0.0,0.5403097849339247,1639.7256780001044,False,graphrag,0
WebQTest-231,when did florida marlins join mlb,1994 Major League Baseball Season,The information provided in the subgraph does not contain any details about the Florida Marlins joining MLB. The subgraph focuses on,0,0.0,0.3453180260128445,1637.5143789991853,False,graphrag,0
WebQTest-232,what countries have spanish as the national language,Equatorial Guinea,"Cuba, United States of America, Argentina, Chile, Mexico, Puerto Rico, Northern Mariana Islands, Chile",0,0.4444444444444445,0.7249122990502251,1634.0167849994032,False,graphrag,0
WebQTest-233,what to see in phoenix arizona,Pueblo Grande Ruin,"The provided subgraph does not contain specific information about attractions or things to see in Phoenix, Arizona. To accurately answer the",0,0.08333333333333333,0.4257129915058613,1639.784797996981,False,graphrag,0
WebQTest-234,what countries does the panama canal go through,Panama,The Panama Canal does not go through any of the countries listed in the subgraph. The subgraph only contains information about,0,0.0909090909090909,0.4079694665140576,1579.8322690025088,False,graphrag,0
WebQTest-235,what is charlie chaplin famous for,Actor,The subgraph does not provide information about Charlie Chaplin's fame or profession. The subgraph contains information about a person,0,0.0,0.38110091984272004,1629.0179520001402,False,graphrag,1
WebQTest-237,what did fred durst do,Actor,"The subgraph does not contain any information about Fred Durst or his activities. Therefore, it is not possible to determine",0,0.0,0.32564083267660704,1664.7579060008866,False,graphrag,0
WebQTest-239,where do american bulldogs originate from,United States of America,The information provided in the subgraph does not specify the origin of American Bulldogs. The subgraph primarily discusses British breeds such,0,0.08,0.5598670910386478,1633.6338330002036,False,graphrag,0
WebQTest-240,what colleges did albert einstein teach at,ETH Zurich,"Whittier College, John F. Kennedy College To answer the question about the colleges where Albert Einstein taught, I looked",0,0.0,0.45200936309993267,1635.0434699998004,False,graphrag,0
WebQTest-241,who plays the voice of brian on family guy,Seth MacFarlane,Brian Lane,0,0.0,0.34227356761693956,1595.6436570013466,False,graphrag,0
WebQTest-243,where did george w bush live as a child,New Haven,"The subgraph does not provide information about where George W. Bush lived as a child. Therefore, I cannot determine the",0,0.0,0.4909370087441944,1641.334634998202,False,graphrag,0
WebQTest-245,what year was the first miss america pageant held,1921-09,1921,0,0.6666666666666666,0.3262433878013066,1653.8827229996969,False,graphrag,0
WebQTest-246,what was nikola tesla inventions,Wireless telegraphy,"Nikola Tesla is not mentioned in the provided subgraph, so there is no information about his inventions in this context. The",0,0.08695652173913042,0.4667770496823571,1718.1798290002916,False,graphrag,0
WebQTest-247,where did flemish people come from,France,Netherlands,0,0.0,0.5242345438284033,1623.688014002255,False,graphrag,0
WebQTest-248,what state new york city belong to,New York,New York,1,1.0,0.5747871432039473,373.1353709990799,False,graphrag,1
WebQTest-249,what was the cause of death for bruce lee,Cerebral edema,Cerebral edema,1,1.0,0.5145086944103241,568.7017119998927,False,graphrag,1
WebQTest-250,what type of government does usa follow,Presidential system,Unitary state,0,0.0,0.5685338519868397,1657.5288460007869,False,graphrag,0
WebQTest-251,what type of currency do they use in england,Pound sterling,Pound sterling,1,1.0,0.7291056583909428,349.6951060005813,False,graphrag,1
WebQTest-252,where was benjamin franklin educated,Boston Latin School,", History of the United States)",0,0.0,0.5653437707159255,1734.9676180019742,False,graphrag,0
WebQTest-253,what countries included in the uk,Wales,"United Kingdom, England, Scotland, Wales, Northern Ireland",0,0.4444444444444445,0.6410797238349915,1633.5511060024146,False,graphrag,12
WebQTest-254,what countries in the world speak chinese,Vietnam,"China, Japan, Bangladesh, Guam, Belize, Turks and Caicos Islands, Christmas Island, United Kingdom, Antigua",0,0.13333333333333333,0.4971121263504028,1621.2879669983522,False,graphrag,0
WebQTest-255,where obama went to school,Occidental College,The information provided in the subgraph does not contain any details about where Barack Obama went to school. The subgraph only,0,0.08695652173913042,0.612664857506752,1650.1355930013233,False,graphrag,0
WebQTest-256,what is the primary language of china,Standard Chinese,English Language,0,0.0,0.46325427981523365,1622.7657749986975,False,graphrag,0
WebQTest-257,who was the soviet leader during world war ii,Leonid Brezhnev,Richard Nixon),0,0.0,0.45315758270375867,1616.0989870004414,False,graphrag,0
WebQTest-258,which of the following does australia export the most,Energy industry,"Based on the provided triples, the subgraph does not specify what Australia exports the most. It only indicates that multiple entities",0,0.0,0.535277970135212,1687.2975500009488,False,graphrag,0
WebQTest-260,where was the city of david,Jerusalem,"The question is not clearly related to the provided triples. However, based on the information given, one place mentioned in the",0,0.0,0.4381352007389069,1631.882604000566,False,graphrag,0
WebQTest-261,what is cindy sherman known for,Visual Artist,"not notable for Cindy Sherman, but for Hurricane Cindy, it is known for being a Tropical Cyclone and notable for g",0,0.0,0.3994935353597005,1634.6071510015463,False,graphrag,0
WebQTest-262,what tv shows did shawnee smith play in,All is Forgiven,The information provided does not contain any details about Shawnee Smith. All the actors mentioned in the triples are Shawn Hatos,0,0.22222222222222224,0.5285923704504967,1658.6231969995424,False,graphrag,0
WebQTest-264,what does australia use for currency,Australian dollar,Australian dollar,1,1.0,0.8310940153896809,348.6781450010312,False,graphrag,2
WebQTest-265,which airport to fly into rome,Ciampino–G. B. Pastine International Airport,There is no direct information in the provided subgraph about an airport that serves Rome. The subgraph focuses on airports in,0,0.08,0.5356196860472361,1626.5590010007145,False,graphrag,0
WebQTest-266,what is there to do for fun in kansas city,Negro Leagues Baseball Museum,The given subgraph does not provide specific information about fun activities in Kansas City. It only mentions that Kansas is a US,0,0.22641509433962262,0.43387989699840546,1648.0323300020245,False,graphrag,0
WebQTest-267,where was martin luther king jr raised,Atlanta,"Lucas County To determine where Martin Luther King Jr. was raised, we need to look for information about his childhood location in",0,0.0,0.6535366736352444,1686.2907110007654,False,graphrag,4
WebQTest-268,what year was lebron james rookie season,2003–04 NBA season,"The subgraph does not contain any information about LeBron James or his rookie season. Therefore, it is not possible to determine",0,0.08333333333333333,0.2847443756304289,1703.1678490020568,False,graphrag,0
WebQTest-269,where does delaware river start,West Branch Delaware River,"The subgraph does not contain any information about the Delaware River's origin. Therefore, I cannot provide an answer based on",0,0.16,0.5716406985333091,1627.1914480021223,False,graphrag,0
WebQTest-270,what kind of monarchy does japan have,Parliamentary system,Constitutional monarchy,1,1.0,0.5214976668357849,1619.299140998919,False,graphrag,3
WebQTest-271,where did mitt romney 's parents come from,Detroit,"The information provided in the subgraph does not contain any details about Mitt Romney's parents or their origins. Therefore, I",0,0.0,0.46918967366218567,1645.2782490014215,False,graphrag,0
WebQTest-273,when did michael jordan return to the nba,1984,"The given subgraph does not contain any information about Michael Jordan or his return to the NBA. Therefore, I cannot answer",0,0.0,0.31165867298841476,1631.7188709981565,False,graphrag,0
WebQTest-276,where was mission san rafael located,94901,"The information provided does not contain any details about the location of Mission San Rafael. Therefore, I cannot determine its location based",0,0.0,0.3862124764257007,1673.7751859982382,False,graphrag,0
WebQTest-277,who was esther 's husband,Ahasuerus,Not available in the given subgraph.,0,0.0,0.33361029624938965,1627.8680199975497,False,graphrag,0
WebQTest-278,who 's dating claire danes,Hugh Dancy,There is no information in the provided subgraph about Claire Danes or her dating status. The subgraph only contains information,0,0.0,0.39632847242885166,1704.555629999959,False,graphrag,0
WebQTest-279,what county is st paul va in,Wise County,"The provided subgraph does not contain any information about St. Paul, VA or its county. Therefore, I cannot determine",0,0.09523809523809525,0.4685803678902713,1618.9123969998036,False,graphrag,0
WebQTest-281,what type of sports do japanese play,Japan women's national handball team,"Football, Sumo Wrestling, Badminton, Field Hockey, Tennis, Baseball",0,0.16666666666666666,0.47854412414810876,1632.8921609965619,False,graphrag,0
WebQTest-282,which countries share a border with russia,Latvia,"Europe, Asia",0,0.0,0.5357721518067753,1602.9151289985748,False,graphrag,0
WebQTest-284,where did the latin language originate from,Indo-European languages,Roman Empire,0,0.0,0.5522179673699772,1616.5501260002202,False,graphrag,6
WebQTest-286,what school did karl benz go to,Karlsruhe Institute of Technology,None of the schools mentioned in the subgraph are associated with Karl Benz. The subgraph only contains information about John F,0,0.08,0.4428605954898031,1653.588002998731,False,graphrag,0
WebQTest-287,what movies has carmen electra been in,We Are Family,The subgraph does not provide information about movies Carmen Electra has been in. There is no mention of Carmen Electra,0,0.25,0.35394043326377866,1632.928143000754,False,graphrag,0
WebQTest-289,when do world war ii end,1945-09-02,1945,0,0.5,0.4379625833696789,1620.1934429991525,False,graphrag,0
WebQTest-291,where did morgan freeman graduate,Pasadena Playhouse,The information provided does not contain any details about Morgan Freeman's graduation or educational background. The subgraph focuses on Brian James,0,0.0,0.37478139645913067,1643.1134169979487,False,graphrag,0
WebQTest-294,who was carolus linnaeus,Scientist,"Botanist To determine who Carolus Linnaeus is based on the given triples, we need to look for any",0,0.10526315789473684,0.39411653307351197,1647.8977629994915,False,graphrag,0
WebQTest-295,what type of government does germany have now,Representative democracy,Representative democracy,1,1.0,0.5550166256725788,1625.5154159989615,False,graphrag,2
WebQTest-296,what kind of government does libya have today,Parliamentary republic,Provisional government,1,1.0,0.599567774269316,377.730314998189,False,graphrag,0
WebQTest-297,what time zone is anaheim california,Pacific Time Zone,"Pacific Time Zone The subgraph indicates that Anaheim, California is located in the Pacific Time Zone. However, since ""Ana",0,0.4799999999999999,0.659504771232605,1612.0818039998994,False,graphrag,1
WebQTest-298,what year did the orioles go to the world series,1970 World Series,"The information provided in the subgraph does not mention the Baltimore Orioles or their participation in the World Series. Therefore, I",0,0.16666666666666666,0.3006315479675929,1621.3415099991835,False,graphrag,0
WebQTest-300,who is sir francis bacon,Author,"Sir Francis Bacon was a statesman, scientist, author, and philosopher from England. He was also known for his influence",0,0.1,0.6688108593225479,1619.226446000539,False,graphrag,4
WebQTest-301,what were amelia earhart 's achievements,Pilot,"The subgraph does not contain any information about Amelia Earhart's achievements. Therefore, I cannot provide an answer based on",0,0.0,0.37669401802122593,1641.3647720000881,False,graphrag,0
WebQTest-302,what are the official colors of the dallas cowboys,White,Red,0,0.0,0.5197054302692413,1615.1274100011506,False,graphrag,2
WebQTest-303,where did margaret hoover go to college,Bryn Mawr College,"Hood College To answer the question ""Where did Margaret Hoover go to college?"", we need to identify the relevant information from the",0,0.15384615384615385,0.3361845351755619,1644.047165002121,False,graphrag,0
WebQTest-304,what is jamie oliver children names,Poppy Honey Rosie Oliver,Jamie Oliver does not have any children mentioned in the subgraph. The subgraph contains information about fictional characters and other individuals,0,0.08,0.471453168325954,1629.7701859984954,False,graphrag,0
WebQTest-305,where does bradley walsh live,Los Angeles,The information provided does not contain any details about Bradley Walsh's place of residence. The subgraph only mentions a person named,0,0.0,0.38292860984802246,1637.4176949975663,False,graphrag,0
WebQTest-306,who is the head coach of inter milan,Walter Mazzarri,"The given subgraph does not contain any information about the head coach of Inter Milan. Therefore, I cannot answer this question",0,0.0,0.2895704554884057,1626.5423469994857,False,graphrag,0
WebQTest-308,who did reese witherspoon get married to,Jim Toth,"The information provided in the subgraph does not contain any details about Reese Witherspoon's marriage. Therefore, I cannot",0,0.0,0.2725531675598838,1699.0560929989442,False,graphrag,0
WebQTest-310,what kind of money should i take to costa rica,Costa Rican colón,"The subgraph does not provide information about the currency used in Costa Rica. Based on general knowledge, you should take Costa",0,0.14814814814814814,0.4904877468943596,1607.3095600004308,False,graphrag,0
WebQTest-311,where is the ufc headquarters,Las Vegas,"The subgraph does not explicitly mention the headquarters of the UFC organization. Based on the information provided, we can infer that",0,0.0,0.38369840011000633,1628.9177050020953,False,graphrag,0
WebQTest-312,who plays captain kirk in star trek,William Shatner,The given subgraph does not contain any information about who plays Captain Kirk in Star Trek. The provided data only lists actors,0,0.0,0.4020394970973333,1618.6374190001516,False,graphrag,0
WebQTest-313,who does albert pujols play for 2012,Scottsdale Scorpions,"None of the individuals mentioned in the subgraph are Albert Pujols, and there is no information about his team in",0,0.08000000000000002,0.2711350392727625,1642.8457610018086,False,graphrag,0
WebQTest-314,what kind of government is sweden,Parliamentary system,"Parliamentary system, Representative democracy",0,0.6666666666666666,0.8750977619834568,1653.6551790013618,False,graphrag,0
WebQTest-315,where was country singer george jones born,Saratoga,The subgraph does not provide information about George Jones' birthplace. It only mentions a person named Donell Jones but,0,0.0,0.46868568972537394,1611.7438670007687,False,graphrag,0
WebQTest-316,what did shakespeare become famous for,Author,"Playwright, Author, Lyricist, Poet",0,0.4,0.5510369100991417,903.7962510010402,False,graphrag,2
WebQTest-317,where does russia import from,Uzbekistan,"The given subgraph does not provide information about Russia's imports or trading partners. Therefore, I cannot determine where Russia imports",0,0.0,0.5269667173133177,1578.2460929985973,False,graphrag,0
WebQTest-318,what is the money of switzerland called,Swiss franc,Euro,0,0.0,0.46955746882840205,1628.107747001195,False,graphrag,0
WebQTest-321,what do people in australia speak,Esperanto Language,English Language,1,1.0,0.4904616737365723,1612.5059610021708,False,graphrag,5
WebQTest-322,what has ian somerhalder acted in,Pulse,"'Vampire Diaries' Ian Somerhalder has acted in 'Vampire Diaries'. The statement ""Ian",0,0.14285714285714285,0.39732333024342853,1625.0932670009206,False,graphrag,0
WebQTest-323,what movies did ron howard director,The Da Vinci Code,None,0,0.0,0.42365163667448635,1616.811673000484,False,graphrag,0
WebQTest-326,what did gerald r ford die from,Cardiovascular disease,Cardiovascular disease,1,1.0,0.544158086180687,1645.492796000326,False,graphrag,1
WebQTest-327,what two continents is turkey on,Europe,"Europe, Asia",0,0.6666666666666666,0.5904572332898775,432.7829149988247,False,graphrag,3
WebQTest-328,where did kevin love go to college,"University of California, Los Angeles","The subgraph does not provide information about Kevin Love or his educational background. Therefore, it is not possible to determine where",0,0.0,0.3890127204358578,1638.5852999992494,False,graphrag,0
WebQTest-329,what type of government was formed when italy unified,Unitary state,Unitary state,1,1.0,0.5232432881991068,1579.9780289999035,False,graphrag,2
WebQTest-331,where was the temple of karnak built,Luxor Governorate,"Egypt To determine the location of the Temple of Karnak, we need to look for information related to its construction or association",0,0.08695652173913045,0.3249636501073837,1636.278134999884,False,graphrag,0
WebQTest-333,what movies did morgan freeman star in,High Crimes,"None of the movies starred by Morgan Freeman are mentioned in the provided subgraph. The subgraph mentions Brian James Freeman,",0,0.3,0.4126065393974041,1647.222128998692,False,graphrag,0
WebQTest-334,who did john kennedy have affairs with,Marilyn Monroe,An American Affair,0,0.0,0.6038452863693238,1675.6699809993734,False,graphrag,0
WebQTest-335,what type of money to take to cuba,Cuban peso,United States Dollar,0,0.0,0.5195165309641097,1601.5038169971376,False,graphrag,0
WebQTest-336,what currency should you take to morocco,Moroccan dirham,"Moroccan Dirham To answer the question based on the provided triples, we need to identify the currency used in Morocco. However",0,0.17391304347826084,0.5268498472869396,1580.3558859988698,False,graphrag,0
WebQTest-337,who is mary mcleod bethune for kids,Educator,Mary McLeod Bethune is not mentioned in the provided subgraph. The subgraph contains information about other individuals and their,0,0.0,0.38376832008361816,1626.2859880007454,False,graphrag,0
WebQTest-338,what do they call money in japan,Japanese yen,Currency,0,0.0,0.461400724592663,1615.893086000142,False,graphrag,0
WebQTest-339,what nationality is mother teresa,Ottoman Empire,Mother Teresa's nationality is not mentioned in the provided subgraph.,0,0.0,0.47361276992436113,1638.678097002412,False,graphrag,0
WebQTest-340,who is richard pryor son,Steven Pryor,None of the individuals in the provided triples are named Richard Pryor or have any information related to being Richard Pryor's,0,0.28571428571428575,0.3661481792276556,1633.5873249990982,False,graphrag,0
WebQTest-341,what countries share borders with spain,France,"Romania, Netherlands",0,0.0,0.515238222621736,1620.5392129995744,False,graphrag,0
WebQTest-342,what countries have english as their official language,Sudan,"United Kingdom, Canada, Bermuda, Bahamas, Belize, New Zealand, Cayman Islands, Scotland, Wales, Republic of",0,0.25,0.7595757097005844,1595.3716709991568,False,graphrag,0
WebQTest-343,what international organizations is china part of,G-20 major economies,World Trade Organization,0,0.4,0.536138512518095,1653.264920998481,False,graphrag,0
WebQTest-344,what county is west st paul in,Dakota County,"Polk County To answer the question ""What county is West St Paul in?"" based on the provided triples, we need",0,0.16666666666666669,0.4867235166685922,1627.059336999082,False,graphrag,0
WebQTest-346,who does donnie wahlberg play in the sixth sense,Vincent Grey,"Donnie Wahlberg does not appear in ""The Sixth Sense."" The subgraph provided does not contain any information related to",0,0.0,0.36711934033562155,1670.495738999307,False,graphrag,0
WebQTest-347,what did baron de montesquie influence,William Blackstone,"Thomas Jefferson, Isaiah Berlin, Georg Wilhelm Friedrich Hegel, John Adams, James Madison, Thomas Paine, René",0,0.4210526315789474,0.6424287930130959,1633.9067139997496,False,graphrag,0
WebQTest-349,who did carlos boozer play for,Cleveland Cavaliers,"The provided subgraph does not contain any information about Carlos Boozer or his teams. Therefore, it's impossible to answer",0,0.0,0.3274854537513521,1643.9950480016705,False,graphrag,0
WebQTest-351,who owns the portland press herald,"Blethen Maine Newspapers, Inc.","The information provided in the subgraph does not mention the Portland Press Herald or its owner. Therefore, I cannot determine the",0,0.0,0.4004346960120731,1654.2341019994637,False,graphrag,0
WebQTest-352,what did albert speer design,Deutsches Stadion,"The provided subgraph does not contain any information about Albert Speer or his designs. Therefore, based on the given information",0,0.0,0.40488649115842934,1635.5723540000326,False,graphrag,0
WebQTest-354,what art movement did leonardo da vinci belong to,High Renaissance,None,0,0.0,0.4645827097051284,1630.6263459991897,False,graphrag,0
WebQTest-356,what airport is near arlington tx,Arlington Municipal Airport,There is no airport near Arlington TX mentioned in the provided subgraph. The closest location with an airport mentioned is Arlington County,0,0.28571428571428575,0.5761265719638151,1625.7030119995761,False,graphrag,0
WebQTest-359,what team does heskey play for,Aston Villa F.C.,"The subgraph does not provide any information about a player named Heskey or his team. Therefore, there is no",0,0.0,0.43953849499424297,1656.0683820025588,False,graphrag,0
WebQTest-360,where did emperor hirohito live,"Aoyama, Minato, Tokyo","Japan To determine where Emperor Hirohito lived, we need to look for information related to him in the provided triples.",0,0.0,0.34358813365300495,1651.8787569984852,False,graphrag,0
WebQTest-361,what to do and see in vienna austria,Liechtenstein Museum,"The provided triples do not contain specific information about what to do and see in Vienna, Austria. The triples mainly describe events",0,0.08333333333333334,0.6043326679398032,1626.3889910005673,False,graphrag,0
WebQTest-362,when did conflict start in ireland,Irish Confederate Wars,The subgraph does not provide a specific start date for the Ottoman–Portuguese conflicts or any other conflicts in Ireland,0,0.17391304347826086,0.48755623400211334,1656.898233002721,False,graphrag,0
WebQTest-365,what is there to do in peoria illinois,John C. Flanagan House Museum,"The given subgraph does not provide specific information about activities or attractions in Peoria, Illinois. To accurately answer the question",0,0.09090909090909091,0.3997998647391796,1641.1054929994862,False,graphrag,0
WebQTest-366,what language do british speak,Esperanto Language,English Language,1,1.0,0.6799791852633158,1634.714225998323,False,graphrag,0
WebQTest-367,what makes elvis presley famous,Musician,Actor,1,1.0,0.5637543131323421,1643.9038170028653,False,graphrag,0
WebQTest-370,what language do people speak in the netherlands,Dutch Language,Dutch-American,0,0.5,0.5926402596866384,1628.7443530018209,False,graphrag,0
WebQTest-371,what are the major languages spoken in greece,Greek Language,Greek Language,1,1.0,0.5614086157745786,1606.206928001484,False,graphrag,2
WebQTest-374,what type of artist is henri matisse,Painting,"The subgraph provided does not contain any information about Henri Matisse or his type of artistic profession. Therefore, I",0,0.0,0.4810108244419098,1693.860183000652,False,graphrag,0
WebQTest-375,what was the first book charles dickens wrote,Oliver Twist,"The information provided does not specify the first book Charles Dickens wrote. Based on the given triples, we only know that Charles",0,0.0,0.541897620025434,1645.1884279995284,False,graphrag,0
WebQTest-376,what books did agatha christie wrote,Death On The Nile (Hercule Poirot Mysteries (Paperback)),"Bech at Bay Published & Perished: Memoria, Eulogies & Remembrances of American Writers To",0,0.25,0.5410670340061188,1649.5947410003282,False,graphrag,0
WebQTest-377,what school did michael jordan attend,University of North Carolina at Chapel Hill,"The provided subgraph does not contain any information about Michael Jordan or the schools he attended. Therefore, I cannot determine which",0,0.0,0.5433696368161369,1651.7938939978194,False,graphrag,0
WebQTest-379,what year does hitler die,1945-04-30,"The given subgraph does not contain any information about Hitler's death year. To accurately answer this question, we would need",0,0.0,0.34605271990100545,1651.970599003107,False,graphrag,0
WebQTest-380,where is mount st helens volcano,North America,"The provided subgraph does not contain any information about Mount St. Helens volcano. Therefore, I cannot answer the question",0,0.0,0.34829657998951996,1628.4131500033254,False,graphrag,0
WebQTest-381,what shows are shot in new york,Trial Heat,"American Gangster, Sicko, Once Upon A Time in Brooklyn, Guilty Pleasures Reality TV Showdown: '",0,0.0,0.4358798977401521,1647.4709819995041,False,graphrag,0
WebQTest-382,what book did tupac write,The Rose That Grew from Concrete,None of the provided triples indicate that Tupac Shakur wrote a book. The information given shows that Tupac Shakur,0,0.2580645161290323,0.5615220954020818,1725.0602160020208,False,graphrag,0
WebQTest-383,what language do chinese people write in,Simplified Chinese character,English Language,0,0.0,0.5153192931955511,1582.004264000716,False,graphrag,0
WebQTest-384,what was robert burns famous for,Bard,Robert Burns is not mentioned in the provided subgraph. The correct name based on the context might be Ambrose Burnside,0,0.0,0.4903930760920048,1646.6506859978836,False,graphrag,0
WebQTest-385,when did william mckinley died,1901-09-14,"The subgraph does not provide information about the date of William McKinley's death. Therefore, I cannot determine when he",0,0.0,0.5472886316916522,1650.2870899967093,False,graphrag,0
WebQTest-386,how deep is lake merritt oakland,3.048,Lake Merritt in Oakland has no specified depth in the given triples. The subgraph does not contain any information about the,0,0.0,0.426201953607447,1615.7021789986175,False,graphrag,0
WebQTest-388,what are the important holidays of islam,Mawlid,"Martin Luther King, Jr. Day is not an important holiday of Islam. The subgraph does not provide information about important",0,0.1739130434782609,0.4058320689946413,1627.2950499987928,False,graphrag,0
WebQTest-389,what type of music did claude debussy play,Incidental music,classical,0,0.6666666666666666,0.46494565355150325,1663.604736000707,False,graphrag,0
WebQTest-390,when was the last time the toronto maple leafs were in the stanley cup finals,1967 Stanley Cup Finals,"The provided subgraph does not contain any information about the Toronto Maple Leafs or their Stanley Cup Finals appearances. Therefore, I",0,0.24,0.285272536908879,1648.939375001646,False,graphrag,0
WebQTest-392,what team is hank baskett on 2010,Indianapolis Colts,The subgraph does not provide information about Hank Baskett or his team in 2010. There is,0,0.0,0.38159260153770447,1655.0021469993226,False,graphrag,0
WebQTest-393,what are the two official languages of paraguay,Spanish Language,"The subgraph does not contain information about Paraguay's official languages. Therefore, I cannot provide an answer based on the",0,0.0,0.5663532332370156,1580.4913609972573,False,graphrag,1
WebQTest-395,what state is the steelers from,Pittsburgh,Pennsylvania,0,0.0,0.45875055467089015,1658.3443400013493,False,graphrag,9
WebQTest-396,what college did sir isaac newton go to,"Trinity College, Cambridge","The provided triples do not contain information about which college Isaac Newton attended. Therefore, I cannot answer the question based on the",0,0.08,0.5280311938963438,1634.2968170029053,False,graphrag,0
WebQTest-397,what are the school colors for harvard university,Crimson,Scarlet and White,0,0.0,0.6670304329498954,1635.3170519978448,False,graphrag,0
WebQTest-398,where is the university of the rockies located,Colorado,"The University of the Rockies is not mentioned in the provided subgraph. Therefore, I cannot determine its location from this information",0,0.08,0.43912843987345695,1646.532489998208,False,graphrag,2
WebQTest-399,what disease does robin roberts have,Breast cancer,There is no direct statement in the provided triples that Robin Roberts has a specific disease. The subgraph indicates Robin Roberts',0,0.0,0.45030326121731806,1636.8308680030168,False,graphrag,0
WebQTest-400,what was the capital city of the east roman empire,Constantinople,Constantinople,1,1.0,0.4387654003344084,1607.2929489964736,False,graphrag,0
WebQTest-401,who plays edward scissorhands,Johnny Depp,"The knowledge-graph provided does not contain any information about who plays Edward Scissorhands. Therefore, I cannot determine the answer",0,0.0,0.37743580010202193,1614.6364490014093,False,graphrag,0
WebQTest-402,what does joey jordison play in slipknot,Drums,"The subgraph provided does not contain any information about Joey Jordison or Slipknot. Therefore, it is not possible",0,0.0,0.3055957871324876,1621.310110000195,False,graphrag,0
WebQTest-403,what kind of language does turkey speak,Ladino Language,"Turoyo Language, Akkadian language, and Turkish (implied) Based on the subgraph, Turo",0,0.4,0.5435355573892593,1620.686336998915,False,graphrag,0
WebQTest-404,what was lebron james first team,Cleveland Cavaliers,"The subgraph does not contain any information about Lebron James or his first team. Therefore, the question cannot be answered",0,0.0,0.3431373678502582,1645.4609349966631,False,graphrag,0
WebQTest-405,who fought the battle of gettysburg,Confederate States of America,"10th Louisiana Infantry, 14th Louisiana Infantry Regiment, 15th Louisiana Infantry Regiment, and",0,0.0,0.581297118216753,1705.6199549988378,False,graphrag,10
WebQTest-406,who is the coach of the sf giants,Bill Hayes,"The subgraph does not contain information about the coach of the San Francisco Giants. Therefore, I cannot determine who that coach",0,0.0,0.3663694645677294,1651.8208739980764,False,graphrag,0
WebQTest-408,who was the first president of the afl,Bud Adams,"The subgraph provided does not contain any information about the first president of the AFL (American Football League). Therefore, I",0,0.0,0.33090588607286153,1603.6406649982382,False,graphrag,0
WebQTest-409,where did giuliana rancic grow up,Naples,"The given subgraph does not contain any information about Giuliana Rancic or her place of growth. Therefore, the",0,0.0,0.3474473595619202,1636.3767419970827,False,graphrag,0
WebQTest-410,what are the major cities in ukraine,Kiev,"The subgraph provided does not contain any information about Ukraine or its major cities. Therefore, I cannot answer the question based",0,0.0,0.41419991693998637,1583.4872920022462,False,graphrag,0
WebQTest-414,who does brian dawkins play for 2011,Denver Broncos,"Based on the provided subgraph, there is no information about Brian Dawkins or his team in the 201",0,0.0,0.28902848152553334,1702.6006699998106,False,graphrag,0
WebQTest-415,what movies did tupac star in,Juice,Thug Angel: The Life of an Outlaw,0,0.2,0.5566702783107758,1716.3922649997403,False,graphrag,0
WebQTest-416,what form of currency does china have,Renminbi,Currency Used,0,0.0,0.4578050088882446,1588.8027759974648,False,graphrag,0
WebQTest-417,who plays kenneth,Jack McBrayer,"Kenneth Edwards, Duffy, Dave Hollister, Kenneth Parkinson, Kenneth Farnum, Kenneth Waltz, Kenneth O.",0,0.0,0.46282434814116535,1614.9642830023367,False,graphrag,0
WebQTest-418,what league are the indianapolis colts in,AFC South,"The information provided does not contain any details about the Indianapolis Colts or their league. Therefore, I cannot answer this specific question",0,0.08,0.3250852950981685,1626.1221309978282,False,graphrag,0
WebQTest-419,what country did magellan represent,Kingdom of Portugal,"The provided subgraph does not contain any information about Magellan or the country he represented. Therefore, I cannot answer this",0,0.0,0.4161955024066724,1631.2750199977017,False,graphrag,0
WebQTest-420,where is perpignan located,France,"The subgraph does not contain any information about Perpignan's location. Therefore, I cannot answer this question based",0,0.0,0.32692380249500275,1655.2275939975516,False,graphrag,0
WebQTest-421,who did kim richards marry,G. Monty Brinson,Kim Sears,0,0.0,0.41111289896070957,1731.2024689999816,False,graphrag,0
WebQTest-422,what happened in bosnia in the 90s,Foča massacres,The subgraph does not contain any information about events that happened in Bosnia in the 90s. The provided triples,0,0.21428571428571427,0.4371529718240102,1661.1357510009839,False,graphrag,0
WebQTest-423,when 's the last time the steelers won the superbowl,Super Bowl XLIII,"The subgraph does not contain any information about the Steelers winning the Super Bowl or related details. Therefore, I cannot determine",0,0.16666666666666666,0.3361161470413208,1684.8712360006175,False,graphrag,0
WebQTest-425,where english is spoken,Nigeria,"England, United Kingdom, New Zealand",0,0.5714285714285715,0.7595036836231456,1610.2069279986608,False,graphrag,0
WebQTest-426,where is giza pyramids located,Egypt,"Giza Governorate, Egypt",0,0.5,0.47772367881691974,1631.1850800011598,False,graphrag,1
WebQTest-427,what is the zip code for midland tx,79701,"The provided subgraph does not contain any information about Midland, TX or its zip code. Therefore, I cannot determine",0,0.0,0.42998685985803603,1658.895106997079,False,graphrag,0
WebQTest-428,what states make up the midwest us,Ohio,"Indiana, East North Central States, West North Central States, Ohio, Illinois, Michigan, Nebraska, Missouri, Kansas,",0,0.6363636363636364,0.6756966086951169,1614.6119959994394,False,graphrag,5
WebQTest-430,what instruments does justin bieber use,Vocals,"None of the provided triples mention any specific instruments used by Justin Bieber. The information given focuses on his professions, genres,",0,0.0,0.5626777741644118,1617.5217380005051,False,graphrag,0
WebQTest-431,what language does australians speak,Esperanto Language,English Language,1,1.0,0.4987456337972121,1669.7804909999832,False,graphrag,0
WebQTest-432,who did annie oakley married,Frank E. Butler,There is no information in the provided subgraph about Annie Oakley's marital status or spouse. The subgraph primarily contains,0,0.0,0.2899825111031532,1639.383600999281,False,graphrag,0
WebQTest-433,who has played lex luthor,Kevin Spacey,"The information provided does not include any details about who has played Lex Luthor. Therefore, I cannot determine the answer from",0,0.0,0.38107322562824597,1618.9217589999316,False,graphrag,0
WebQTest-434,where does the zambezi river start,Mwinilunga,"The subgraph does not contain any information about the Zambezi River. Therefore, I cannot answer where the Zambe",0,0.0,0.5184164957867728,1622.8435750017525,False,graphrag,0
WebQTest-436,what is the nigeria time,West Africa Time Zone,"The subgraph does not provide information about Nigeria's time zone. Based on the given triples, there is no direct mention",0,0.16,0.64583520591259,1630.4026569996495,False,graphrag,0
WebQTest-437,where did they find jenni rivera 's body,Iturbide,"The subgraph does not contain any information about Jenni Rivera or her body. Therefore, I cannot answer the question based",0,0.0,0.36941488459706306,1642.1152300026733,False,graphrag,0
WebQTest-438,what university did romney graduated from,Brigham Young University,"The subgraph does not provide information about the specific university George W. Romney graduated from. Based on the given triples,",0,0.08695652173913045,0.4597030124243568,1668.6577330001455,False,graphrag,0
WebQTest-439,where is the time zone line in south dakota,Mountain Time Zone,"Central Time Zone, Mountain Time Zone To answer the question ""Where is the time zone line in South Dakota?"" based on",0,0.5,0.6420279562473297,1616.7149649991188,False,graphrag,2
WebQTest-440,where is jason mraz from,Mechanicsville,"Jamaica To answer the question ""Where is Jason Mraz from?"" based on the provided triples, we need to identify the",0,0.0,0.44479329796398387,1662.0545169971592,False,graphrag,0
WebQTest-441,what killed john bonham,Inhalation of vomit,"The subgraph does not contain any information about John Bonham or his cause of death. Therefore, it is impossible to",0,0.08695652173913045,0.3419351547956467,1661.1897360016883,False,graphrag,0
WebQTest-442,what industry does walmart operate in,Retail,"Retail To answer the question based on the provided triples, we would need a triple that directly links Walmart to an industry.",0,0.08695652173913045,0.36528015285730364,1633.426183998381,False,graphrag,1
WebQTest-443,what county is texarkana arkansas in,Miller County,Dallas County,0,0.5,0.5393560094137987,1647.4797629998648,False,graphrag,0
WebQTest-446,what music period did beethoven live in,Opera,Classical and Romantic periods,0,0.3333333333333333,0.4704541823138361,519.0849309983605,False,graphrag,0
WebQTest-447,what did laura ingalls wilder wrote,Going West (My First Little Houe Books),"The subgraph does not contain any information about Laura Ingalls Wilder or her writings. Therefore, I cannot provide an",0,0.2962962962962963,0.3794084548950195,1670.925177000754,False,graphrag,0
WebQTest-448,what type of government system does italy have,Unitary state,Unitary state,1,1.0,0.6088442616164684,443.46547199893394,False,graphrag,2
WebQTest-449,what did john irving wrote,A Prayer for Owen Meany,"Set your compass true : the wisdom of John, Robert, & Edward Kennedy: reflections on leading an inspired life",0,0.1818181818181818,0.41691508144140244,1682.4961840029573,False,graphrag,0
WebQTest-450,what is the national flower of hawaii,Hawaiian hibiscus,m.0hz8zdj,0,0.0,0.41267535587151843,1628.7118179971003,False,graphrag,0
WebQTest-451,what did alice paul accomplish,Organization founder,"The subgraph does not provide any information about Alice Paul's accomplishments. There is a person named Alice Lee mentioned, but",0,0.0,0.48481746656554087,1647.7598669989675,False,graphrag,0
WebQTest-453,what languages do they speak in costa rica,Bribri Language,"Jamaican Creole English Language, Spanish Language",0,0.9090909090909091,0.5992997006366128,1578.6918449994118,False,graphrag,0
WebQTest-454,where did hank marvin come from,Newcastle upon Tyne,"Washington, D.C.",0,0.0,0.4652305208146572,1640.8033389998309,False,graphrag,0
WebQTest-455,when did chipper jones get drafted,1990 Major League Baseball Draft,"The provided subgraph does not contain any information about Chipper Jones or his draft date. Therefore, I cannot answer the",0,0.08000000000000002,0.358217203989625,1600.9076109985472,False,graphrag,0
WebQTest-456,what part did winona ryder play in star trek,Amanda Grayson,"The information provided does not contain any details about Winona Ryder's role in Star Trek. Based on the given triples,",0,0.0,0.298254442485896,1666.8332750014088,False,graphrag,0
WebQTest-459,where did jovan belcher kill himself,Kansas City,"The subgraph does not contain any information about Jovan Belcher or his cause or place of death. Therefore, I",0,0.0,0.2953861089129197,1658.5825869988184,False,graphrag,0
WebQTest-461,where did clay matthews go to school,University of Southern California,The subgraph does not provide information about Clay Matthews going to any specific school. It only mentions Stanley Matthews' place of,0,0.08333333333333333,0.3343650798002879,1636.4982689992758,False,graphrag,0
WebQTest-462,what time is it in texas houston right now,Central Time Zone,Central Time Zone,1,1.0,0.5559843563371234,1596.5404249982384,False,graphrag,1
WebQTest-463,who is princess leia in star wars,Carrie Fisher,Ligeia,0,0.0,0.27224371554674925,1656.5945580005064,False,graphrag,0
WebQTest-464,what is the political structure of china,Single-party state,Representative democracy,0,0.0,0.47078158316158114,1647.1320099990407,False,graphrag,0
WebQTest-465,what is new york city airport,Newark Liberty International Airport,There is no New York City airport mentioned in the provided subgraph. The closest related information is that New York City is,0,0.08333333333333334,0.4853013277053833,1638.4961100011424,False,graphrag,0
WebQTest-466,what language brazil speak,Brazilian Portuguese,"Portuguese Language, Italian Language",0,0.8571428571428571,0.6339551863216218,537.7674180017493,False,graphrag,0
WebQTest-467,who played obi wan in episode 2,Ewan McGregor,None of the individuals mentioned in the subgraph are associated with playing Obi-Wan Kenobi or appearing in any Star,0,0.0,0.2978881895542145,1625.8465020000585,False,graphrag,0
WebQTest-468,where did venus williams come from,Lynwood,"Jamaica To answer the question ""Where did Venus Williams come from?"" based on the provided triples, we would need information linking",0,0.0,0.4349844473249772,1605.7292600016808,False,graphrag,0
WebQTest-469,what currency is used in panama,Panamanian balboa,"Panama uses the Panamanian balboa as its currency. However, based on the provided triples, there is no information",0,0.19999999999999998,0.7817610129714012,1616.13248499998,False,graphrag,0
WebQTest-470,where does the zambezi river originate,Mwinilunga,"The subgraph does not contain any information about the Zambezi River. Therefore, I cannot answer where the Zambe",0,0.0,0.5269293628240886,1621.7460010011564,False,graphrag,0
WebQTest-472,what team did ronaldo play for in 2003,Real Madrid C.F.,The given subgraph does not contain any information about Ronaldo or his team in 2003. There is a,0,0.0909090909090909,0.351831070250935,1647.0622890010418,False,graphrag,0
WebQTest-473,where does robin williams live 2011,San Francisco,The subgraph does not provide information about Robin Williams' place of residence in 2011. It only mentions,0,0.0,0.35897091693348354,1638.2265020001796,False,graphrag,0
WebQTest-474,who played jacob black in twilight,Taylor Lautner,"Jacob Michael Kunkel To determine who played Jacob Black in ""The Twilight Saga: Breaking Dawn - Part 1,""",0,0.0,0.4152886096168967,1658.317684999929,False,graphrag,0
WebQTest-477,which airport to fly into in buenos aires,Aeroparque Jorge Newbery,There is no airport mentioned in the subgraph that serves Buenos Aires. The subgraph only mentions airports and their services to,0,0.08333333333333333,0.5143052651123567,1616.9062990011298,False,graphrag,0
WebQTest-479,what team did adrian peterson play for in college,University of Oklahoma,"The subgraph provided does not contain any information about Adrian Peterson or his college team. Therefore, I cannot answer the question",0,0.0,0.3617502169476615,1624.5161830011057,False,graphrag,0
WebQTest-480,where does name pennsylvania come from,William Penn,"The name Pennsylvania comes from Latin, meaning ""Penn's Wood"" or ""Penn's Forest,"" honoring William Penn, the",0,0.3636363636363636,0.506792531201714,1639.6297130013409,False,graphrag,0
WebQTest-481,what kind of money do they use in germany,Euro,Euro,1,1.0,0.5616213418543339,329.75699300004635,False,graphrag,1
WebQTest-482,who plays blaine in batman,Tom Hardy,Joe R. Lansdale,0,0.0,0.33470743894577026,1644.6062240029278,False,graphrag,0
WebQTest-484,what language does australia use,Esperanto Language,English Language,1,1.0,0.5720609393384721,1611.3185719987086,False,graphrag,4
WebQTest-487,who did veronica lake mary,Joseph A. McCarthy,No one,0,0.0,0.38349023275077343,1673.6914969987993,False,graphrag,0
WebQTest-488,who did sir francis drake marry,Elizabeth Sydenham,"m.0j4ks8g To determine who Sir Francis Drake married, we need to look at the information provided",0,0.0,0.36825066059827805,1701.9966199986811,False,graphrag,0
WebQTest-489,who plays stephanie plum in one for the money,Katherine Heigl,Stephanie Plum is not played by any of the individuals mentioned in the provided knowledge graph. The graph does not contain information about,0,0.0,0.31242294430732725,1646.0492990008788,False,graphrag,0
WebQTest-490,what did the ancient romans speak,Latin Language,Latin Language,1,1.0,0.4039383590221405,1623.7302420013293,False,graphrag,1
WebQTest-491,what does ringo sing,Love Me Do,"The subgraph provided does not contain any information about Ringo Starr or his singing. Therefore, based on the given data",0,0.23076923076923075,0.35264739744803486,1632.089573002304,False,graphrag,0
WebQTest-492,where was st. lucy born,Syracuse,"Not enough information provided To answer the question ""where was St. Lucy born?"" based on the given triples, there is",0,0.0,0.5758422315120697,1621.594512998854,False,graphrag,0
WebQTest-493,what type of government does australia have,Parliamentary system,"Parliamentary system, Federal monarchy, Constitutional monarchy",0,0.6666666666666666,0.7239223122596741,732.4243479997676,False,graphrag,2
WebQTest-497,who was the father of king george vi,George V,Edward VIII of the United Kingdom,0,0.0,0.38016040027141573,1654.8854329994356,False,graphrag,0
WebQTest-500,what is the zip code for trenton,08607,New Jersey is not mentioned in the subgraph with any specific zip code for Trenton. The only location and postal codes,0,0.0,0.4544615632011777,1680.2556219990947,False,graphrag,0
WebQTest-501,what has ashley greene been in,King of California,Singer-songwriter,0,0.0,0.4831062275916338,1594.9145039994619,False,graphrag,0
WebQTest-502,where did al qaeda attack,September 11 attacks,"The provided subgraph does not contain any information about Al Qaeda attacks. Therefore, based on the given data, it's",0,0.08695652173913045,0.40171659290790557,1582.4934100019163,False,graphrag,0
WebQTest-503,what language is spoken in switzerland,French,French,1,1.0,0.7107335329055786,1635.5438610007695,False,graphrag,2
WebQTest-504,who was philip in acts chapter 8,Apostle Philip,Philip is mentioned in Acts chapter 8 as a key figure in the early Christian narrative. He is described as a de,0,0.08333333333333334,0.3595127075910568,1677.4195399993914,False,graphrag,0
WebQTest-506,what the time zone in england,Greenwich Mean Time Zone,Greenwich Mean Time Zone,1,1.0,0.8035831823945045,479.94763899987447,False,graphrag,1
WebQTest-508,what is the best currency to take to turkey,Turkish lira,Euro,0,0.0,0.5095236950060901,1599.7851439969963,False,graphrag,0
WebQTest-509,what system of government is practiced in nigeria,Presidential system,Parliamentary system,0,0.5,0.5959609001874924,1652.383482996811,False,graphrag,0
WebQTest-512,who were mary shelley,Author,"Mary Shelley was a Novelist, Author, Playwright, Writer, Editor, and Essayist from the United Kingdom.",0,0.125,0.6802294955534094,1622.5369189996854,False,graphrag,2
WebQTest-513,what language do most australians speak,Esperanto Language,English Language,1,1.0,0.45614019393920896,1643.972735000716,False,graphrag,17
WebQTest-514,where is denmark situated,Scandinavia,"Denmark is situated in Northern Europe, Scandinavia, and the Nordic countries, and it is part of Europe and Eurasia",0,0.1904761904761905,0.7124436140060425,1609.3508209996799,False,graphrag,4
WebQTest-515,where was teddy roosevelt 's house,"Washington, D.C.","Washington, D.C. The subgraph does not provide information about Theodore Roosevelt's specific house, but it states that the",0,0.2608695652173913,0.4807404149323702,1625.3813879993686,False,graphrag,6
WebQTest-516,what is the government system of malaysia,Parliamentary system,The government system of Malaysia is not mentioned in the provided subgraph. The subgraph only lists countries with a parliamentary system,0,0.25,0.6308264955878258,1636.574453998037,False,graphrag,10
WebQTest-517,what do people speak in canada,Lojban,"English Language, Scots Language, Scottish Gaelic, Canadian English, German Language, Old English",0,0.6666666666666666,0.6095249339153892,1617.1317950029334,False,graphrag,0
WebQTest-518,what type of money do they use in costa rica,Costa Rican colón,United States Dollar,0,0.0,0.5342581998556852,1601.0435950011015,False,graphrag,0
WebQTest-519,what timezone is nashville tn,Central Time Zone,Eastern Time Zone,0,0.6666666666666666,0.6070335592542376,407.77499599789735,False,graphrag,2
WebQTest-521,who was anakin skywalker,Ted Bracewell,"The subgraph does not contain any information about Anakin Skywalker. Therefore, I cannot answer this question based on the provided",0,0.0,0.3705418694477815,1637.6789869973436,False,graphrag,0
WebQTest-522,where did adolf hitler die,Berlin,Berlin,1,1.0,0.41006286991269963,1608.615777000523,False,graphrag,1
WebQTest-523,what is the largest nation in europe,Russia,Russia,1,1.0,0.5036349482834339,1589.4612960000813,False,graphrag,0
WebQTest-524,where was the first gulf war fought,Israel,"The Gulf War was not explicitly mentioned to be fought in a specific location in the given subgraph. However, based on",0,0.08695652173913042,0.48927292600274086,1642.0058750009048,False,graphrag,0
WebQTest-525,who are the senators of virginia 2013,Jim Webb,The provided triples do not contain information about Virginia senators in 2013. The subgraph only contains information about,0,0.0,0.4582166224718094,1667.2625459978008,False,graphrag,0
WebQTest-526,what band was george clinton in,Funkadellic,None of the provided triples indicate that George Clinton was in a specific band. The information given describes his involvement with various genres,0,0.14814814814814817,0.6156101562082767,1600.4297789986595,False,graphrag,0
WebQTest-527,what country borders slovakia,Ukraine,"Slovakia borders Czech Republic. However, based on the given triples, there is no direct information about countries bordering Slovakia.",0,0.1904761904761905,0.46813825123450337,1593.4009630000219,False,graphrag,0
WebQTest-528,what was james garfield most known for,US President,"The information provided does not contain any details about James Garfield's notable types or professions. Therefore, based on the given",0,0.0,0.4260644724494533,1627.6180509994447,False,graphrag,1
WebQTest-529,where did paula deen go to school,Albany High School,"The given subgraph does not contain any information about Paula Deen or her educational background. Therefore, it is not possible",0,0.0,0.38704619384728944,1663.8233760022558,False,graphrag,0
WebQTest-530,where does robert irvine come from,Salisbury,"The given subgraph does not contain any information about a person named Robert Irvine. Therefore, it is not possible to determine",0,0.0,0.3971172897588639,1639.3344429998251,False,graphrag,0
WebQTest-531,what style of music does michael jackson perform,Post-disco,"Dance music, Contemporary R&B, Rock music, Rhythm and blues, New jack swing, Pop music, Soul music",0,0.45454545454545453,0.6770829670131207,1600.023068000155,False,graphrag,0
WebQTest-532,what does david beckham play,Football,Soccer Player,0,0.0,0.39800446927547456,1627.4696180007595,False,graphrag,0
WebQTest-533,what does julian lennon do,Actor,"Based on the information provided in the subgraph, there is no direct statement about what Julian Lennon does. The subgraph",0,0.0,0.49055620326715355,1639.8185430007288,False,graphrag,5
WebQTest-534,what is the milwaukee brewers mascot,Bonnie Brewer,None of the triples in the provided subgraph mention the Milwaukee Brewers or their mascot. The subgraph focuses on various sports,0,0.0,0.33441511541604996,1616.4584590005688,False,graphrag,0
WebQTest-535,what is the second biggest state in the united states,Texas,Texas,1,1.0,0.4209629284298938,1615.933198001585,False,graphrag,6
WebQTest-537,what has charlie hunnam been in,Children of Men,"The subgraph provided does not contain any information about Charlie Hunnam or his roles. Therefore, based on the given data",0,0.16666666666666669,0.3709712754935026,1614.9688530022104,False,graphrag,0
WebQTest-538,what are all the movies taylor swift has been in,Valentine's Day,Taylor Swift has not been in any movies according to the provided subgraph. The subgraph mentions a concert at Philips Arena,0,0.21052631578947364,0.3794383539093865,1655.7514019987138,False,graphrag,0
WebQTest-540,what college did brett favre,University of Southern Mississippi,"The subgraph provided does not contain any information about Brett Favre or his college. Therefore, based on the given information",0,0.0,0.42341470159590244,1633.8532709996798,False,graphrag,0
WebQTest-542,where did alex chilton die,New Orleans,"The subgraph does not contain any information about Alex Chilton's place or date of death. Therefore, I cannot determine",0,0.0,0.28804059055718506,1646.0300540020398,False,graphrag,0
WebQTest-543,what college did martin luther king jr go to,Morehouse College,The provided triples do not contain information about which college Martin Luther King Jr. attended. The subgraph focuses on locations and,0,0.08695652173913042,0.6561385132372379,1661.6982179984916,False,graphrag,0
WebQTest-545,what kind of cancer did farrah fawcett die of,Anal cancer,"The subgraph provided does not contain information about Farrah Fawcett or her cause of death. Therefore, I",0,0.0,0.35836504321349294,1668.6845629992604,False,graphrag,0
WebQTest-546,who is michael j fox 's wife,Tracy Pollan,The information provided in the subgraph does not contain any details about Michael J. Fox's wife. The subgraph mentions,0,0.0,0.35743314027786255,1598.1153559987433,False,graphrag,0
WebQTest-547,what money do i use in costa rica,Costa Rican colón,United States Dollar,0,0.0,0.5122589953243732,1587.500846999319,False,graphrag,0
WebQTest-548,what guitar did joe walsh play,Fender Stratocaster,"The provided subgraph does not contain any information about Joe Walsh or his guitar. Therefore, I cannot answer the question based",0,0.0,0.38310733573003247,1611.4265360010904,False,graphrag,0
WebQTest-549,what are the official languages of the eu,Swedish Language,"German Language, Polish Language, Swedish Language, Finnish Language, Portuguese Language",0,0.7499999999999999,0.5743562202704581,1584.3629090013565,False,graphrag,3
WebQTest-550,what is ryan seacrest radio show,American Top 40,"The subgraph does not contain any information about Ryan Seacrest or his radio show. Therefore, I cannot infer what",0,0.16666666666666666,0.4350283214679131,1602.4274900009914,False,graphrag,0
WebQTest-552,what language do most italians speak,Italian Language,Italian Language,1,1.0,0.5606161193414168,1624.6326309992583,False,graphrag,1
WebQTest-554,what money do they use in spain,Euro,Eurostat,0,0.0,0.5805816613137722,1680.1779089983029,False,graphrag,0
WebQTest-555,what did drew barrymore go to rehab for,Cocaine,"The subgraph does not contain any information about Drew Barrymore or her rehabilitation. Therefore, the question cannot be answered based",0,0.0,0.2815674673765898,1657.0961570032523,False,graphrag,0
WebQTest-556,when is saint george day celebrated,April 23,"Saint George Day is not directly mentioned in the provided triples, so I cannot determine its exact date from this information. The",0,0.0,0.49366629496216774,1638.5041309986264,False,graphrag,0
WebQTest-557,what government did the roman empire have,Autocracy,"The subgraph does not explicitly state the form of government of the Roman Empire. However, based on the information provided about",0,0.0,0.44871450846011823,1635.198751999269,False,graphrag,0
WebQTest-559,what instrument did robin gibb play,Vocals,The information provided does not mention Robin Gibb or any instrument he played. The subgraph focuses on Robin Thicke,0,0.0,0.39901154762820196,1613.2891480010585,False,graphrag,0
WebQTest-560,who voiced darth vader,Matt Lanter,m.0jv4w9,0,0.0,0.34608151763677597,1584.0295150010206,False,graphrag,0
WebQTest-561,when was abe lincoln president,Abraham Lincoln 1861 presidential inauguration,"Abraham Lincoln was president from 1861 to 1865. To determine this, I would need",0,0.3157894736842105,0.45952226780354977,1640.501669000514,False,graphrag,0
WebQTest-562,where are the texas rangers playing,Rangers Ballpark in Arlington,Philips Arena,0,0.0,0.41260764830642277,1577.6643019999028,False,graphrag,0
WebQTest-564,what is arkansas state capitol,Little Rock,Arkadelphia,0,0.0,0.5293457098305225,1634.7463900019648,False,graphrag,0
WebQTest-567,what is the zip code for nogales az,85621,"The provided subgraph does not contain any information about Nogales, AZ or its zip code. Therefore, I cannot",0,0.0,0.4393881611964282,1648.7410370027646,False,graphrag,0
WebQTest-568,when did michael vick start playing for the eagles,2009,"The given subgraph does not contain any information about Michael Vick or when he started playing for the Eagles. Therefore, I",0,0.0,0.3246922343969345,1680.7716279981832,False,graphrag,0
WebQTest-570,what is william taft famous for,Lawyer,William McKinley,0,0.0,0.6006055474281311,1672.7697599999374,False,graphrag,0
WebQTest-572,where did robin cook die,Inverness,The information provided does not contain any details about Robin Cook's place of death. The subgraph focuses on various individuals and,0,0.0,0.36652960379918414,1644.4525810002233,False,graphrag,0
WebQTest-573,where did melba beals live,Arkansas,"The subgraph does not provide information about Melba Beals or her place of residence. There is no mention of """,0,0.0,0.32800985434476065,1654.5178800006397,False,graphrag,0
WebQTest-575,who is louisiana state senator,Alexander Barrow,m.0gl5bs7,0,0.0,0.6769195935305428,1662.6937270011695,False,graphrag,0
WebQTest-576,what are the 7 countries that are part of central america,Panama,"Honduras, Guatemala, Belize, Costa Rica, El Salvador, Nicaragua, Dominica",0,0.3636363636363636,0.6148707938194274,1578.691971997614,False,graphrag,0
WebQTest-577,where did derek fisher go to college,University of Arkansas at Little Rock,The information provided in the subgraph does not contain any details about Derek Fisher's college education. The subgraph mentions Fisher,0,0.0,0.3716922156951007,1635.2335369992943,False,graphrag,0
WebQTest-578,who was kobe bryant drafted by,Charlotte Hornets,"The subgraph provided does not contain any information about Kobe Bryant or his draft details. Therefore, based on the given information",0,0.0,0.3277708202600479,1621.8483080010628,False,graphrag,0
WebQTest-579,where are the new orleans hornets moving to,Charlotte,Atlanta,0,0.0,0.42557068363479944,1632.2340550032095,False,graphrag,0
WebQTest-580,what language does algerian people speak,French,"Algerian people speak Arabic. Jacques Derrida, who was from Algeria, would have spoken Arabic as one of the",0,0.1818181818181818,0.62526652465264,1630.0611490005394,False,graphrag,0
WebQTest-581,where was anne boleyn executed,Tower of London,"The subgraph does not contain any information about Anne Boleyn or her execution location. Therefore, I cannot determine the",0,0.0,0.3038270682096481,1679.0491419997124,False,graphrag,0
WebQTest-582,what did galileo do to become famous,Mathematician,"The subgraph does not contain any information about Galileo or his accomplishments. Therefore, I cannot answer the question based on",0,0.0,0.4355971649289131,1654.878932000429,False,graphrag,0
WebQTest-583,what school did martin luther king jr received his doctorate degree from,Boston University,The given subgraph does not contain any information about Martin Luther King Jr.'s doctorate degree or the institution he received,0,0.0,0.6257005222141743,1661.0160740019637,False,graphrag,0
WebQTest-584,where buddha come from,Kapilavastu,"The subgraph provided does not contain any information about Gautama Buddha's origin or place of birth. Therefore, based on",0,0.0,0.4863946456462145,1629.2789100007212,False,graphrag,0
WebQTest-585,what did king henry viii rule,England,British Raj,0,0.0,0.4573347866535187,1642.1682700020028,False,graphrag,0
WebQTest-586,what type of cancer did larry hagman have,Leukemia,"The subgraph does not provide information about Larry Hagman or his cancer type. Therefore, the answer cannot be determined from",0,0.08333333333333334,0.3556924812933978,1621.9303760008188,False,graphrag,0
WebQTest-588,what wars did robert e lee served in,Battle of South Mountain,American Civil War,1,1.0,0.3977273534173551,1683.2486589992186,False,graphrag,0
WebQTest-589,what russian language called,Russian Language,Yiddish Language,0,0.5,0.6243725804721608,1635.516362999624,False,graphrag,0
WebQTest-590,who is in charge of libya now,Abdullah al-Thani,Provisional government,0,0.0,0.6123063067595164,1597.8853170017828,False,graphrag,0
WebQTest-592,when did shays rebellion start,1786,"The subgraph provided does not contain any information about Shay's Rebellion or its start date. Therefore, I cannot answer the",0,0.0,0.35895331799983976,1674.543626999366,False,graphrag,0
WebQTest-593,what kind of disease does montel williams have,Multiple sclerosis,"The subgraph does not provide information about Montel Williams' health conditions or diseases. Therefore, it is not possible to",0,0.0,0.39672235931668964,1635.854885000299,False,graphrag,0
WebQTest-595,when is the last time the ravens won a superbowl,Super Bowl XLVII,"The subgraph does not contain any information about the Ravens winning a Super Bowl. Therefore, I cannot determine the last time",0,0.16666666666666666,0.3244149106390336,1665.9465379998437,False,graphrag,0
WebQTest-596,where did kansas city royals come from,Kansas City,"United States of America To determine the origin of the Kansas City Royals, we need to identify the country they are associated with",0,0.16,0.3572071846574545,1636.9333700022253,False,graphrag,0
WebQTest-597,what style of music does john mayer play,Acoustic music,"John Mayer plays Rock music, Pop music, Indie rock, Blues, Soul music, and Country.",0,0.5263157894736842,0.6532596741852007,1443.032265000511,False,graphrag,0
WebQTest-599,what inventions did thomas edison invent list,Carbon microphone,"Thomas Edison is not mentioned in the provided subgraph, so no inventions can be listed for him based on this information.",0,0.0,0.513142161748626,1665.7762409995485,False,graphrag,0
WebQTest-600,where did djokovic come from,Serbia,Place of birth,0,0.0,0.5329735247712386,456.70982699812157,False,graphrag,0
WebQTest-602,what part of the country is new england,Northeastern United States,Eastern United States,0,0.6666666666666666,0.6338601112365723,388.3968579975772,False,graphrag,0
WebQTest-603,what money to take to turkey,Turkish lira,"United States Dollar To accurately answer the question ""what money to take to Turkey,"" we need to clarify that the provided triples",0,0.0,0.4668220803141594,1659.6824410007684,False,graphrag,0
WebQTest-604,what kind of music did jimi hendrix play,Psychedelic rock,Rock music,1,1.0,0.44497548788785934,1597.7486500014493,False,graphrag,0
WebQTest-605,what degrees did obama get in college,Juris Doctor,"Based on the provided triples, there is no information about Barack Obama's degrees from college. The subgraph does not contain",0,0.0,0.41361917292370515,1746.3115669997933,False,graphrag,0
WebQTest-606,who were alexander graham bell 's siblings,Edward Charles Bell,None of the information provided in the subgraph pertains to Alexander Graham Bell's siblings. The subgraph contains information about,0,0.08695652173913045,0.42361052421962514,1627.7964939981757,False,graphrag,0
WebQTest-608,when did liverpool fc last win the champions league,2012 Football League Cup Final,"The information provided in the subgraph does not contain any data related to Liverpool FC or the Champions League. Therefore, I",0,0.07692307692307693,0.2545215580612421,1713.7403279994032,False,graphrag,0
WebQTest-609,who played jeannie,Barbara Eden,Jean Kennedy Smith,0,0.0,0.42813341757830453,1616.6445790004218,False,graphrag,0
WebQTest-611,where was st peter killed,Rome,The information provided does not mention the location of Peter's death. The subgraph only states that Peter Straub is of,0,0.0,0.3908032725254695,1692.3773199996504,False,graphrag,0
WebQTest-612,who does jeremy shockey play for in 2012,Carolina Panthers,United Kingdom,0,0.0,0.30745090544223785,1728.5940770016168,False,graphrag,0
WebQTest-613,what college did deion sanders jr go to,Florida State University,John F. Kennedy College,0,0.0,0.37170817922143373,582.7661520015681,False,graphrag,0
WebQTest-614,when did the battle of alamo start,1836-02-23,"The Battle of the Alamo was not part of the provided subgraph, and there is no information about its start date",0,0.0,0.44402641989290714,1736.4908990020922,False,graphrag,0
WebQTest-615,what were the names of henry viii 's three children,"Henry, Duke of Cornwall","The subgraph does not contain information about Henry VIII or his children. Therefore, I cannot provide an answer based on the",0,0.08,0.3968777884455288,1644.4459809972614,False,graphrag,0
WebQTest-616,what was queen elizabeth ii childhood nickname,Elizabeth II,There is no information about Queen Elizabeth II's childhood nickname in the provided subgraph. The subgraph only contains information about,0,0.17391304347826084,0.5620069019496441,1598.968041002081,False,graphrag,3
WebQTest-617,where did tim tebow grow up,Makati,The information provided in the subgraph does not contain any details about Tim Tebow's place of upbringing or birth. Therefore,0,0.0,0.2985638293127219,1648.9987489985651,False,graphrag,0
WebQTest-618,where is chesapeake bay bridge,Anne Arundel County,"The subgraph does not contain any information about the Chesapeake Bay Bridge. Therefore, I cannot provide an answer based on",0,0.0,0.48483148217201233,1621.3079939989257,False,graphrag,0
WebQTest-619,who played victoria barkley,Barbara Stanwyck,Victoria Beckham,0,0.0,0.3730449234285662,1610.884690999228,False,graphrag,0
WebQTest-620,where did kennedy 's inaugural address take place,United States Capitol,United States Capitol,1,1.0,0.6129108510519329,511.43322799907764,False,graphrag,8
WebQTest-621,what countries have german as the official language,Belgium,"Germany, South Africa, Poland",0,0.4,0.7003150412014553,1624.1069509997033,False,graphrag,0
WebQTest-622,where did the taliban began,Afghanistan,"Afghanistan To answer the question ""Where did the Taliban begin?"" based on the provided triples, we need to infer this information",0,0.0909090909090909,0.36780951420466107,1685.4336459982733,False,graphrag,1
WebQTest-624,who plays elena gilbert on vampire diaries,Nina Dobrev,Nina Dobrev,1,1.0,0.391963310101453,1330.829911003093,False,graphrag,0
WebQTest-626,what does the missouri river bisect,South Dakota,The subgraph provided does not explicitly state that the Missouri River bisects any particular region or body of water. The,0,0.09523809523809523,0.49652566339658655,1629.6916350001993,False,graphrag,0
WebQTest-627,what nationality is taylor lautner jacob black,United States of America,"The subgraph does not contain information about Taylor Lautner or Jacob Black's nationality. Therefore, I cannot determine their",0,0.0,0.4464066434990276,1634.5538300010958,False,graphrag,2
WebQTest-628,what animal represents california,California grizzly bear,California's state reptile is not mentioned in the given subgraph. The subgraph only mentions that California has an official,0,0.15384615384615383,0.4448069745096667,1647.8032669983804,False,graphrag,0
WebQTest-629,what company does nike own,NIKE IHM Inc,"Nike is not mentioned in the provided subgraph, so there is no information to determine which company it owns. Based on",0,0.08695652173913042,0.25931481349057167,1635.8821530011483,False,graphrag,0
WebQTest-630,what language do colombian people speak,Cuiba language,Spanish Language,1,1.0,0.5962217450141907,1634.814187000302,False,graphrag,0
WebQTest-631,what year did ray allen join the nba,1996,The given subgraph does not contain any information about Ray Allen joining the NBA or his specific year of entry into the league,0,0.0,0.30076135545969007,1643.5368950005795,False,graphrag,0
WebQTest-633,what is claire danes famous for,Voice Actor,"The subgraph does not provide information about Claire Danes or her notable works. Therefore, it's not possible to determine",0,0.0,0.4488734271791246,1646.8535659987538,False,graphrag,0
WebQTest-634,what county is san antonio in,Medina County,San Antonio is not mentioned in the given subgraph.,0,0.0,0.469869532585144,1647.004784001183,False,graphrag,0
WebQTest-635,what characters does matt stone do,Terrance Henry Stoot,None,0,0.0,0.4503746010639049,1637.3942360005458,False,graphrag,0
WebQTest-636,what timezone is the state of michigan and,UTC−05:00,"Eastern Time Zone, Central Time Zone",0,0.9090909090909091,0.6129360857762789,1599.6963139987201,False,graphrag,2
WebQTest-637,what type of government did soviet union have,Soviet democracy,Communist government,0,0.5,0.4447094811634584,1716.2633260013536,False,graphrag,0
WebQTest-638,what languages are there in japan,Esperanto Language,"English Language, Esperanto Language",0,0.8571428571428571,0.5376553043723107,1641.0817290015984,False,graphrag,2
WebQTest-639,what year did the bulls get rodman,1995,The subgraph does not provide information about when the Bulls got Rodman. There is no mention of the Chicago Bulls or,0,0.0,0.3558243309196673,1630.1051519985776,False,graphrag,0
WebQTest-640,who was saint paul the apostle,Missionary,"Saint Paul the Apostle was a male religious leader, missionary, writer, and prophet from Cilicia who founded figures of",0,0.1,0.6914102890912224,1607.4198460009939,False,graphrag,3
WebQTest-642,where did vince scully go to college,Fordham University,"The information provided in the subgraph does not contain any details about Vince Scully's college education. Therefore, I cannot",0,0.0,0.31723710894584656,1642.5865710007201,False,graphrag,0
WebQTest-643,where does princess leia live,Alderaan,"The information provided in the subgraph does not contain any details about Princess Leia or her place of residence. Therefore, I",0,0.0,0.3565547378624187,1646.3719019993732,False,graphrag,0
WebQTest-644,what famous people are from el salvador,Mario Wilfredo Contreras,Miguel de Cervantes,0,0.4,0.5733362180846078,1608.33723000178,False,graphrag,0
WebQTest-645,what type of art did leonardo da vinci make,Painting,Painting,1,1.0,0.44169669291552377,1628.8322279979184,False,graphrag,10
WebQTest-646,where did mary bell live,Newcastle upon Tyne,"m.03pgrbw To answer the question ""where did Mary Bell live?"", we need to identify the location",0,0.0,0.46086157770717845,1602.7346139999281,False,graphrag,0
WebQTest-648,who did kimberly williams marry,Brad Paisley,"Hosea Williams To answer the question ""Who did Kimberly Williams marry?"", we can refer to the triples provided in the sub",0,0.0,0.44226857647299767,1639.988352999353,False,graphrag,0
WebQTest-649,what other movies has ryan gosling been in,Lars and the Real Girl,"The given subgraph does not contain any information about Ryan Gosling or his movies. Therefore, it is not possible to",0,0.13333333333333333,0.3357774071071459,1631.909200001246,False,graphrag,0
WebQTest-650,what political party does julia gillard belong to,Australian Labor Party,"Julia Gillard is not mentioned in the provided subgraph, so there is no information about her political affiliation. The sub",0,0.0,0.4228080275811647,1632.6009570002498,False,graphrag,0
WebQTest-651,what is the currency of germany now,Euro,"The currency of Germany is not mentioned in the provided subgraph. Based on the information given, the currencies used by countries",0,0.0,0.6230074129998684,1604.7524269997666,False,graphrag,1
WebQTest-652,what kind of hispanic is selena gomez,Italian American,Hispanic,0,0.0,0.4591769294606315,1638.9698919992952,False,graphrag,0
WebQTest-653,who did denise van outen married,Lee Mead,"The given subgraph does not contain any information about Denise van Outen or her marital status. Therefore, I cannot determine",0,0.0,0.28938203706191135,1641.0147880014847,False,graphrag,0
WebQTest-654,what are egyptian money called,Egyptian pound,Egyptian pound,1,1.0,0.5020284081498781,1628.363662999618,False,graphrag,2
WebQTest-655,what is the zip code for wyoming michigan,49509,m.0wg98l5,0,0.0,0.4116043310899001,1642.2973290027585,False,graphrag,0
WebQTest-656,who is the president of costa rica in 2012,Laura Chinchilla,"The subgraph does not contain any information about the president of Costa Rica in 2012. Therefore, I",0,0.0,0.5102800372987986,1620.8721140028501,False,graphrag,0
WebQTest-657,where did martin luther king got shot at,Memphis,Memphis,1,1.0,0.5979340567308313,1664.5753199991304,False,graphrag,2
WebQTest-658,who wrote the gospel according to john,John the Evangelist,"Origen wrote ""Commentary on the Gospel according to John"". However, based on the provided triples, there is no",0,0.26666666666666666,0.564405737651719,1721.0668070001702,False,graphrag,0
WebQTest-659,what form of government is the uk,Parliamentary system,Unitary state,1,1.0,0.8859782417615255,1628.503266001644,False,graphrag,4
WebQTest-661,who did nasri play for before arsenal,Olympique de Marseille,"The information provided in the subgraph does not contain any details about Nasri's previous football club before Arsenal. Therefore,",0,0.0,0.28459274768829346,1640.3280409977015,False,graphrag,0
WebQTest-662,what currency does the czech republic use now,Czech koruna,Euro,0,0.0,0.5689646566615385,283.6865610006498,False,graphrag,0
WebQTest-663,what age did william penn get married,1672-04-04,".contains_connections, benjamin franklin knew william hewson)",0,0.0,0.4272700134250853,1728.1896120002784,False,graphrag,0
WebQTest-664,what was firefox programmed in,JavaScript,"The given subgraph does not contain any information about Firefox or its programming language. Therefore, I cannot determine what language Firefox",0,0.0,0.1948864404801969,1624.189144000411,False,graphrag,0
WebQTest-665,what government does new zealand have,Parliamentary system,"Parliamentary system, Unitary state",0,0.6666666666666666,0.6138514479001363,1624.4370319982409,False,graphrag,2
WebQTest-666,where is isthmus of panama located on the map,South America,"Central America To answer the question ""Where is the Isthmus of Panama located on the map?"" based on the provided",0,0.09090909090909091,0.4549618235656193,1595.8253270000569,False,graphrag,0
WebQTest-667,what is the capital of republic of ireland,Dublin,Dublin,1,1.0,0.6059453609314832,1627.1726319973823,False,graphrag,0
WebQTest-668,what has kristen stewart acted in,The Flintstones in Viva Rock Vegas,The Yellow Handkerchief trailer: Kristen Stewart comes of age,0,0.5,0.45679757185280323,963.9110309981334,False,graphrag,0
WebQTest-669,what did dr josef mengele do,Physician,"The provided subgraph does not contain any information about Dr Josef Mengele or his actions. Therefore, I cannot answer",0,0.0,0.37683771053949994,1655.8702220027044,False,graphrag,0
WebQTest-670,what kind of language does egypt speak,Modern Standard Arabic,Egyptian Arabic and Modern Standard Arabic are spoken in Egypt. Egyptian Arabic is a dialect of the Arabic language and belongs to the,0,0.41379310344827586,0.7608774948120117,1620.1747080012865,False,graphrag,4
WebQTest-671,who are the senators of hawaii 2012,Mazie Hirono,The subgraph provided does not contain information about the senators of Hawaii in 2012. It only mentions United,0,0.0,0.4201834201812744,1643.3500950006419,False,graphrag,0
WebQTest-672,what form of government does north korea have,Single-party state,"The subgraph provided does not contain any information about North Korea's form of government. Therefore, I cannot determine the form",0,0.0,0.4856246794973101,1636.9019059966377,False,graphrag,0
WebQTest-673,where did robert kardashian go to college,University of San Diego School of Law,"The subgraph does not contain any information about Robert Kardashian or his college education. Therefore, I cannot determine where Robert Kardashian",0,0.0,0.3889177795499563,1668.0543000002217,False,graphrag,0
WebQTest-675,what county is st james city fl in,Lee County,"Polk County The information provided does not directly mention St James City, FL. Based on the given triples, there is",0,0.09090909090909091,0.5102166247864565,1650.981831997342,False,graphrag,0
WebQTest-676,what did the akkadian empire include,Akkad,"The given subgraph does not mention an ""Akkadian Empire."" Instead, it mentions the Akkadian language and",0,0.0,0.43980475005350617,1624.9393629987026,False,graphrag,0
WebQTest-677,after how many years are the olympic games held,Quadrennial,4 years,0,0.0,0.6442978233098984,490.74743399978615,False,graphrag,0
WebQTest-678,what system of government does guyana have,Semi-presidential system,Parliamentary system,0,0.4,0.6361702365033767,1627.1300919979694,False,graphrag,0
WebQTest-680,what team did aguero play for,Manchester City F.C.,Atlanta MLS team,0,0.28571428571428575,0.3424226376745436,1629.5168700016802,False,graphrag,0
WebQTest-681,who is the president of the european union 2012,Jerzy Buzek,The information provided does not specify a president of the European Union for 2012. The subgraph focuses on,0,0.0,0.4015306234359741,1666.1524570008623,False,graphrag,0
WebQTest-683,what year was kenya moore crowned miss usa,Miss USA 1993,"The given subgraph does not contain any information about when Chanté Moore was crowned Miss USA. Therefore, I cannot",0,0.18181818181818182,0.34989332109689714,1660.6323810010508,False,graphrag,0
WebQTest-684,what sort of government does nigeria have,Presidential system,Parliamentary republic or Semi-presidential system,0,0.5,0.5531635511489141,1636.7866690015944,False,graphrag,0
WebQTest-685,where does chef ina garten live,Brooklyn,"The information provided does not contain any details about Ina Garten's residence. Therefore, I cannot determine where Chef Ina",0,0.0,0.3769077690024125,1637.2516479968908,False,graphrag,0
WebQTest-686,when the atlanta braves won the world series,1995 World Series,1999,0,0.0,0.4393901411030028,541.79871100132,False,graphrag,0
WebQTest-688,what kind of language do they speak in iran,Pashto language,Arabic Language is not the official language of Iran. The subgraph does not provide information about the official language of Iran.,0,0.32,0.5696763495604197,1600.8698400000867,False,graphrag,0
WebQTest-689,what was the first language spoken in spain,Spanish Language,Spanish Language,1,1.0,0.6135069914162159,1632.0373199996538,False,graphrag,8
WebQTest-690,what did scott joplin play,Jazz piano,The subgraph does not provide information about what Scott Joplin played. There is a node for Joplin as,0,0.0,0.45924966743117884,1616.5327720009373,False,graphrag,0
WebQTest-691,what school did miley cyrus,Heritage Elementary School,"The given subgraph does not provide any information about the schools attended by Miley Cyrus. Therefore, based on the provided",0,0.0,0.5767840279473199,1614.9717999978748,False,graphrag,0
WebQTest-693,what language do most people speak in afghanistan,"Farsi, Eastern Language",Urdu Language is not spoken in Afghanistan. The main languages spoken in Afghanistan are Afghan (Dari) and Pashto,0,0.19999999999999998,0.5080331474542618,1626.849273001426,False,graphrag,0
WebQTest-694,who is the prime minister of jamaica west indies,Portia Simpson-Miller,m.010fp6mv m.010fp7qb m.010fq1f,0,0.0,0.6695274338126183,1693.574154000089,False,graphrag,0
WebQTest-695,what role did paul mccartney play in the beatles,Bass,"In the provided knowledge graph, there is no information about Paul McCartney's role in The Beatles. The graph primarily focuses on",0,0.0,0.3474625274538994,1652.9682920008781,False,graphrag,0
WebQTest-696,when did juventus win the champions league,1996 UEFA Champions League Final,"The given subgraph does not contain any information about Juventus or the Champions League. Therefore, I cannot answer the question based",0,0.15384615384615385,0.24134010851383209,1661.2734109985468,False,graphrag,0
WebQTest-698,who is robin roberts father,Lawrence E. Roberts,Florence Roberts,0,0.4,0.47653341107070446,1640.421519998199,False,graphrag,0
WebQTest-699,what is the capital of australia victoria state,Melbourne,"Sydney To answer the question ""What is the capital of Australia Victoria state?"" based on the provided triples, the correct response",0,0.0,0.5974128586905343,1617.419833997701,False,graphrag,0
WebQTest-700,where is french spoken most,Equatorial Guinea,France,1,1.0,0.6052585943885471,1612.3274710007536,False,graphrag,0
WebQTest-701,what team is reggie bush on 2011,Miami Dolphins,m.0z23kt0,0,0.0,0.43092931571759674,1620.121403997473,False,graphrag,0
WebQTest-702,what highschool did emily osment go to,Flintridge Preparatory School,"The given subgraph does not contain any information about Emily Osment or her high school. Therefore, the answer cannot be",0,0.08695652173913045,0.3997548334300518,1634.2091469996376,False,graphrag,0
WebQTest-703,what currency should i take to mexico,Mexican peso,United States Dollar,0,0.0,0.5840650270966923,1662.8550429995812,False,graphrag,0
WebQTest-704,who is thor heyerdahl,Ethnographer,There is no person named Thor Heyerdahl in the given subgraph. The closest match is Louis M. Heyward,0,0.0,0.3450445815136558,1627.003177000006,False,graphrag,0
WebQTest-706,where did troy aikman play football,Dallas Cowboys,"The subgraph does not provide information about where Troy Aikman played football. The name ""Troy Aikman",0,0.0,0.33002682361337876,1631.1981420003576,False,graphrag,0
WebQTest-707,who played cletus hogg,Jack Polick,The subgraph does not contain any information about a character named Cletus Hogg or who might have played this character,0,0.0,0.3690147082651815,1627.3240270020324,False,graphrag,0
WebQTest-708,who won fa cup 1976,Southampton F.C.,The given subgraph does not contain any information about the winner of the FA Cup in 1976. Therefore,0,0.0,0.40414146416717106,1708.775234001223,False,graphrag,0
WebQTest-709,what did general robert e lee die from,Pneumonia,General Robert E. Lee is not mentioned in the provided subgraph. The subgraph only contains information about Bruce Lee and,0,0.0,0.4163083606644681,1645.7709210008034,False,graphrag,0
WebQTest-710,what style of art did henri matisse do,Neo-impressionism,"The subgraph provided does not contain any information about Henri Matisse or his artistic style. Therefore, it is not",0,0.0,0.47002481473119634,1707.8542149974965,False,graphrag,0
WebQTest-711,who plays chuck bass in gossip girl,Ed Westwick,"Keyshia Cole, Rihanna & the cast of ""Gossip Girl""",0,0.0,0.41050199046730995,1136.3263400016876,False,graphrag,0
WebQTest-712,what countries have territories in oceania,Wallis and Futuna,"Territory of Papua and New Guinea, Norfolk Island, Cocos (Keeling) Islands",0,0.42857142857142855,0.6531244880623288,1586.0957139993843,False,graphrag,0
WebQTest-713,what county is st. louis park in,Hennepin County,"Polk County To determine the correct answer, let's analyze the relevant information from the provided triples:",0,0.10526315789473684,0.5505327995006855,1636.5917949988216,False,graphrag,0
WebQTest-714,what is the political system of south africa,Parliamentary republic,Semi-presidential system,0,0.0,0.49125198884443805,1641.45329099847,False,graphrag,0
WebQTest-716,what language group does germany belong to,Indo-European languages,German Language,0,0.0,0.5881655750175317,1634.4255200019688,False,graphrag,0
WebQTest-717,what timezone is tucson arizona in right now,Mountain Time Zone,Mountain Time Zone,1,1.0,0.5077897064826068,1611.184254001273,False,graphrag,1
WebQTest-718,when was lucy lawless born,1968-03-29,"The subgraph does not contain any information about Lucy Lawless' birth date. Therefore, I cannot answer the question based",0,0.0,0.34613367237827997,1653.923758000019,False,graphrag,0
WebQTest-719,which political party does barack obama represent,Democratic Party,"Barack Obama is a politician and his nationality is associated with the United States of America, but the subgraph does not explicitly",0,0.0,0.531299802992079,1640.8845669975562,False,graphrag,13
WebQTest-721,what kind of leukemia did jill clayburgh have,Leukemia,Aplastic anemia,0,0.0,0.3129897039187582,1632.3745650006458,False,graphrag,0
WebQTest-723,what is there to see in sydney australia,Sydney Markets,"There are many things to see in Sydney, Australia, such as the Sydney Opera House, Harbour Bridge, and various parks",0,0.33333333333333337,0.5001344218850136,1617.0594960021845,False,graphrag,0
WebQTest-724,where was marilyn monroe found dead,Brentwood,"Place of death To determine where Marilyn Monroe was found dead, we need to look for information related to her place of death",0,0.0,0.4864611735469417,1638.6272009985987,False,graphrag,0
WebQTest-725,what states does the sierra nevada run through,Nevada,Nevada,1,1.0,0.4746916800737381,1628.8977629992587,False,graphrag,1
WebQTest-726,what language is spoken in greek,Albanian language,Greek Language,1,1.0,0.6637656271457673,1639.98859899948,False,graphrag,0
WebQTest-728,what is the name of the speaker of the house of representatives now 2011,Nancy Pelosi,Nancy Pelosi,1,1.0,0.45303705902326674,1699.6075099996233,False,graphrag,0
WebQTest-729,who plays stanley hudson,Leslie David Baker,Mr Hudson,0,0.0,0.4784393310546875,1616.2928669982648,False,graphrag,0
WebQTest-730,what record label is kelly clarkson signed with,Sony Music Entertainment,"The provided subgraph does not contain any information about Kelly Clarkson or her record label. Therefore, I cannot answer this question",0,0.0,0.500699833035469,1604.9317169999995,False,graphrag,0
WebQTest-731,where does tim roth come from,Dulwich,United Kingdom,0,0.0,0.5898277461528778,370.5875820014626,False,graphrag,0
WebQTest-733,what currency should you take to vietnam,Vietnamese dong,Vietnamese dong or Australian dollar,0,0.5714285714285715,0.45257975935935973,1626.5603980027663,False,graphrag,0
WebQTest-734,who did roger federer married,Mirka Federer,"The provided subgraph does not contain any information about Roger Federer's marital status or spouse. Therefore, I cannot answer",0,0.09090909090909091,0.4857918980874513,1636.6255279972393,False,graphrag,0
WebQTest-735,what kind of money do i need in costa rica,Costa Rican colón,"The subgraph does not provide information about the currency used in Costa Rica. Based on general knowledge, the currency used in",0,0.08333333333333333,0.5103043243288994,1603.01584699846,False,graphrag,0
WebQTest-737,what is the name of the capital of belgium,City of Brussels,Brussels,1,1.0,0.6037960983812809,1579.0832310012775,False,graphrag,0
WebQTest-738,what kind of government does japan have now,Parliamentary system,"Japan has a Parliamentary system and a Constitutional monarchy form of government. It is also a Unitary state. However, the",0,0.18181818181818182,0.6117943298249018,1614.9394230014877,False,graphrag,2
WebQTest-739,what pieces of music did claude debussy compose,La Flûte de Pan,Elegy for J.F.K.,0,0.20000000000000004,0.45728356540203097,1670.7871590006107,False,graphrag,0
WebQTest-740,who was selena gomez in barney and friends,Gianna,Selena Gomez was not involved in Barney and Friends according to the provided subgraph. The subgraph does not contain any,0,0.0,0.31363611158571747,1649.3900749992463,False,graphrag,0
WebQTest-741,who plays caesar flickerman in the hunger games,Stanley Tucci,"None of the triples provided mention Caesar Flickerman or The Hunger Games. The subgraph is about different films, characters",0,0.0,0.2953963068223769,1640.063276001456,False,graphrag,0
WebQTest-742,where did the gettysburg address,Gettysburg,"Pennsylvania To determine the location where the Gettysburg Address took place, we need to identify the event and its associated",0,0.09523809523809523,0.5138985514640808,1693.0626689972996,False,graphrag,0
WebQTest-743,what was the name of jfk 's brothers,"Joseph P. Kennedy, Jr.","Joseph P. Kennedy, Jr., Robert F. Kennedy, John F. Kennedy Jr. To determine the names of John",0,0.5833333333333334,0.6304381695286981,1630.0020290000248,False,graphrag,4
WebQTest-744,who was tupac signed to,Death Row Records,Interscope Records,1,1.0,0.5437293201684952,1644.2455739997968,False,graphrag,0
WebQTest-745,what was augustus caesar famous for,Politician,"Cicero was a politician and statesman, not Augustus Caesar. The subgraph does not provide information about Augustus",0,0.1111111111111111,0.4917525185479058,1647.3057779985538,False,graphrag,7
WebQTest-747,what language does colombia,Cuiba language,"The subgraph provided does not contain any information about Colombia or its official language. Therefore, based on the given information,",0,0.09090909090909091,0.7141090035438538,1634.0348849989823,False,graphrag,0
WebQTest-748,what is the zip code for schenectady new york,12305,"The provided subgraph does not contain any information about Schenectady, New York or its zip code. Therefore,",0,0.0,0.3997548846527934,1641.8603510028333,False,graphrag,0
WebQTest-749,who was president in 1988 in the united states,Ronald Reagan,"The information provided does not directly state who was the president in 1988 in the United States. However,",0,0.0,0.4434848643011517,1718.331087999104,False,graphrag,0
WebQTest-751,who owns google 2012,David Drummond,US President,0,0.0,0.24194488802860523,1670.5751850022352,False,graphrag,0
WebQTest-752,what drink did john pemberton create,Coca-Cola,None,0,0.0,0.34257824160158634,1638.8324520012247,False,graphrag,0
WebQTest-753,what position did stanley matthews play,Outside forward,Field Hockey player,0,0.0,0.3885168813996845,1635.66038800127,False,graphrag,0
WebQTest-755,what was bonnie prince charlie full name,Charles Edward Stuart,"The subgraph does not contain any information about Bonnie Prince Charlie or his full name. Therefore, I cannot provide an answer",0,0.0,0.4406136628240347,1606.0971650003921,False,graphrag,0
WebQTest-756,who makes the voice of stewie griffin,Seth MacFarlane,Madge Harvey,0,0.0,0.35138279374908,1595.9764029976213,False,graphrag,0
WebQTest-757,who is angelina jolie mom and dad,Jon Voight,"The information provided in the subgraph does not contain any details about Angelina Jolie's parents. Therefore, I cannot",0,0.0,0.40266678964390473,1633.0674339988036,False,graphrag,0
WebQTest-758,who is the governor of indiana 2009,Mitch Daniels,The subgraph does not contain any information about the governor of Indiana in 2009. The provided triples focus,0,0.0,0.4322938621044159,1635.2153979969444,False,graphrag,0
WebQTest-759,who brad pitt has dated,Robin Givens,"Spouse (or domestic partner) To directly answer the question based on the provided triples, Brad Pitt has had a spouse",0,0.0,0.4877977576106787,1637.825628000428,False,graphrag,0
WebQTest-760,what party does barack obama belong to,Democratic Party,Democratic Party,1,1.0,0.48941930797364974,1655.6414810002025,False,graphrag,0
WebQTest-761,what is san francisco zip code,94122,94109,1,1.0,0.47427910695905273,1641.3554170030693,False,graphrag,0
WebQTest-762,who has stephen ireland played for,Aston Villa F.C.,Stephen Melton,0,0.0,0.41108090626566035,1630.1521459972719,False,graphrag,0
WebQTest-764,where did john mayer go to college,Berklee College of Music,"The information about where John Mayer went to college is not provided in the given triples. Based on the available data, we",0,0.07692307692307693,0.5757146552205086,1622.9590809998626,False,graphrag,0
WebQTest-765,what celebrities has brody jenner dated,Haylie Duff,"The subgraph does not contain any information about Brody Jenner or his dating history. Therefore, there is no answer to",0,0.0,0.37676638093861664,1639.9809569993522,False,graphrag,0
WebQTest-766,what is malaysian currency,Malaysian ringgit,"The subgraph provided does not contain any information about the Malaysian currency. Therefore, based on the given data, I cannot",0,0.09090909090909091,0.6433387538966011,1606.6826509995735,False,graphrag,0
WebQTest-768,who owns volkswagen car company,Volkswagen Group,"The information provided in the subgraph does not contain any details about the ownership of Volkswagen car company. Therefore, I cannot",0,0.08695652173913042,0.2690794311818622,1640.6179830009933,False,graphrag,0
WebQTest-769,which is the main train station in rome,Roma Termini railway station,Minami-Kesennuma Station,0,0.28571428571428575,0.42179414133230847,1578.9326620033535,False,graphrag,0
WebQTest-770,what did steve mcnair died from,Ballistic trauma,"The subgraph does not contain any information about Steve McNair or his cause of death. Therefore, it's not possible",0,0.0,0.3026477015680737,1670.1091489994724,False,graphrag,0
WebQTest-771,who is the newly elected governor of california,Arnold Schwarzenegger,maintained his links with the Republican party and continued to take an interest in foreign affairs.),0,0.0,0.4243147092707017,1735.7486180007982,False,graphrag,0
WebQTest-772,who plays roxanne in ghost rider,Eva Mendes,"The subgraph does not contain any information about a character named Roxanne or the movie Ghost Rider. Therefore, I cannot",0,0.0,0.39641281436471376,1629.2860619978455,False,graphrag,0
WebQTest-773,where is the sony ericsson company,Minato,"The subgraph does not contain information about the Sony Ericsson company. Therefore, I cannot determine its location from this data",0,0.0,0.365816550122367,1628.9056850000634,False,graphrag,0
WebQTest-774,what kind of currency does the dominican republic have,Dominican peso,United States Dollar,0,0.0,0.556383026273627,382.2357909994025,False,graphrag,0
WebQTest-775,what to do this weekend in manchester with kids,Whitworth Art Gallery,There are several family-friendly activities you can do in Manchester with kids. You could visit a dog park with a Toy Manchester,0,0.14814814814814817,0.45119306610690224,1623.9850120000483,False,graphrag,0
WebQTest-776,what sport is popular in italy,Italy national handball team,Fencing,0,0.0,0.5163671299815178,1624.4358010008,False,graphrag,0
WebQTest-777,where is the main headquarters of google,Mountain View,"The information provided in the subgraph does not contain any details about Google's main headquarters. To accurately answer this question,",0,0.0,0.4183635264635086,1655.5901819992869,False,graphrag,0
WebQTest-778,what was jesse owens education,East Technical High School,"The given subgraph does not contain any information about Jesse Owens' education. Therefore, I cannot determine his education from this",0,0.0,0.5427019385730519,1654.7336309995444,False,graphrag,0
WebQTest-779,where does carlos santana live,Jalisco,The subgraph does not provide information about Carlos Santana's place of residence. The subgraph only mentions that Carlos Pezo,0,0.0,0.4279934716852088,1647.8209640008572,False,graphrag,0
WebQTest-780,what is the new movie john carter about,Action Film,"The subgraph does not provide information about a new movie called ""John Carter."" There is a mention of ""The Cart",0,0.0,0.38786473657403675,1657.5762039974506,False,graphrag,0
WebQTest-782,what countries does nafta include,United States of America,"North America includes many countries but NAFTA specifically includes Canada, Mexico, and the United States.",0,0.31578947368421056,0.5581124760210514,1617.6433239998005,False,graphrag,0
WebQTest-783,what county is houston tx in,Montgomery County,"Houston is in Harris County, Texas. However, based on the given triples, Houston is not directly linked to any specific",0,0.09090909090909091,0.5319231943442271,1635.747201002232,False,graphrag,0
WebQTest-784,where do the seattle seahawks play,CenturyLink Field,"The information provided in the subgraph does not contain any details about the Seattle Seahawks or their playing venue. Therefore, I",0,0.0,0.39899640924790325,1665.5920900011552,False,graphrag,0
WebQTest-785,who does michael keaton play in cars,Chick Hicks,"Michael Keaton does not appear in the movie ""Cars"" based on the provided subgraph. The subgraph does not",0,0.0,0.3298208978441026,1625.4516190019785,False,graphrag,0
WebQTest-787,where is the riviera casino,Las Vegas,"The subgraph does not contain any information about the Riviera Casino. Therefore, I cannot determine its location based on the",0,0.0,0.30005732509824967,1688.95510099901,False,graphrag,0
WebQTest-788,what is the holy book of the buddhist religion,Gangōji Garan Engi,"The subgraph does not contain any information about Buddhism or its holy book. Therefore, I cannot answer the question based on",0,0.0,0.5486326701939106,1618.1616140020196,False,graphrag,0
WebQTest-789,who became president when henry harrison died,John Tyler,Benjamin Harrison,0,0.0,0.4784020904232474,1638.0657549998432,False,graphrag,0
WebQTest-790,where did richard arkwright grow up,"Preston, Lancashire","The information provided does not mention Richard Arkwright. The person mentioned with the name ""Richard Wright"" is a writer and",0,0.0,0.39744456484913826,1722.3366319994966,False,graphrag,0
WebQTest-791,what other books did louis sachar write,Sixth Grade Secrets,None,0,0.0,0.4330332356950511,1730.8707969968964,False,graphrag,0
WebQTest-792,when did roth ira originate,"William V. Roth, Jr.","The provided subgraph does not contain any information about the Roth IRA or its origin. Therefore, I cannot answer this question",0,0.08,0.36968195252120495,1640.851323998504,False,graphrag,0
WebQTest-794,who does the voice for darth vader,James Earl Jones,m.0jv4w9,0,0.0,0.35401816844940187,1617.802231998212,False,graphrag,0
WebQTest-796,what did thomas malthus do,Scientist,"The subgraph does not provide information about Thomas Malthus or his profession. Therefore, I cannot answer the question based",0,0.0,0.4381933525204659,1598.7907050002832,False,graphrag,0
WebQTest-797,what is the zip code for newark california,94560,"The provided triples do not contain information about Newark, California or its zip code. Therefore, I cannot determine the zip code",0,0.0,0.447377672418952,1683.1858419973287,False,graphrag,0
WebQTest-798,what states share a border with tennessee,Georgia,Mississippi,1,1.0,0.5731855051385032,1614.6979570003168,False,graphrag,0
WebQTest-800,what war did the us lose the most soldiers,World War II,War of 1812,0,0.3333333333333333,0.4573693772157033,1665.89698000098,False,graphrag,0
WebQTest-801,what kind of government is egypt,Semi-presidential system,Semi-presidential system,1,1.0,0.8192781935567441,1628.4517729982326,False,graphrag,8
WebQTest-802,what musical instruments does justin bieber play,Vocals,"Based on the provided triples, there is no information about the musical instruments Justin Bieber plays. The subgraph only lists his",0,0.0,0.5413980687919416,1614.7511490016768,False,graphrag,0
WebQTest-805,where do john lennon die,New York City,New York City,1,1.0,0.5432728479305903,454.8610269994242,False,graphrag,1
WebQTest-809,what is the current time in bangalore india,India Time Zone,"The provided subgraph does not contain any information about Bangalore, India or its current time zone. Therefore, I cannot determine",0,0.2608695652173913,0.4803052432835102,1578.9918239970575,False,graphrag,0
WebQTest-810,what language do people from greece speak,Albanian language,Greek Language,1,1.0,0.5983394068830153,1630.825164000271,False,graphrag,0
WebQTest-811,where is the phillies spring training stadium,Bright House Field,Nymeo Field at Harry Grove Stadium,0,0.2222222222222222,0.37506916962171855,1625.9199769992847,False,graphrag,0
WebQTest-812,what movies does matt dallas play in,Naughty or Nice,There is no information about Matt Dallas playing in any movies in the given subgraph. The subgraph mentions Matt Moniz,0,0.16666666666666669,0.378693897099722,1627.8173499995319,False,graphrag,0
WebQTest-813,who was john f kennedy 's family,John F. Kennedy Jr.,Kennedy family,0,0.5,0.8332641099890074,1616.5919599989138,False,graphrag,3
WebQTest-814,where is harley davidson corporate headquarters,Milwaukee,"The subgraph does not provide information about Harley Davidson's corporate headquarters. Based on the given triples, we can only determine",0,0.0,0.3605176256253169,1640.0751319997653,False,graphrag,0
WebQTest-818,where was the ottoman empire based,Near East,"The subgraph does not explicitly state where the Ottoman Empire was based. Based on the information provided, we can infer that",0,0.0,0.5244234774423682,1628.7448369985214,False,graphrag,0
WebQTest-819,where was bin laden found and killed,Abbottabad,"Abbottabad, Pakistan To answer the question ""Where was Bin Laden found and killed?"" based on the provided knowledge graph,",0,0.1,0.4430966195132997,1603.3203960032552,False,graphrag,0
WebQTest-820,what are the names of harry potter movies in order,Harry Potter and the Order of the Phoenix,"There are no Harry Potter movies mentioned in the provided subgraph. The subgraph contains titles like ""Inju, the",0,0.35714285714285715,0.3920553535223007,1640.5769550001423,False,graphrag,0
WebQTest-821,what did pamela courson die from,Heroin overdose,The subgraph does not provide information about Pamela Courson's cause of death. The closest related information is that Pamela Long,0,0.0,0.34812024803388686,1657.6784089993453,False,graphrag,0
WebQTest-822,what did dr jack kevorkian do,Assisted suicide,"The provided triples do not contain information about Dr. Jack Kevorkian. Therefore, based on the given subgraph",0,0.0,0.4025002525133245,1603.6213869992935,False,graphrag,0
WebQTest-823,what does bolivia border,Peru,"Based on the provided triples, there is no information about Bolivia or its borders. The subgraph only contains information about Guatemala",0,0.0,0.38747067997852963,1595.4067400016356,False,graphrag,0
WebQTest-825,who does nolan ryan play for,Houston Astros,"Errol Nolan plays for m.0k8ngml, which is likely a reference to Jamaica based on the information",0,0.0,0.28348594903945923,1633.1417420005891,False,graphrag,0
WebQTest-827,what country does justin bieber come from,Canada,"United States of America To determine Justin Bieber's nationality based on the provided triples, we can look for information that directly states",0,0.0,0.5890180981821485,1617.2760670015123,False,graphrag,0
WebQTest-828,what is the head judge of the supreme court called,Chief Justice of the United States,Chief Justice of the United States The head judge of the Supreme Court is called the Chief Justice of the United States. In,0,0.8205128205128205,0.5690576995120329,1704.9569790033274,False,graphrag,0
WebQTest-829,who was frida kahlo influenced by,Diego Rivera,None of the individuals in the provided triples are related to Frida Kahlo. The subgraph does not contain any information,0,0.0,0.5831268605063943,1647.755648002203,False,graphrag,0
WebQTest-830,where is taylor swift from,Reading,"The knowledge-graph subgraph does not contain any information about Taylor Swift. Therefore, I cannot determine where Taylor Swift is from",0,0.0,0.5436189882457256,1626.3495060011337,False,graphrag,0
WebQTest-831,what type of religion does argentina have,Judaism,Christianity,0,0.0,0.5093769864602522,1633.8521580000815,False,graphrag,0
WebQTest-832,when is the last time the giants won the world series,2014 World Series,The information provided does not mention the New York Giants or their World Series victories. The subgraph only mentions the Atlanta Braves,0,0.16,0.25081203877925873,1659.627499000635,False,graphrag,0
WebQTest-833,what is the main language used in china,Standard Chinese,English Language,0,0.0,0.4944090700149536,1604.4604589988012,False,graphrag,0
WebQTest-834,where did the battle of waterloo occur,Waterloo,Belgium,0,0.0,0.49386443942785263,346.85293399888906,False,graphrag,0
WebQTest-836,who did vladimir lenin marry,Nadezhda Krupskaya,Author),0,0.0,0.40867901946368973,1732.500527999946,False,graphrag,0
WebQTest-837,what year did the baltimore ravens win superbowl,Super Bowl XXXV,"The subgraph provided does not contain any information about the Baltimore Ravens winning a Super Bowl or any related details. Therefore,",0,0.16666666666666666,0.33233598060905933,1675.7703000002948,False,graphrag,0
WebQTest-838,what team does cristiano ronaldo play for 2011,Real Madrid C.F.,"The given subgraph does not contain any information about Cristiano Ronaldo or his team in 2011. Therefore,",0,0.09523809523809523,0.3236642673611641,1653.6600879990146,False,graphrag,0
WebQTest-841,what is money called in italy,Euro,Euro,1,1.0,0.5453110181767008,1651.0217710019788,False,graphrag,2
WebQTest-843,where did theodor schwann study,Humboldt University of Berlin,"The information provided in the subgraph does not contain any details about Theodor Schwann's studies. Therefore, I cannot",0,0.0,0.4054051134735346,1671.6588890012645,False,graphrag,0
WebQTest-845,who are the virginia senators 2013,Jim Webb,The subgraph provided does not contain any information about Virginia senators in 2013. It only contains information about,0,0.0,0.4589665159583092,1663.0232970019279,False,graphrag,0
WebQTest-846,what was dr seuss 's real name,Theodor Seuss Geisel,"The knowledge graph provided does not contain any information about Dr. Seuss or his real name. Therefore, I cannot answer",0,0.08695652173913045,0.41280799359083176,1601.5492049991735,False,graphrag,0
WebQTest-847,what countries are members of the security council,Vietnam,m.08__j13,0,0.0,0.5308245848864317,1639.3528589978814,False,graphrag,0
WebQTest-848,where are the nordic countries,Faroe Islands,Northern Europe and Scandinavia,0,0.0,0.7760889557274905,1584.0826029998425,False,graphrag,0
WebQTest-849,what country sponsored ferdinand magellan,Kingdom of Portugal,"The subgraph does not contain any information about Ferdinand Magellan or the country that sponsored him. Therefore, I cannot answer",0,0.0,0.37223793890165247,1644.6701380009472,False,graphrag,0
WebQTest-850,what did vera ellen die from,Cancer,"The subgraph does not provide information about Vera Ellen's cause of death. Therefore, based on the given information, it",0,0.0,0.3557253825037103,1668.0070080001315,False,graphrag,0
WebQTest-851,what is the capital of modern day egypt,Cairo,Cairo,1,1.0,0.5776565641164779,1531.6573659983987,False,graphrag,1
WebQTest-852,what province is toronto in ( 7 letters ),Ontario,Ontario,1,1.0,0.4366523226102193,1582.4679039978946,False,graphrag,2
WebQTest-855,what is the currency of brazil now,Brazilian real,"The subgraph provided does not contain any information about Brazil's currency. Therefore, I cannot determine the current currency of Brazil",0,0.0,0.5834014676511288,1610.539648001577,False,graphrag,0
WebQTest-856,what types of art did andy warhol do,Modern art,Painting,0,0.0,0.5646667094791636,1643.5481549997348,False,graphrag,0
WebQTest-857,what other states border florida,Alabama,"Louisiana, Georgia, South Carolina, Tennessee, Alabama, Mississippi",0,0.25,0.5062058148058978,1620.993354001257,False,graphrag,0
WebQTest-859,what are the predominant religions in russia,Islam,Eastern Christianity,0,0.0,0.5747888423502445,1617.320325000037,False,graphrag,0
WebQTest-861,who will coach carolina panthers in 2013,Ron Rivera,Cam Newton,0,0.0,0.3378169784943263,1621.2635739975667,False,graphrag,0
WebQTest-862,where did louis sachar grow up,East Meadow,"The given subgraph does not contain any information about Louis Sachar or his place of upbringing. Therefore, it is impossible",0,0.0,0.412650045595671,1637.3174370019115,False,graphrag,0
WebQTest-865,what to do for fun in houston,The Galleria,Visit tourist attractions near Dealey Plaza in Dallas or attend the Warwick Rodeo and Campdraft in Warwick.,0,0.10526315789473684,0.44215308042133555,1636.7995069995231,False,graphrag,0
WebQTest-866,where did otto frank go to college,Heidelberg University,"The knowledge graph provided does not contain any information about Otto Frank or his college education. Therefore, it is not possible to",0,0.0,0.3827412649989128,1646.5836499992292,False,graphrag,0
WebQTest-867,what else has jennifer lawrence played in,X-Men: Days of Future Past,"Record producer, Singer",0,0.0,0.46339365740617117,1630.3250110031513,False,graphrag,0
WebQTest-868,who is the governor of pennsylvania state now,Tom Corbett,"The subgraph provided does not contain any information about the current governor of Pennsylvania. Therefore, I cannot determine who the governor",0,0.0,0.504484752813975,1723.4100500027125,False,graphrag,0
WebQTest-869,where is ancient phoenician,Lebanon,"The subgraph does not provide information about the location of ancient Phoenicia. Therefore, I cannot determine where ancient Ph",0,0.0,0.3630405515432358,1617.7880899995216,False,graphrag,0
WebQTest-870,where does the celtics practice,TD Garden,The information provided does not contain any details about the practice location of the Celtics basketball team. The subgraph only mentions the,0,0.0,0.3716587594577244,1641.8568959998083,False,graphrag,0
WebQTest-872,where bin laden got killed,Abbottabad,The provided subgraph does not contain any information about where Bin Laden was killed. The subgraph focuses on locations and events,0,0.0,0.4787771905010397,1609.932552997634,False,graphrag,0
WebQTest-873,where does toronto get its water from,Ashbridges Bay Wastewater Treatment Plant,Lake Erie,0,0.0,0.3805350959300995,1606.1638499995752,False,graphrag,0
WebQTest-874,what language do people from bosnia speak,Bosnian language,"The subgraph provided does not contain any information about the language spoken in Bosnia. Therefore, I cannot determine from this data",0,0.08695652173913042,0.5377431690692902,1635.2399000024889,False,graphrag,0
WebQTest-875,where did hugo chavez go to school,Bolivarian Military University of Venezuela,The information provided does not mention where Cesar Chavez went to school. The subgraph contains information about Victor Hugo and C,0,0.08333333333333333,0.47665444367072163,1641.1492179977358,False,graphrag,0
WebQTest-876,who does japan import from,Sudan,"The given subgraph does not provide information about Japan's imports or trading partners. Therefore, it is not possible to determine",0,0.0,0.4919763139703057,1615.1627319995896,False,graphrag,0
WebQTest-877,what is the name of sonia gandhi daughter,Priyanka Gandhi,"The subgraph provided does not contain any information about Sonia Gandhi or her daughter. Therefore, I cannot answer the question based",0,0.08695652173913042,0.4108806866056779,1651.980184000422,False,graphrag,0
WebQTest-878,who do islamic people pray to,Ramdev Pir,Allah,1,1.0,0.47690690336404024,286.3335750007536,False,graphrag,0
WebQTest-879,where was mary todd lincoln from,Lexington,"United States of America To determine Mary Todd Lincoln's nationality based on the provided triples, we can look for information related to",0,0.0,0.40249443229507,1625.258386000496,False,graphrag,0
WebQTest-880,where did charles darwin die,Down House,"The information provided does not contain any details about Charles Darwin or his place of death. Therefore, I cannot answer the question",0,0.0,0.3560781145797056,1660.1728299974639,False,graphrag,0
WebQTest-881,what movies does nick cannon play in,Garfield: The Movie,"Based on the provided triples, there is no information about Nick Cannon or his movie appearances. Therefore, the answer is that",0,0.23529411764705882,0.3610814665925914,1650.3777699981583,False,graphrag,0
WebQTest-882,when did the big earthquake hit san francisco,1906-04-18,"The subgraph does not provide a specific date for the earthquake that hit San Francisco. Based on the information given, it",0,0.0,0.35573389298386043,1698.9630470015982,False,graphrag,0
WebQTest-883,who was king george vi married to,Queen Elizabeth The Queen Mother,"The information provided does not contain any details about King George VI or his spouse. Therefore, I cannot determine who King George",0,0.07407407407407407,0.3350767160163206,1742.4014330026694,False,graphrag,0
WebQTest-884,where was jesus after he died on the cross,Judea,"The subgraph provided does not contain any information about Jesus or his burial place. Therefore, based solely on the given triples",0,0.0,0.3662023562937975,1683.7431109997851,False,graphrag,0
WebQTest-885,who is sir james dyson,Designer,Sir James Dyson is not mentioned in the provided subgraph. The subgraph only contains information about individuals with the last,0,0.0,0.4152543281807619,1600.761979996605,False,graphrag,0
WebQTest-886,who voiced darth vader in the original star wars movies,James Earl Jones,m.0jv4w9,0,0.0,0.2954116840111582,1632.3127879986714,False,graphrag,0
WebQTest-887,what high school did maya angelou go to,George Washington High School,The information about which high school Maya Angelou attended is not provided in the given subgraph. Based on the data available,0,0.16,0.6166815049946308,1602.3942769970745,False,graphrag,0
WebQTest-888,what 5 countries border switzerland,France,"Based on the provided triples, there is no direct information about which countries border Switzerland. The given triples do not include any",0,0.0,0.5218974740608878,1601.0269580001477,False,graphrag,0
WebQTest-889,what country did benito mussolini govern,Italy,"Italy To determine the country Benito Mussolini governed, we need to look for information about his leadership and the country he",0,0.0909090909090909,0.44498144482311447,1618.371134998597,False,graphrag,6
WebQTest-891,who was the leader of the first communist party of china,Mao Zedong,Mao Zedong,1,1.0,0.4371023042635484,1429.2925279987685,False,graphrag,10
WebQTest-892,what did miles davis died of,Stroke,"The given subgraph does not contain any information about Miles Davis or the cause of his death. Therefore, it is not",0,0.0,0.42465778834679546,1640.7742640003562,False,graphrag,0
WebQTest-893,what is the zip code for azle texas,76098,"The provided subgraph does not contain any information about the zip code for Azle, Texas. Therefore, I cannot determine",0,0.0,0.3732851726167342,1632.379052000033,False,graphrag,0
WebQTest-894,what date did sally pearson won gold,The London 2012 Summer Olympics,"The subgraph does not contain any information about Sally Pearson or her winning date for a gold medal. Therefore, I cannot",0,0.07692307692307693,0.332803338766098,1685.7535170020128,False,graphrag,0
WebQTest-895,when did the detroit pistons last win the championship,2004 NBA Finals,"The provided triples do not contain information about the Detroit Pistons' championship wins. Therefore, I cannot answer the question based on",0,0.0,0.27747932547017146,1649.0618110001378,False,graphrag,0
WebQTest-896,when did the philadelphia flyers win the cup,1974 Stanley Cup Finals,"The subgraph does not contain any information about the Philadelphia Flyers winning the Stanley Cup. Therefore, I cannot answer this question",0,0.16,0.27214142121374607,1706.7265660007251,False,graphrag,0
WebQTest-898,what county is st paul nc in,Robeson County,"The provided subgraph does not contain any information about St Paul, NC or its county. Therefore, I cannot determine the",0,0.09090909090909091,0.47691147100357784,1635.3606630000286,False,graphrag,0
WebQTest-899,where is olympic national park wa,Jefferson County,"Olympic National Park, WA is not mentioned in the provided subgraph. The subgraph only mentions Centennial Olympic Park and",0,0.0,0.5814652127378127,1651.787795999553,False,graphrag,0
WebQTest-900,where did nat turner 1831 rebellion occur,Southampton County,".next_sentence, Franklin negotiated a compromise whereby the Penns agreed to pay taxes on improved lands.)",0,0.0,0.3814608222908444,1744.1558499995153,False,graphrag,0
WebQTest-901,who would play luke skywalker,Mark Hamill,None of the individuals in the provided tripleset are explicitly identified as playing Luke Skywalker. The subgraph focuses on various characters,0,0.0,0.39948191742102307,1628.5376289997657,False,graphrag,0
WebQTest-903,where turkish people originate,Bulgaria,"Turkey To determine the origin of Turkish people based on the provided triples, we can follow these steps:",0,0.10526315789473684,0.5743265720930967,1608.595002999209,False,graphrag,0
WebQTest-904,what state is barack obama from,Hawaii,United States of America,0,0.0,0.5549389831721783,1657.152892999875,False,graphrag,0
WebQTest-905,what years did joe montana win super bowl,1982-01-24,"The given subgraph does not contain any information about Joe Montana or his Super Bowl wins. Therefore, I cannot answer the",0,0.0,0.3123163804411888,1644.496352000715,False,graphrag,0
WebQTest-908,what awards gary paulsen won,Margaret Edwards Award,The subgraph does not provide specific information about Gary Paulsen winning any awards. The provided triples focus on various award ceremonies,0,0.08333333333333333,0.3822758659720421,1686.2503980009933,False,graphrag,0
WebQTest-910,where did alexander graham bell die,"Beinn Bhreagh, Nova Scotia","The name in the query is likely a typo; there's no person named ""Alexander Graham Bell"" in the provided triples",0,0.0,0.4329507315860075,1632.9826590008452,False,graphrag,0
WebQTest-911,what year did the golden state warriors win their first nba championship,1975 NBA Finals,),0,0.0,0.2843448743224144,1725.3800989965384,False,graphrag,0
WebQTest-912,what currency should i take to turkey,Turkish lira,Turkish Lira,1,1.0,0.5788336727354262,1593.035587000486,False,graphrag,0
WebQTest-914,what countries are in the uk yahoo,Wales,United Kingdom England Scotland Northern Ireland Cayman Islands,0,0.4,0.595766744017601,1609.813557999587,False,graphrag,0
WebQTest-915,what superbowl did the baltimore ravens win,Super Bowl XXXV,"The subgraph provided does not contain any information about the Super Bowl victories of the Baltimore Ravens. Therefore, I cannot answer",0,0.16666666666666666,0.33931478671729565,1672.0553529994504,False,graphrag,0
WebQTest-916,what is the language of russia s spoken,Erzya Language,Yiddish Language,1,1.0,0.6786637221063886,1636.8082110020623,False,graphrag,0
WebQTest-918,who is the king of cambodia now,Norodom Sihamoni,"known as the ""Nixon Doctrine"", which called for the provision of economic aid and military advice but no troops.)",0,0.0,0.3740627264434641,1742.440505000559,False,graphrag,0
WebQTest-919,who are serena williams parents,Oracene Price,Serena Williams' parents are not mentioned in the given subgraph.,0,0.16666666666666669,0.502496443011544,1626.2963580011274,False,graphrag,0
WebQTest-920,what schools did sir isaac newton go to,"Trinity College, Cambridge",None of the provided triples directly state which schools Isaac Newton attended. The subgraph does not contain information about the specific schools,0,0.16216216216216214,0.5217924290581754,1647.5156340020476,False,graphrag,0
WebQTest-921,what was the cause of death for huell howser,Prostate cancer,"The cause of death for Huell Howser is not mentioned in the provided subgraph. To answer this question, we",0,0.0,0.42830220892511567,1635.8766979974462,False,graphrag,0
WebQTest-922,what books are written by suzanne collins,Gregor the Overlander,None,0,0.0,0.47797459177672863,1615.119195997977,False,graphrag,0
WebQTest-923,what countries does england border,Wales,"The subgraph provided does not contain any information about countries that England borders. Therefore, based on the given information, I",0,0.0,0.5402501654624939,1609.731099997589,False,graphrag,8
WebQTest-924,what team did messi play for in 2010,FC Barcelona,"The given subgraph does not contain any information about Lionel Messi or his teams in 2010. Therefore,",0,0.0,0.3358545511960983,1638.8135279994458,False,graphrag,0
WebQTest-925,what time zone is greensburg indiana,Eastern Time Zone,"Eastern Time Zone To answer the question ""What time zone is Greensburg Indiana?"" based on the provided triples, we can",0,0.4,0.6119192838668823,1612.8240149992052,False,graphrag,3
WebQTest-927,who plays voldemort,Richard Bremmer,None of the individuals in the provided subgraph play Voldemort. The subgraph only lists professions and does not include any information,0,0.0,0.4072405590730555,1619.722608000302,False,graphrag,0
WebQTest-928,what colleges did harper lee attend,University of Alabama,"m.0lwxmy1, m.0lwxmyl, m.0lwxmy9,",0,0.0,0.5851328782737255,1634.5323239984282,False,graphrag,0
WebQTest-929,who founded the kkk,James R. Crowe,The knowledge-graph provided does not contain any information about the founding of the KKK. The graph focuses on Martin Luther King,0,0.0,0.4764547331465615,1640.8215230003407,False,graphrag,0
WebQTest-931,what jobs did john adams have before he was president,United States Ambassador to the United Kingdom,"Politician, Vice President",0,0.4444444444444444,0.5787534895870421,1616.9167660009407,False,graphrag,0
WebQTest-932,what year did super mario bros 2 come out,1988-10,"The subgraph does not contain information about the release year of Super Mario Bros. 2. Therefore, I cannot answer",0,0.0,0.21568109177880818,1625.7448489996023,False,graphrag,0
WebQTest-933,what political party did andrew johnson belong to,National Union Party,None of the triples in the provided subgraph explicitly state which political party Andrew Johnson belonged to. The subgraph includes information,0,0.08695652173913042,0.5682230095068613,1634.451486999751,False,graphrag,0
WebQTest-935,where was osama bin laden killed,Abbottabad,The information provided in the subgraph does not contain any details about Osama Bin Laden or his location at the time of his,0,0.0,0.4297669910722309,1643.2152180022968,False,graphrag,0
WebQTest-936,where were greek temples built,Shahhat,"Tennessee State Capitol, First Methodist Church of Batavia, Rose Hill Manor, Greenville Presbyterian Church, Linden Grove, First Presbyterian",0,0.0,0.37919805505696463,1614.6534600011364,False,graphrag,0
WebQTest-937,where are people who speak arabic from,Jordan,"Asia, Africa",0,0.5,0.6333808728626796,1602.707483998529,False,graphrag,5
WebQTest-938,who was queen elizabeth ii mom,Queen Elizabeth The Queen Mother,"The subgraph provided does not contain any information about Queen Elizabeth II's mother. Therefore, I cannot determine her mother from",0,0.3846153846153846,0.5526542291045189,1604.2392290000862,False,graphrag,0
WebQTest-939,what type of art did pablo picasso paint,Picasso's African Period,"The subgraph does not contain any information about Pablo Picasso or his artwork. Therefore, it is not possible to determine what",0,0.08,0.4709623824982416,1627.1229459998722,False,graphrag,0
WebQTest-941,what is ella fitzgerald parents name,William Fitzgerald,Mandy Richardson,0,0.0,0.5267109014093876,1617.6292009986355,False,graphrag,0
WebQTest-942,who is anne hathaway parents,Gerald Hathaway,"Maggie Hathaway is a civil rights activist, not Anne Hathaway's parent. There is no information provided about Anne Hath",0,0.16666666666666669,0.45538732409477234,1602.601215003233,False,graphrag,0
WebQTest-943,who does don draper gets engaged to,Betty Draper,"The information provided in the subgraph does not contain any details about Don Draper or his engagements. Therefore, I cannot",0,0.09090909090909091,0.27765352936352,1700.6172309993417,False,graphrag,0
WebQTest-944,what was van halen first album,Ain't Talkin' 'Bout Love,"The subgraph provided does not contain any information about Van Halen or their albums. Therefore, I cannot determine Van Hal",0,0.0,0.43951072611592035,1600.125262997608,False,graphrag,0
WebQTest-945,what political system did spain have,Monarchy,"Parliamentary system, Constitutional monarchy, Unitary state",0,0.5,0.5183743768268161,1622.8317999994033,False,graphrag,0
WebQTest-948,what are the supreme court cases,League of United Latin American Citizens v. Perry,"Cline v. American Aggregates Corp., Kerans v. Porter Paint Co. To determine the Supreme Court cases",0,0.35294117647058826,0.6691906690597534,1676.0789830004796,False,graphrag,0
WebQTest-949,what is penn state 's main campus,University Park,University of Pennsylvania,0,0.4,0.5335138976573944,1645.9336959997017,False,graphrag,0
WebQTest-952,what country does alaska belong to,United States of America,United States of America,1,1.0,0.6402338445186615,490.9234059996379,False,graphrag,1
WebQTest-953,where is kansas city,Platte County,"Kansas City is located in Kansas, which is a state in the United States of America. Based on the provided triples,",0,0.0,0.5406903680413961,1611.9020859987359,False,graphrag,0
WebQTest-954,what was pink floyd 's first album,Psychedelic Session-compilation album,"The subgraph provided does not contain any information about Pink Floyd or their albums. Therefore, based on the given data,",0,0.0,0.40833609700202944,1579.7559620004904,False,graphrag,0
WebQTest-955,who did granville t. woods married,Loretta Woods,"The information provided does not contain any details about Granville T. Woods' marriage. Therefore, based on the given sub",0,0.09523809523809525,0.3346210377556937,1717.6899290025176,False,graphrag,0
WebQTest-957,what language did the sioux indians speak,Sioux language,"The subgraph does not provide information about the Sioux Indians or their language. Therefore, I cannot determine what language the Sioux",0,0.32,0.40571995327870053,1645.7842249983514,False,graphrag,0
WebQTest-958,what are some famous people from el salvador,Mario Wilfredo Contreras,"Enrique Sierra Egea, Richard Blanco, Gabriel Marcel",0,0.22222222222222224,0.5546251279967171,1603.2336620010028,False,graphrag,0
WebQTest-959,who did brett gardner play for in 2008,New York Yankees,None of the triples provided contain information about Brett Gardner or his team in 2008. The subgraph focuses,0,0.0,0.26110438919729656,1622.440294999251,False,graphrag,0
WebQTest-960,who plays dwight in the office,Rainn Wilson,The question does not match the provided triples. There is no information about a character named Dwight or any actor playing Dwight in,0,0.0,0.4369136177831226,1646.418057000119,False,graphrag,0
WebQTest-962,what county is san diego ca,San Diego County,San Diego is not mentioned in the given subgraph.,0,0.3333333333333333,0.523907239499845,1647.644210002909,False,graphrag,0
WebQTest-963,who is the miami dolphins quarterback,Ryan Tannehill,"The information provided in the subgraph does not include any specific details about the Miami Dolphins quarterback. Therefore, I cannot determine",0,0.0,0.3861675225198269,1616.9801379983255,False,graphrag,0
WebQTest-965,where did anne frank go to school,Montessori Lyceum Amsterdam,"The information provided in the subgraph does not contain any details about Anne Frank or her educational institutions. Therefore, I cannot",0,0.0,0.4413885850655405,1656.4907009997114,False,graphrag,0
WebQTest-966,what basketball player is married to monica,Shannon Brown,Saint Monica,0,0.0,0.42981138299493227,1592.3845399993297,False,graphrag,0
WebQTest-967,what did hitler use to kill himself,Ballistic trauma,"The subgraph does not contain information about Hitler or how he killed himself. Therefore, I cannot answer this question based on",0,0.0,0.3047393038868904,1624.112857,False,graphrag,0
WebQTest-968,what do people speak in germany,Low German,German Language,1,1.0,0.6237572696473863,1604.0774239991151,False,graphrag,0
WebQTest-969,when is the last time the denver broncos won the superbowl,Super Bowl XXXIII,"The subgraph provided does not contain any information about the Denver Broncos winning the Super Bowl or any related details. Therefore,",0,0.16666666666666666,0.2585824403692694,1659.1223610012094,False,graphrag,0
WebQTest-970,where was caesar when he was stabbed,Theatre of Pompey,The subgraph does not provide information about Caesar or his location when he was stabbed. The subgraph mentions Cicero but,0,0.0,0.33167268335819244,1642.920784001035,False,graphrag,0
WebQTest-971,what style of music did bessie smith perform,Blues,"The subgraph does not contain information about Bessie Smith or her musical style. Therefore, it is not possible to",0,0.0,0.32185529669125873,1629.902217999188,False,graphrag,0
WebQTest-972,what team did jackie robinson,Los Angeles Bulldogs,"The subgraph does not provide any information about Jackie Robinson or his team affiliation. Therefore, based on the given information,",0,0.0,0.3993614062666893,1610.2968189989042,False,graphrag,0
WebQTest-973,what time zone is chicago in right now,Central Time Zone,Central Time Zone,1,1.0,0.6367627614074283,418.614764999802,False,graphrag,1
WebQTest-975,who was the vice president under ronald reagan,George H. W. Bush,George H.W. Bush,1,1.0,0.5239663705939338,1701.4887840014126,False,graphrag,0
WebQTest-976,where do the chicago white sox play home games,Comiskey Park,There is no information in the provided subgraph about the Chicago White Sox or their home stadium. The subgraph mentions the,0,0.0,0.3409014030506736,1630.6175179997808,False,graphrag,0
WebQTest-977,what part did jeff conaway play in grease,Kenickie Murdoch,Jeff Conaway did not appear in the movie Grease. The subgraph provided does not contain any information about Jeff Con,0,0.0,0.29563282836567273,1646.1375999970187,False,graphrag,0
WebQTest-978,what book did benjamin franklin published,The Drinker's Dictionary,"The autobiography of Benjamin Franklin & selections from his other writings, The Autobiography of Benjamin Franklin, Autobiography of",0,0.9523809523809523,0.8979441008784554,1688.8993719985592,False,graphrag,0
WebQTest-979,what currency to take to barbados,Barbadian dollar,Canadian dollar,0,0.5,0.5489065017965105,1630.567420997977,False,graphrag,0
WebQTest-980,where did they get the name stanley cup,"Frederick Stanley, 16th Earl of Derby","The name Stanley Cup is not mentioned or implied in the provided triples. The subgraph focuses on locations, teams, and",0,0.07692307692307691,0.41275094598531725,1683.6252089997288,False,graphrag,0
WebQTest-982,what is the zip code of syracuse ny,13220,"The provided subgraph does not contain any information about Syracuse, NY or its zip code. Therefore, I cannot determine the",0,0.0,0.3831153146682247,1639.983614000812,False,graphrag,0
WebQTest-983,where did tennessee williams go to college,University of Missouri,There is no information provided in the given subgraph about Tennessee Williams' college education. The subgraph only contains information about,0,0.15384615384615383,0.5240140911191702,1651.4527409999573,False,graphrag,0
WebQTest-984,what is the name of airport in new york,John F. Kennedy International Airport,John F. Kennedy International Airport,1,1.0,0.5365148550934262,1637.32893300039,False,graphrag,8
WebQTest-985,who was queen victoria 's husband,"Albert, Prince Consort",There is no information provided about Queen Victoria's husband in the given subgraph. The subgraph only mentions her children and,0,0.0,0.4492965884068433,1586.5916900002048,False,graphrag,0
WebQTest-986,where did benjamin franklin work,United States Postal Service,"m.040vk04, m.040vj_k, m.040vj_w",0,0.0,0.6540036350488663,1699.5543060002092,False,graphrag,0
WebQTest-987,what does barbara bush do for work,First Lady,"Barbara Bush's profession is not explicitly stated in the given triples. However, based on the information provided, we can infer",0,0.0,0.5149957686662674,1615.3004430016153,False,graphrag,0
WebQTest-988,who is jacob latimore,Actor,There is no person named Jacob Latimore in the provided subgraph. The name in the subgraph is Kenny Latt,0,0.0,0.4658389799296856,1627.29010700059,False,graphrag,1
WebQTest-989,what happened to dunkirk during ww2,Siege of Dunkirk,The Battle of Dunkirk occurred during World War II. It involved the French Third Republic and had military commanders such as John,0,0.24000000000000002,0.48257721171659584,1655.1902710016293,False,graphrag,0
WebQTest-990,what was scottie pippen good at,Basketball,"The subgraph provided does not contain any information about Scottie Pippen or his skills. Therefore, it is not possible",0,0.0,0.33491829968988895,1629.7005259984871,False,graphrag,0
WebQTest-991,who played donna on west wing,Janel Moloney,"Donna Ludlow To answer the question ""who played donna on west wing"", we need to look for information about a character",0,0.0,0.37949029017578473,1618.1420629982313,False,graphrag,0
WebQTest-993,who played meg in season 1 of family guy,Lacey Chabert,"The subgraph does not contain any information about ""Family Guy"" or a character named ""Meg."" Therefore, it is",0,0.0,0.3208783081284276,1683.756195998285,False,graphrag,0
WebQTest-994,when was the last time the dallas cowboys won the superbowl,Super Bowl XXX,2019,0,0.0,0.3735244224468867,1580.9569430020929,False,graphrag,0
WebQTest-996,where do ireland play rugby union,Aviva Stadium,United Kingdom,0,0.0,0.5452131738788203,1626.6296100002364,False,graphrag,0
WebQTest-997,who killed lee harvey oswald shot,Jack Ruby,seen on the first floor of the depository about 10 minutes before President Kennedy was shot as he drove in an,0,0.0,0.6507688335009983,1749.792915998114,False,graphrag,0
WebQTest-998,when was the last time knicks won the championship,1973 NBA Finals,"The provided subgraph does not contain any information about the New York Knicks or their championships. Therefore, it is not possible",0,0.0,0.26967942005112056,1697.227163000207,False,graphrag,0
WebQTest-999,when did celtics win the championship,1968 NBA Finals,"Hubert Humphrey., base.kwebbase.kwsentence.previous_sentence, He took a liberal stance on civil liberties,",0,0.0,0.30803000264697605,1726.21575499943,False,graphrag,0
WebQTest-1000,what countries included in oceania,Vanuatu,"Australia, Polynesia, Coral Sea Islands, Norfolk Island, Nauru, Tuvalu, Territory of Papua and",0,0.14285714285714288,0.6419404149055481,1600.1361390008242,False,graphrag,0
WebQTest-1001,what country is nicki minaj from,United States of America,"United States of America To determine Nicki Minaj's nationality based on the provided triples, we can look for information related",0,0.32,0.6666731834411621,1628.3806820028985,False,graphrag,1
WebQTest-1002,who played harry potter dumbledore actor,Toby Regbo,None of the actors listed in the subgraph played Harry Potter's Dumbledore. The subgraph only contains information about various actors,0,0.0,0.3880411666982314,1603.5373349986912,False,graphrag,0
WebQTest-1003,who was the prime minister of pakistan in 1999,Nawaz Sharif,"The given subgraph does not contain any information about the prime minister of Pakistan in 1999. Therefore,",0,0.0,0.3876611010895835,1635.8273759979056,False,graphrag,0
WebQTest-1004,what movies did christopher plummer play in,The Night of the Generals,"Based on the provided triples, there is no information about Christopher Plummer or any movies he played in. The subgraph",0,0.23076923076923075,0.3829517890425289,1635.784131998662,False,graphrag,0
WebQTest-1005,what is capital city of morocco,Rabat,"The subgraph does not contain information about Morocco's capital city. Therefore, I cannot provide an answer based on the given",0,0.0,0.44824403524398804,1590.331306000735,False,graphrag,0
WebQTest-1006,what movies is omar epps in,Major League II,"m.0y55g12 To answer the question ""what movies is Omar Epps in"", based on",0,0.21052631578947364,0.36111599802970884,1650.609643998905,False,graphrag,0
WebQTest-1007,what district does nancy pelosi represent,California’s 8th congressional district,"The information provided in the subgraph does not contain any details about Nancy Pelosi or the district she represents. Therefore, I",0,0.08,0.43175803479694186,1694.976113998564,False,graphrag,0
WebQTest-1008,where is walton indiana,Indiana,Indiana,1,1.0,0.48929487727582455,1576.8683399983274,False,graphrag,1
WebQTest-1009,where did george herbert walker bush go to college,University Yale,"in Whittier, practicing there until 1942, when he moved to Washington, DC and served for",0,0.0,0.37207481265068054,1744.2364230009844,False,graphrag,0
WebQTest-1010,what did bruce jenner win gold medal for,Athletics at the 1976 Summer Olympics - Men's Decathlon,"The subgraph does not provide specific information about Bruce Jenner or his achievements in winning a gold medal. Therefore, based on",0,0.06666666666666667,0.4673757535569808,1666.707451997354,False,graphrag,0
WebQTest-1011,where do they speak tibetan,Tibet,"The subgraph does not provide information about where Tibetan is spoken. Therefore, I cannot answer the question based on the given",0,0.0,0.38971497615178424,1627.1678590019292,False,graphrag,0
WebQTest-1012,what to do in hollywood ca this weekend,TCL Chinese Theatre,There is no specific event mentioned in Hollywood CA for this weekend in the given subgraph. You can visit the locations contained,0,0.08333333333333334,0.4288651006562369,1642.1959889994469,False,graphrag,0
WebQTest-1014,where did kim kardashian come from,Los Angeles,"The knowledge graph does not contain information about Kim Kardashian. Therefore, I cannot answer the question based on the provided subgraph",0,0.0,0.4848206304013729,1653.8795060005214,False,graphrag,0
WebQTest-1015,what town did justin bieber grew up in,Stratford,The subgraph does not provide specific information about the town Justin Bieber grew up in. It only mentions his place of birth,0,0.0,0.5786129273474216,1594.3936080002459,False,graphrag,0
WebQTest-1017,who plays charlie in the santa clause movies,Eric Lloyd,The subgraph does not provide information about who plays Charlie in the Santa Clause movies. The subgraph only mentions a character,0,0.0,0.40572180716614975,1645.8920110017061,False,graphrag,0
WebQTest-1020,what highschool did r. kelly attend,Kenwood Academy,John F. Kennedy High School,0,0.0,0.45702102966606617,1600.4137419986364,False,graphrag,0
WebQTest-1021,what happened at benghazi,2013 Benghazi conflict,"The subgraph does not contain any information about events that happened in Benghazi. Therefore, I cannot provide an answer based on",0,0.08333333333333333,0.4576371941301558,1624.504508003156,False,graphrag,0
WebQTest-1022,what country is nike based in,United States of America,"The information provided in the subgraph does not contain any details about Nike's location or base country. Therefore, I cannot",0,0.0,0.47114931885153055,1666.9879210021463,False,graphrag,0
WebQTest-1024,what kind of money do i bring to mexico,Mexican peso,United States Dollar,0,0.0,0.4035065819819768,1624.8533260004479,False,graphrag,0
WebQTest-1025,who did steve spurrier play pro football for,San Francisco 49ers,The information provided in the subgraph does not contain any details about Steve Spurrier or the teams he played for professionally,0,0.0,0.35743458196520805,1666.951005001465,False,graphrag,0
WebQTest-1027,where do the blackhawks play,United Center,Philips Arena,0,0.0,0.4154708782831828,1644.6853070010548,False,graphrag,0
WebQTest-1028,who plays john connor,Christian Bale,None of the individuals in the provided triples play John Connor. The subgraph does not contain any information about John Connor or,0,0.0,0.4343309670686722,1603.380776999984,False,graphrag,0
WebQTest-1029,what is the main language spoken in mexico,"Tlapanec, Azoyú Language",Spanish Language,1,1.0,0.6552565263377296,1631.8333960007294,False,graphrag,0
WebQTest-1030,what are italians classified as,Latin European peoples,Italian Americans,0,0.0,0.5583768940490225,1633.1648960003804,False,graphrag,0
WebQTest-1031,what has angelina jolie accomplished,Voice Actor,"Based on the provided subgraph, there is no information about Angelina Jolie or her accomplishments. Therefore, I cannot",0,0.0,0.35856054528899817,1631.695830001263,False,graphrag,0
WebQTest-1032,who played captain kirk in star trek movie,William Shatner,Dexter Scott King,0,0.0,0.33492806553840637,1620.114351000666,False,graphrag,0
WebQTest-1033,who played dana scully in x files,Gillian Anderson,m.0gx9vst,0,0.0,0.3423653997873005,1653.9933170024597,False,graphrag,0
WebQTest-1035,what was f. scott fitzgerald,Writer,"The provided triples do not contain any information about F. Scott Fitzgerald. The subgraph is about John F. Fitzgerald,",0,0.0,0.6046201398498133,1675.826179998694,False,graphrag,0
WebQTest-1036,what is the dominant language spoken in jamaica,Jamaican English,Jamaican English,1,1.0,0.6881132995088896,1630.7357660007256,False,graphrag,3
WebQTest-1037,who is the coach for the new york knicks,Derek Fisher,"The information provided in the subgraph does not include any details about the coach of the New York Knicks. Therefore, I",0,0.0,0.3282410346943399,1619.9849479999102,False,graphrag,0
WebQTest-1038,who was wesley snipes,Actor,There is no information about Wesley Snipes in the given subgraph.,0,0.0,0.38480503992600873,1636.8732080009067,False,graphrag,0
WebQTest-1039,where does sherrod brown live,Avon,"United States of America To determine where Sherrod Brown lives, I'll follow these steps:",0,0.0,0.4378335260682636,1603.6850969976513,False,graphrag,0
WebQTest-1040,what kind of language does colombia speak,Cuiba language,Spanish Language,1,1.0,0.5903851456112332,1630.995442999847,False,graphrag,0
WebQTest-1041,what currency does england use now,Pound sterling,Pound sterling,1,1.0,0.7410787232220173,348.92891200070153,False,graphrag,1
WebQTest-1042,who was the original voice of meg griffin on family guy,Lacey Chabert,Griffin Bell,0,0.0,0.3058965504169464,1626.3635190007335,False,graphrag,0
WebQTest-1043,what kind of government is mali,Semi-presidential system,"The subgraph does not contain any information about Mali's form of government. Therefore, I cannot determine what kind of government",0,0.0,0.6041981681533481,1635.7740680032293,False,graphrag,16
WebQTest-1044,who did cristiano ronaldo play for in 2010,Real Madrid C.F.,The information provided in the subgraph does not contain any details about Cristiano Ronaldo or his professional affiliations in 20,0,0.0,0.30635560970557363,1647.2300060013367,False,graphrag,0
WebQTest-1045,what is the zip code for morgantown wv,26504,"The subgraph does not contain information about Morgantown, West Virginia. Therefore, I cannot determine the zip code for",0,0.0,0.44663743626686836,1627.7296580010443,False,graphrag,0
WebQTest-1046,what is jacksonville fl timezone,Eastern Time Zone,Eastern Time Zone,1,1.0,0.5383541882038116,1605.296850000741,False,graphrag,3
WebQTest-1047,who does amy stiller play in dodgeball,Keno Waitress,"The subgraph provided does not contain any information about Amy Stiller or her role in dodgeball. Therefore, I cannot",0,0.0,0.24529282376170158,1641.9703560022754,False,graphrag,0
WebQTest-1048,who were king henry vii children,"Arthur, Prince of Wales",Young Henry Jones,0,0.28571428571428575,0.458724286626367,1642.14833799997,False,graphrag,0
WebQTest-1050,who does mila kunis play on family guy,Meg Griffin,"The given subgraph does not contain any information about Mila Kunis or her roles in Family Guy. Therefore, I",0,0.0,0.29103392362594604,1624.7303630007082,False,graphrag,0
WebQTest-1051,when did the san francisco earthquake occur,1906-04-18,The subgraph does not contain any information about an earthquake in San Francisco. It contains information about the 201,0,0.0,0.379890394561431,1700.4633709984773,False,graphrag,0
WebQTest-1052,who played damien in the omen 2006,Seamus Davey-Fitzpatrick,Elisabeth Omilami,0,0.0,0.28969270132836844,1647.2273520012095,False,graphrag,0
WebQTest-1054,who played denver in four christmases,Jon Favreau filmography,"The information provided does not contain any details about who played Denver in ""Four Christmases"". The subgraph only mentions",0,0.0,0.35147662791940903,1622.9047760025423,False,graphrag,0
WebQTest-1055,what to do with kids in essex,Cudmore Grove Country Park,"There is no direct information in the provided subgraph about activities or events specifically for children in Essex County, New Jersey.",0,0.0,0.3745511241934516,1646.8141190016468,False,graphrag,0
WebQTest-1056,who did the cleveland cavaliers draft,Dion Waiters,None of the triples in the provided subgraph mention any draft picks by the Cleveland Cavaliers. The subgraph contains information about,0,0.0,0.3698536120355129,1674.9010419989645,False,graphrag,0
WebQTest-1057,what concentration camp did anne frank died in,Bergen-Belsen concentration camp,Anne Frank did not die in a concentration camp. She died in February 1945 in the Bergen-Belsen,0,0.3636363636363636,0.289346588008544,1639.61365400246,False,graphrag,0
WebQTest-1059,what language does east timor speak,Tukudede Language,"The subgraph does not provide information about the language spoken in East Timor. Therefore, I cannot determine the answer from",0,0.09090909090909091,0.5199001366677491,1632.8106589971867,False,graphrag,0
WebQTest-1060,what is the currency in italy,Euro,Euro,1,1.0,0.6931095520655314,1600.5845100007718,False,graphrag,1
WebQTest-1061,where does greek language come from,Attic Group,Greece,0,0.0,0.5667266563365334,1635.256870999001,False,graphrag,0
WebQTest-1062,what is the name of the currency used in italy,Euro,Euro,1,1.0,0.6891466081142426,1600.5035460002546,False,graphrag,1
WebQTest-1063,where is audrey hepburn from,Ixelles,United States of America,0,0.0,0.4007864840652632,1629.0616570004204,False,graphrag,0
WebQTest-1065,who does darth vaders voice,James Earl Jones,"The information provided in the subgraph does not contain any details about Darth Vader's voice actor. Therefore, I cannot answer",0,0.0,0.3269767189025879,1620.081573000789,False,graphrag,0
WebQTest-1067,what school did douglas macarthur go to,TMI — The Episcopal School of Texas,"The information provided does not specify which school Douglas MacArthur attended. He is associated with several educational institutions, but no direct",0,0.14285714285714285,0.5528217311948538,1651.1763150010665,False,graphrag,0
WebQTest-1068,what famous people are from barbados,Shawn Terry Cox,"Richard Francis Burton, Colin Campbell, 1st Baron Clyde, George Cole, Thomas Hobbes, Leon Cole, Arthur",0,0.2,0.562720887362957,1639.656739000202,False,graphrag,0
WebQTest-1069,what is the name of the currency used in china,Renminbi,Chinese Yuan,0,0.0,0.41960914303427155,1591.260675999365,False,graphrag,0
WebQTest-1070,what are the names of michael jackson 's 3 children,"Michael Joseph Jackson, Jr.","The subgraph provided does not contain information about Michael Jackson's children. Therefore, I cannot answer the question based on the",0,0.16,0.49433382600545883,1626.9054410004173,False,graphrag,0
WebQTest-1072,who is the current governor of arizona 2010,Jan Brewer,Jeff Arnold,0,0.0,0.37431140331661,1670.1879069987626,False,graphrag,0
WebQTest-1074,who is lamar odom playing for this year,Saski Baskonia,The information provided in the subgraph does not contain any details about Howard R. Lamar's current team or any information related,0,0.0,0.2950140822392244,1643.7438829998428,False,graphrag,0
WebQTest-1075,where were the great pyramids of giza built,Giza Plateau,Giza Governorate,0,0.5,0.39148867000704224,1630.1580960025603,False,graphrag,0
WebQTest-1077,what language do the russian speak,Erzya Language,Yiddish Language,1,1.0,0.5866082939836714,1620.13571100033,False,graphrag,0
WebQTest-1078,what language do australia people speak,Esperanto Language,English Language,1,1.0,0.5248079574108124,1187.6166729998658,False,graphrag,5
WebQTest-1079,what country was king tut 's tomb found,Egypt,Egypt,1,1.0,0.44133829697966576,1630.6571200002509,False,graphrag,4
WebQTest-1080,where did abraham and his descendants live,Canaan,"United States of America To determine where Abraham Lincoln and his descendants lived, we need to focus on the relevant information provided in",0,0.0,0.3957044309691379,1646.4664670020284,False,graphrag,0
WebQTest-1081,where did george washington carver go to collage,Simpson College,m.0n1916z m.04hdfv4 m.0ztr7gt,0,0.0,0.6545080430805683,1653.8504829986778,False,graphrag,0
WebQTest-1082,what are the sports in spain,CB 1939 Canarias,Tennis,0,0.0,0.5535897724330425,1635.7673189995694,False,graphrag,0
WebQTest-1083,where president obama was born,Honolulu,"Washington, D.C. To determine where President Obama was born, I looked for information about his place of birth in the",0,0.0,0.4932221952411864,1662.835464001546,False,graphrag,0
WebQTest-1084,what sports do people play in poland,Turów Zgorzelec,"Field hockey, Tennis, Volleyball",0,0.2,0.5279899371994866,1629.8228339983325,False,graphrag,0
WebQTest-1085,who was demi lovato dating,Cody Linley,"The given subgraph does not contain any information about Demi Lovato's dating history. Therefore, I cannot determine who",0,0.0,0.2985465923945109,1587.7687680003874,False,graphrag,0
WebQTest-1087,what films has scarlett johansson been in,Ghost World,"Based on the provided triples, there is no information about Scarlett Johansson or any films she has been in. Therefore,",0,0.15384615384615383,0.424628546833992,1663.962390000961,False,graphrag,0
WebQTest-1088,who originally voiced meg on family guy,Lacey Chabert,Milhouse Van Houten,0,0.0,0.287685407532586,1604.5626240011188,False,graphrag,0
WebQTest-1089,who played amy squirrel in bad teacher,Lucy Punch,Mark Twain,0,0.0,0.3675483045252887,1603.5196730008465,False,graphrag,0
WebQTest-1090,where are boeing headquarters,Chicago,Kennedy Space Center,0,0.0,0.3923324594895045,1636.0970640016603,False,graphrag,0
WebQTest-1091,what type of religions are in the united states,Hinduism,"Christianity, Protestantism, Catholicism, Nondenominational Christianity, United Methodist Church, Oriental Orthodoxy, Unitarian",0,0.3076923076923077,0.5775745487213135,1585.8979509976052,False,graphrag,0
WebQTest-1092,who did viggo mortensen play in lord of the rings,Aragorn,Vigo Mortensen did not appear in The Lord of the Rings. The subgraph does not contain any information about Vig,0,0.0,0.3382997201247649,1659.8951960004342,False,graphrag,0
WebQTest-1094,who was isaac newton and what did he do,Chemist,"Isaac Newton was a British scientist, philosopher, and academic. He practiced vegetarianism and influenced many notable figures including Pierre Louis",0,0.09523809523809523,0.6425169355729047,1634.1036119993078,False,graphrag,0
WebQTest-1095,who did william shakespeare marry,Anne Hathaway,"Spouse (or domestic partner) To directly answer the question based on the provided triples, William Shakespeare's marital status is",0,0.0,0.507845725864172,1604.1815360003966,False,graphrag,0
WebQTest-1096,what movies queen latifah is in,We Are Family,None of the movies mentioned in the subgraph are associated with Queen Latifah. The subgraph does not contain any,0,0.2962962962962963,0.3905724510550499,1618.921858000249,False,graphrag,0
WebQTest-1097,where did michelle obama graduated from,Princeton University,"1946, Nixon was elected Republican Congressman and became a prominent player in the propaganda war against Communism.)",0,0.0,0.4211223144084215,1750.184630000149,False,graphrag,0
WebQTest-1098,what kind of music did franz liszt compose,Romantic music,"The subgraph does not provide specific information about the type of music Franz Liszt composed. Therefore, based on the given",0,0.09090909090909091,0.469982464205135,1692.6520460001484,False,graphrag,0
WebQTest-1099,what country does david luiz play for,Brazil national football team,"The provided subgraph does not contain any information about David Luiz or his national team. Therefore, it's impossible to",0,0.16666666666666669,0.4304138474604663,1646.1834330002603,False,graphrag,0
WebQTest-1100,what document did thomas jefferson wrote,The Literary Bible of Thomas Jefferson,"The subgraph does not provide specific information about any particular document written by Thomas Jefferson. Therefore, based on the given triples",0,0.3037974683544304,0.526734364383361,1647.087248002208,False,graphrag,0
WebQTest-1101,who is martin luther king jr facts,Writer,"Martin Luther King, Jr. was a topic of multiple webpages and articles. His spouse was m.0hyg",0,0.0,0.7046052925288677,1653.8219249996473,False,graphrag,0
WebQTest-1102,where is victoria british columbia,British Columbia,"Victoria, British Columbia is contained by the country of Canada. However, based on the provided triples, it directly states that",0,0.18181818181818182,0.47200215856234234,1606.7304860007425,False,graphrag,0
WebQTest-1103,how many mary mary sisters,Tina Campbell,2,0,0.0,0.4344972725957632,1627.7904779999517,False,graphrag,0
WebQTest-1104,what do we call the currency of france,CFP franc,Euro,1,1.0,0.6968303918838501,1599.5278040027188,False,graphrag,0
WebQTest-1106,what team does david beckham play for in 2012,LA Galaxy,"Based on the information provided in the subgraph, there is no mention of David Beckham playing for any specific team in",0,0.0,0.377433730661869,1663.3166869978595,False,graphrag,0
WebQTest-1107,what movies did nick cannon star in,Garfield: The Movie,"Based on the provided subgraph, there is no information about Nick Cannon or his movie roles. Therefore, the answer is",0,0.24489795918367346,0.34496128764645806,1637.1561890009616,False,graphrag,0
WebQTest-1108,what radio station is npr on in nyc,WNYC,"The provided subgraph does not contain any information about NPR or radio stations in NYC. Therefore, I cannot answer the question",0,0.0,0.5687649505478996,1624.5835660010925,False,graphrag,0
WebQTest-1109,who did tom landry play for,New York Yankees,"The subgraph does not contain any information about Tom Landry or the teams he played for. Therefore, I cannot answer",0,0.0,0.3237464340294109,1633.8462929998059,False,graphrag,0
WebQTest-1110,where was john jay born,New York City,"The subgraph does not provide information about a person named John Jay. It mentions a person named Jay-Z, but no",0,0.0,0.46025962978601453,1629.1041399999813,False,graphrag,0
WebQTest-1111,where is mount fuji located,Japan,Kanagawa Prefecture,0,0.0,0.38227777238245364,1608.5011050017783,False,graphrag,3
WebQTest-1113,where was toussaint l'ouverture born,Saint-Domingue,France Tochigi Prefecture is not related to Toussaint L'Ouverture. There is no information in the,0,0.0,0.3709112559926921,1635.792319997563,False,graphrag,0
WebQTest-1114,what countries makes up the uk,Wales,"United Kingdom, Scotland, England, Wales, Northern Ireland",0,0.4444444444444445,0.5857884734869003,1630.6520859980083,False,graphrag,9
WebQTest-1115,what is lawton ok zip code,73507,"The provided subgraph does not contain information about Lawton, OK or its zip code. Therefore, I cannot determine the",0,0.0,0.4527874607592821,1660.32050099966,False,graphrag,0
WebQTest-1116,what is the capital city of spain wiki answers,Madrid,Madrid,1,1.0,0.568595040589571,1624.687414001528,False,graphrag,0
WebQTest-1117,where do they speak german,Second Polish Republic,"Germany, Canada, South Africa, Switzerland To answer the question ""Where do they speak German?"" based on the provided triples",0,0.1904761904761905,0.5273589330414931,1604.9438810005086,False,graphrag,0
WebQTest-1118,when did mark mcgwire retired,2001 Major League Baseball Season,"The given subgraph does not contain any information about Mark McGwire or his retirement date. Therefore, I cannot answer this",0,0.0,0.3223693867524465,1651.3886860011553,False,graphrag,0
WebQTest-1119,what is colorado technical university,College/University,There is no information about Colorado Technical University in the provided subgraph. The subgraph only contains information about the University of,0,0.16,0.4861776791512966,1663.6060620003263,False,graphrag,0
WebQTest-1120,what was the currency used in france before the euro,French franc,"The subgraph does not provide information about the currency used in France before the Euro. Based on the given data, it",0,0.0,0.7188684410519071,1592.8367769993201,False,graphrag,0
WebQTest-1121,what is kentucky state slogan,"United we stand, divided we fall",Ever Upward,0,0.0,0.4677193704992533,1626.722568002151,False,graphrag,0
WebQTest-1124,who played samantha stephens in bewitched,Elizabeth Montgomery,"The subgraph provided does not contain any information about Samantha Stephens or the TV show Bewitched. Therefore, I cannot determine",0,0.0,0.3504830704015844,1650.8541309995053,False,graphrag,0
WebQTest-1125,what area of science did sir isaac newton study,Chemist,Scientist,1,1.0,0.5816548578441143,319.5174730026338,False,graphrag,0
WebQTest-1126,what county is san diego in,San Diego County,"San Diego is not mentioned in the given subgraph. Based on the information provided, it cannot be determined which county San",0,0.32,0.5539631068706512,1649.2640329997812,False,graphrag,0
WebQTest-1127,which country in north america is divided into provinces,Canada,Canada,1,1.0,0.5499855920120522,1634.0525499981595,False,graphrag,3
WebQTest-1130,what is real name of santa claus,Saint Nicholas,Nicholas of Cusa,0,0.4,0.3977195043116808,1621.0256400008802,False,graphrag,0
WebQTest-1131,when did kelly slater go pro,1990,The provided subgraph does not contain any information about Kelly Slater or his professional debut in surfing or any other field. Therefore,0,0.0,0.3774020243436098,1622.740890001296,False,graphrag,0
WebQTest-1132,what did coretta scott king died from,Respiratory failure,The subgraph does not provide information about how or from what Coretta Scott King died. The given triples focus on,0,0.0,0.6001544279210708,1638.7164199986728,False,graphrag,0
WebQTest-1133,what does wh smith stand for,WHSmith,WZMX,0,0.0,0.4670617673546076,1605.475287000445,False,graphrag,0
WebQTest-1135,who was vp for nixon,Spiro Agnew,a new relationship with China and the Soviet Union.),0,0.0,0.6369111615678539,1725.3802870000072,False,graphrag,8
WebQTest-1136,what religion did adolf hitler follow,Catholicism,"The subgraph does not provide information about Adolf Hitler's religion. Therefore, I cannot determine his religion from this data.",0,0.0,0.5214069564091531,1597.9530869990413,False,graphrag,2
WebQTest-1137,where is the illinois river on a map,United States of America,"Illinois is partially contained by the Mississippi River, Lower Mississippi River, and Wabash River. The Ohio River is partially",0,0.1,0.6287490673687147,1622.3378780014173,False,graphrag,11
WebQTest-1138,where honduras in the world,Americas,"Honduras is located in North America, Central America, and the Americas. It is also contained within Latin America.",0,0.3636363636363636,0.6909848762595135,1541.6384090021893,False,graphrag,2
WebQTest-1142,who does ronaldinho play for now 2011,Clube de Regatas do Flamengo,"The given subgraph does not contain any information about Ronaldinho's current team in 2011. Therefore,",0,0.1,0.2867791064475712,1640.7194399980654,False,graphrag,0
WebQTest-1143,what galileo galilei was famous for,Heliocentrism,"The subgraph does not contain information about Galileo Galilei or his fame. Therefore, I cannot derive an answer",0,0.0,0.41936622011034114,1708.3022449987766,False,graphrag,0
WebQTest-1144,what are the major trading partners of germany,Scotland,"The subgraph does not provide information about Germany's major trading partners. Therefore, I cannot answer this question based on the",0,0.0,0.4361433590000326,1600.7086600002367,False,graphrag,0
WebQTest-1145,where did romney graduated college,Brigham Young University,served for a short time in the Office of Price Administration.),0,0.0,0.42868081787053275,1739.5645850010624,False,graphrag,0
WebQTest-1146,who did johnny depp play in corpse bride,Victor Van Dort,Johnny Depp did not play any character in Corpse Bride based on the given triples. The subgraph does not contain,0,0.0,0.3121865517818011,1624.6973500019521,False,graphrag,0
WebQTest-1147,what is the zip code for jonesboro ar,72402,"The provided subgraph does not contain any information about Jonesboro, AR or its zip code. Therefore, I cannot determine",0,0.0,0.453933094229017,1653.882253998745,False,graphrag,0
WebQTest-1148,what college did se hinton go,University of Tulsa,"The subgraph does not contain any information about a person named Se Hinton or their educational institutions attended. Therefore, there",0,0.0,0.34177888842190013,1649.2304140010674,False,graphrag,0
WebQTest-1149,when was taylor swift fearless tour,2009-04-23,2009,0,0.5,0.33300333884027267,572.1085980003409,False,graphrag,0
WebQTest-1151,where did charles darwin and his wife live,London,"The given subgraph does not contain any information about Charles Darwin or his wife. Therefore, I cannot answer the question based",0,0.0,0.3718389984634187,1641.1665609994088,False,graphrag,0
WebQTest-1152,who is the voice of kitt,William Daniels,m.02t9fb5,0,0.0,0.3402493836788031,1621.2260639986198,False,graphrag,0
WebQTest-1153,what is eminem 's real full name,Marshall Bruce Mathers III,Not available in the given subgraph,0,0.0,0.47793029248714447,1647.4411700000928,False,graphrag,0
WebQTest-1154,who is amy grant 's first husband,Gary Chapman,There is no information about Amy Grant or her first husband in the provided subgraph. The subgraph only contains information about,0,0.0,0.33730303682386875,1671.75449899878,False,graphrag,0
WebQTest-1155,what are the seven nations of central america,Panama,"Honduras, Guatemala, Belize, Costa Rica, El Salvador, Nicaragua, Panama The subgraph provided does not explicitly list all",0,0.21052631578947367,0.5498172112486579,1612.4873340013437,False,graphrag,0
WebQTest-1156,what is jamie spears baby name,Maddie Briann Aldridge,"Jamie Murray To answer the question ""What is Jamie Spears' baby name?"" based on the provided triples, there is no",0,0.0,0.4407111033797264,1638.9776790019823,False,graphrag,0
WebQTest-1160,who is the mother of prince michael jackson,Katherine Jackson,"Victoria Jackson To answer the question ""Who is the mother of Prince Michael Jackson?"", we need to identify the relevant information from",0,0.15384615384615385,0.4709186013787985,1633.1034240029112,False,graphrag,0
WebQTest-1161,what is the clemson mascot name,Clemson University The Tiger,"The subgraph does not contain information about Clemson University's mascot. Therefore, I cannot determine the Clemson mascot name from this",0,0.36144578313253006,0.46016407797211095,1632.881522000389,False,graphrag,0
WebQTest-1163,what rainforest is in south america,Amazon rainforest,Amazon Rainforest,1,1.0,0.471405228501872,1554.0115479998349,False,graphrag,0
WebQTest-1164,what type of art does claude monet do,Modern art,"Claude Monet is not mentioned in the provided subgraph, and there is no information about the type of art he creates",0,0.08695652173913042,0.39056328932444256,1660.6895610020729,False,graphrag,0
WebQTest-1166,when did we start war with iraq,2003-03-20,2003 invasion of Iraq,0,0.28571428571428575,0.41145204566419125,716.6149900003802,False,graphrag,0
WebQTest-1168,what guitar did kurt cobain,Fender Jag-Stang,"The information provided in the subgraph does not contain any details about Kurt Cobain or his guitar. Therefore, I cannot",0,0.0,0.3338661673276321,1580.6047769983707,False,graphrag,0
WebQTest-1169,who did jennifer lawrence play in x men,Raven / Mystique,"Jennifer Lopez is not related to playing any character in X-Men. The correct name is Jennifer Lawrence, and she played the",0,0.0,0.34680517624925683,1638.8864889995602,False,graphrag,0
WebQTest-1170,who is the governor of virginia 2011,Bob McDonnell,None of the triples in the provided subgraph mention the governor of Virginia in 2011. The subgraph,0,0.0,0.39412826485931873,1645.9758609998971,False,graphrag,0
WebQTest-1171,who did darth vaders voice,James Earl Jones,m.0jv4w9,0,0.0,0.3262173545360565,1624.4056370014732,False,graphrag,0
WebQTest-1173,where is walton county ga,Georgia,"The subgraph does not provide information about Walton County, Georgia. Therefore, I cannot determine where Walton County GA is based",0,0.09523809523809523,0.6280319657590654,1636.5517079975689,False,graphrag,0
WebQTest-1174,what cancer did jackie kennedy die of,Lymphoma,Jackie Kennedy did not die of cancer according to the provided subgraph. The subgraph mentions that Jackie's Strength's music,0,0.0,0.5030695096306179,1716.0092670019367,False,graphrag,0
WebQTest-1175,what does lauren conrad major in,Fashion design,"The subgraph does not provide information about Lauren Conrad's major. Therefore, the answer cannot be determined from the given data",0,0.0,0.4816176276654005,1624.6987660015293,False,graphrag,0
WebQTest-1176,what time zone is pennsylvania in right now,UTC−05:00,UTC−05:00,1,1.0,0.638232871890068,1601.2313070023083,False,graphrag,1
WebQTest-1177,where did mario lopez go to school,Chula Vista High School,"The information provided does not contain any details about Mario Lopez's schooling. Therefore, based on the given subgraph, it",0,0.0,0.44365965794114504,1645.5143470011535,False,graphrag,0
WebQTest-1178,where is tupac from originally,East Harlem,United States of America,0,0.0,0.5652242563664913,1642.2958260009182,False,graphrag,0
WebQTest-1179,what role did george lucas play in star wars,Baron Papanoida,Author,0,0.0,0.3179628468222088,1640.8658000000287,False,graphrag,0
WebQTest-1180,what sarah dessen books are movies,How to Deal,Books on film -- which do you want to see? To determine if there is a direct connection between Sarah Dessén's,0,0.14814814814814814,0.44442429579794407,1676.6386039998906,False,graphrag,0
WebQTest-1181,what is the current time in kauai hawaii,Hawaii-Aleutian Time Zone,"The subgraph does not provide specific information about the current time in Kauai, Hawaii. However, based on the",0,0.1818181818181818,0.5149950139662799,1626.6269349980575,False,graphrag,0
WebQTest-1183,where was farrah fawcett buried,Westwood Village Memorial Park Cemetery,The information provided does not contain any details about Farrah Fawcett's burial place. To accurately answer this question,0,0.0,0.3752272818237543,1653.8504279997142,False,graphrag,0
WebQTest-1185,what inspired steinbeck,Thomas Malory,Sherwood Anderson,1,1.0,0.6038672678610858,1632.771150998451,False,graphrag,0
WebQTest-1186,what kind of government does cuba have today,Semi-presidential system,Marxist,0,0.0,0.5658324606278363,1603.9405439987604,False,graphrag,0
WebQTest-1187,where are english speakers distributed,Nigeria,"United Kingdom, United States of America, Grenada, England, Bermuda, Canada, Puerto Rico, Scotland, New Zealand",0,0.5,0.4604516800712137,1626.505680000264,False,graphrag,0
WebQTest-1189,what is the capital of italy today,Rome,Rome,1,1.0,0.5212249911966778,1599.5288520025497,False,graphrag,1
WebQTest-1191,what language do people speak in the bahamas,English Language,English Language,1,1.0,0.6427644623650445,1641.6350990002684,False,graphrag,1
WebQTest-1192,where did george michael go to school,Bushey Meads School,"The information provided does not specify where George Michael went to school. To accurately answer this question, we would need additional data",0,0.08,0.4555570222437382,1665.6633239981602,False,graphrag,0
WebQTest-1194,what club does cristiano ronaldo play for in 2010,Real Madrid C.F.,"The given subgraph does not contain any information about Cristiano Ronaldo or his club in 2010. Therefore,",0,0.0,0.33646852440304226,1647.612714998104,False,graphrag,0
WebQTest-1195,what time zone is in the bahamas,UTC−05:00,UTC−05:00,1,1.0,0.7406963780522346,1627.283293997607,False,graphrag,1
WebQTest-1197,what language do people speak in brazil,Brazilian Portuguese,"Portuguese Language, Italian Language",0,0.8571428571428571,0.6448719187786704,1598.751072997402,False,graphrag,0
WebQTest-1198,who influenced samuel taylor coleridge,Immanuel Kant,"Immanuel Kant, Friedrich Wilhelm Joseph Schelling, Giambattista Vico, William Shakespeare, John Milton",0,0.5,0.8390137068927288,1653.417059998901,False,graphrag,5
WebQTest-1199,what does kim kardashian work as,Actor,"The subgraph provided does not contain any information about Kim Kardashian. Therefore, it is not possible to determine what Kim Kardashian",0,0.0,0.4883454218506813,1635.15618800011,False,graphrag,3
WebQTest-1200,where did the mississippi river end,Gulf of Mexico,Gulf of Mexico,1,1.0,0.6544142302713896,1646.5152409982693,False,graphrag,3
WebQTest-1201,who played carlton lassiter on psych,Timothy Omundson,Raymond Chandler,0,0.0,0.35311852395534515,1635.5773610011966,False,graphrag,0
WebQTest-1203,who is president of israel,Reuven Rivlin,"The subgraph provided does not contain any information about the current or past presidents of Israel. Therefore, I cannot answer the",0,0.0,0.49280381986969396,1618.5976639972068,False,graphrag,0
WebQTest-1204,where did the anasazi indians live,Four Corners,"The subgraph does not contain information about the Anasazi Indians. Therefore, I cannot answer the question based on the",0,0.0,0.34232428845237284,1656.1304859969823,False,graphrag,0
WebQTest-1205,who plays harley quinn,Mia Sara,Miss Piggy,0,0.0,0.429918273769576,1627.4562910039094,False,graphrag,0
WebQTest-1206,what was francis bacon contributions,Author,"Francis Bacon's contributions include being a statesman, author, scientist, and philosopher. He influenced notable figures such as Claude",0,0.1,0.6899130493402481,1628.4556719983811,False,graphrag,2
WebQTest-1209,when does ziva start on ncis,NCIS - Season 3,"The subgraph provided does not contain any information about Ziva starting on NCIS. Therefore, I cannot answer this question",0,0.09090909090909091,0.3211793741759132,1653.4040229962557,False,graphrag,0
WebQTest-1210,what is the name of the national anthem of canada ( 2 words ),O Canada,O Canada,1,1.0,0.4288230742278852,1604.7839549937635,False,graphrag,0
WebQTest-1212,what did mark zuckerberg study,Psychology,"The given subgraph does not contain any information about Mark Zuckerberg or his studies. Therefore, it is not possible to determine",0,0.0,0.40493903557459515,1654.3650649982737,False,graphrag,0
WebQTest-1213,which country was michael jackson born,United States of America,United States of America,1,1.0,0.5937693640589714,468.4339599989471,False,graphrag,1
WebQTest-1215,who was stephen r covey,Author,There is no information about Stephen R Covey in the given subgraph.,0,0.0,0.4400215018540621,1598.7830059966655,False,graphrag,0
WebQTest-1216,what country was stalin in charge of,Soviet Union,Russia,0,0.0,0.40335937009917366,1682.1180150000146,False,graphrag,0
WebQTest-1217,what is monta ellis career high points,NBA Most Improved Player Award,"The subgraph does not contain any information about a person named Monta Ellis. It mentions Warren Ellis as a writer,",0,0.0,0.3520456925034523,1621.0533310004394,False,graphrag,0
WebQTest-1219,what nationality is rihanna,Barbados,"United States of America To determine Rihanna's nationality from the provided triples, I'll look for the relevant information:",0,0.0,0.6588595724105835,1618.505277998338,False,graphrag,0
WebQTest-1220,what has shannen doherty played in,Another Day,"The given subgraph does not contain any information about Shannen Doherty or her roles. Therefore, it is",0,0.10526315789473684,0.38269902508834314,1673.1312029951368,False,graphrag,0
WebQTest-1221,what college did joakim noah,University of Florida,The subgraph does not contain any information about Joakim Noah or his college. The subgraph is primarily about Noah,0,0.0,0.36421073973178864,1652.1256100022583,False,graphrag,0
WebQTest-1223,who plays billy elliot,Jamie Bell,Fox Theatre,0,0.0,0.4291949775069952,1596.7823019964271,False,graphrag,0
WebQTest-1225,what kourtney kardashian boyfriends name,Scott Disick,"The subgraph provided does not contain any information about Kourtney Kardashian or her boyfriends. Therefore, the question cannot",0,0.0,0.3494437789916992,1603.4609560010722,False,graphrag,0
WebQTest-1226,what form of government does australia use,Parliamentary system,Federal monarchy,1,1.0,0.797016978263855,1627.3043909968692,False,graphrag,2
WebQTest-1227,what team did howie long,Oakland Raiders,United States women's national gymnastics team,0,0.0,0.34677506817711723,1659.5004910050193,False,graphrag,0
WebQTest-1228,where did the greek alphabet come from,Phoenician alphabet,The information provided in the subgraph does not directly state the origin of the Greek alphabet. The subgraph mainly describes relationships,0,0.08695652173913042,0.3936091876692242,1612.5392949979869,False,graphrag,0
WebQTest-1229,what timezone is elizabethtown kentucky,Eastern Time Zone,UTC−05:00,0,0.0,0.5178031984128451,1616.3056479999796,False,graphrag,3
WebQTest-1230,what to see in christchurch new zealand,Air Force Museum of New Zealand,"Christ Church Burial Ground, Anglicanism (Canterbury Cathedral) To provide a more comprehensive answer based on the given",0,0.1,0.42312935622114883,1623.3677249983884,False,graphrag,0
WebQTest-1231,where is chris paul from,United States of America,"United States of America To answer the question ""Where is Chris Paul from?"" based on the provided triples, we need to",0,0.32,0.49827377227219666,1621.8280870016315,False,graphrag,1
WebQTest-1232,what year was albert pujols rookie year,2001 Major League Baseball Season,"The provided subgraph does not contain any information about Albert Pujols or his rookie year. Therefore, I cannot determine",0,0.0,0.3222247064113617,1635.2430740007549,False,graphrag,0
WebQTest-1233,what are the colors of the ny giants,Red,"The subgraph provided does not contain any information about the New York Giants or their colors. Therefore, I cannot determine the",0,0.0,0.4506701514834449,1621.7544079991058,False,graphrag,1
WebQTest-1234,what business did andrew carnegie dominate,financier,Carnegie Porter,0,0.0,0.4036328196525574,1634.9814600034733,False,graphrag,0
WebQTest-1235,what was sir isaac newton 's inventions,Pet door,"Based on the provided triples, there is no specific mention of Sir Isaac Newton's inventions. The subgraph focuses more on",0,0.0,0.5806615492876839,1632.4588549978216,False,graphrag,0
WebQTest-1237,who did shaq first play for,Orlando Magic,The provided triples do not contain any information about Shaq (Shaq refers to Shaquille O'Neal) playing,0,0.0,0.3618883104885326,1624.8216710009729,False,graphrag,0
WebQTest-1238,who was the artist of mickey mouse,Ub Iwerks,Minnie Riperton,0,0.0,0.5445740930736065,1629.422013000294,False,graphrag,0
WebQTest-1239,what is the zip code for concord,94518,30324,0,0.0,0.4743246570710213,1670.859327998187,False,graphrag,0
WebQTest-1240,what football team is michael vick on,New York Jets,"Atlanta Falcons To answer the question ""What football team is Michael Vick on?"" based on the provided triples, we need to",0,0.0,0.506658898158507,1638.124307995895,False,graphrag,0
WebQTest-1241,where does the columbia river start,Columbia Lake,"The subgraph does not contain any information about a ""Columbia River"". The only river named in the provided subgraph",0,0.09523809523809525,0.5537356668048434,1652.5357650025398,False,graphrag,0
WebQTest-1242,what are all the names of the harry potter books,Harry Potter and the Chamber of Secrets,None of the provided triples mention any Harry Potter books. The subgraph only contains information about other books and authors such as,0,0.39999999999999997,0.3789660283203783,1667.0944620054797,False,graphrag,0
WebQTest-1244,who was sir walter raleigh and what did he do,Courtier,"The subgraph does not contain any information about Sir Walter Raleigh. Therefore, I cannot provide an answer based on the given",0,0.0,0.4142640496001524,1679.6698410034878,False,graphrag,0
WebQTest-1245,what countries are in the euro dollar,Kingdom of the Netherlands,"France, Netherlands, Belgium, Portugal, Greece, Republic of Ireland, Italy, Europe",0,0.4615384615384615,0.7130133112271627,1609.8584159990423,False,graphrag,0
WebQTest-1246,what currency can you use in barbados,Barbadian dollar,Canadian dollar,0,0.5,0.5718333125114441,1609.8918479983695,False,graphrag,0
WebQTest-1247,who is angelina jolie,Voice Actor,"Angelina Jolie is not mentioned in the provided subgraph. The subgraph only contains information about Brad Pitt, Jennifer",0,0.0,0.46714614480733874,1618.5369300001184,False,graphrag,0
WebQTest-1248,where is nineveh city,Iraq,"The subgraph does not contain any information about a place named ""Nineveh City"". The closest match is ""Nine Mile",0,0.09523809523809525,0.34170889688862693,1606.0240369988605,False,graphrag,0
WebQTest-1249,what is the state flower of new mexico,Yucca flower,m.0hz8zdj,0,0.0,0.47312696650624275,1636.8768850006745,False,graphrag,0
WebQTest-1250,where is the national ffa foundation located today,Alexandria,"The information provided does not mention the location of the National FFA Foundation. Therefore, I cannot determine its location based on",0,0.0,0.42810594737529756,1676.658401003806,False,graphrag,0
WebQTest-1251,which countries speak germanic languages,Belgium,"Germany, Canada, Sweden, Finland",0,0.4,0.6017097651958465,1615.9583979970193,False,graphrag,0
WebQTest-1252,who plays eowyn in lord of the rings,Miranda Otto,Yolanda King,0,0.0,0.4057597803572814,1642.701405005937,False,graphrag,0
WebQTest-1254,where is augusta masters 2012,Augusta National Golf Course,"The subgraph does not contain information about the Augusta Masters or its location in 2012. Therefore, I",0,0.09523809523809523,0.3715850865840912,1697.0017880012165,False,graphrag,0
WebQTest-1255,what type of cancer did eva peron die from,Cervical cancer,"The subgraph does not contain information about Eva Peron or her cause of death. Therefore, no answer can be provided",0,0.0,0.340432895720005,1638.5765209997771,False,graphrag,0
WebQTest-1256,who did terrell owens play for in 2010,Cincinnati Bengals,The given subgraph does not contain any information about Terrell Owens or his team in 2010. Therefore,0,0.0,0.33237313851714134,1664.0342559985584,False,graphrag,0
WebQTest-1257,where is denmark south carolina,Bamberg County,"Denmark and South Carolina are in different locations. Denmark is contained by Northern Europe, Scandinavia, and Europe. South Carolina",0,0.34782608695652173,0.5298157915472984,1593.1846200037398,False,graphrag,0
WebQTest-1259,what books did ernest hemingway write,"Ernest Hemingway, selected letters, 1917-1961","The Paris Review Interviews, Vol. 1, Wild Nights! To provide a more comprehensive answer based on the given triples",0,0.25531914893617025,0.6492314338684082,1666.5161380005884,False,graphrag,0
WebQTest-1260,what year did baltimore ravens win super bowl,Super Bowl XXXV,The subgraph provided does not contain any information about the Baltimore Ravens winning a Super Bowl or any Super Bowl-related details.,0,0.28571428571428575,0.316397687420249,1664.3599340022774,False,graphrag,0
WebQTest-1261,where did the battle of passchendaele happen,Flanders,"The Battle of Passchendaele happened in Passchendaele, which is in modern-day Belgium. However",0,0.0,0.6179568562656641,1691.8879370059585,False,graphrag,0
WebQTest-1262,what part of the country is ohio considered,Midwestern United States,Midwestern United States,1,1.0,0.6478741973638534,478.32997100340435,False,graphrag,5
