qid,question,gold,prediction,em,f1,confidence,latency_ms,abstained,x_method,x_rank
oa_331,"At time 58 in context ctx_02, can u_0041 access res_0016?",1,No,0,0.0,0.5131720900535583,3264.1263001132756,False,graphrag,0
oa_0,"At time 83 in context ctx_03, can u_0045 access res_0134?",0,No,1,1.0,0.4929023031145334,3118.7038000207394,False,graphrag,0
oa_365,"At time 55 in context ctx_07, can u_0481 access res_0048?",1,No,0,0.0,0.4658881983031397,3018.9698000904173,False,graphrag,0
oa_1,"At time 142 in context ctx_06, can u_0029 access res_0098?",0,no,1,1.0,0.533162098377943,2991.294200066477,False,graphrag,0
oa_589,"At time 55 in context ctx_07, can u_0247 access res_0048?",1,No,0,0.0,0.4414357568906701,3184.0242000762373,False,graphrag,0
oa_2,"At time 93 in context ctx_05, can u_0276 access res_0026?",0,no,1,1.0,0.5145449105061983,3186.463400023058,False,graphrag,0
oa_604,"At time 58 in context ctx_02, can u_0127 access res_0125?",1,No,0,0.0,0.4564848974827797,3347.5530000869185,False,graphrag,0
oa_9,"At time 124 in context ctx_04, can u_0442 access res_0154?",0,No,1,1.0,0.47665747893708094,3351.6321999486536,False,graphrag,0
oa_685,"At time 51 in context ctx_03, can u_0138 access res_0156?",1,No,0,0.0,0.446975545159408,3204.2570000048727,False,graphrag,0
oa_12,"At time 134 in context ctx_06, can u_0132 access res_0152?",0,No,1,1.0,0.502180905903087,3164.4393000751734,False,graphrag,0
oa_708,"At time 60 in context ctx_04, can u_0452 access res_0130?",1,No,0,0.0,0.41030915329853695,3209.6190000884235,False,graphrag,0
oa_15,"At time 90 in context ctx_02, can u_0316 access res_0060?",0,No,1,1.0,0.47964573016873113,3133.3224999252707,False,graphrag,0
oa_803,"At time 50 in context ctx_02, can u_0243 access res_0016?",1,no,0,0.0,0.4599253982305527,3026.647499995306,False,graphrag,0
oa_19,"At time 128 in context ctx_00, can u_0170 access res_0134?",0,no,1,1.0,0.4767448902130127,3314.7535000462085,False,graphrag,0
oa_826,"At time 61 in context ctx_05, can u_0225 access res_0139?",1,No,0,0.0,0.48364636798699695,3215.561999939382,False,graphrag,0
oa_26,"At time 196 in context ctx_04, can u_0236 access res_0066?",0,No,1,1.0,0.4518691552312751,3214.109799824655,False,graphrag,0
oa_862,"At time 50 in context ctx_02, can u_0311 access res_0066?",1,No,0,0.0,0.4130226229799205,3239.6295000799,False,graphrag,0
oa_27,"At time 97 in context ctx_01, can u_0206 access res_0080?",0,no,1,1.0,0.5389612066118341,3190.714699914679,False,graphrag,0
oa_889,"At time 58 in context ctx_02, can u_0096 access res_0180?",1,yes,1,1.0,0.47919225500475976,3240.0044999085367,False,graphrag,0
oa_58,"At time 66 in context ctx_02, can u_0019 access res_0022?",0,No,1,1.0,0.5632828831672668,3083.4597998764366,False,graphrag,0
oa_948,"At time 58 in context ctx_02, can u_0471 access res_0077?",1,No,0,0.0,0.4841505317460923,2987.766799982637,False,graphrag,0
oa_63,"At time 136 in context ctx_00, can u_0252 access res_0175?",0,no,1,1.0,0.48584654099411434,3027.240199968219,False,graphrag,0
oa_1019,"At time 59 in context ctx_03, can u_0465 access res_0056?",1,No,0,0.0,0.4615442121730131,3421.2682000361383,False,graphrag,0
oa_64,"At time 190 in context ctx_06, can u_0133 access res_0162?",0,No,1,1.0,0.4656130204598109,3545.6193001009524,False,graphrag,0
oa_1083,"At time 52 in context ctx_04, can u_0300 access res_0055?",1,No,0,0.0,0.4552952665835619,3818.429999984801,False,graphrag,0
oa_69,"At time 157 in context ctx_05, can u_0162 access res_0029?",0,no,1,1.0,0.5163083896040916,3186.9538000319153,False,graphrag,0
oa_1084,"At time 56 in context ctx_00, can u_0225 access res_0074?",1,no,0,0.0,0.4808927844552433,3182.768300175667,False,graphrag,0
oa_72,"At time 118 in context ctx_06, can u_0369 access res_0089?",0,No,1,1.0,0.5084469538667927,3141.6235000360757,False,graphrag,0
oa_1101,"At time 58 in context ctx_02, can u_0127 access res_0077?",1,No,0,0.0,0.45555259172733015,3133.0015999265015,False,graphrag,0
oa_79,"At time 108 in context ctx_04, can u_0206 access res_0157?",0,No,1,1.0,0.44716954852143925,3224.304499803111,False,graphrag,0
oa_1277,"At time 58 in context ctx_02, can u_0243 access res_0077?",1,No,0,0.0,0.47467222525959923,3495.4355000518262,False,graphrag,0
oa_81,"At time 64 in context ctx_00, can u_0378 access res_0078?",0,no,1,1.0,0.4811352476477623,3235.2370000444353,False,graphrag,0
oa_1342,"At time 55 in context ctx_07, can u_0176 access res_0061?",1,No,0,0.0,0.44789995572396685,3247.808299958706,False,graphrag,0
oa_82,"At time 86 in context ctx_06, can u_0011 access res_0149?",0,No,1,1.0,0.5525161567188445,3216.7892998550087,False,graphrag,0
oa_1531,"At time 53 in context ctx_05, can u_0440 access res_0125?",1,No,0,0.0,0.4657569501710975,3254.957100143656,False,graphrag,0
oa_101,"At time 176 in context ctx_00, can u_0397 access res_0044?",0,No,1,1.0,0.47633858025074005,3095.340400002897,False,graphrag,0
oa_1551,"At time 51 in context ctx_03, can u_0190 access res_0156?",1,No,0,0.0,0.47557360318399244,3112.5457000453025,False,graphrag,0
oa_108,"At time 183 in context ctx_07, can u_0276 access res_0120?",0,No,1,1.0,0.5376367289572954,3043.5304001439363,False,graphrag,0
oa_1668,"At time 53 in context ctx_05, can u_0020 access res_0035?",1,No,0,0.0,0.4594274049713498,3271.425399929285,False,graphrag,0
oa_115,"At time 94 in context ctx_06, can u_0007 access res_0152?",0,yes,0,0.0,0.533110565998975,3501.678799977526,False,graphrag,0
oa_1677,"At time 50 in context ctx_02, can u_0046 access res_0140?",1,No,0,0.0,0.4153182130792867,3392.216600012034,False,graphrag,0
oa_117,"At time 144 in context ctx_00, can u_0307 access res_0102?",0,No,1,1.0,0.3996337183884212,3465.394899947569,False,graphrag,0
oa_1762,"At time 54 in context ctx_06, can u_0225 access res_0061?",1,no,0,0.0,0.5034842421026791,3151.104100048542,False,graphrag,0
oa_120,"At time 171 in context ctx_03, can u_0063 access res_0130?",0,No,1,1.0,0.49107746635713884,3354.176500113681,False,graphrag,0
oa_1983,"At time 61 in context ctx_05, can u_0277 access res_0125?",1,No,0,0.0,0.48765485763549804,3137.7677998971194,False,graphrag,0
oa_125,"At time 69 in context ctx_05, can u_0465 access res_0015?",0,no,1,1.0,0.5478732772171497,3000.9926001075655,False,graphrag,0
oa_1998,"At time 58 in context ctx_02, can u_0199 access res_0130?",1,No,0,0.0,0.479200731362066,3346.9004000071436,False,graphrag,0
oa_132,"At time 184 in context ctx_00, can u_0312 access res_0154?",0,No,1,1.0,0.4843675884707221,3405.0085998605937,False,graphrag,0
oa_2040,"At time 56 in context ctx_00, can u_0440 access res_0074?",1,no,0,0.0,0.48566457786058126,3245.1705997809768,False,graphrag,0
oa_152,"At time 96 in context ctx_00, can u_0156 access res_0128?",0,No,1,1.0,0.5006057592955503,3240.4294998850673,False,graphrag,0
oa_2101,"At time 62 in context ctx_06, can u_0139 access res_0061?",1,No,0,0.0,0.5091381938684554,3170.9563999902457,False,graphrag,0
oa_165,"At time 103 in context ctx_07, can u_0315 access res_0188?",0,No,1,1.0,0.4887367695569992,3135.037900181487,False,graphrag,0
oa_2127,"At time 50 in context ctx_02, can u_0020 access res_0130?",1,yes,1,1.0,0.429431410630544,3082.4973001144826,False,graphrag,0
oa_167,"At time 68 in context ctx_04, can u_0073 access res_0039?",0,No,1,1.0,0.5161321194548356,3175.537700066343,False,graphrag,0
oa_2131,"At time 57 in context ctx_01, can u_0481 access res_0145?",1,No,0,0.0,0.5006498836335682,3289.898999966681,False,graphrag,0
oa_168,"At time 78 in context ctx_06, can u_0051 access res_0112?",0,No,1,1.0,0.48614057179155024,3298.6131999641657,False,graphrag,0
oa_2133,"At time 56 in context ctx_00, can u_0225 access res_0139?",1,No,0,0.0,0.459118591113524,3378.01679992117,False,graphrag,0
oa_177,"At time 180 in context ctx_04, can u_0240 access res_0124?",0,no,1,1.0,0.4416214104356437,3272.967900149524,False,graphrag,0
oa_2250,"At time 55 in context ctx_07, can u_0321 access res_0141?",1,No,0,0.0,0.4476986450533713,3093.5354998800904,False,graphrag,0
oa_178,"At time 65 in context ctx_01, can u_0104 access res_0071?",0,no,1,1.0,0.46241146326065063,3051.3040001969784,False,graphrag,0
oa_2280,"At time 61 in context ctx_05, can u_0247 access res_0016?",1,No,0,0.0,0.5196526506367851,3113.9838001690805,False,graphrag,0
oa_186,"At time 157 in context ctx_05, can u_0441 access res_0085?",0,no,1,1.0,0.5027594102753533,2985.479700146243,False,graphrag,0
oa_2374,"At time 56 in context ctx_00, can u_0020 access res_0124?",1,no,0,0.0,0.4420291156538071,3137.798599898815,False,graphrag,0
oa_201,"At time 116 in context ctx_04, can u_0457 access res_0045?",0,no,1,1.0,0.4732321344670795,3359.082499984652,False,graphrag,0
oa_2411,"At time 53 in context ctx_05, can u_0471 access res_0125?",1,No,0,0.0,0.4654344157739119,3262.4786999076605,False,graphrag,0
oa_209,"At time 110 in context ctx_06, can u_0171 access res_0122?",0,No,1,1.0,0.4846776546910405,3301.115300040692,False,graphrag,0
oa_2522,"At time 59 in context ctx_03, can u_0096 access res_0056?",1,No,0,0.0,0.45300255991794447,3292.117399862036,False,graphrag,0
oa_218,"At time 153 in context ctx_01, can u_0386 access res_0023?",0,no,1,1.0,0.4785717446357012,3146.779599832371,False,graphrag,0
oa_2551,"At time 52 in context ctx_04, can u_0286 access res_0152?",1,No,0,0.0,0.458279965100465,3151.6432999633253,False,graphrag,0
oa_226,"At time 65 in context ctx_01, can u_0171 access res_0040?",0,no,1,1.0,0.4531673178076744,3029.601499903947,False,graphrag,0
oa_2641,"At time 56 in context ctx_00, can u_0247 access res_0074?",1,no,0,0.0,0.47930202764623303,3227.1614000201225,False,graphrag,0
oa_228,"At time 145 in context ctx_01, can u_0110 access res_0128?",0,no,1,1.0,0.5147896971967485,3181.6116999834776,False,graphrag,0
oa_2770,"At time 54 in context ctx_06, can u_0247 access res_0061?",1,No,0,0.0,0.49745490445810203,3267.9653000086546,False,graphrag,0
oa_240,"At time 104 in context ctx_00, can u_0457 access res_0157?",0,no,1,1.0,0.49640954699781203,3203.5913998261094,False,graphrag,0
oa_2900,"At time 57 in context ctx_01, can u_0139 access res_0145?",1,No,0,0.0,0.46219220757484436,3198.8014997914433,False,graphrag,0
oa_246,"At time 112 in context ctx_00, can u_0123 access res_0127?",0,No,1,1.0,0.4882886826992035,3291.4582998491824,False,graphrag,0
oa_2904,"At time 51 in context ctx_03, can u_0020 access res_0055?",1,No,0,0.0,0.45890467294624876,3190.069800009951,False,graphrag,0
oa_251,"At time 71 in context ctx_07, can u_0470 access res_0008?",0,No,1,1.0,0.5105332627892494,3006.3183000311255,False,graphrag,0
oa_2927,"At time 58 in context ctx_02, can u_0127 access res_0141?",1,No,0,0.0,0.4636382799256932,3193.867600057274,False,graphrag,0
oa_258,"At time 135 in context ctx_07, can u_0401 access res_0042?",0,No,1,1.0,0.4991971517310423,3433.9833999983966,False,graphrag,0
oa_3155,"At time 56 in context ctx_00, can u_0041 access res_0130?",1,no,0,0.0,0.4644855737686157,3290.55569996126,False,graphrag,0
oa_265,"At time 187 in context ctx_03, can u_0245 access res_0030?",0,No,1,1.0,0.5285907564339815,3415.4087000060827,False,graphrag,0
oa_3204,"At time 56 in context ctx_00, can u_0277 access res_0139?",1,No,0,0.0,0.4771989494562149,3224.7832999564707,False,graphrag,0
oa_270,"At time 108 in context ctx_04, can u_0475 access res_0106?",0,No,1,1.0,0.4509624168276787,3243.8386001158506,False,graphrag,0
oa_3245,"At time 55 in context ctx_07, can u_0199 access res_0141?",1,No,0,0.0,0.45666567210493414,3139.169900212437,False,graphrag,0
oa_275,"At time 128 in context ctx_00, can u_0248 access res_0129?",0,No,1,1.0,0.456432710091273,3050.2259000204504,False,graphrag,0
oa_3317,"At time 57 in context ctx_01, can u_0225 access res_0145?",1,No,0,0.0,0.470217227935791,3330.472700065002,False,graphrag,0
oa_288,"At time 64 in context ctx_00, can u_0092 access res_0194?",0,No,1,1.0,0.48828339118223923,3380.891000153497,False,graphrag,0
oa_3400,"At time 58 in context ctx_02, can u_0471 access res_0180?",1,No,0,0.0,0.47754256427288055,3398.2041000854224,False,graphrag,0
oa_290,"At time 195 in context ctx_03, can u_0162 access res_0132?",0,No,1,1.0,0.4995769818623861,3211.681399960071,False,graphrag,0
oa_3420,"At time 62 in context ctx_06, can u_0481 access res_0048?",1,no,0,0.0,0.5198577443758646,3170.681399991736,False,graphrag,0
oa_292,"At time 179 in context ctx_03, can u_0141 access res_0192?",0,No,1,1.0,0.48675789852296153,3140.07189986296,False,graphrag,0
oa_3442,"At time 59 in context ctx_03, can u_0452 access res_0056?",1,No,0,0.0,0.4501619896163111,3148.3736000955105,False,graphrag,0
oa_294,"At time 122 in context ctx_02, can u_0305 access res_0022?",0,No,1,1.0,0.5050036119563239,3033.5858000908047,False,graphrag,0
oa_3572,"At time 60 in context ctx_04, can u_0481 access res_0145?",1,No,0,0.0,0.4535254970192909,3006.7362999543548,False,graphrag,0
oa_298,"At time 197 in context ctx_05, can u_0469 access res_0169?",0,no,1,1.0,0.5229019207112929,2995.7888000644743,False,graphrag,0
oa_3678,"At time 56 in context ctx_00, can u_0471 access res_0027?",1,No,0,0.0,0.465894121190776,3259.346199920401,False,graphrag,0
oa_309,"At time 198 in context ctx_06, can u_0377 access res_0147?",0,No,1,1.0,0.49809909399066654,3299.269000068307,False,graphrag,0
oa_3784,"At time 53 in context ctx_05, can u_0321 access res_0016?",1,No,0,0.0,0.4793983614444733,3369.72890002653,False,graphrag,0
oa_312,"At time 172 in context ctx_04, can u_0162 access res_0195?",0,No,1,1.0,0.4841817729175091,3163.9637001790106,False,graphrag,0
oa_3853,"At time 50 in context ctx_02, can u_0221 access res_0133?",1,No,0,0.0,0.434424388793207,3246.0207999683917,False,graphrag,0
oa_316,"At time 93 in context ctx_05, can u_0352 access res_0088?",0,no,1,1.0,0.5366924966082853,3192.9397000931203,False,graphrag,0
oa_3947,"At time 53 in context ctx_05, can u_0247 access res_0141?",1,No,0,0.0,0.44561753937831294,3148.176100105047,False,graphrag,0
oa_318,"At time 88 in context ctx_00, can u_0052 access res_0131?",0,No,1,1.0,0.48944231090338336,3255.9500001370907,False,graphrag,0
oa_4008,"At time 62 in context ctx_06, can u_0096 access res_0048?",1,No,0,0.0,0.5043105797635185,3507.071499945596,False,graphrag,0
oa_322,"At time 133 in context ctx_05, can u_0475 access res_0026?",0,no,1,1.0,0.43137788145165695,3262.5432000495493,False,graphrag,0
oa_4258,"At time 61 in context ctx_05, can u_0321 access res_0125?",1,No,0,0.0,0.48720307861055645,3221.7689000535756,False,graphrag,0
oa_327,"At time 173 in context ctx_05, can u_0109 access res_0006?",0,No,1,1.0,0.49574419524934554,3160.864499863237,False,graphrag,0
oa_4270,"At time 54 in context ctx_06, can u_0243 access res_0140?",1,no,0,0.0,0.4740856002484049,3162.4164001550525,False,graphrag,0
oa_332,"At time 96 in context ctx_00, can u_0002 access res_0164?",0,no,1,1.0,0.5113404016745718,3168.1387000717223,False,graphrag,0
oa_4458,"At time 61 in context ctx_05, can u_0247 access res_0077?",1,No,0,0.0,0.4974831882864237,3047.2245002165437,False,graphrag,0
oa_333,"At time 119 in context ctx_07, can u_0388 access res_0158?",0,No,1,1.0,0.5115542132407427,3430.911600124091,False,graphrag,0
oa_4580,"At time 60 in context ctx_04, can u_0452 access res_0145?",1,no,0,0.0,0.4240320771932602,3273.6920001916587,False,graphrag,0
oa_337,"At time 68 in context ctx_04, can u_0331 access res_0092?",0,No,1,1.0,0.5340642192784477,3246.523999841884,False,graphrag,0
oa_4588,"At time 58 in context ctx_02, can u_0041 access res_0180?",1,yes,1,1.0,0.4560798127805033,3280.9518999420106,False,graphrag,0
oa_344,"At time 127 in context ctx_07, can u_0495 access res_0113?",0,No,1,1.0,0.4052381543886094,3215.2682000305504,False,graphrag,0
oa_4590,"At time 61 in context ctx_05, can u_0199 access res_0081?",1,No,0,0.0,0.521839153766632,3244.3582999985665,False,graphrag,0
oa_346,"At time 158 in context ctx_06, can u_0301 access res_0141?",0,no,1,1.0,0.5082151480019093,3108.35859994404,False,graphrag,0
oa_4592,"At time 59 in context ctx_03, can u_0452 access res_0056?",1,No,0,0.0,0.4501619896163111,3028.6268000490963,False,graphrag,0
oa_370,"At time 95 in context ctx_07, can u_0041 access res_0145?",0,No,1,1.0,0.5035817056894303,3043.795600067824,False,graphrag,0
oa_4603,"At time 59 in context ctx_03, can u_0465 access res_0056?",1,No,0,0.0,0.4615442121730131,3460.246599977836,False,graphrag,0
oa_374,"At time 142 in context ctx_06, can u_0417 access res_0008?",0,no,1,1.0,0.5258993022143841,4051.198000088334,False,graphrag,0
oa_4667,"At time 62 in context ctx_06, can u_0167 access res_0077?",1,No,0,0.0,0.49359274336269926,3944.246100028977,False,graphrag,0
oa_378,"At time 72 in context ctx_00, can u_0103 access res_0130?",0,no,1,1.0,0.4801262538684042,3885.9458998776972,False,graphrag,0
oa_4740,"At time 53 in context ctx_05, can u_0471 access res_0077?",1,No,0,0.0,0.45430638867875806,3427.261200034991,False,graphrag,0
oa_383,"At time 159 in context ctx_07, can u_0163 access res_0090?",0,No,1,1.0,0.47816435899585485,3526.9095001276582,False,graphrag,0
oa_4742,"At time 53 in context ctx_05, can u_0440 access res_0077?",1,No,0,0.0,0.465083509683609,3327.733499929309,False,graphrag,0
oa_385,"At time 110 in context ctx_06, can u_0385 access res_0004?",0,No,1,1.0,0.4649978056550026,3094.9229998514056,False,graphrag,0
oa_4777,"At time 50 in context ctx_02, can u_0465 access res_0130?",1,No,0,0.0,0.41769249439239503,3095.443200087175,False,graphrag,0
oa_395,"At time 85 in context ctx_05, can u_0321 access res_0119?",0,No,1,1.0,0.49733509791308433,3331.741099944338,False,graphrag,0
oa_4790,"At time 57 in context ctx_01, can u_0225 access res_0056?",1,No,0,0.0,0.4673227724574861,3276.8085999414325,False,graphrag,0
oa_408,"At time 110 in context ctx_06, can u_0196 access res_0043?",0,No,1,1.0,0.4729385195033891,3223.8329998217523,False,graphrag,0
oa_4837,"At time 53 in context ctx_05, can u_0176 access res_0020?",1,No,0,0.0,0.4641647433692759,3227.029399946332,False,graphrag,0
oa_429,"At time 82 in context ctx_02, can u_0197 access res_0093?",0,No,1,1.0,0.5033652003734342,3213.7589000631124,False,graphrag,0
oa_4950,"At time 62 in context ctx_06, can u_0277 access res_0036?",1,No,0,0.0,0.4914741841229526,3208.0516999121755,False,graphrag,0
oa_454,"At time 100 in context ctx_04, can u_0153 access res_0154?",0,No,1,1.0,0.43686523749714806,3070.4069999046624,False,graphrag,0
oa_4971,"At time 57 in context ctx_01, can u_0199 access res_0056?",1,no,0,0.0,0.48737628012895584,3058.733700076118,False,graphrag,0
oa_473,"At time 135 in context ctx_07, can u_0080 access res_0062?",0,no,1,1.0,0.4828973329729504,3036.991799948737,False,graphrag,0
oa_475,"At time 180 in context ctx_04, can u_0256 access res_0030?",0,No,1,1.0,0.42910175025463104,3323.258499847725,False,graphrag,0
oa_492,"At time 194 in context ctx_02, can u_0422 access res_0128?",0,no,1,1.0,0.5232930942015215,3211.183099774644,False,graphrag,0
oa_493,"At time 92 in context ctx_04, can u_0427 access res_0032?",0,No,1,1.0,0.4909560962727195,3318.03989992477,False,graphrag,0
oa_500,"At time 87 in context ctx_07, can u_0186 access res_0142?",0,No,1,1.0,0.5143787078559399,3261.0120999161154,False,graphrag,0
oa_509,"At time 91 in context ctx_03, can u_0014 access res_0083?",0,no,1,1.0,0.5843626227643755,3063.0376001354307,False,graphrag,0
oa_510,"At time 69 in context ctx_05, can u_0314 access res_0147?",0,no,1,1.0,0.5360927432775497,3236.2931999377906,False,graphrag,0
oa_515,"At time 152 in context ctx_00, can u_0062 access res_0129?",0,no,1,1.0,0.5070611536502838,3352.8170997742563,False,graphrag,0
oa_523,"At time 95 in context ctx_07, can u_0034 access res_0027?",0,No,1,1.0,0.4877879249638525,3682.8662999905646,False,graphrag,0
oa_537,"At time 71 in context ctx_07, can u_0070 access res_0072?",0,No,1,1.0,0.49218772934830707,4121.309099951759,False,graphrag,0
oa_539,"At time 124 in context ctx_04, can u_0333 access res_0080?",0,No,1,1.0,0.47465020045638084,4559.454400092363,False,graphrag,0
oa_543,"At time 178 in context ctx_02, can u_0360 access res_0136?",0,No,1,1.0,0.4834859315305948,4854.216800071299,False,graphrag,0
oa_544,"At time 135 in context ctx_07, can u_0246 access res_0149?",0,No,1,1.0,0.4650240441163381,4817.027200013399,False,graphrag,0
oa_557,"At time 160 in context ctx_00, can u_0150 access res_0118?",0,No,1,1.0,0.45881805651717716,4323.260099859908,False,graphrag,0
oa_565,"At time 82 in context ctx_02, can u_0158 access res_0131?",0,No,1,1.0,0.507511051431779,3777.67560002394,False,graphrag,0
oa_573,"At time 152 in context ctx_00, can u_0004 access res_0110?",0,no,1,1.0,0.5177986130994909,3362.170699983835,False,graphrag,0
oa_576,"At time 196 in context ctx_04, can u_0281 access res_0189?",0,No,1,1.0,0.48792940378189087,3065.490599954501,False,graphrag,0
oa_577,"At time 143 in context ctx_07, can u_0020 access res_0107?",0,No,1,1.0,0.4912500146188234,3016.251299995929,False,graphrag,0
oa_580,"At time 195 in context ctx_03, can u_0127 access res_0137?",0,No,1,1.0,0.479674213565886,3175.1187001354992,False,graphrag,0
oa_599,"At time 178 in context ctx_02, can u_0402 access res_0050?",0,No,1,1.0,0.49255569550124084,3465.2657001279294,False,graphrag,0
oa_606,"At time 110 in context ctx_06, can u_0112 access res_0187?",0,No,1,1.0,0.46866022002312446,3523.4485999681056,False,graphrag,0
oa_617,"At time 70 in context ctx_06, can u_0123 access res_0073?",0,no,1,1.0,0.49688679311010575,3224.5672000572085,False,graphrag,0
oa_625,"At time 67 in context ctx_03, can u_0418 access res_0008?",0,No,1,1.0,0.5196192607283592,3244.641600176692,False,graphrag,0
oa_638,"At time 78 in context ctx_06, can u_0062 access res_0031?",0,No,1,1.0,0.48557569831609726,3218.1542001198977,False,graphrag,0
oa_643,"At time 73 in context ctx_01, can u_0023 access res_0096?",0,no,1,1.0,0.5496449996443356,3065.580799942836,False,graphrag,0
oa_647,"At time 156 in context ctx_04, can u_0429 access res_0189?",0,No,1,1.0,0.4972759415121639,3081.9844999350607,False,graphrag,0
oa_657,"At time 148 in context ctx_04, can u_0096 access res_0022?",0,No,1,1.0,0.49903517464796704,3113.295500166714,False,graphrag,0
oa_659,"At time 97 in context ctx_01, can u_0475 access res_0086?",0,no,1,1.0,0.5382409409472817,3321.482399944216,False,graphrag,0
oa_661,"At time 66 in context ctx_02, can u_0237 access res_0083?",0,No,1,1.0,0.5301027774810791,3476.0364999528974,False,graphrag,0
oa_666,"At time 167 in context ctx_07, can u_0047 access res_0109?",0,No,1,1.0,0.4900099756196141,3360.405799932778,False,graphrag,0
oa_668,"At time 164 in context ctx_04, can u_0268 access res_0130?",0,No,1,1.0,0.518742245706645,3163.626299938187,False,graphrag,0
oa_674,"At time 157 in context ctx_05, can u_0235 access res_0018?",0,no,1,1.0,0.5378960896940792,3176.03430012241,False,graphrag,0
oa_683,"At time 163 in context ctx_03, can u_0169 access res_0020?",0,No,1,1.0,0.5015849278819177,3211.216300027445,False,graphrag,0
oa_688,"At time 175 in context ctx_07, can u_0474 access res_0198?",0,no,1,1.0,0.4856753244119532,3082.46639999561,False,graphrag,0
oa_692,"At time 148 in context ctx_04, can u_0236 access res_0173?",0,No,1,1.0,0.488886047154665,3236.205799970776,False,graphrag,0
oa_693,"At time 112 in context ctx_00, can u_0304 access res_0014?",0,no,1,1.0,0.5360928326845169,3239.9603000376374,False,graphrag,0
oa_698,"At time 82 in context ctx_02, can u_0062 access res_0169?",0,No,1,1.0,0.498880915698551,3253.391200210899,False,graphrag,0
oa_712,"At time 149 in context ctx_05, can u_0108 access res_0104?",0,No,1,1.0,0.5187340448884403,3289.8736000061035,False,graphrag,0
oa_735,"At time 95 in context ctx_07, can u_0371 access res_0183?",0,No,1,1.0,0.5076377789179484,3180.952100083232,False,graphrag,0
oa_742,"At time 97 in context ctx_01, can u_0307 access res_0034?",0,no,1,1.0,0.5405330061912537,3200.2069998998195,False,graphrag,0
oa_745,"At time 67 in context ctx_03, can u_0010 access res_0183?",0,No,1,1.0,0.571482241153717,3078.1700001098216,False,graphrag,0
oa_747,"At time 111 in context ctx_07, can u_0332 access res_0133?",0,No,1,1.0,0.4958822407104351,3139.9085999000818,False,graphrag,0
oa_749,"At time 163 in context ctx_03, can u_0133 access res_0173?",0,no,1,1.0,0.4914066344499588,3001.040499890223,False,graphrag,0
oa_750,"At time 119 in context ctx_07, can u_0395 access res_0081?",0,No,1,1.0,0.5168181164190173,3080.439700046554,False,graphrag,0
oa_758,"At time 95 in context ctx_07, can u_0434 access res_0133?",0,No,1,1.0,0.5012003019932778,3376.195300137624,False,graphrag,0
oa_764,"At time 142 in context ctx_06, can u_0149 access res_0115?",0,No,1,1.0,0.49837439968472436,3226.750599918887,False,graphrag,0
oa_765,"At time 173 in context ctx_05, can u_0470 access res_0151?",0,No,1,1.0,0.4714421331882477,3245.914699975401,False,graphrag,0
oa_767,"At time 103 in context ctx_07, can u_0003 access res_0144?",0,No,1,1.0,0.49161626861013213,3237.2492998838425,False,graphrag,0
oa_776,"At time 155 in context ctx_03, can u_0476 access res_0146?",0,No,1,1.0,0.4919099277920193,3151.2153001967818,False,graphrag,0
oa_801,"At time 122 in context ctx_02, can u_0282 access res_0176?",0,No,1,1.0,0.4936535755793254,3210.931400069967,False,graphrag,0
oa_809,"At time 161 in context ctx_01, can u_0310 access res_0170?",0,no,1,1.0,0.5091858804225922,3124.184399843216,False,graphrag,0
oa_812,"At time 120 in context ctx_00, can u_0427 access res_0166?",0,no,1,1.0,0.44579311460256577,3042.3882000613958,False,graphrag,0
oa_814,"At time 98 in context ctx_02, can u_0116 access res_0151?",0,No,1,1.0,0.5332328869450477,3538.660200079903,False,graphrag,0
oa_820,"At time 75 in context ctx_03, can u_0069 access res_0153?",0,No,1,1.0,0.46942888807367394,3300.0198998488486,False,graphrag,0
oa_824,"At time 168 in context ctx_00, can u_0038 access res_0014?",0,no,1,1.0,0.47298151813447475,3391.2762999534607,False,graphrag,0
oa_831,"At time 161 in context ctx_01, can u_0172 access res_0133?",0,No,1,1.0,0.5111578747630119,3338.190200040117,False,graphrag,0
oa_835,"At time 98 in context ctx_02, can u_0051 access res_0089?",0,No,1,1.0,0.5380147424611178,3309.253699844703,False,graphrag,0
oa_840,"At time 166 in context ctx_06, can u_0149 access res_0120?",0,No,1,1.0,0.4962097755793867,3185.477500082925,False,graphrag,0
oa_857,"At time 104 in context ctx_00, can u_0485 access res_0168?",0,No,1,1.0,0.525494827164544,2966.283000074327,False,graphrag,0
oa_858,"At time 164 in context ctx_04, can u_0114 access res_0109?",0,No,1,1.0,0.5185654252767563,2959.2939000576735,False,graphrag,0
oa_890,"At time 140 in context ctx_04, can u_0228 access res_0140?",0,No,1,1.0,0.4603792214766145,3095.990899950266,False,graphrag,0
oa_893,"At time 88 in context ctx_00, can u_0434 access res_0126?",0,no,1,1.0,0.4961018666625023,3181.220700033009,False,graphrag,0
oa_909,"At time 127 in context ctx_07, can u_0432 access res_0103?",0,No,1,1.0,0.41053723692893984,3317.7399998530746,False,graphrag,0
oa_918,"At time 79 in context ctx_07, can u_0463 access res_0175?",0,No,1,1.0,0.5007134250232151,3300.5772000178695,False,graphrag,0
oa_920,"At time 124 in context ctx_04, can u_0404 access res_0056?",0,no,1,1.0,0.5014201812446117,3267.612899886444,False,graphrag,0
oa_929,"At time 150 in context ctx_06, can u_0417 access res_0039?",0,no,1,1.0,0.45038851350545883,3150.922200176865,False,graphrag,0
oa_937,"At time 65 in context ctx_01, can u_0158 access res_0045?",0,no,1,1.0,0.45277679141829996,3165.161499986425,False,graphrag,0
oa_941,"At time 142 in context ctx_06, can u_0328 access res_0157?",0,no,1,1.0,0.5127770490944386,3043.951899977401,False,graphrag,0
oa_942,"At time 171 in context ctx_03, can u_0378 access res_0048?",0,No,1,1.0,0.4774873996603078,3125.7609999738634,False,graphrag,0
oa_944,"At time 183 in context ctx_07, can u_0418 access res_0196?",0,No,1,1.0,0.525450668297708,3293.869100045413,False,graphrag,0
oa_950,"At time 186 in context ctx_02, can u_0223 access res_0116?",0,No,1,1.0,0.4829534137690509,3234.272299800068,False,graphrag,0
oa_959,"At time 73 in context ctx_01, can u_0435 access res_0027?",0,no,1,1.0,0.5276982486248016,3338.255199836567,False,graphrag,0
oa_960,"At time 104 in context ctx_00, can u_0289 access res_0013?",0,no,1,1.0,0.539480941163169,3168.0330999661237,False,graphrag,0
oa_968,"At time 200 in context ctx_00, can u_0050 access res_0166?",0,No,1,1.0,0.42803964277972345,3109.940499998629,False,graphrag,0
oa_974,"At time 95 in context ctx_07, can u_0373 access res_0021?",0,No,1,1.0,0.5096460014581681,3151.807899819687,False,graphrag,0
oa_980,"At time 164 in context ctx_04, can u_0449 access res_0138?",0,no,1,1.0,0.4947291581254256,3049.5712999254465,False,graphrag,0
oa_987,"At time 152 in context ctx_00, can u_0393 access res_0197?",0,no,1,1.0,0.508684229105711,3243.947000009939,False,graphrag,0
oa_989,"At time 189 in context ctx_05, can u_0255 access res_0067?",0,No,1,1.0,0.5155558362603188,3310.2216001134366,False,graphrag,0
oa_994,"At time 192 in context ctx_00, can u_0297 access res_0042?",0,No,1,1.0,0.4331676405051659,3341.9039000291377,False,graphrag,0
oa_995,"At time 127 in context ctx_07, can u_0200 access res_0008?",0,no,1,1.0,0.4301396222675548,3206.2579998746514,False,graphrag,0
oa_1009,"At time 96 in context ctx_00, can u_0147 access res_0181?",0,No,1,1.0,0.5092764369079045,3184.178400086239,False,graphrag,0
oa_1010,"At time 184 in context ctx_00, can u_0336 access res_0005?",0,No,1,1.0,0.46675675182506954,3178.283700020984,False,graphrag,0
oa_1014,"At time 81 in context ctx_01, can u_0264 access res_0176?",0,no,1,1.0,0.526411446928978,3137.112599797547,False,graphrag,0
oa_1018,"At time 82 in context ctx_02, can u_0176 access res_0024?",0,No,1,1.0,0.4989603950131324,3092.6377999130636,False,graphrag,0
oa_1022,"At time 103 in context ctx_07, can u_0301 access res_0043?",0,No,1,1.0,0.4936760289053763,3259.3451999127865,False,graphrag,0
oa_1025,"At time 127 in context ctx_07, can u_0402 access res_0036?",0,No,1,1.0,0.41264132658640545,3240.637900074944,False,graphrag,0
oa_1041,"At time 89 in context ctx_01, can u_0115 access res_0052?",0,no,1,1.0,0.5134539165917564,3190.2443000581115,False,graphrag,0
oa_1043,"At time 128 in context ctx_00, can u_0406 access res_0036?",0,No,1,1.0,0.45574254068461334,3344.6275000460446,False,graphrag,0
oa_1062,"At time 125 in context ctx_05, can u_0355 access res_0067?",0,no,1,1.0,0.49803709611296654,3147.716199979186,False,graphrag,0
oa_1066,"At time 92 in context ctx_04, can u_0489 access res_0106?",0,No,1,1.0,0.5323306478952107,3191.132700070739,False,graphrag,0
oa_1069,"At time 190 in context ctx_06, can u_0404 access res_0005?",0,No,1,1.0,0.49670737153953975,3168.6758000869304,False,graphrag,0
oa_1081,"At time 95 in context ctx_07, can u_0129 access res_0094?",0,No,1,1.0,0.5140135857191953,3144.449600018561,False,graphrag,0
oa_1087,"At time 74 in context ctx_02, can u_0224 access res_0181?",0,No,1,1.0,0.48014926444739103,3110.628900118172,False,graphrag,0
oa_1092,"At time 88 in context ctx_00, can u_0243 access res_0049?",0,No,1,1.0,0.500712876021862,3294.993899995461,False,graphrag,0
oa_1104,"At time 67 in context ctx_03, can u_0403 access res_0083?",0,no,1,1.0,0.5369203885396322,3337.588199879974,False,graphrag,0
oa_1128,"At time 76 in context ctx_04, can u_0139 access res_0006?",0,No,1,1.0,0.5082874376522867,3288.177700014785,False,graphrag,0
oa_1134,"At time 79 in context ctx_07, can u_0303 access res_0153?",0,No,1,1.0,0.5002845757537417,3296.6416000854224,False,graphrag,0
oa_1140,"At time 76 in context ctx_04, can u_0285 access res_0050?",0,No,1,1.0,0.49788295595269455,3110.596900107339,False,graphrag,0
oa_1143,"At time 156 in context ctx_04, can u_0165 access res_0045?",0,No,1,1.0,0.492750042363217,3094.0201999619603,False,graphrag,0
oa_1144,"At time 85 in context ctx_05, can u_0437 access res_0095?",0,No,1,1.0,0.5153208119528634,3032.8850001096725,False,graphrag,0
oa_1154,"At time 143 in context ctx_07, can u_0384 access res_0129?",0,No,1,1.0,0.4644375693798065,3007.638799957931,False,graphrag,0
oa_1162,"At time 170 in context ctx_02, can u_0434 access res_0125?",0,No,1,1.0,0.4675472507874171,3285.929400008172,False,graphrag,0
oa_1165,"At time 73 in context ctx_01, can u_0485 access res_0095?",0,no,1,1.0,0.5518854624695249,3333.868100075051,False,graphrag,0
oa_1167,"At time 100 in context ctx_04, can u_0258 access res_0091?",0,No,1,1.0,0.4623310095385501,3243.8170998357236,False,graphrag,0
oa_1169,"At time 65 in context ctx_01, can u_0405 access res_0158?",0,no,1,1.0,0.4631271418184042,3187.487200135365,False,graphrag,0
oa_1173,"At time 165 in context ctx_05, can u_0290 access res_0061?",0,no,1,1.0,0.49020387153876455,3204.4521998614073,False,graphrag,0
oa_1193,"At time 199 in context ctx_07, can u_0300 access res_0073?",0,No,1,1.0,0.47836086538530165,3211.278900038451,False,graphrag,0
oa_1198,"At time 160 in context ctx_00, can u_0266 access res_0075?",0,No,1,1.0,0.4535459101200104,3036.571499891579,False,graphrag,0
oa_1203,"At time 191 in context ctx_07, can u_0412 access res_0033?",0,No,1,1.0,0.5331439686858136,3106.9757000077516,False,graphrag,0
oa_1215,"At time 160 in context ctx_00, can u_0134 access res_0151?",0,No,1,1.0,0.4634494173526764,3433.9947002008557,False,graphrag,0
oa_1219,"At time 99 in context ctx_03, can u_0083 access res_0095?",0,No,1,1.0,0.5128125275174776,3382.3647000826895,False,graphrag,0
oa_1224,"At time 163 in context ctx_03, can u_0161 access res_0034?",0,no,1,1.0,0.5117119480581844,3131.4576000440866,False,graphrag,0
oa_1225,"At time 168 in context ctx_00, can u_0463 access res_0077?",0,no,1,1.0,0.4552353885438707,3125.2311000134796,False,graphrag,0
oa_1237,"At time 86 in context ctx_06, can u_0226 access res_0020?",0,No,1,1.0,0.48594985277422015,3245.8496000617743,False,graphrag,0
oa_1239,"At time 117 in context ctx_05, can u_0468 access res_0056?",0,no,1,1.0,0.5357843562960625,3053.3976000733674,False,graphrag,0
oa_1240,"At time 168 in context ctx_00, can u_0298 access res_0052?",0,No,1,1.0,0.47300294742864724,3000.131000066176,False,graphrag,0
oa_1256,"At time 138 in context ctx_02, can u_0314 access res_0081?",0,No,1,1.0,0.496621621231879,3016.9979999773204,False,graphrag,0
oa_1260,"At time 90 in context ctx_02, can u_0009 access res_0101?",0,No,1,1.0,0.49764542641310855,3143.937600078061,False,graphrag,0
oa_1265,"At time 80 in context ctx_00, can u_0413 access res_0132?",0,No,1,1.0,0.40724498940550763,3340.5867000110447,False,graphrag,0
oa_1275,"At time 195 in context ctx_03, can u_0003 access res_0114?",0,No,1,1.0,0.4868114023439346,3247.5608000531793,False,graphrag,0
oa_1279,"At time 126 in context ctx_06, can u_0426 access res_0052?",0,no,1,1.0,0.5028299887975057,3270.1210998930037,False,graphrag,0
oa_1281,"At time 64 in context ctx_00, can u_0238 access res_0173?",0,No,1,1.0,0.47164308130741117,3178.1890999991447,False,graphrag,0
oa_1286,"At time 109 in context ctx_05, can u_0361 access res_0122?",0,No,1,1.0,0.4664373657395763,3191.4510999340564,False,graphrag,0
oa_1291,"At time 186 in context ctx_02, can u_0149 access res_0167?",0,No,1,1.0,0.48409536710152257,3081.5016999840736,False,graphrag,0
oa_1296,"At time 178 in context ctx_02, can u_0043 access res_0107?",0,No,1,1.0,0.4823138291637103,3088.7327999807894,False,graphrag,0
oa_1311,"At time 175 in context ctx_07, can u_0000 access res_0114?",0,No,1,1.0,0.47680168245968063,3078.646600013599,False,graphrag,0
oa_1316,"At time 167 in context ctx_07, can u_0495 access res_0064?",0,No,1,1.0,0.5071219128111134,3108.126699924469,False,graphrag,0
oa_1326,"At time 132 in context ctx_04, can u_0163 access res_0174?",0,No,1,1.0,0.4992596562951803,3000.401899917051,False,graphrag,0
oa_1339,"At time 140 in context ctx_04, can u_0145 access res_0043?",0,No,1,1.0,0.4742606843219084,3361.450499854982,False,graphrag,0
oa_1341,"At time 64 in context ctx_00, can u_0313 access res_0168?",0,No,1,1.0,0.48514221414275793,3121.773699996993,False,graphrag,0
oa_1357,"At time 170 in context ctx_02, can u_0483 access res_0129?",0,No,1,1.0,0.46667057927697897,3258.7369000539184,False,graphrag,0
oa_1364,"At time 164 in context ctx_04, can u_0135 access res_0042?",0,No,1,1.0,0.48321453217537175,3241.8049999978393,False,graphrag,0
oa_1387,"At time 105 in context ctx_01, can u_0116 access res_0085?",0,no,1,1.0,0.5130042247474194,3189.210900105536,False,graphrag,0
oa_1396,"At time 200 in context ctx_00, can u_0410 access res_0058?",0,No,1,1.0,0.44984887838363646,3137.7123999409378,False,graphrag,0
oa_1431,"At time 140 in context ctx_04, can u_0475 access res_0138?",0,no,1,1.0,0.45228972089918035,3084.994100034237,False,graphrag,0
oa_1432,"At time 130 in context ctx_02, can u_0174 access res_0183?",0,no,1,1.0,0.47400131076574326,3444.61700017564,False,graphrag,0
oa_1457,"At time 183 in context ctx_07, can u_0440 access res_0009?",0,No,1,1.0,0.5251650158315897,3335.276200203225,False,graphrag,0
oa_1460,"At time 119 in context ctx_07, can u_0199 access res_0155?",0,No,1,1.0,0.5171495452523232,3212.2661999892443,False,graphrag,0
oa_1471,"At time 171 in context ctx_03, can u_0267 access res_0139?",0,No,1,1.0,0.4864784125238657,3276.7915001604706,False,graphrag,0
oa_1477,"At time 113 in context ctx_01, can u_0454 access res_0088?",0,no,1,1.0,0.5099252392263973,3164.0655999071896,False,graphrag,0
oa_1490,"At time 85 in context ctx_05, can u_0441 access res_0128?",0,No,1,1.0,0.5033333258969444,3049.004300031811,False,graphrag,0
oa_1492,"At time 141 in context ctx_05, can u_0078 access res_0036?",0,no,1,1.0,0.4976004315050025,3074.2778999265283,False,graphrag,0
oa_1506,"At time 114 in context ctx_02, can u_0087 access res_0121?",0,No,1,1.0,0.47997478419734585,3105.621099937707,False,graphrag,0
oa_1507,"At time 103 in context ctx_07, can u_0257 access res_0134?",0,No,1,1.0,0.48166430381036573,3005.2112000994384,False,graphrag,0
oa_1515,"At time 107 in context ctx_03, can u_0292 access res_0186?",0,No,1,1.0,0.5010523094284919,3262.2112000826746,False,graphrag,0
oa_1518,"At time 172 in context ctx_04, can u_0184 access res_0172?",0,No,1,1.0,0.4839152954518795,3201.1990000028163,False,graphrag,0
oa_1519,"At time 132 in context ctx_04, can u_0017 access res_0021?",0,No,1,1.0,0.5365469962358475,3307.3005999904126,False,graphrag,0
oa_1529,"At time 178 in context ctx_02, can u_0364 access res_0168?",0,No,1,1.0,0.4740542694926262,3285.2950000669807,False,graphrag,0
oa_1540,"At time 83 in context ctx_03, can u_0481 access res_0105?",0,No,1,1.0,0.5023439170852784,3112.8207000438124,False,graphrag,0
oa_1544,"At time 82 in context ctx_02, can u_0435 access res_0142?",0,No,1,1.0,0.48830833844840527,3247.5660999771208,False,graphrag,0
oa_1549,"At time 124 in context ctx_04, can u_0105 access res_0103?",0,No,1,1.0,0.5132136046886444,3044.8452001437545,False,graphrag,0
oa_1559,"At time 173 in context ctx_05, can u_0163 access res_0156?",0,no,1,1.0,0.4878569431602955,3010.861599817872,False,graphrag,0
oa_1560,"At time 89 in context ctx_01, can u_0059 access res_0142?",0,No,1,1.0,0.5085289688671336,3006.244200048968,False,graphrag,0
oa_1565,"At time 130 in context ctx_02, can u_0293 access res_0180?",0,No,1,1.0,0.4611602146178484,3056.8021999206394,False,graphrag,0
oa_1572,"At time 140 in context ctx_04, can u_0269 access res_0125?",0,No,1,1.0,0.4562889827835944,3531.091600190848,False,graphrag,0
oa_1575,"At time 70 in context ctx_06, can u_0320 access res_0129?",0,no,1,1.0,0.4727800687154134,3277.9337000101805,False,graphrag,0
oa_1594,"At time 169 in context ctx_01, can u_0374 access res_0024?",0,No,1,1.0,0.4253915051619212,3198.0870999395847,False,graphrag,0
oa_1597,"At time 200 in context ctx_00, can u_0498 access res_0163?",0,No,1,1.0,0.4566630948992336,3146.7416000086814,False,graphrag,0
oa_1605,"At time 93 in context ctx_05, can u_0002 access res_0030?",0,No,1,1.0,0.5324696614628747,3111.3143998663872,False,graphrag,0
oa_1621,"At time 200 in context ctx_00, can u_0436 access res_0012?",0,No,1,1.0,0.46984355386934784,3155.7618000078946,False,graphrag,0
oa_1622,"At time 95 in context ctx_07, can u_0024 access res_0158?",0,No,1,1.0,0.4904454730708024,3061.4139998797327,False,graphrag,0
oa_1626,"At time 116 in context ctx_04, can u_0115 access res_0077?",0,No,1,1.0,0.48607022563616437,2958.446600008756,False,graphrag,0
oa_1633,"At time 129 in context ctx_01, can u_0165 access res_0176?",0,no,1,1.0,0.49803792175493744,3376.814099960029,False,graphrag,0
oa_1652,"At time 143 in context ctx_07, can u_0059 access res_0197?",0,no,1,1.0,0.49842601138002735,3299.6722999960184,False,graphrag,0
oa_1654,"At time 159 in context ctx_07, can u_0362 access res_0198?",0,No,1,1.0,0.4714869725704193,3313.3272998966277,False,graphrag,0
oa_1664,"At time 145 in context ctx_01, can u_0323 access res_0091?",0,no,1,1.0,0.5291344335204676,3263.202399946749,False,graphrag,0
oa_1666,"At time 149 in context ctx_05, can u_0108 access res_0098?",0,no,1,1.0,0.5284067076795241,3323.383599985391,False,graphrag,0
oa_1671,"At time 98 in context ctx_02, can u_0327 access res_0059?",0,No,1,1.0,0.5311352676815457,3071.1616000626236,False,graphrag,0
oa_1675,"At time 181 in context ctx_05, can u_0132 access res_0143?",0,No,1,1.0,0.5012011795208372,3101.3387001585215,False,graphrag,0
oa_1685,"At time 96 in context ctx_00, can u_0407 access res_0126?",0,No,1,1.0,0.4973976788195697,2992.9637000896037,False,graphrag,0
oa_1688,"At time 104 in context ctx_00, can u_0180 access res_0156?",0,no,1,1.0,0.49782004952430725,3280.173699837178,False,graphrag,0
oa_1697,"At time 94 in context ctx_06, can u_0278 access res_0103?",0,no,1,1.0,0.5360889925676233,3339.1446000896394,False,graphrag,0
oa_1702,"At time 103 in context ctx_07, can u_0324 access res_0007?",0,No,1,1.0,0.48458712851559677,3342.2565998043865,False,graphrag,0
oa_1703,"At time 156 in context ctx_04, can u_0129 access res_0026?",0,No,1,1.0,0.46644082516431806,3209.88929993473,False,graphrag,0
oa_1704,"At time 63 in context ctx_07, can u_0403 access res_0181?",0,No,1,1.0,0.5289676504976609,3149.571199901402,False,graphrag,0
oa_1722,"At time 119 in context ctx_07, can u_0105 access res_0095?",0,No,1,1.0,0.5181369848789708,3186.478199902922,False,graphrag,0
oa_1725,"At time 126 in context ctx_06, can u_0277 access res_0156?",0,no,1,1.0,0.5150966001184363,3097.9996998794377,False,graphrag,0
oa_1749,"At time 126 in context ctx_06, can u_0004 access res_0046?",0,no,1,1.0,0.523268977801005,3027.910599950701,False,graphrag,0
oa_1767,"At time 98 in context ctx_02, can u_0286 access res_0170?",0,No,1,1.0,0.5295337361674155,3051.8275001086295,False,graphrag,0
oa_1768,"At time 103 in context ctx_07, can u_0352 access res_0048?",0,No,1,1.0,0.4812002403120841,3068.898200057447,False,graphrag,0
oa_1769,"At time 75 in context ctx_03, can u_0055 access res_0046?",0,no,1,1.0,0.4606040295432596,3239.5214999560267,False,graphrag,0
oa_1779,"At time 176 in context ctx_00, can u_0488 access res_0023?",0,No,1,1.0,0.48714604196341144,3229.503700044006,False,graphrag,0
oa_1785,"At time 164 in context ctx_04, can u_0256 access res_0186?",0,No,1,1.0,0.504201759894689,3237.9763000644743,False,graphrag,0
oa_1789,"At time 180 in context ctx_04, can u_0414 access res_0139?",0,No,1,1.0,0.4138658866286278,3158.193400129676,False,graphrag,0
oa_1791,"At time 194 in context ctx_02, can u_0129 access res_0110?",0,No,1,1.0,0.5286536403000355,3256.9065999705344,False,graphrag,0
oa_1792,"At time 171 in context ctx_03, can u_0004 access res_0025?",0,No,1,1.0,0.488491294560609,3317.300499882549,False,graphrag,0
oa_1803,"At time 129 in context ctx_01, can u_0375 access res_0160?",0,no,1,1.0,0.4974525405300988,3101.3978000264615,False,graphrag,0
oa_1806,"At time 65 in context ctx_01, can u_0052 access res_0159?",0,No,1,1.0,0.444141487864887,3178.717599948868,False,graphrag,0
oa_1809,"At time 74 in context ctx_02, can u_0378 access res_0179?",0,No,1,1.0,0.475665420293808,3483.577699866146,False,graphrag,0
oa_1810,"At time 84 in context ctx_04, can u_0111 access res_0018?",0,no,1,1.0,0.5461646403585162,3322.8756999596953,False,graphrag,0
oa_1816,"At time 152 in context ctx_00, can u_0356 access res_0128?",0,no,1,1.0,0.49765428341925144,3344.634799985215,False,graphrag,0
oa_1825,"At time 64 in context ctx_00, can u_0192 access res_0146?",0,no,1,1.0,0.4851355776190758,3179.3016002047807,False,graphrag,0
oa_1827,"At time 157 in context ctx_05, can u_0333 access res_0111?",0,no,1,1.0,0.5030709225684404,3283.1647999119014,False,graphrag,0
oa_1843,"At time 110 in context ctx_06, can u_0130 access res_0146?",0,No,1,1.0,0.45192018946011864,3167.5655997823924,False,graphrag,0
oa_1881,"At time 66 in context ctx_02, can u_0203 access res_0185?",0,No,1,1.0,0.5184287240107854,3063.190600136295,False,graphrag,0
oa_1888,"At time 117 in context ctx_05, can u_0326 access res_0179?",0,no,1,1.0,0.5038590381542841,3007.840499980375,False,graphrag,0
oa_1903,"At time 127 in context ctx_07, can u_0325 access res_0130?",0,No,1,1.0,0.4010030962526798,3224.5904998853803,False,graphrag,0
oa_1907,"At time 115 in context ctx_03, can u_0081 access res_0043?",0,No,1,1.0,0.49197395145893097,3369.6934999898076,False,graphrag,0
oa_1913,"At time 197 in context ctx_05, can u_0166 access res_0066?",0,no,1,1.0,0.5155789516866207,3344.458300154656,False,graphrag,0
oa_1929,"At time 94 in context ctx_06, can u_0059 access res_0012?",0,No,1,1.0,0.5713836438953876,3224.6175999753177,False,graphrag,0
oa_1938,"At time 117 in context ctx_05, can u_0431 access res_0083?",0,no,1,1.0,0.542232908308506,3202.114599989727,False,graphrag,0
oa_1954,"At time 133 in context ctx_05, can u_0026 access res_0019?",0,No,1,1.0,0.46532011963427067,3097.6358999032527,False,graphrag,0
oa_1957,"At time 187 in context ctx_03, can u_0462 access res_0004?",0,No,1,1.0,0.5265757342179617,3140.932699898258,False,graphrag,0
oa_1961,"At time 87 in context ctx_07, can u_0230 access res_0006?",0,No,1,1.0,0.5253984521735798,3095.346099929884,False,graphrag,0
oa_1963,"At time 143 in context ctx_07, can u_0395 access res_0046?",0,No,1,1.0,0.45672015043405384,3102.3993000853807,False,graphrag,0
oa_1967,"At time 84 in context ctx_04, can u_0197 access res_0131?",0,No,1,1.0,0.5258151236034575,3560.2105997968465,False,graphrag,0
oa_1989,"At time 172 in context ctx_04, can u_0355 access res_0189?",0,no,1,1.0,0.4638917688280344,3464.864999987185,False,graphrag,0
oa_1990,"At time 187 in context ctx_03, can u_0376 access res_0083?",0,No,1,1.0,0.5207892805337906,3460.4868998285383,False,graphrag,0
oa_2031,"At time 163 in context ctx_03, can u_0377 access res_0185?",0,no,1,1.0,0.4998132603036033,3258.4436999168247,False,graphrag,0
oa_2032,"At time 182 in context ctx_06, can u_0217 access res_0165?",0,No,1,1.0,0.5023880321532488,3342.6177999936044,False,graphrag,0
oa_2052,"At time 83 in context ctx_03, can u_0231 access res_0050?",0,No,1,1.0,0.5107605854670206,3160.145599860698,False,graphrag,0
oa_2053,"At time 106 in context ctx_02, can u_0260 access res_0015?",0,no,1,1.0,0.5145379382631053,3060.818300116807,False,graphrag,0
oa_2055,"At time 153 in context ctx_01, can u_0106 access res_0022?",0,no,1,1.0,0.4947124943137169,3272.294699912891,False,graphrag,0
oa_2069,"At time 162 in context ctx_02, can u_0188 access res_0003?",0,No,1,1.0,0.4591734819114208,3365.2975000441074,False,graphrag,0
oa_2084,"At time 102 in context ctx_06, can u_0036 access res_0104?",0,No,1,1.0,0.47029936042698944,3224.0202999673784,False,graphrag,0
oa_2092,"At time 153 in context ctx_01, can u_0149 access res_0059?",0,no,1,1.0,0.48571817576885223,3274.946799967438,False,graphrag,0
oa_2104,"At time 144 in context ctx_00, can u_0371 access res_0081?",0,No,1,1.0,0.43577951565384865,3183.3350001834333,False,graphrag,0
oa_2115,"At time 88 in context ctx_00, can u_0312 access res_0085?",0,no,1,1.0,0.4943241164088249,3071.5265001636,False,graphrag,0
oa_2121,"At time 72 in context ctx_00, can u_0298 access res_0110?",0,No,1,1.0,0.4824590064861156,3114.6978999022394,False,graphrag,0
oa_2123,"At time 174 in context ctx_06, can u_0368 access res_0154?",0,No,1,1.0,0.49630510493328694,3003.9565002080053,False,graphrag,0
oa_2129,"At time 82 in context ctx_02, can u_0338 access res_0185?",0,No,1,1.0,0.46615942831962337,3063.8524000532925,False,graphrag,0
oa_2130,"At time 190 in context ctx_06, can u_0426 access res_0117?",0,No,1,1.0,0.4556179914785468,3141.229499829933,False,graphrag,0
oa_2137,"At time 117 in context ctx_05, can u_0020 access res_0018?",0,No,1,1.0,0.5589061809910668,3325.06849989295,False,graphrag,0
oa_2146,"At time 200 in context ctx_00, can u_0044 access res_0119?",0,No,1,1.0,0.4419159331629353,3386.025399900973,False,graphrag,0
oa_2150,"At time 85 in context ctx_05, can u_0483 access res_0150?",0,no,1,1.0,0.5097491009668871,3234.3858999665827,False,graphrag,0
oa_2208,"At time 96 in context ctx_00, can u_0101 access res_0099?",0,No,1,1.0,0.5233723819255829,3250.7831999100745,False,graphrag,0
oa_2212,"At time 169 in context ctx_01, can u_0399 access res_0191?",0,No,1,1.0,0.43637022376060486,3167.4049999564886,False,graphrag,0
oa_2220,"At time 197 in context ctx_05, can u_0208 access res_0190?",0,No,1,1.0,0.5208432376384735,2996.4129999279976,False,graphrag,0
oa_2223,"At time 100 in context ctx_04, can u_0183 access res_0072?",0,No,1,1.0,0.4562208288245731,3046.091499971226,False,graphrag,0
oa_2254,"At time 167 in context ctx_07, can u_0308 access res_0095?",0,No,1,1.0,0.4930354605118434,3102.508299984038,False,graphrag,0
oa_2257,"At time 129 in context ctx_01, can u_0394 access res_0155?",0,No,1,1.0,0.49475797116756437,3261.421100003645,False,graphrag,0
oa_2268,"At time 174 in context ctx_06, can u_0490 access res_0054?",0,No,1,1.0,0.5038715019822121,3199.8209999874234,False,graphrag,0
oa_2282,"At time 177 in context ctx_01, can u_0003 access res_0107?",0,no,1,1.0,0.4888966642320156,3138.194900006056,False,graphrag,0
oa_2293,"At time 122 in context ctx_02, can u_0362 access res_0184?",0,No,1,1.0,0.4894377833062952,3208.5138000547886,False,graphrag,0
oa_2294,"At time 173 in context ctx_05, can u_0470 access res_0103?",0,No,1,1.0,0.48438595673617196,3089.28389986977,False,graphrag,0
oa_2300,"At time 157 in context ctx_05, can u_0403 access res_0086?",0,no,1,1.0,0.511782418936491,3164.0585002023727,False,graphrag,0
oa_2308,"At time 80 in context ctx_00, can u_0317 access res_0176?",0,No,1,1.0,0.40234898030757904,3125.563299981877,False,graphrag,0
oa_2316,"At time 183 in context ctx_07, can u_0107 access res_0032?",0,No,1,1.0,0.5346934013068676,3240.9463999792933,False,graphrag,0
oa_2321,"At time 96 in context ctx_00, can u_0408 access res_0178?",0,No,1,1.0,0.5227405400503249,3272.18269999139,False,graphrag,0
oa_2351,"At time 143 in context ctx_07, can u_0459 access res_0196?",0,no,1,1.0,0.5037573558442733,3230.6059999391437,False,graphrag,0
oa_2356,"At time 130 in context ctx_02, can u_0245 access res_0089?",0,no,1,1.0,0.4819645636221942,3201.560800196603,False,graphrag,0
oa_2358,"At time 86 in context ctx_06, can u_0409 access res_0116?",0,No,1,1.0,0.5046157939680691,3219.4459999445826,False,graphrag,0
oa_2371,"At time 138 in context ctx_02, can u_0235 access res_0038?",0,No,1,1.0,0.47407663587866156,3223.704200005159,False,graphrag,0
oa_2372,"At time 161 in context ctx_01, can u_0344 access res_0178?",0,No,1,1.0,0.4984957334541139,3090.5949999578297,False,graphrag,0
oa_2373,"At time 184 in context ctx_00, can u_0405 access res_0146?",0,no,1,1.0,0.49502575397491455,3135.204599937424,False,graphrag,0
oa_2378,"At time 111 in context ctx_07, can u_0289 access res_0177?",0,No,1,1.0,0.49415010027587414,3466.467399848625,False,graphrag,0
oa_2384,"At time 107 in context ctx_03, can u_0275 access res_0163?",0,No,1,1.0,0.4799032990749066,3278.0124000273645,False,graphrag,0
oa_2394,"At time 106 in context ctx_02, can u_0117 access res_0164?",0,No,1,1.0,0.47771598491817713,3475.106800207868,False,graphrag,0
oa_2397,"At time 178 in context ctx_02, can u_0358 access res_0163?",0,No,1,1.0,0.4702018464312834,3334.331599995494,False,graphrag,0
oa_2402,"At time 104 in context ctx_00, can u_0149 access res_0090?",0,No,1,1.0,0.4887047206813639,3418.8612999860197,False,graphrag,0
oa_2403,"At time 170 in context ctx_02, can u_0165 access res_0184?",0,No,1,1.0,0.46847062361867803,3121.714700013399,False,graphrag,0
oa_2406,"At time 121 in context ctx_01, can u_0102 access res_0030?",0,No,1,1.0,0.515272599644959,3108.0322999041528,False,graphrag,0
oa_2414,"At time 72 in context ctx_00, can u_0011 access res_0195?",0,no,1,1.0,0.5311712873609442,3205.554800108075,False,graphrag,0
oa_2427,"At time 125 in context ctx_05, can u_0199 access res_0069?",0,no,1,1.0,0.5180734694004059,3221.455599879846,False,graphrag,0
oa_2441,"At time 157 in context ctx_05, can u_0343 access res_0040?",0,No,1,1.0,0.48519973521647247,3307.4950999580324,False,graphrag,0
oa_2445,"At time 137 in context ctx_01, can u_0125 access res_0041?",0,no,1,1.0,0.4643754977732897,3191.885400097817,False,graphrag,0
oa_2449,"At time 117 in context ctx_05, can u_0263 access res_0042?",0,No,1,1.0,0.517759770154953,3406.03579999879,False,graphrag,0
oa_2451,"At time 92 in context ctx_04, can u_0328 access res_0118?",0,No,1,1.0,0.5168160852931795,3205.2496999967843,False,graphrag,0
oa_2452,"At time 96 in context ctx_00, can u_0223 access res_0159?",0,No,1,1.0,0.5135308019816875,3052.1828001365066,False,graphrag,0
oa_2459,"At time 184 in context ctx_00, can u_0176 access res_0156?",0,No,1,1.0,0.49146469434102374,3136.878600111231,False,graphrag,0
oa_2461,"At time 147 in context ctx_03, can u_0134 access res_0054?",0,No,1,1.0,0.4841711531082789,3187.49410007149,False,graphrag,0
oa_2466,"At time 196 in context ctx_04, can u_0190 access res_0030?",0,No,1,1.0,0.48530545830726624,3327.0721998997033,False,graphrag,0
oa_2467,"At time 103 in context ctx_07, can u_0401 access res_0126?",0,No,1,1.0,0.4769246280193329,3344.905300065875,False,graphrag,0
oa_2469,"At time 200 in context ctx_00, can u_0063 access res_0084?",0,No,1,1.0,0.43302446319943383,3207.109099952504,False,graphrag,0
oa_2473,"At time 123 in context ctx_03, can u_0345 access res_0063?",0,no,1,1.0,0.44351855446310606,3193.38329997845,False,graphrag,0
oa_2477,"At time 164 in context ctx_04, can u_0240 access res_0045?",0,no,1,1.0,0.5203334026866488,3190.540699986741,False,graphrag,0
oa_2479,"At time 164 in context ctx_04, can u_0465 access res_0146?",0,no,1,1.0,0.4935098541410346,3273.8524999003857,False,graphrag,0
oa_2480,"At time 64 in context ctx_00, can u_0374 access res_0188?",0,No,1,1.0,0.4967716552994468,3181.1128000263125,False,graphrag,0
oa_2484,"At time 76 in context ctx_04, can u_0415 access res_0104?",0,No,1,1.0,0.4868202910703771,2957.503499928862,False,graphrag,0
oa_2501,"At time 120 in context ctx_00, can u_0370 access res_0102?",0,no,1,1.0,0.46086972020566463,3351.5492000151426,False,graphrag,0
oa_2503,"At time 197 in context ctx_05, can u_0018 access res_0112?",0,No,1,1.0,0.5569413021991128,3304.4606000185013,False,graphrag,0
oa_2521,"At time 88 in context ctx_00, can u_0260 access res_0150?",0,no,1,1.0,0.5098237958219316,3203.157299896702,False,graphrag,0
oa_2540,"At time 162 in context ctx_02, can u_0359 access res_0158?",0,no,1,1.0,0.46084616146981716,3149.6103000827134,False,graphrag,0
oa_2541,"At time 76 in context ctx_04, can u_0402 access res_0154?",0,No,1,1.0,0.5009246468544006,3166.6921998839825,False,graphrag,0
oa_2556,"At time 147 in context ctx_03, can u_0151 access res_0061?",0,No,1,1.0,0.5037957563996315,3118.16900013946,False,graphrag,0
oa_2578,"At time 173 in context ctx_05, can u_0395 access res_0187?",0,yes,0,0.0,0.48465951904654503,3128.24650015682,False,graphrag,0
oa_2587,"At time 152 in context ctx_00, can u_0056 access res_0123?",0,no,1,1.0,0.4814933363129111,2962.1784000191838,False,graphrag,0
oa_2590,"At time 64 in context ctx_00, can u_0042 access res_0019?",0,no,1,1.0,0.49571228416069696,3339.935400057584,False,graphrag,0
oa_2597,"At time 164 in context ctx_04, can u_0107 access res_0044?",0,No,1,1.0,0.523202331442582,3324.7197000309825,False,graphrag,0
oa_2607,"At time 136 in context ctx_00, can u_0196 access res_0013?",0,no,1,1.0,0.5264904569177067,3415.9045999404043,False,graphrag,0
oa_2621,"At time 109 in context ctx_05, can u_0256 access res_0046?",0,no,1,1.0,0.462005100752178,3159.672300098464,False,graphrag,0
oa_2626,"At time 181 in context ctx_05, can u_0136 access res_0115?",0,no,1,1.0,0.4880061427067066,3272.1259999088943,False,graphrag,0
oa_2636,"At time 152 in context ctx_00, can u_0077 access res_0059?",0,no,1,1.0,0.5078390017151833,3100.7211999967694,False,graphrag,0
oa_2653,"At time 89 in context ctx_01, can u_0332 access res_0093?",0,no,1,1.0,0.5209807473070481,3058.885900070891,False,graphrag,0
oa_2656,"At time 99 in context ctx_03, can u_0322 access res_0004?",0,No,1,1.0,0.5202259953532901,3181.3817999791354,False,graphrag,0
oa_2658,"At time 86 in context ctx_06, can u_0226 access res_0129?",0,No,1,1.0,0.48963741333253924,3432.267799973488,False,graphrag,0
oa_2664,"At time 116 in context ctx_04, can u_0143 access res_0138?",0,No,1,1.0,0.4827592819929123,3333.5325999651104,False,graphrag,0
oa_2670,"At time 99 in context ctx_03, can u_0022 access res_0006?",0,No,1,1.0,0.5187808322906494,3185.245899949223,False,graphrag,0
oa_2678,"At time 137 in context ctx_01, can u_0089 access res_0072?",0,No,1,1.0,0.4754346556523267,3301.834999816492,False,graphrag,0
oa_2691,"At time 191 in context ctx_07, can u_0429 access res_0114?",0,no,1,1.0,0.5397976607084274,3207.9853999894112,False,graphrag,0
oa_2704,"At time 154 in context ctx_02, can u_0498 access res_0046?",0,No,1,1.0,0.5081065433720747,3127.9200001154095,False,graphrag,0
oa_2708,"At time 107 in context ctx_03, can u_0149 access res_0182?",0,No,1,1.0,0.5017924010753632,3101.7862998414785,False,graphrag,0
oa_2724,"At time 139 in context ctx_03, can u_0421 access res_0157?",0,No,1,1.0,0.48044177684290656,3020.1574999373406,False,graphrag,0
oa_2725,"At time 169 in context ctx_01, can u_0122 access res_0090?",0,No,1,1.0,0.4283687649294734,3426.0879999492317,False,graphrag,0
oa_2729,"At time 175 in context ctx_07, can u_0139 access res_0090?",0,No,1,1.0,0.45873573049902916,3324.0951001644135,False,graphrag,0
oa_2731,"At time 188 in context ctx_04, can u_0030 access res_0086?",0,No,1,1.0,0.5004290410063483,3219.990599900484,False,graphrag,0
oa_2736,"At time 77 in context ctx_05, can u_0336 access res_0007?",0,No,1,1.0,0.5011988212080563,3139.647600008175,False,graphrag,0
oa_2739,"At time 160 in context ctx_00, can u_0119 access res_0073?",0,no,1,1.0,0.46589447820887847,3118.502000113949,False,graphrag,0
oa_2744,"At time 93 in context ctx_05, can u_0488 access res_0095?",0,no,1,1.0,0.5432030647993088,3227.2832999005914,False,graphrag,0
oa_2746,"At time 135 in context ctx_07, can u_0393 access res_0017?",0,no,1,1.0,0.5098312944173813,3030.2063000854105,False,graphrag,0
oa_2751,"At time 195 in context ctx_03, can u_0314 access res_0077?",0,No,1,1.0,0.47215954679995775,3102.6906999759376,False,graphrag,0
oa_2761,"At time 176 in context ctx_00, can u_0460 access res_0169?",0,No,1,1.0,0.5029878528679118,3186.809599865228,False,graphrag,0
oa_2764,"At time 82 in context ctx_02, can u_0430 access res_0008?",0,No,1,1.0,0.4914295344517149,3262.9208001308143,False,graphrag,0
oa_2767,"At time 129 in context ctx_01, can u_0001 access res_0059?",0,no,1,1.0,0.5228716768324375,3260.8236998785287,False,graphrag,0
oa_2784,"At time 76 in context ctx_04, can u_0438 access res_0065?",0,no,1,1.0,0.47338029917548685,3315.7673999667168,False,graphrag,0
oa_2787,"At time 65 in context ctx_01, can u_0221 access res_0115?",0,No,1,1.0,0.4296884441917593,3201.6650000587106,False,graphrag,0
oa_2788,"At time 114 in context ctx_02, can u_0183 access res_0041?",0,No,1,1.0,0.49077357227603596,3208.555999910459,False,graphrag,0
oa_2804,"At time 127 in context ctx_07, can u_0446 access res_0156?",0,No,1,1.0,0.38136213240416156,3100.3829000983387,False,graphrag,0
oa_2815,"At time 109 in context ctx_05, can u_0423 access res_0143?",0,No,1,1.0,0.47593536816145243,3017.602700041607,False,graphrag,0
oa_2821,"At time 142 in context ctx_06, can u_0132 access res_0107?",0,no,1,1.0,0.5282842285103269,3029.934400226921,False,graphrag,0
oa_2829,"At time 152 in context ctx_00, can u_0031 access res_0091?",0,no,1,1.0,0.5067960139777925,3282.4673000723124,False,graphrag,0
oa_2839,"At time 116 in context ctx_04, can u_0169 access res_0035?",0,No,1,1.0,0.49445203290535855,3358.2423999905586,False,graphrag,0
oa_2843,"At time 94 in context ctx_06, can u_0360 access res_0028?",0,No,1,1.0,0.5370118580758572,3218.7302000820637,False,graphrag,0
oa_2849,"At time 108 in context ctx_04, can u_0242 access res_0199?",0,No,1,1.0,0.4739725430806478,3373.3993000350893,False,graphrag,0
oa_2869,"At time 197 in context ctx_05, can u_0147 access res_0062?",0,no,1,1.0,0.5226093285224017,3142.116100061685,False,graphrag,0
oa_2885,"At time 190 in context ctx_06, can u_0419 access res_0050?",0,No,1,1.0,0.4753829560109547,3194.9477999005467,False,graphrag,0
oa_2887,"At time 108 in context ctx_04, can u_0421 access res_0151?",0,No,1,1.0,0.4615230384198102,3117.9887999314815,False,graphrag,0
oa_2889,"At time 129 in context ctx_01, can u_0090 access res_0105?",0,No,1,1.0,0.498772500289811,3030.223999870941,False,graphrag,0
oa_2898,"At time 155 in context ctx_03, can u_0262 access res_0151?",0,No,1,1.0,0.5003978818655014,3102.5811000727117,False,graphrag,0
oa_2911,"At time 109 in context ctx_05, can u_0270 access res_0032?",0,No,1,1.0,0.49391598450510127,2975.5164000671357,False,graphrag,0
oa_2920,"At time 180 in context ctx_04, can u_0148 access res_0003?",0,No,1,1.0,0.4371621012687683,3377.2944998927414,False,graphrag,0
oa_2925,"At time 102 in context ctx_06, can u_0358 access res_0127?",0,No,1,1.0,0.4621893775463104,3290.0023001711816,False,graphrag,0
oa_2933,"At time 146 in context ctx_02, can u_0023 access res_0011?",0,No,1,1.0,0.5401533842086792,3158.282699994743,False,graphrag,0
oa_2936,"At time 83 in context ctx_03, can u_0001 access res_0052?",0,no,1,1.0,0.5132539541948409,3354.619499994442,False,graphrag,0
oa_2937,"At time 91 in context ctx_03, can u_0233 access res_0010?",0,No,1,1.0,0.5463166553527117,3289.563700091094,False,graphrag,0
oa_2942,"At time 152 in context ctx_00, can u_0419 access res_0065?",0,no,1,1.0,0.4915031001848333,3127.963200211525,False,graphrag,0
oa_2943,"At time 129 in context ctx_01, can u_0335 access res_0172?",0,no,1,1.0,0.49106985681197224,3053.584899986163,False,graphrag,0
oa_2956,"At time 157 in context ctx_05, can u_0143 access res_0149?",0,no,1,1.0,0.5138849966666278,3024.322699988261,False,graphrag,0
oa_2962,"At time 121 in context ctx_01, can u_0214 access res_0026?",0,No,1,1.0,0.4890394825488329,3284.447700018063,False,graphrag,0
oa_2967,"At time 158 in context ctx_06, can u_0291 access res_0168?",0,no,1,1.0,0.5151596181094646,3160.1484999991953,False,graphrag,0
oa_2996,"At time 125 in context ctx_05, can u_0423 access res_0047?",0,no,1,1.0,0.516443627722123,3275.8788000792265,False,graphrag,0
oa_3005,"At time 157 in context ctx_05, can u_0164 access res_0137?",0,yes,0,0.0,0.5158768258988857,3160.8984998892993,False,graphrag,0
oa_3008,"At time 114 in context ctx_02, can u_0393 access res_0160?",0,No,1,1.0,0.47867370943228404,3163.2628000807017,False,graphrag,0
oa_3017,"At time 169 in context ctx_01, can u_0239 access res_0024?",0,No,1,1.0,0.4238882075857233,3222.139999968931,False,graphrag,0
oa_3023,"At time 63 in context ctx_07, can u_0117 access res_0006?",0,No,1,1.0,0.49525574120608246,3206.066499929875,False,graphrag,0
oa_3024,"At time 89 in context ctx_01, can u_0167 access res_0070?",0,no,1,1.0,0.524621331691742,2999.064000090584,False,graphrag,0
oa_3032,"At time 199 in context ctx_07, can u_0375 access res_0148?",0,No,1,1.0,0.47798473201692104,3186.0302998684347,False,graphrag,0
oa_3041,"At time 72 in context ctx_00, can u_0117 access res_0034?",0,No,1,1.0,0.45733180046081545,3371.9997999724,False,graphrag,0
oa_3043,"At time 153 in context ctx_01, can u_0367 access res_0058?",0,no,1,1.0,0.48946813121438026,3341.804599855095,False,graphrag,0
oa_3044,"At time 176 in context ctx_00, can u_0192 access res_0070?",0,No,1,1.0,0.491609089076519,3331.494300160557,False,graphrag,0
oa_3045,"At time 69 in context ctx_05, can u_0456 access res_0195?",0,no,1,1.0,0.5323031358420849,3139.618899906054,False,graphrag,0
oa_3047,"At time 173 in context ctx_05, can u_0267 access res_0092?",0,No,1,1.0,0.4897071056895786,3068.4970999136567,False,graphrag,0
oa_3051,"At time 107 in context ctx_03, can u_0297 access res_0065?",0,No,1,1.0,0.4864459669589996,3263.7697998434305,False,graphrag,0
oa_3076,"At time 115 in context ctx_03, can u_0411 access res_0181?",0,No,1,1.0,0.5137960215409597,3054.5793999917805,False,graphrag,0
oa_3083,"At time 144 in context ctx_00, can u_0179 access res_0129?",0,No,1,1.0,0.41780673635417015,3096.445999806747,False,graphrag,0
oa_3085,"At time 196 in context ctx_04, can u_0156 access res_0044?",0,no,1,1.0,0.4676021666903245,3040.7489999197423,False,graphrag,0
oa_3096,"At time 132 in context ctx_04, can u_0140 access res_0014?",0,no,1,1.0,0.5398724534932304,3330.5728998966515,False,graphrag,0
oa_3101,"At time 126 in context ctx_06, can u_0013 access res_0150?",0,No,1,1.0,0.5483090362765572,3231.4606001600623,False,graphrag,0
oa_3104,"At time 191 in context ctx_07, can u_0163 access res_0149?",0,No,1,1.0,0.537450178809788,3285.9384000767022,False,graphrag,0
oa_3124,"At time 141 in context ctx_05, can u_0345 access res_0188?",0,no,1,1.0,0.5011111597220103,3190.100400010124,False,graphrag,0
oa_3131,"At time 178 in context ctx_02, can u_0430 access res_0129?",0,No,1,1.0,0.4920373288914561,3137.388000031933,False,graphrag,0
oa_3140,"At time 98 in context ctx_02, can u_0258 access res_0075?",0,No,1,1.0,0.5337979919032046,3079.2839000932872,False,graphrag,0
oa_3143,"At time 129 in context ctx_01, can u_0280 access res_0052?",0,no,1,1.0,0.4953869978586833,3042.440399993211,False,graphrag,0
oa_3147,"At time 112 in context ctx_00, can u_0107 access res_0196?",0,No,1,1.0,0.5076620709896088,3144.971900153905,False,graphrag,0
oa_3152,"At time 184 in context ctx_00, can u_0497 access res_0051?",0,No,1,1.0,0.49357975721359254,3237.9965998698026,False,graphrag,0
oa_3153,"At time 66 in context ctx_02, can u_0044 access res_0095?",0,No,1,1.0,0.5149599632312511,3375.1910000573844,False,graphrag,0
oa_3167,"At time 182 in context ctx_06, can u_0094 access res_0071?",0,No,1,1.0,0.5004617886410819,3252.668700180948,False,graphrag,0
oa_3175,"At time 193 in context ctx_01, can u_0184 access res_0151?",0,No,1,1.0,0.4802341173802103,3251.397799933329,False,graphrag,0
oa_3178,"At time 77 in context ctx_05, can u_0463 access res_0160?",0,no,1,1.0,0.5309258500734965,3164.9323999881744,False,graphrag,0
oa_3183,"At time 160 in context ctx_00, can u_0281 access res_0056?",0,No,1,1.0,0.4634676225807356,3123.2294000219554,False,graphrag,0
oa_3202,"At time 193 in context ctx_01, can u_0046 access res_0151?",0,No,1,1.0,0.46374915153891955,3217.287799809128,False,graphrag,0
oa_3205,"At time 68 in context ctx_04, can u_0190 access res_0169?",0,No,1,1.0,0.5259061919318305,3340.73009993881,False,graphrag,0
oa_3211,"At time 85 in context ctx_05, can u_0226 access res_0137?",0,no,1,1.0,0.4904131952084993,3257.306999992579,False,graphrag,0
oa_3226,"At time 172 in context ctx_04, can u_0166 access res_0154?",0,No,1,1.0,0.4604184925556183,3186.1315998248756,False,graphrag,0
oa_3234,"At time 86 in context ctx_06, can u_0376 access res_0142?",0,No,1,1.0,0.496105314232409,3214.0485998243093,False,graphrag,0
oa_3236,"At time 152 in context ctx_00, can u_0007 access res_0026?",0,no,1,1.0,0.4864649905098809,3178.6801000125706,False,graphrag,0
oa_3249,"At time 91 in context ctx_03, can u_0405 access res_0097?",0,No,1,1.0,0.5377526506781578,3136.004599975422,False,graphrag,0
oa_3260,"At time 161 in context ctx_01, can u_0413 access res_0184?",0,no,1,1.0,0.5169778996043735,3082.3691999539733,False,graphrag,0
oa_3263,"At time 77 in context ctx_05, can u_0217 access res_0160?",0,No,1,1.0,0.5045135688214075,3143.0241998750716,False,graphrag,0
oa_3266,"At time 158 in context ctx_06, can u_0251 access res_0118?",0,no,1,1.0,0.4891315024150045,3273.9859998691827,False,graphrag,0
oa_3267,"At time 141 in context ctx_05, can u_0110 access res_0118?",0,No,1,1.0,0.4933617230918672,3216.0620000213385,False,graphrag,0
oa_3286,"At time 71 in context ctx_07, can u_0484 access res_0070?",0,No,1,1.0,0.5077174360101874,3237.75490000844,False,graphrag,0
oa_3291,"At time 134 in context ctx_06, can u_0048 access res_0128?",0,No,1,1.0,0.5003036733935861,3258.828300051391,False,graphrag,0
oa_3295,"At time 143 in context ctx_07, can u_0350 access res_0087?",0,no,1,1.0,0.4967708903200486,3262.665699934587,False,graphrag,0
oa_3302,"At time 154 in context ctx_02, can u_0392 access res_0009?",0,No,1,1.0,0.5113353703332983,3162.244000006467,False,graphrag,0
oa_3304,"At time 70 in context ctx_06, can u_0332 access res_0032?",0,no,1,1.0,0.48183972636858624,3031.726500019431,False,graphrag,0
oa_3320,"At time 156 in context ctx_04, can u_0494 access res_0017?",0,no,1,1.0,0.5268537998199463,2968.348399968818,False,graphrag,0
oa_3325,"At time 140 in context ctx_04, can u_0258 access res_0095?",0,no,1,1.0,0.47820037289669637,3060.34590001218,False,graphrag,0
oa_3342,"At time 160 in context ctx_00, can u_0162 access res_0164?",0,no,1,1.0,0.4784433823078871,3306.623100070283,False,graphrag,0
oa_3347,"At time 173 in context ctx_05, can u_0454 access res_0092?",0,No,1,1.0,0.48828313852611344,3545.879199868068,False,graphrag,0
oa_3357,"At time 79 in context ctx_07, can u_0103 access res_0025?",0,No,1,1.0,0.5114309602770312,3583.7020999751985,False,graphrag,0
oa_3365,"At time 131 in context ctx_03, can u_0372 access res_0195?",0,No,1,1.0,0.48006496857851744,3305.2566999103874,False,graphrag,0
oa_3368,"At time 144 in context ctx_00, can u_0187 access res_0016?",0,no,1,1.0,0.46727409296565586,3229.4038000982255,False,graphrag,0
oa_3394,"At time 79 in context ctx_07, can u_0273 access res_0172?",0,No,1,1.0,0.49592226302182235,3170.807900140062,False,graphrag,0
oa_3397,"At time 140 in context ctx_04, can u_0233 access res_0083?",0,No,1,1.0,0.47340606711804867,3132.8315001446754,False,graphrag,0
oa_3398,"At time 185 in context ctx_01, can u_0499 access res_0010?",0,No,1,1.0,0.5262864765368009,3285.084499977529,False,graphrag,0
oa_3401,"At time 124 in context ctx_04, can u_0072 access res_0037?",0,No,1,1.0,0.5091588672469644,3355.7233000174165,False,graphrag,0
oa_3404,"At time 65 in context ctx_01, can u_0096 access res_0087?",0,No,1,1.0,0.46561891938510697,3232.6971001457423,False,graphrag,0
oa_3414,"At time 113 in context ctx_01, can u_0461 access res_0073?",0,no,1,1.0,0.5042307184023016,3234.813100192696,False,graphrag,0
oa_3416,"At time 166 in context ctx_06, can u_0280 access res_0086?",0,No,1,1.0,0.4932910934571297,3220.420500030741,False,graphrag,0
oa_3417,"At time 172 in context ctx_04, can u_0105 access res_0006?",0,no,1,1.0,0.48737635277211666,3282.7093999367207,False,graphrag,0
oa_3422,"At time 79 in context ctx_07, can u_0309 access res_0077?",0,No,1,1.0,0.4992261276795314,3144.6974999271333,False,graphrag,0
oa_3423,"At time 101 in context ctx_05, can u_0043 access res_0144?",0,No,1,1.0,0.4913797477881114,3006.507799960673,False,graphrag,0
oa_3426,"At time 112 in context ctx_00, can u_0183 access res_0004?",0,No,1,1.0,0.5088441737673499,3296.7670001089573,False,graphrag,0
oa_3435,"At time 174 in context ctx_06, can u_0218 access res_0030?",0,No,1,1.0,0.4950138202735356,3513.5466000065207,False,graphrag,0
oa_3438,"At time 185 in context ctx_01, can u_0329 access res_0125?",0,No,1,1.0,0.47092026140954757,3217.2640999779105,False,graphrag,0
oa_3441,"At time 173 in context ctx_05, can u_0159 access res_0149?",0,no,1,1.0,0.4916321021669051,3225.4057999234647,False,graphrag,0
oa_3445,"At time 140 in context ctx_04, can u_0419 access res_0038?",0,No,1,1.0,0.4371914846055648,3176.7750000581145,False,graphrag,0
oa_3454,"At time 97 in context ctx_01, can u_0125 access res_0196?",0,no,1,1.0,0.5334247883997465,3083.710400154814,False,graphrag,0
oa_3457,"At time 148 in context ctx_04, can u_0494 access res_0164?",0,no,1,1.0,0.5153949223458767,3064.3644998781383,False,graphrag,0
oa_3458,"At time 161 in context ctx_01, can u_0121 access res_0180?",0,No,1,1.0,0.5081467747688293,3112.46640002355,False,graphrag,0
oa_3465,"At time 157 in context ctx_05, can u_0296 access res_0132?",0,no,1,1.0,0.5237969942390919,3094.9381000828,False,graphrag,0
oa_3467,"At time 137 in context ctx_01, can u_0133 access res_0185?",0,no,1,1.0,0.4610265325754881,3226.3092000503093,False,graphrag,0
oa_3475,"At time 96 in context ctx_00, can u_0453 access res_0104?",0,No,1,1.0,0.5061278683798653,3328.9339998736978,False,graphrag,0
oa_3486,"At time 64 in context ctx_00, can u_0005 access res_0065?",0,No,1,1.0,0.47061295348864335,3167.6469000522047,False,graphrag,0
oa_3489,"At time 110 in context ctx_06, can u_0146 access res_0199?",0,No,1,1.0,0.45827205427761736,3255.074900109321,False,graphrag,0
oa_3490,"At time 171 in context ctx_03, can u_0318 access res_0179?",0,No,1,1.0,0.47329749629415313,3235.587199917063,False,graphrag,0
oa_3492,"At time 86 in context ctx_06, can u_0035 access res_0076?",0,No,1,1.0,0.4972520428044455,3193.522199988365,False,graphrag,0
oa_3494,"At time 176 in context ctx_00, can u_0448 access res_0176?",0,no,1,1.0,0.4859275602632099,3096.3941998779774,False,graphrag,0
oa_3531,"At time 78 in context ctx_06, can u_0075 access res_0034?",0,No,1,1.0,0.47509027272462845,3090.644699987024,False,graphrag,0
oa_3532,"At time 98 in context ctx_02, can u_0220 access res_0055?",0,No,1,1.0,0.5305300909897377,3040.7813999336213,False,graphrag,0
oa_3536,"At time 187 in context ctx_03, can u_0263 access res_0036?",0,No,1,1.0,0.5252817486013684,3388.5246000718325,False,graphrag,0
oa_3556,"At time 90 in context ctx_02, can u_0392 access res_0155?",0,No,1,1.0,0.4807226527482271,3347.6896001957357,False,graphrag,0
oa_3567,"At time 158 in context ctx_06, can u_0332 access res_0082?",0,no,1,1.0,0.5150224193930626,3182.6023999601603,False,graphrag,0
oa_3615,"At time 98 in context ctx_02, can u_0314 access res_0191?",0,No,1,1.0,0.5301363520000292,3244.7507998440415,False,graphrag,0
oa_3623,"At time 143 in context ctx_07, can u_0366 access res_0090?",0,No,1,1.0,0.4642716767611327,3265.424999874085,False,graphrag,0
oa_3626,"At time 80 in context ctx_00, can u_0090 access res_0066?",0,No,1,1.0,0.40447325110435484,3312.300599878654,False,graphrag,0
oa_3637,"At time 146 in context ctx_02, can u_0013 access res_0148?",0,No,1,1.0,0.5452080931928422,3110.599000006914,False,graphrag,0
oa_3641,"At time 98 in context ctx_02, can u_0405 access res_0053?",0,No,1,1.0,0.5349665252785933,3063.9919000677764,False,graphrag,0
oa_3642,"At time 136 in context ctx_00, can u_0046 access res_0026?",0,No,1,1.0,0.4165852183387393,3307.1216999087483,False,graphrag,0
oa_3643,"At time 95 in context ctx_07, can u_0236 access res_0045?",0,No,1,1.0,0.5040569111704827,3224.6862000320107,False,graphrag,0
oa_3645,"At time 184 in context ctx_00, can u_0282 access res_0181?",0,no,1,1.0,0.5120477110147477,3316.3861997891217,False,graphrag,0
oa_3648,"At time 189 in context ctx_05, can u_0028 access res_0190?",0,No,1,1.0,0.5185806287659539,3215.9512999933213,False,graphrag,0
oa_3654,"At time 196 in context ctx_04, can u_0475 access res_0054?",0,No,1,1.0,0.45619790933348914,3220.27949988842,False,graphrag,0
oa_3656,"At time 153 in context ctx_01, can u_0094 access res_0092?",0,no,1,1.0,0.492602813988924,3154.6664000488818,False,graphrag,0
oa_3659,"At time 120 in context ctx_00, can u_0326 access res_0072?",0,no,1,1.0,0.42924053353421826,3020.0139998923987,False,graphrag,0
oa_3669,"At time 72 in context ctx_00, can u_0371 access res_0144?",0,No,1,1.0,0.4712239747697657,3094.905100064352,False,graphrag,0
oa_3671,"At time 139 in context ctx_03, can u_0150 access res_0041?",0,No,1,1.0,0.48541215658187864,3236.1578999552876,False,graphrag,0
oa_3674,"At time 89 in context ctx_01, can u_0446 access res_0031?",0,No,1,1.0,0.5083676761104947,3260.525800054893,False,graphrag,0
oa_3691,"At time 162 in context ctx_02, can u_0071 access res_0121?",0,no,1,1.0,0.4712300758276667,3287.0414999779314,False,graphrag,0
oa_3699,"At time 168 in context ctx_00, can u_0407 access res_0067?",0,no,1,1.0,0.46174124876658124,3300.4195000976324,False,graphrag,0
oa_3710,"At time 64 in context ctx_00, can u_0485 access res_0064?",0,no,1,1.0,0.4441844791173935,3253.838100004941,False,graphrag,0
oa_3714,"At time 159 in context ctx_07, can u_0142 access res_0119?",0,No,1,1.0,0.4850411508232355,3100.3815999720246,False,graphrag,0
oa_3719,"At time 139 in context ctx_03, can u_0204 access res_0026?",0,No,1,1.0,0.469647781502816,3086.9283999782056,False,graphrag,0
oa_3731,"At time 94 in context ctx_06, can u_0418 access res_0018?",0,no,1,1.0,0.5536148101091385,2983.609199989587,False,graphrag,0
oa_3751,"At time 89 in context ctx_01, can u_0269 access res_0048?",0,No,1,1.0,0.5275855754551134,3025.5597999785095,False,graphrag,0
oa_3755,"At time 89 in context ctx_01, can u_0402 access res_0075?",0,no,1,1.0,0.5353680503995795,3355.676299892366,False,graphrag,0
oa_3757,"At time 95 in context ctx_07, can u_0038 access res_0097?",0,no,1,1.0,0.5086589141024483,3213.1810998544097,False,graphrag,0
oa_3759,"At time 123 in context ctx_03, can u_0322 access res_0169?",0,No,1,1.0,0.45244766937361824,3193.797699874267,False,graphrag,0
oa_3774,"At time 159 in context ctx_07, can u_0228 access res_0114?",0,No,1,1.0,0.47932120773100084,3293.695299886167,False,graphrag,0
oa_3788,"At time 95 in context ctx_07, can u_0304 access res_0116?",0,No,1,1.0,0.5099299347400665,3152.702199993655,False,graphrag,0
oa_3819,"At time 96 in context ctx_00, can u_0174 access res_0068?",0,No,1,1.0,0.5131964919467767,3090.1430998928845,False,graphrag,0
oa_3824,"At time 169 in context ctx_01, can u_0413 access res_0157?",0,No,1,1.0,0.4217879352244464,3123.7124998588115,False,graphrag,0
oa_3826,"At time 126 in context ctx_06, can u_0180 access res_0040?",0,No,1,1.0,0.4967094717487212,3363.912599859759,False,graphrag,0
oa_3827,"At time 106 in context ctx_02, can u_0185 access res_0137?",0,no,1,1.0,0.4934278695206893,3374.578000046313,False,graphrag,0
oa_3833,"At time 168 in context ctx_00, can u_0126 access res_0043?",0,no,1,1.0,0.4166390475104837,3252.413800219074,False,graphrag,0
oa_3852,"At time 75 in context ctx_03, can u_0177 access res_0054?",0,no,1,1.0,0.475859673185782,3135.173400165513,False,graphrag,0
oa_3857,"At time 143 in context ctx_07, can u_0254 access res_0183?",0,No,1,1.0,0.4796364919135445,3162.276200018823,False,graphrag,0
oa_3861,"At time 163 in context ctx_03, can u_0145 access res_0115?",0,no,1,1.0,0.4821269541978836,3229.0726001374424,False,graphrag,0
oa_3862,"At time 139 in context ctx_03, can u_0045 access res_0170?",0,No,1,1.0,0.47856884002685546,3277.3744999431074,False,graphrag,0
oa_3863,"At time 196 in context ctx_04, can u_0393 access res_0171?",0,No,1,1.0,0.46236310186593427,3076.83390006423,False,graphrag,0
oa_3867,"At time 198 in context ctx_06, can u_0413 access res_0027?",0,no,1,1.0,0.5133699316244859,3372.5729999132454,False,graphrag,0
oa_3872,"At time 184 in context ctx_00, can u_0422 access res_0030?",0,No,1,1.0,0.48497487218291674,3263.5916001163423,False,graphrag,0
oa_3877,"At time 75 in context ctx_03, can u_0369 access res_0116?",0,No,1,1.0,0.47800922664729034,3293.452300131321,False,graphrag,0
oa_3883,"At time 181 in context ctx_05, can u_0160 access res_0121?",0,No,1,1.0,0.5108509772810442,3312.3597998637706,False,graphrag,0
oa_3896,"At time 76 in context ctx_04, can u_0030 access res_0049?",0,No,1,1.0,0.49495876305981684,3206.949600018561,False,graphrag,0
oa_3903,"At time 77 in context ctx_05, can u_0026 access res_0096?",0,no,1,1.0,0.5081906053755019,2997.1523999702185,False,graphrag,0
oa_3904,"At time 149 in context ctx_05, can u_0340 access res_0059?",0,no,1,1.0,0.5119818337261677,3054.1089000180364,False,graphrag,0
oa_3905,"At time 175 in context ctx_07, can u_0470 access res_0158?",0,no,1,1.0,0.48753006590737236,2994.3554000929,False,graphrag,0
oa_3907,"At time 170 in context ctx_02, can u_0372 access res_0044?",0,No,1,1.0,0.4669014159590006,3073.3667998574674,False,graphrag,0
oa_3916,"At time 182 in context ctx_06, can u_0432 access res_0028?",0,No,1,1.0,0.5086735448111659,3026.0809999890625,False,graphrag,0
oa_3924,"At time 79 in context ctx_07, can u_0069 access res_0077?",0,No,1,1.0,0.49777308620255567,3340.566199971363,False,graphrag,0
oa_3925,"At time 68 in context ctx_04, can u_0248 access res_0124?",0,No,1,1.0,0.5020134150981903,3244.88090001978,False,graphrag,0
oa_3941,"At time 178 in context ctx_02, can u_0069 access res_0073?",0,No,1,1.0,0.48683223442027446,3255.7935998775065,False,graphrag,0
oa_3943,"At time 186 in context ctx_02, can u_0140 access res_0013?",0,No,1,1.0,0.5149662375450135,3240.280699916184,False,graphrag,0
oa_3950,"At time 108 in context ctx_04, can u_0350 access res_0021?",0,No,1,1.0,0.45585034290949505,3179.307700134814,False,graphrag,0
oa_3959,"At time 114 in context ctx_02, can u_0226 access res_0132?",0,No,1,1.0,0.4603438531198809,3158.433699980378,False,graphrag,0
oa_3980,"At time 70 in context ctx_06, can u_0042 access res_0089?",0,no,1,1.0,0.4890158590343263,3018.9976999536157,False,graphrag,0
oa_3982,"At time 83 in context ctx_03, can u_0031 access res_0051?",0,No,1,1.0,0.49799842476844786,3352.002900093794,False,graphrag,0
oa_3984,"At time 171 in context ctx_03, can u_0106 access res_0070?",0,No,1,1.0,0.49501575995236635,3529.144800035283,False,graphrag,0
oa_3991,"At time 79 in context ctx_07, can u_0030 access res_0150?",0,No,1,1.0,0.49714563074319257,3348.502900218591,False,graphrag,0
oa_3996,"At time 196 in context ctx_04, can u_0224 access res_0067?",0,No,1,1.0,0.4556542811068622,3277.6890001259744,False,graphrag,0
oa_4002,"At time 106 in context ctx_02, can u_0242 access res_0105?",0,No,1,1.0,0.48706341348588467,3255.0375999417156,False,graphrag,0
oa_4004,"At time 146 in context ctx_02, can u_0103 access res_0004?",0,No,1,1.0,0.5045819093783697,3197.753299959004,False,graphrag,0
oa_4016,"At time 82 in context ctx_02, can u_0176 access res_0078?",0,No,1,1.0,0.5012013614177704,3131.097099976614,False,graphrag,0
oa_4029,"At time 116 in context ctx_04, can u_0450 access res_0121?",0,No,1,1.0,0.46392524085546794,3060.7072000857443,False,graphrag,0
oa_4035,"At time 143 in context ctx_07, can u_0014 access res_0059?",0,no,1,1.0,0.5398486740887165,3341.521200025454,False,graphrag,0
oa_4036,"At time 156 in context ctx_04, can u_0473 access res_0180?",0,No,1,1.0,0.4862453780676189,3223.8952999468893,False,graphrag,0
oa_4042,"At time 109 in context ctx_05, can u_0430 access res_0141?",0,No,1,1.0,0.48410124638501334,3247.4412999581546,False,graphrag,0
oa_4043,"At time 171 in context ctx_03, can u_0246 access res_0142?",0,No,1,1.0,0.4761487713881901,3397.2476997878402,False,graphrag,0
oa_4050,"At time 153 in context ctx_01, can u_0452 access res_0077?",0,no,1,1.0,0.48501360788941383,3398.43160007149,False,graphrag,0
oa_4051,"At time 186 in context ctx_02, can u_0074 access res_0041?",0,No,1,1.0,0.4944958172061227,3117.9547999054193,False,graphrag,0
oa_4058,"At time 162 in context ctx_02, can u_0397 access res_0066?",0,No,1,1.0,0.45296929725285234,3159.7864001523703,False,graphrag,0
oa_4059,"At time 125 in context ctx_05, can u_0319 access res_0111?",0,no,1,1.0,0.49546843932734597,3079.932500142604,False,graphrag,0
oa_4068,"At time 68 in context ctx_04, can u_0031 access res_0017?",0,No,1,1.0,0.5466789040300581,3248.347799992189,False,graphrag,0
oa_4072,"At time 107 in context ctx_03, can u_0118 access res_0119?",0,No,1,1.0,0.48590937815606594,3331.579799996689,False,graphrag,0
oa_4076,"At time 131 in context ctx_03, can u_0115 access res_0098?",0,No,1,1.0,0.47736961487680674,3364.0259001404047,False,graphrag,0
oa_4077,"At time 101 in context ctx_05, can u_0406 access res_0009?",0,No,1,1.0,0.5122903568877114,3214.610999915749,False,graphrag,0
oa_4083,"At time 128 in context ctx_00, can u_0499 access res_0013?",0,No,1,1.0,0.5012700077560213,3105.187499895692,False,graphrag,0
oa_4084,"At time 160 in context ctx_00, can u_0059 access res_0142?",0,no,1,1.0,0.46699322387576103,3142.4993998371065,False,graphrag,0
oa_4108,"At time 194 in context ctx_02, can u_0346 access res_0069?",0,No,1,1.0,0.5026328539848328,3113.1518001202494,False,graphrag,0
oa_4115,"At time 162 in context ctx_02, can u_0284 access res_0095?",0,No,1,1.0,0.4708910472691059,3172.6606998126954,False,graphrag,0
oa_4125,"At time 103 in context ctx_07, can u_0483 access res_0079?",0,No,1,1.0,0.48562654480338097,3347.6185998879373,False,graphrag,0
oa_4134,"At time 154 in context ctx_02, can u_0119 access res_0064?",0,No,1,1.0,0.5164126044227964,3326.1424999218434,False,graphrag,0
oa_4136,"At time 106 in context ctx_02, can u_0436 access res_0155?",0,No,1,1.0,0.4631395013101639,3263.4276999160647,False,graphrag,0
oa_4152,"At time 118 in context ctx_06, can u_0393 access res_0102?",0,No,1,1.0,0.49671513866633177,3246.178000001237,False,graphrag,0
oa_4154,"At time 154 in context ctx_02, can u_0482 access res_0136?",0,No,1,1.0,0.5089319972764879,3244.401399977505,False,graphrag,0
oa_4161,"At time 143 in context ctx_07, can u_0051 access res_0024?",0,No,1,1.0,0.4588089225621059,3178.6223999224603,False,graphrag,0
oa_4164,"At time 71 in context ctx_07, can u_0359 access res_0100?",0,No,1,1.0,0.5031901240348816,3030.520500149578,False,graphrag,0
oa_4166,"At time 197 in context ctx_05, can u_0129 access res_0038?",0,no,1,1.0,0.5207716259691451,3312.1939001139253,False,graphrag,0
oa_4188,"At time 177 in context ctx_01, can u_0057 access res_0143?",0,No,1,1.0,0.46964989164296317,3347.4705000407994,False,graphrag,0
oa_4231,"At time 142 in context ctx_06, can u_0159 access res_0021?",0,No,1,1.0,0.5271047860383987,3260.5119000654668,False,graphrag,0
oa_4243,"At time 67 in context ctx_03, can u_0468 access res_0075?",0,No,1,1.0,0.5350068982909707,3272.4748000036925,False,graphrag,0
oa_4251,"At time 137 in context ctx_01, can u_0320 access res_0070?",0,no,1,1.0,0.47436657723258524,3226.3978999108076,False,graphrag,0
oa_4260,"At time 76 in context ctx_04, can u_0369 access res_0059?",0,No,1,1.0,0.5205255117681291,3138.9411999844015,False,graphrag,0
oa_4266,"At time 135 in context ctx_07, can u_0096 access res_0090?",0,No,1,1.0,0.4813629216269443,3145.6088998820633,False,graphrag,0
oa_4269,"At time 198 in context ctx_06, can u_0214 access res_0180?",0,No,1,1.0,0.5207771005169037,3065.259200055152,False,graphrag,0
oa_4274,"At time 163 in context ctx_03, can u_0264 access res_0194?",0,no,1,1.0,0.5029623894130483,3196.9540000427514,False,graphrag,0
oa_4284,"At time 64 in context ctx_00, can u_0391 access res_0010?",0,No,1,1.0,0.5213244226243761,3286.5903000347316,False,graphrag,0
oa_4287,"At time 152 in context ctx_00, can u_0478 access res_0076?",0,no,1,1.0,0.513049453496933,3216.050900053233,False,graphrag,0
oa_4290,"At time 108 in context ctx_04, can u_0029 access res_0017?",0,No,1,1.0,0.49002893340019954,3358.9498000219464,False,graphrag,0
oa_4297,"At time 185 in context ctx_01, can u_0202 access res_0096?",0,No,1,1.0,0.5008665966360193,3207.2980999946594,False,graphrag,0
oa_4301,"At time 142 in context ctx_06, can u_0269 access res_0105?",0,no,1,1.0,0.5233310921625658,3195.6509000156075,False,graphrag,0
oa_4307,"At time 147 in context ctx_03, can u_0196 access res_0190?",0,No,1,1.0,0.4928258415311575,3156.15739999339,False,graphrag,0
oa_4309,"At time 179 in context ctx_03, can u_0108 access res_0043?",0,No,1,1.0,0.4861281295617422,3092.57879992947,False,graphrag,0
oa_4321,"At time 143 in context ctx_07, can u_0006 access res_0046?",0,no,1,1.0,0.47593067978557785,3001.8575999420136,False,graphrag,0
oa_4328,"At time 95 in context ctx_07, can u_0383 access res_0115?",0,No,1,1.0,0.5025675162192313,3113.4265000000596,False,graphrag,0
oa_4335,"At time 160 in context ctx_00, can u_0126 access res_0008?",0,no,1,1.0,0.4574874509125948,3335.0492999888957,False,graphrag,0
oa_4337,"At time 158 in context ctx_06, can u_0479 access res_0045?",0,no,1,1.0,0.5142779424786568,3259.9287000484765,False,graphrag,0
oa_4340,"At time 134 in context ctx_06, can u_0091 access res_0168?",0,no,1,1.0,0.5186124914570859,3221.4082998689264,False,graphrag,0
oa_4343,"At time 192 in context ctx_00, can u_0413 access res_0068?",0,No,1,1.0,0.413560625910759,3160.2453000377864,False,graphrag,0
oa_4362,"At time 125 in context ctx_05, can u_0052 access res_0114?",0,no,1,1.0,0.49191870814875555,3087.5492999330163,False,graphrag,0
oa_4368,"At time 166 in context ctx_06, can u_0432 access res_0177?",0,no,1,1.0,0.5186093383365207,3103.7775001022965,False,graphrag,0
oa_4376,"At time 143 in context ctx_07, can u_0345 access res_0092?",0,no,1,1.0,0.4853052064776421,3135.14730008319,False,graphrag,0
oa_4386,"At time 196 in context ctx_04, can u_0268 access res_0012?",0,no,1,1.0,0.5074281221941898,3251.1770001146942,False,graphrag,0
oa_4406,"At time 134 in context ctx_06, can u_0296 access res_0192?",0,no,1,1.0,0.5113259343539968,3385.2456000167876,False,graphrag,0
oa_4420,"At time 123 in context ctx_03, can u_0379 access res_0015?",0,no,1,1.0,0.4779172780967894,3302.004899829626,False,graphrag,0
oa_4426,"At time 175 in context ctx_07, can u_0084 access res_0055?",0,No,1,1.0,0.45432930148166156,3218.2459998875856,False,graphrag,0
oa_4428,"At time 123 in context ctx_03, can u_0037 access res_0026?",0,no,1,1.0,0.4277375638484955,3142.6358001772314,False,graphrag,0
oa_4435,"At time 73 in context ctx_01, can u_0078 access res_0098?",0,no,1,1.0,0.5431977822667077,3162.523499922827,False,graphrag,0
oa_4446,"At time 78 in context ctx_06, can u_0101 access res_0134?",0,No,1,1.0,0.5006210156109022,3084.084599977359,False,graphrag,0
oa_4448,"At time 171 in context ctx_03, can u_0072 access res_0058?",0,No,1,1.0,0.4836797376473745,3224.8557000420988,False,graphrag,0
oa_4456,"At time 80 in context ctx_00, can u_0228 access res_0039?",0,No,1,1.0,0.41914137204488117,3258.6018999572843,False,graphrag,0
oa_4459,"At time 119 in context ctx_07, can u_0045 access res_0019?",0,No,1,1.0,0.5377153928081194,3351.501799887046,False,graphrag,0
oa_4476,"At time 113 in context ctx_01, can u_0183 access res_0132?",0,yes,0,0.0,0.4981817785236571,3302.7347999159247,False,graphrag,0
oa_4482,"At time 196 in context ctx_04, can u_0290 access res_0009?",0,No,1,1.0,0.4750021440642221,3202.216299949214,False,graphrag,0
oa_4484,"At time 136 in context ctx_00, can u_0259 access res_0058?",0,no,1,1.0,0.4874298609793186,3253.580200020224,False,graphrag,0
oa_4493,"At time 180 in context ctx_04, can u_0126 access res_0110?",0,No,1,1.0,0.43379074335098267,3137.0621998794377,False,graphrag,0
oa_4494,"At time 74 in context ctx_02, can u_0392 access res_0038?",0,No,1,1.0,0.4665557752052943,3102.756799897179,False,graphrag,0
oa_4495,"At time 154 in context ctx_02, can u_0153 access res_0078?",0,No,1,1.0,0.52061818216158,3026.9628998357803,False,graphrag,0
oa_4498,"At time 103 in context ctx_07, can u_0379 access res_0147?",0,No,1,1.0,0.49152058362960815,3281.029700068757,False,graphrag,0
oa_4506,"At time 194 in context ctx_02, can u_0431 access res_0060?",0,No,1,1.0,0.5224645018577576,3436.3557999022305,False,graphrag,0
oa_4512,"At time 74 in context ctx_02, can u_0421 access res_0186?",0,No,1,1.0,0.48131864179264416,3241.147099994123,False,graphrag,0
oa_4515,"At time 172 in context ctx_04, can u_0449 access res_0045?",0,no,1,1.0,0.4575759992003441,3363.2442001253366,False,graphrag,0
oa_4521,"At time 74 in context ctx_02, can u_0078 access res_0042?",0,No,1,1.0,0.47691746056079865,3119.3578999955207,False,graphrag,0
oa_4526,"At time 82 in context ctx_02, can u_0025 access res_0168?",0,No,1,1.0,0.4879743065685034,3283.228299813345,False,graphrag,0
oa_4558,"At time 168 in context ctx_00, can u_0499 access res_0032?",0,no,1,1.0,0.47628889189046975,3113.1887000519782,False,graphrag,0
oa_4561,"At time 180 in context ctx_04, can u_0287 access res_0003?",0,No,1,1.0,0.43043457845161703,3015.507699921727,False,graphrag,0
oa_4573,"At time 191 in context ctx_07, can u_0276 access res_0008?",0,No,1,1.0,0.5226789593696595,3420.924700098112,False,graphrag,0
oa_4574,"At time 142 in context ctx_06, can u_0312 access res_0068?",0,no,1,1.0,0.5337934903800488,3258.9616999030113,False,graphrag,0
oa_4585,"At time 148 in context ctx_04, can u_0345 access res_0190?",0,No,1,1.0,0.4969281209142585,3319.513800088316,False,graphrag,0
oa_4594,"At time 74 in context ctx_02, can u_0215 access res_0014?",0,No,1,1.0,0.5246497326427035,3180.703700054437,False,graphrag,0
oa_4599,"At time 181 in context ctx_05, can u_0204 access res_0124?",0,No,1,1.0,0.5050288587808609,3146.34590013884,False,graphrag,0
oa_4605,"At time 190 in context ctx_06, can u_0074 access res_0121?",0,No,1,1.0,0.4790686335828569,3201.929399976507,False,graphrag,0
oa_4617,"At time 71 in context ctx_07, can u_0464 access res_0010?",0,No,1,1.0,0.5298856973648072,3099.2626000661403,False,graphrag,0
oa_4624,"At time 160 in context ctx_00, can u_0463 access res_0077?",0,no,1,1.0,0.47002491004326763,3346.151400124654,False,graphrag,0
oa_4638,"At time 158 in context ctx_06, can u_0461 access res_0093?",0,no,1,1.0,0.521205585449934,3368.07640013285,False,graphrag,0
oa_4640,"At time 124 in context ctx_04, can u_0344 access res_0028?",0,No,1,1.0,0.4822847321629524,3293.323500081897,False,graphrag,0
oa_4642,"At time 187 in context ctx_03, can u_0201 access res_0181?",0,No,1,1.0,0.5438931155949831,3280.0178001634777,False,graphrag,0
oa_4648,"At time 173 in context ctx_05, can u_0295 access res_0012?",0,No,1,1.0,0.52023284926134,3157.5584998354316,False,graphrag,0
oa_4649,"At time 188 in context ctx_04, can u_0227 access res_0087?",0,No,1,1.0,0.5113422305960404,3099.3042001500726,False,graphrag,0
oa_4654,"At time 165 in context ctx_05, can u_0162 access res_0137?",0,yes,0,0.0,0.49230685128885154,3144.669200060889,False,graphrag,0
oa_4656,"At time 153 in context ctx_01, can u_0417 access res_0072?",0,no,1,1.0,0.4840024374425411,3095.4233000520617,False,graphrag,0
oa_4662,"At time 165 in context ctx_05, can u_0346 access res_0035?",0,No,1,1.0,0.4495569750666618,3204.3540999293327,False,graphrag,0
oa_4663,"At time 77 in context ctx_05, can u_0289 access res_0000?",0,No,1,1.0,0.5144765916324797,3451.914899982512,False,graphrag,0
oa_4677,"At time 191 in context ctx_07, can u_0180 access res_0045?",0,No,1,1.0,0.5149184866198178,3450.181399937719,False,graphrag,0
oa_4701,"At time 94 in context ctx_06, can u_0185 access res_0164?",0,No,1,1.0,0.5281067876254811,3255.5515998974442,False,graphrag,0
oa_4704,"At time 197 in context ctx_05, can u_0163 access res_0181?",0,yes,0,0.0,0.5250755585730076,3197.8998999111354,False,graphrag,0
oa_4705,"At time 178 in context ctx_02, can u_0474 access res_0177?",0,No,1,1.0,0.4783690969149272,3311.7050000000745,False,graphrag,0
oa_4709,"At time 187 in context ctx_03, can u_0364 access res_0109?",0,No,1,1.0,0.521006625274132,3178.0365998856723,False,graphrag,0
oa_4713,"At time 191 in context ctx_07, can u_0241 access res_0011?",0,No,1,1.0,0.5485253523696553,3127.2662000264972,False,graphrag,0
oa_4715,"At time 188 in context ctx_04, can u_0107 access res_0094?",0,No,1,1.0,0.5294533438152738,3075.8351997938007,False,graphrag,0
oa_4718,"At time 187 in context ctx_03, can u_0128 access res_0185?",0,No,1,1.0,0.5326963607221842,3188.0004999693483,False,graphrag,0
oa_4725,"At time 89 in context ctx_01, can u_0250 access res_0064?",0,no,1,1.0,0.5142380098501841,3328.609500080347,False,graphrag,0
oa_4729,"At time 117 in context ctx_05, can u_0340 access res_0025?",0,No,1,1.0,0.4896948347489039,3358.542100060731,False,graphrag,0
oa_4734,"At time 186 in context ctx_02, can u_0333 access res_0116?",0,No,1,1.0,0.4798124613506453,3264.907700009644,False,graphrag,0
oa_4743,"At time 130 in context ctx_02, can u_0323 access res_0035?",0,no,1,1.0,0.46250901327413674,3143.1070999242365,False,graphrag,0
oa_4748,"At time 124 in context ctx_04, can u_0140 access res_0096?",0,No,1,1.0,0.5254267454147339,3206.2046001665294,False,graphrag,0
oa_4754,"At time 185 in context ctx_01, can u_0317 access res_0173?",0,No,1,1.0,0.4698747992515564,3172.2355000674725,False,graphrag,0
oa_4756,"At time 196 in context ctx_04, can u_0147 access res_0111?",0,No,1,1.0,0.460754012519663,3111.2828000914305,False,graphrag,0
oa_4758,"At time 171 in context ctx_03, can u_0412 access res_0075?",0,No,1,1.0,0.49095963712396296,3084.9188999272883,False,graphrag,0
oa_4772,"At time 162 in context ctx_02, can u_0425 access res_0117?",0,No,1,1.0,0.44506889802438243,3551.480600144714,False,graphrag,0
oa_4779,"At time 155 in context ctx_03, can u_0320 access res_0178?",0,no,1,1.0,0.49338281855863686,3265.1114999316633,False,graphrag,0
oa_4781,"At time 80 in context ctx_00, can u_0211 access res_0026?",0,No,1,1.0,0.40241373011044096,3282.6729000080377,False,graphrag,0
oa_4791,"At time 139 in context ctx_03, can u_0043 access res_0063?",0,No,1,1.0,0.47534166324523186,3261.871899943799,False,graphrag,0
oa_4809,"At time 154 in context ctx_02, can u_0107 access res_0198?",0,No,1,1.0,0.5224122567610308,3137.157099787146,False,graphrag,0
oa_4811,"At time 97 in context ctx_01, can u_0217 access res_0163?",0,no,1,1.0,0.529050800535414,3184.1011999640614,False,graphrag,0
oa_4813,"At time 118 in context ctx_06, can u_0459 access res_0041?",0,no,1,1.0,0.5382784219349132,3083.9619000907987,False,graphrag,0
oa_4820,"At time 157 in context ctx_05, can u_0054 access res_0107?",0,no,1,1.0,0.5097539319711573,3167.7767001092434,False,graphrag,0
oa_4831,"At time 138 in context ctx_02, can u_0151 access res_0047?",0,No,1,1.0,0.5034859951804666,3321.5576999355108,False,graphrag,0
oa_4840,"At time 196 in context ctx_04, can u_0456 access res_0107?",0,no,1,1.0,0.466044619679451,3273.6227000132203,False,graphrag,0
oa_4849,"At time 156 in context ctx_04, can u_0466 access res_0146?",0,No,1,1.0,0.4707804667322259,3258.7103999685496,False,graphrag,0
oa_4853,"At time 100 in context ctx_04, can u_0290 access res_0052?",0,No,1,1.0,0.4507534866747649,3217.867699917406,False,graphrag,0
oa_4859,"At time 186 in context ctx_02, can u_0145 access res_0166?",0,No,1,1.0,0.4788047759621232,3201.638200087473,False,graphrag,0
oa_4861,"At time 133 in context ctx_05, can u_0093 access res_0132?",0,No,1,1.0,0.4704949620522951,2995.54909998551,False,graphrag,0
oa_4869,"At time 85 in context ctx_05, can u_0452 access res_0051?",0,No,1,1.0,0.48495311112630934,3034.722900018096,False,graphrag,0
oa_4874,"At time 101 in context ctx_05, can u_0122 access res_0032?",0,No,1,1.0,0.5114385485649109,3150.914000114426,False,graphrag,0
oa_4875,"At time 109 in context ctx_05, can u_0123 access res_0051?",0,No,1,1.0,0.4651494473218918,3353.0866999644786,False,graphrag,0
oa_4884,"At time 141 in context ctx_05, can u_0471 access res_0033?",0,no,1,1.0,0.5140511281788349,3130.939699942246,False,graphrag,0
oa_4906,"At time 119 in context ctx_07, can u_0075 access res_0193?",0,No,1,1.0,0.5050546880811453,3384.5303000416607,False,graphrag,0
oa_4907,"At time 76 in context ctx_04, can u_0097 access res_0155?",0,No,1,1.0,0.5088838830590248,3262.705700006336,False,graphrag,0
oa_4911,"At time 198 in context ctx_06, can u_0260 access res_0131?",0,No,1,1.0,0.5213485667482018,3175.7578998804092,False,graphrag,0
oa_4919,"At time 147 in context ctx_03, can u_0419 access res_0009?",0,No,1,1.0,0.49751931180556613,3065.8988000359386,False,graphrag,0
oa_4930,"At time 93 in context ctx_05, can u_0161 access res_0159?",0,no,1,1.0,0.5489343369708342,3103.8282001391053,False,graphrag,0
oa_4933,"At time 176 in context ctx_00, can u_0062 access res_0033?",0,No,1,1.0,0.47136003971099855,3123.0263002216816,False,graphrag,0
oa_4936,"At time 86 in context ctx_06, can u_0442 access res_0163?",0,No,1,1.0,0.49941373864809674,3351.3732999563217,False,graphrag,0
oa_4946,"At time 106 in context ctx_02, can u_0490 access res_0124?",0,No,1,1.0,0.48097665707270304,3418.489199830219,False,graphrag,0
oa_4947,"At time 193 in context ctx_01, can u_0389 access res_0108?",0,No,1,1.0,0.4705710852968282,3222.4926000926644,False,graphrag,0
oa_4952,"At time 112 in context ctx_00, can u_0084 access res_0117?",0,No,1,1.0,0.4992040019968282,3258.8837000075728,False,graphrag,0
oa_4962,"At time 133 in context ctx_05, can u_0379 access res_0066?",0,no,1,1.0,0.4569249413907528,3163.3017999120057,False,graphrag,0
oa_4969,"At time 142 in context ctx_06, can u_0130 access res_0132?",0,No,1,1.0,0.5263315824901357,3218.1979999877512,False,graphrag,0
oa_4972,"At time 135 in context ctx_07, can u_0449 access res_0049?",0,No,1,1.0,0.47896552085876465,3017.584200017154,False,graphrag,0
oa_4979,"At time 157 in context ctx_05, can u_0350 access res_0148?",0,yes,0,0.0,0.5072591199594385,2984.055200126022,False,graphrag,0
