qid,question,gold,prediction,em,f1,confidence,latency_ms,abstained,x_method,x_rank
WebQTest-0,what does jamaican people speak,Jamaican English,Usain Bolt,0,0.0,0.25,671.8553629998496,False,quest_kg_llm,0
WebQTest-1,what did james k polk do before he was president,United States Representative,George M. Dallas,0,0.0,0.6253891559085508,537.7724769998622,False,quest_kg_llm,0
WebQTest-3,who plays ken barlow in coronation street,William Roache,Coronation Street - Season 26,0,0.0,0.25,536.999084999934,False,quest_kg_llm,0
WebQTest-6,where is jamarcus russell from,Mobile,United States of America,0,0.0,0.25,529.4197059999988,False,quest_kg_llm,0
WebQTest-7,where was george washington carver from,Diamond,United States of America,0,0.0,0.25,532.8105300000061,False,quest_kg_llm,0
WebQTest-8,what else did ben franklin invent,Lightning rod,"Franklin observed the first balloon ascension made by the Montgolfier brothers, invented bifocal glasses and served on a committee appointed by Louis XVI to report on \""animal magnetism,\"" or hypnotism, thought by German physician Mesmer to cure many, if not all, diseases.",0,0.04545454545454545,0.25,243.0702870001369,False,quest_kg_llm,0
WebQTest-9,who was richard nixon married to,Pat Nixon,Very Strange Bedfellows: The Short and Unhappy Marriage of Richard Nixon and Spiro Agnew,0,0.125,0.6243638777739251,537.2457799999211,False,quest_kg_llm,0
WebQTest-12,who is governor of ohio 2011,John Kasich,"United States Senate election in Ohio, 2010",0,0.0,0.5,541.3407730000017,False,quest_kg_llm,0
WebQTest-13,who was vice president after kennedy died,Lyndon B. Johnson,Lyndon B. Johnson,1,1.0,0.8284269267286205,236.16053199998532,False,quest_kg_llm,1
WebQTest-14,where is the fukushima daiichi nuclear plant located,Japan,Fukushima I – 6,0,0.0,0.25,539.3412530002024,False,quest_kg_llm,0
WebQTest-16,what countries are part of the uk,Wales,Europe,0,0.0,0.8319698683468212,243.73732899994138,False,quest_kg_llm,0
WebQTest-19,what is my timezone in louisiana,Central Time Zone,Central Time Zone,1,1.0,0.41541139813645395,533.2902729999205,False,quest_kg_llm,1
WebQTest-20,what did st augustine do,Writer,Introduction to the philosophy of Saint Augustine,0,0.0,0.25,239.10743999999795,False,quest_kg_llm,0
WebQTest-21,who is keyshia cole dad,Sal Gibson,Leon Cole,1,1.0,0.25,534.7363490000134,False,quest_kg_llm,0
WebQTest-22,what kind government does egypt have,Semi-presidential system,Semi-presidential system,1,1.0,0.6244787217718415,242.87738199996056,False,quest_kg_llm,2
WebQTest-23,what town was martin luther king assassinated in,Memphis,Assassination,0,0.0,0.25,540.9200230001261,False,quest_kg_llm,0
WebQTest-24,where did edgar allan poe died,Baltimore,Baltimore,1,1.0,0.31253888669354857,550.5961500000467,False,quest_kg_llm,1
WebQTest-26,what to do today in atlanta with kids,Fox Theatre,"Home Park, Atlanta",0,0.4,0.3120395761170235,536.0393979999571,False,quest_kg_llm,0
WebQTest-28,what electorate does anna bligh represent,Electoral district of South Brisbane,"Queensland state election, 2009",0,0.0,0.25,229.00559100003193,False,quest_kg_llm,0
WebQTest-31,where did andy murray started playing tennis,2005,Andy Murray,0,0.0,0.5,23.024093999993056,False,quest_kg_llm,0
WebQTest-32,what is the australian dollar called,AUD,Australia,0,0.0,0.5,523.9696480000475,False,quest_kg_llm,0
WebQTest-33,what timezone is sweden,Central European Time Zone,Central European Time Zone,1,1.0,0.3121487451288931,543.3273290000216,False,quest_kg_llm,1
WebQTest-34,who did cam newton sign with,Carolina Panthers,"Cecil Newton, Sr.",0,0.0,0.25,532.5927650001177,False,quest_kg_llm,0
WebQTest-35,what county is frederick md in,Frederick County,Frederick County,1,1.0,0.7337691231715472,228.17904899989117,False,quest_kg_llm,1
WebQTest-36,what highschool did harper lee go to,Monroe County High School,m.0lwxmyl,0,0.0,0.25,25.997407999966526,False,quest_kg_llm,0
WebQTest-37,what timezone is utah in,Mountain Time Zone,Mountain Time Zone,1,1.0,0.4156384299900901,530.0318090000928,False,quest_kg_llm,1
WebQTest-38,who did george w. bush run against for the second term,John Kerry,"United States presidential election, 2004",0,0.0,0.25,547.0855790001679,False,quest_kg_llm,0
WebQTest-39,who is niall ferguson 's wife,Ayaan Hirsi Ali,Niall Ferguson,0,0.0,0.5,27.129568999953335,False,quest_kg_llm,0
WebQTest-41,where is the galapagos islands located on a world map,Ecuador,g.12377byy,0,0.0,0.25,23.849111999879824,False,quest_kg_llm,0
WebQTest-42,what are the songs that justin bieber wrote,Somebody to Love,All Around The World,1,1.0,0.25,233.5116009999183,False,quest_kg_llm,0
WebQTest-43,what did george clemenceau do,Physician,Statesman,1,1.0,0.5,227.37470399988524,False,quest_kg_llm,0
WebQTest-44,what is the state flower of arizona,Saguaro,Phoenix,0,0.0,0.8295073787999584,537.8283649999958,False,quest_kg_llm,0
WebQTest-45,where was rihanna born and raised,Saint Michael Parish,Saint Michael Parish,1,1.0,0.6675850841409287,535.381980000011,False,quest_kg_llm,1
WebQTest-46,what year did president william henry harrison take office,1841-03-04,John Tyler,0,0.0,0.834396387099204,539.9873750000097,False,quest_kg_llm,0
WebQTest-47,where george lopez was born,Mission Hills,Mission Hills,1,1.0,0.3126036849083575,535.3919520000545,False,quest_kg_llm,4
WebQTest-48,where are samsung based,Suwon,Lee Byung-chul,0,0.0,0.41424226524415364,531.3600990000396,False,quest_kg_llm,0
WebQTest-49,what did the islamic people believe in,Ṭūbā,Zainab al-Sughra ibn Ali,0,0.0,0.25,538.6607929999627,False,quest_kg_llm,0
WebQTest-51,who will play mr gray in the film,Jamie Dornan,Film character,0,0.0,0.6235954865612231,531.786676000138,False,quest_kg_llm,0
WebQTest-52,what did george orwell died of,Tuberculosis,Tuberculosis,1,1.0,0.25,235.77045399997587,False,quest_kg_llm,2
WebQTest-54,what country did adolf hitler control,Nazi Germany,"Hitler left the army in 1920, and became party propagandist, editing the party newspaper the 'Volkischer Beobachter' ('People's Observer'), arranging frequent meetings, changing the name of the party to the National-sozialistische Deutsche Arbeiterpartei (the National Socialist German Workers' Party, NSDAP or Nazi Party), imposing himself as its Chairman by July 1921, and giving the new Party its symbol - the swastika - and its greeting, 'Heil!'.",0,0.029411764705882356,0.6211725271834267,686.0726719999093,False,quest_kg_llm,0
WebQTest-55,who is michael buble,Actor,Canada,0,0.0,0.25,534.9182980000933,False,quest_kg_llm,0
WebQTest-56,what county is kansas city kansas,Wyandotte County,Wyandotte County,1,1.0,0.7241292900089337,532.2342829999798,False,quest_kg_llm,1
WebQTest-58,who did jackie robinson first play for,UCLA Bruins football,Baseball player,0,0.0,0.5,534.3809280000187,False,quest_kg_llm,0
WebQTest-59,when did annie open,1976-08-10,Annie: A New Musical,0,0.0,0.6366733309697121,530.2459399999861,False,quest_kg_llm,0
WebQTest-60,where did eleanor roosevelt die,Manhattan,Manhattan,1,1.0,0.25,536.9031719999384,False,quest_kg_llm,1
WebQTest-61,what are the religions practiced in indonesia,Catholicism,m.064szjw,0,0.0,0.25,35.9512340000947,False,quest_kg_llm,0
WebQTest-62,what was jesse james killed with,Firearm,Firearm,1,1.0,0.5,539.339474000144,False,quest_kg_llm,2
WebQTest-63,who was vp for lincoln,Hannibal Hamlin,Andrew Johnson,1,1.0,0.8297907402867234,547.5257850000617,False,quest_kg_llm,0
WebQTest-64,what other books did charles dickens write,A Christmas Carol (Chrysalis Children's Classics Series),henry james reviewed work of charles dickens,0,0.4137931034482759,0.25,550.2015449999362,False,quest_kg_llm,0
WebQTest-65,who was the first dictator of the soviet union,Vladimir Lenin,Soviet democracy,0,0.0,0.8288456049672611,537.6402949998464,False,quest_kg_llm,0
WebQTest-66,what is the currency of puerto rico called,United States Dollar,United States Dollar,1,1.0,0.5,245.18860299986045,False,quest_kg_llm,1
WebQTest-67,what kind of cancer did carl wilson have,Lung cancer,Lung cancer,1,1.0,0.25,532.8490029999102,False,quest_kg_llm,1
WebQTest-68,who plays the voice of kitt in knight rider,William Daniels,KITT,0,0.0,0.6240397880087023,534.5743090001633,False,quest_kg_llm,0
WebQTest-69,what county is brentwood tennessee in,Williamson County,Williamson County,1,1.0,0.43361050257577877,229.88873500003137,False,quest_kg_llm,2
WebQTest-71,who did michael j fox marry,Tracy Pollan,Tracy Pollan and her husband Michael J. Fox,0,0.4,0.5,535.8299999998053,False,quest_kg_llm,0
WebQTest-72,what battles did stonewall jackson fight in,Manassas Station Operations,Battle of Antietam,0,0.6666666666666666,0.624884167270628,237.68019400017693,False,quest_kg_llm,0
WebQTest-73,what language do the maasai tribe speak,Maasai Language,Maasai Language,1,1.0,0.25,228.6645850001605,False,quest_kg_llm,1
WebQTest-74,who did benjamin franklin get married to,Deborah Read,"In London, Franklin and his son William lodged for 15 years with Margaret Stevenson, whose daughter Mary married the anatomist and physiologist Hewson.",0,0.0,0.8281677476430365,546.0073000001557,False,quest_kg_llm,0
WebQTest-75,what disease did patrick swayze died from,Pancreatic cancer,Pancreatic cancer,1,1.0,0.5,538.6847869999656,False,quest_kg_llm,1
WebQTest-76,what works of art did leonardo da vinci produce,g.121wt37c,Sala delle Asse,1,1.0,0.25,239.56971400002658,False,quest_kg_llm,0
WebQTest-77,what capital of austria,Vienna,Vienna,1,1.0,0.4566059668121603,243.10003000005054,False,quest_kg_llm,1
WebQTest-78,what type of cancer did eva peron have,Cervical cancer,Cervical cancer,1,1.0,0.41746019835657483,535.6944410000324,False,quest_kg_llm,2
WebQTest-79,what country did buddha come from,Nepal,Nepal,1,1.0,0.41555817283943863,233.5957249999865,False,quest_kg_llm,1
WebQTest-80,what county is greeley colorado in,Weld County,Weld County,1,1.0,0.7281240256106362,227.68601300003866,False,quest_kg_llm,1
WebQTest-82,what did peter tchaikovsky do,Musician,"In 1866, when he was 26, Tchaikovsky took up a position as Professor of Harmony at the Moscow Conservatory, run by Rubinstein's brother Nikolai.",0,0.0,0.25,578.6321140001291,False,quest_kg_llm,0
WebQTest-83,which countries speak german officially,Belgium,East Germany,1,1.0,0.25,536.1819550000746,False,quest_kg_llm,0
WebQTest-84,what type of music did john lennon sing,Rock music,Beatles Classic Hits,0,0.0,0.25,235.6284909999431,False,quest_kg_llm,0
WebQTest-85,who are the colorado representatives,Mark Udall,m.09qpcz7,0,0.0,0.25,29.29266500018457,False,quest_kg_llm,0
WebQTest-86,which country does greenland belong to,Denmark,Denmark,1,1.0,0.6253037725147611,532.120144999908,False,quest_kg_llm,1
WebQTest-87,what the zip code for seattle washington,98185,Area code 206,0,0.0,0.5,235.19755000006626,False,quest_kg_llm,0
WebQTest-88,who is willow smith mom name,Jada Pinkett Smith,Jada Pinkett Smith,1,1.0,0.5,231.06457599988062,False,quest_kg_llm,1
WebQTest-89,what do you call the chinese writing system,Simplified Chinese character,Chinese characters,1,1.0,0.5,530.4889179999464,False,quest_kg_llm,0
WebQTest-90,who played on the jeffersons,Damon Evans,m.03lkkdt,0,0.0,0.25,23.92274399994676,False,quest_kg_llm,0
WebQTest-91,what is the name of the san francisco newspaper,Synapse,San Francisco News-Call Bulletin Newspaper,1,1.0,0.25,241.4144640001723,False,quest_kg_llm,0
WebQTest-93,what continent does armenia belong to,Europe,Europe,1,1.0,0.5923104301596864,236.02859499987972,False,quest_kg_llm,2
WebQTest-94,what did randy savage died of,heart attack,heart attack,1,1.0,0.25,531.2611940000806,False,quest_kg_llm,1
WebQTest-95,what was the title of the book charles darwin wrote,On evolution,Charles Darwin: A Scientific Biography,0,0.5714285714285715,0.4430318343377606,536.1817709999741,False,quest_kg_llm,0
WebQTest-96,where did richard nixon die,New York City,New York City,1,1.0,0.25,234.21859900008712,False,quest_kg_llm,2
WebQTest-97,what songs does smokey robinson sing,Just to See Her,Smokey,0,0.2857142857142857,0.25,232.58286899999803,False,quest_kg_llm,0
WebQTest-98,who was vice president when jfk was president,Lyndon B. Johnson,Lyndon B. Johnson,1,1.0,0.8291823252773064,242.22585200004687,False,quest_kg_llm,1
WebQTest-99,what is serbian language called,Serbian language,Serbian language,1,1.0,0.8279863841674769,543.7152020001577,False,quest_kg_llm,1
WebQTest-100,what language is spoken in haiti today,Haitian Creole,Haitian Creole,1,1.0,0.8292262827549828,547.9305200001363,False,quest_kg_llm,2
WebQTest-102,who played barbara gordon batgirl,Melinda McGraw,Barbara Gordon,0,0.0,0.6248580643694835,23.26803400001154,False,quest_kg_llm,0
WebQTest-103,what basketball teams has shaq played for,Miami Heat,Center,0,0.0,0.25,533.3115000000817,False,quest_kg_llm,0
WebQTest-104,where is jay leno from,New Rochelle,United States of America,0,0.0,0.25,534.0449189998253,False,quest_kg_llm,0
WebQTest-105,what language do people from thailand speak,Mon Language,Thai Language,1,1.0,0.9365171384988167,241.77914399979272,False,quest_kg_llm,0
WebQTest-106,who did armie hammer play in the social network,Cameron Winklevoss,m.0d8kch7,0,0.0,0.25,26.157788000091386,False,quest_kg_llm,0
WebQTest-107,what was thomas jefferson role in the declaration of independence,Lawyer,Declaration of Independence,0,0.0,0.830990294248056,592.3548770001617,False,quest_kg_llm,0
WebQTest-108,what was the book written by charles darwin,On evolution,Darwin's big book,0,0.5714285714285715,0.25,545.1103810000859,False,quest_kg_llm,0
WebQTest-109,who did tim tebow play college football for,Florida Gators football,American football player,0,0.3333333333333333,0.25,533.8024420002512,False,quest_kg_llm,0
WebQTest-110,who does peyton manning play football for,Denver Broncos,Quarterback,0,0.0,0.25,535.3680389998772,False,quest_kg_llm,0
WebQTest-111,where is the carpathian mountain range located,Europe,Čertovica,0,0.0,0.25,541.1904500001583,False,quest_kg_llm,0
WebQTest-112,what was robert burns,Bard,Poet,1,1.0,0.25,531.6792250000617,False,quest_kg_llm,0
WebQTest-114,who did the voice of darth vader in episode 3,Hayden Christensen,Darth Vader,0,0.0,0.25,24.60344700011774,False,quest_kg_llm,0
WebQTest-115,what super bowl did peyton manning win,Super Bowl XLI,Peyton Manning,0,0.0,0.25,23.773663999691053,False,quest_kg_llm,0
WebQTest-116,which country was justin bieber born in,Canada,Canada,1,1.0,0.25,536.9308569997884,False,quest_kg_llm,1
WebQTest-118,who fought in the gulf war 1991,France,1991 uprisings in Iraq,0,0.4,0.6252805180342443,537.545924999904,False,quest_kg_llm,0
WebQTest-119,who plays london tipton in suite life on deck,Brenda Song,The Suite Life on Deck - Season 0,0,0.0,0.25,541.9855089999146,False,quest_kg_llm,0
WebQTest-121,what team did david beckham play for in 2011,LA Galaxy,m.07m4bqp,0,0.0,0.6235426313353966,24.15072199983115,False,quest_kg_llm,0
WebQTest-122,where did francisco coronado come from,Salamanca,Spain,0,0.0,0.5,228.37936399992032,False,quest_kg_llm,0
WebQTest-123,what all does google now do,Google Glass,Google Now,0,0.5,0.25,228.05176499969093,False,quest_kg_llm,0
WebQTest-124,what language does egyptian people speak,Modern Standard Arabic,Egyptian language,0,0.0,0.5,544.8585650001405,False,quest_kg_llm,3
WebQTest-125,what are abraham sons names,Midian,Abrahamic religions,0,0.0,0.5,532.2184940000625,False,quest_kg_llm,0
WebQTest-126,who wrote the jana gana mana,Ram Singh Thakur,Ram Singh Thakur,1,1.0,0.25,234.2400259999522,False,quest_kg_llm,2
WebQTest-127,what type of cancer did gilda radner die of,Ovarian cancer,Ovarian cancer,1,1.0,0.25,233.3684830000493,False,quest_kg_llm,1
WebQTest-128,who plays juni cortez,Daryl Sabara,Juni Cortez,0,0.0,0.25,21.82792299981884,False,quest_kg_llm,0
WebQTest-129,what was lucille ball,Actor,Actor,1,1.0,0.25,227.46619200006535,False,quest_kg_llm,1
WebQTest-131,who inspired obama,Nipsey Russell,Saul Alinsky,1,1.0,0.5,238.41434599989952,False,quest_kg_llm,0
WebQTest-132,who is michael j fox wife,Tracy Pollan,Tracy Pollan and her husband Michael J. Fox,0,0.4,0.5,535.5616259998897,False,quest_kg_llm,0
WebQTest-133,where did dolly parton grow up,Sevierville,United States of America,0,0.0,0.312721832925975,538.6352230002558,False,quest_kg_llm,0
WebQTest-134,what type of books did agatha christie wrote,Writer,The Complete Christie: An Agatha Christie Encyclopedia,0,0.0,0.833635253973859,234.897662000094,False,quest_kg_llm,0
WebQTest-138,what are the four main languages spoken in spain,Catalan language,Spanish Language,1,1.0,0.25,244.9620969996431,False,quest_kg_llm,4
WebQTest-139,where is the nra headquarters located,Fairfax,Civil and political rights,0,0.0,0.25,528.6896160000651,False,quest_kg_llm,0
WebQTest-141,who is gimli 's father in the hobbit,Gloin,The Lord of the Rings,0,0.0,0.6241221019554655,535.8911180001087,False,quest_kg_llm,0
WebQTest-142,who developed the tcp ip reference model,Vint Cerf,Robert  E. Kahn,1,1.0,0.5,230.07770200001687,False,quest_kg_llm,0
WebQTest-145,what college did albert einstein go to,ETH Zurich,Humboldt University of Berlin Department of Physics,0,0.5217391304347826,0.4154329946048211,632.8287129999808,False,quest_kg_llm,0
WebQTest-146,what team does jordan own,Jordan national football team,Al-Wehdat SC,1,1.0,0.5,543.4756009999546,False,quest_kg_llm,2
WebQTest-147,who is the state governor of tennessee,William Haslam,Nashville,0,0.0,0.619798360911996,537.5758960003623,False,quest_kg_llm,0
WebQTest-149,what do portuguese people speak,Portuguese Language,Joao Carlos Almeida,0,0.0,0.25,551.3327650000974,False,quest_kg_llm,0
WebQTest-150,what language does cuba speak,Haitian Creole,Spanish Language,1,1.0,0.8308522425210638,545.2437260000806,False,quest_kg_llm,2
WebQTest-153,what are the sights to see in madrid,Madrid Arena,Royal Palace of Madrid,1,1.0,0.31234761803491623,232.36475700014125,False,quest_kg_llm,0
WebQTest-154,what instruments did louis armstrong play,Cornet,Trumpet,1,1.0,0.4169745506901332,232.01935899987802,False,quest_kg_llm,2
WebQTest-155,what year was george w bush elected,2000-11-07,"United States presidential election, 2000",0,0.25,0.5,238.35244500014596,False,quest_kg_llm,0
WebQTest-156,what time zone am i in california,Pacific Time Zone,Pacific Time Zone,1,1.0,0.6159908216208215,546.6256620002241,False,quest_kg_llm,1
WebQTest-157,where is mission san buenaventura located,Ventura County,Ventura County,1,1.0,0.5,532.4053869999261,False,quest_kg_llm,1
WebQTest-159,what time in hilo hawaii,Hawaii-Aleutian Time Zone,Hawaii-Aleutian Time Zone,1,1.0,0.6233783613255586,227.74766000020463,False,quest_kg_llm,1
WebQTest-160,where did rudolf virchow conduct his research,Humboldt University of Berlin,rudolf carl virchow studied under johannes peter muller,0,0.0,0.31270203429789983,537.3101300001508,False,quest_kg_llm,0
WebQTest-161,what university did gordon brown attend,University of Edinburgh,United Kingdom,0,0.0,0.6240827965630482,532.9180799999449,False,quest_kg_llm,0
WebQTest-162,what countries does greece share borders with,Albania,Europe,0,0.0,0.8308141795182198,544.6792650000134,False,quest_kg_llm,0
WebQTest-163,what year did the seahawks win the superbowl,Super Bowl XLVIII,Super Bowl XLVIII,1,1.0,0.41540317517491365,244.9353090000841,False,quest_kg_llm,1
WebQTest-164,what did stephen hawking become famous for,Cosmologist,Cosmologist,1,1.0,0.25,536.1046250000072,False,quest_kg_llm,1
WebQTest-165,who plays donna noble,Catherine Tate,Donna Noble,0,0.0,0.25,21.814965999965352,False,quest_kg_llm,0
WebQTest-166,what was dr seuss education,"Lincoln College, Oxford",Theodore Lesieg,0,0.0,0.8187618003151009,25.24346899963348,False,quest_kg_llm,0
WebQTest-167,where did queensland get its name from,Queen Victoria,Queen Victoria,1,1.0,0.25,227.33933900008196,False,quest_kg_llm,3
WebQTest-168,what document did james madison write,"The Papers of James Madison, Secretary of State Series, Vol. 2",The complete Madison,1,1.0,0.6250000645405799,536.2355920001391,False,quest_kg_llm,0
WebQTest-169,what are the three official languages of belgium,Dutch Language,Dutch Language,1,1.0,0.33408391018963907,539.977608999834,False,quest_kg_llm,1
WebQTest-170,who played bilbo in lord of the rings,Norman Bird,Lord of the Rings,0,0.0,0.25,534.9420269999428,False,quest_kg_llm,0
WebQTest-171,what airport do you fly into to get to destin fl,Destin–Fort Walton Beach Airport,Destin–Fort Walton Beach Airport,1,1.0,0.5,530.8406649996869,False,quest_kg_llm,1
WebQTest-172,what do you call members of the senate,Senator,Assistant Majority Leader of the United States Senate,0,0.5454545454545454,0.31246619672284015,540.6578609999997,False,quest_kg_llm,0
WebQTest-173,what countries are part of the baltic,Latvia,Latvia,1,1.0,0.3128292213938695,225.68651099982162,False,quest_kg_llm,1
WebQTest-174,what team does colin kaepernick play for,San Francisco 49ers,American football player,0,0.0,0.41782721033859893,529.6761519998654,False,quest_kg_llm,0
WebQTest-175,where did joe flacco attend college,University of Delaware,American football player,0,0.0,0.25,531.6147439998531,False,quest_kg_llm,0
WebQTest-176,who is emma stone father,Jeff Stone,Jeff Stone,1,1.0,0.25,526.6598419998445,False,quest_kg_llm,3
WebQTest-177,where was theodore roosevelt buried,Youngs Memorial Cemetery,Youngs Memorial Cemetery,1,1.0,0.5,242.16079699999682,False,quest_kg_llm,1
WebQTest-178,who was the leader of the us during wwii,Franklin D. Roosevelt,George S. Patton,0,0.3333333333333333,0.25,538.382816000194,False,quest_kg_llm,0
WebQTest-179,what artistic movement did henri matisse belong to,Neo-impressionism,Visual Artist,0,0.0,0.4173739116614953,535.4783650000172,False,quest_kg_llm,3
WebQTest-180,where the missouri river ends,Mississippi River,Mississippi River,1,1.0,0.3128005761671193,535.4763609998372,False,quest_kg_llm,1
WebQTest-181,what type of currency do they use in thailand,Thai baht,Thai baht,1,1.0,0.5,241.06996399996206,False,quest_kg_llm,1
WebQTest-182,who is khloe kardashian 's husband,Lamar Odom,Robert Kardashian,0,0.0,0.25,533.681486000205,False,quest_kg_llm,0
WebQTest-184,what state does romney live in,Massachusetts,United States of America,0,0.0,0.25,529.2846319998716,False,quest_kg_llm,0
WebQTest-185,what type of government does france use,Semi-presidential system,Political system of France,0,0.28571428571428575,0.5,250.40372400007982,False,quest_kg_llm,0
WebQTest-186,who rules denmark right now,Helle Thorning-Schmidt,Politics of Denmark,0,0.5714285714285715,0.25,547.9517119997581,False,quest_kg_llm,0
WebQTest-187,what did stephen hawking study,Physics,Dennis W. Sciama,0,0.0,0.25,533.6644550002347,False,quest_kg_llm,0
WebQTest-188,where did bristol palin go to school,West Anchorage High School,United States of America,0,0.0,0.25,529.643445000147,False,quest_kg_llm,0
WebQTest-189,what region of the world is egypt associated with,Middle East,g.1hhc3d9l7,0,0.0,0.25,39.368126000226766,False,quest_kg_llm,0
WebQTest-190,what did dr. seuss do,Visual Artist,"Dr. Seuss, from then to now",0,0.0,0.33341530190934154,546.0711870000523,False,quest_kg_llm,0
WebQTest-191,where did drew brees go to college wikianswers,Stanford Graduate School of Business,Athlete,0,0.0,0.5,531.5653779998684,False,quest_kg_llm,0
WebQTest-193,what school did ben roethlisberger go to,Miami University,Kenneth Todd Roethlisberger,0,0.0,0.5,538.2885410003837,False,quest_kg_llm,0
WebQTest-194,where did the iroquois indians come from,Québec,Seneca people,0,0.0,0.41694018775496405,233.7439960001575,False,quest_kg_llm,0
WebQTest-195,what kind of guitar did george harrison use,Rickenbacker 360/12,Fender Stratocaster,1,1.0,0.6246577264483824,540.3859449997981,False,quest_kg_llm,3
WebQTest-196,what language do navajo people speak,Navajo Language,Navajo Language,1,1.0,0.25,231.8377789997612,False,quest_kg_llm,1
WebQTest-197,what places make up new england,New Hampshire,Northern New England,0,0.4,0.25,528.8170120002178,False,quest_kg_llm,2
WebQTest-199,what type of government does iraq have now,Parliamentary system,Parliamentary republic,1,1.0,0.6135531915661105,546.8264920000365,False,quest_kg_llm,4
WebQTest-200,where was the vietnam war location,Vietnam,Southeast Asia,1,1.0,0.25,532.0574120000856,False,quest_kg_llm,4
WebQTest-201,who did gerald ford select as his vice president when he became president,Nelson Rockefeller,Richard Nixon,0,0.0,0.5,533.2732929996382,False,quest_kg_llm,2
WebQTest-202,what is the currency used in italy,Euro,Euro,1,1.0,0.5,541.7279800003598,False,quest_kg_llm,2
WebQTest-204,what is the capital of modern egypt,Cairo,Cairo,1,1.0,0.4540415206148435,237.30922000004284,False,quest_kg_llm,1
WebQTest-205,what school did sir ernest rutherford go to,University of Cambridge,"School of Physics and Astronomy, University of Manchester",0,0.4800000000000001,0.25,535.9735880001608,False,quest_kg_llm,0
WebQTest-206,what position does brandon roy play,Small forward,Basketball player,0,0.0,0.25,532.1252250000725,False,quest_kg_llm,4
WebQTest-207,where is harvard university,United States of America,Harvard University Department of Government,0,0.22222222222222224,0.25,540.7721359997595,False,quest_kg_llm,0
WebQTest-209,where is laos in world map,Southeast Asia,Southeast Asia,1,1.0,0.5,235.27442199974757,False,quest_kg_llm,1
WebQTest-210,where is tyrese gibson from,Watts,United States of America,0,0.0,0.25,229.9200459997337,False,quest_kg_llm,0
WebQTest-211,what countries are near italy,Slovenia,Europe,0,0.0,0.8323533663852548,238.64262999995844,False,quest_kg_llm,0
WebQTest-212,which states does the colorado river run through,Arizona,United States of America,0,0.0,0.25,232.314616000167,False,quest_kg_llm,0
WebQTest-213,who did scarlett johansson date,Patrick Wilson,m.065ppwb,0,0.0,0.25,25.235786999928678,False,quest_kg_llm,0
WebQTest-214,which continents were part of the roman empire,Europe,Africa Proconsularis,0,0.5,0.25,529.2149779997999,False,quest_kg_llm,0
WebQTest-215,where was elvis costello born,Paddington,United Kingdom,0,0.0,0.25,532.558637999955,False,quest_kg_llm,0
WebQTest-216,where are the gobi desert located on a map,Mongolia,Desert,0,0.0,0.25,531.6830990000199,False,quest_kg_llm,1
WebQTest-217,what type of government does the us follow,Presidential system,Presidential system,1,1.0,0.25,558.8257000003978,False,quest_kg_llm,1
WebQTest-218,in which continent is germany,Europe,Europe,1,1.0,0.46301165524394333,240.38676800000758,False,quest_kg_llm,1
WebQTest-220,what language turkey people speak,Ladino Language,Turkish Language,1,1.0,0.9362057369070823,240.20728899995447,False,quest_kg_llm,0
WebQTest-221,who does jeremy lin play for,Los Angeles Lakers,Basketball player,0,0.0,0.25,528.9562389998537,False,quest_kg_llm,0
WebQTest-222,where is the seychelles on world map,Africa,Africa,1,1.0,0.25,541.0799599999336,False,quest_kg_llm,1
WebQTest-224,where did william morris go to college,"Exeter College, Oxford",Morris & Co.,0,0.0,0.44567698413738793,533.4703390003597,False,quest_kg_llm,0
WebQTest-225,what state is mount st. helens in,Washington,Washington,1,1.0,0.25,232.61122799976874,False,quest_kg_llm,1
WebQTest-226,who is jimmy savile,Disc jockey,Male,0,0.0,0.41853834452726735,530.3891549997388,False,quest_kg_llm,0
WebQTest-227,where were the seneca indians located,New York,Ontario,1,1.0,0.25,230.93365300019286,False,quest_kg_llm,0
WebQTest-231,when did florida marlins join mlb,1994 Major League Baseball Season,Florida Marlins,0,0.0,0.5,531.1490389999562,False,quest_kg_llm,0
WebQTest-232,what countries have spanish as the national language,Equatorial Guinea,Spain,1,1.0,0.25,536.5018000002237,False,quest_kg_llm,0
WebQTest-233,what to see in phoenix arizona,Pueblo Grande Ruin,Arizona Science Center,1,1.0,0.5,535.9026329997505,False,quest_kg_llm,0
WebQTest-234,what countries does the panama canal go through,Panama,Atlantic Ocean,0,0.0,0.25,534.1788720002114,False,quest_kg_llm,0
WebQTest-235,what is charlie chaplin famous for,Actor,His Favourite Pastime,0,0.0,0.25,534.9854810001489,False,quest_kg_llm,0
WebQTest-237,what did fred durst do,Actor,Musician,1,1.0,0.25,533.5501519998616,False,quest_kg_llm,0
WebQTest-239,where do american bulldogs originate from,United States of America,United States of America,1,1.0,0.25,230.67087299978084,False,quest_kg_llm,2
WebQTest-240,what colleges did albert einstein teach at,ETH Zurich,"He spent only a year teaching there, however, before he was appointed, in 1909, as junior professor of  physics at the University of Zurich.",0,0.2857142857142857,0.31182533058408796,596.7379360004088,False,quest_kg_llm,0
WebQTest-241,who plays the voice of brian on family guy,Seth MacFarlane,m.02ntr29,0,0.0,0.25,25.470707999829756,False,quest_kg_llm,0
WebQTest-243,where did george w bush live as a child,New Haven,Barbara Bush,0,0.0,0.5,532.310981000137,False,quest_kg_llm,0
WebQTest-245,what year was the first miss america pageant held,1921-09,Miss America 1921,0,0.4,0.25,533.342618000006,False,quest_kg_llm,0
WebQTest-246,what was nikola tesla inventions,Wireless telegraphy,Tesla coil,1,1.0,0.25,232.9643500002021,False,quest_kg_llm,3
WebQTest-247,where did flemish people come from,France,Belgium,1,1.0,0.25,228.89262900025642,False,quest_kg_llm,3
WebQTest-248,what state new york city belong to,New York,New York,1,1.0,0.25,538.5434360000545,False,quest_kg_llm,1
WebQTest-249,what was the cause of death for bruce lee,Cerebral edema,Cerebral edema,1,1.0,0.5,232.96916600020268,False,quest_kg_llm,2
WebQTest-250,what type of government does usa follow,Presidential system,Presidential system,1,1.0,0.8233663420088585,253.13491599990812,False,quest_kg_llm,1
WebQTest-251,what type of currency do they use in england,Pound sterling,Pound sterling,1,1.0,0.5,243.0067959999178,False,quest_kg_llm,1
WebQTest-252,where was benjamin franklin educated,Boston Latin School,"He was elected chairman (1761-62) of the Committee of Colonies and Trade and of the Royal Society for the Encouragement of the Arts, Manufactures and Commerce, which had been founded by Shipley in 1754, with the aid of Sir Joshua Reynolds and Dr. Johnson, and which was the predecessor of the Royal Academy of Arts, founded in 1768.",0,0.0,0.5,568.101600999853,False,quest_kg_llm,0
WebQTest-253,what countries included in the uk,Wales,Europe,0,0.0,0.8311758663974398,545.2395249999427,False,quest_kg_llm,0
WebQTest-254,what countries in the world speak chinese,Vietnam,China,1,1.0,0.25,228.37589300024774,False,quest_kg_llm,3
WebQTest-255,where obama went to school,Occidental College,Barack Obama,0,0.0,0.25,29.596186999697238,False,quest_kg_llm,0
WebQTest-256,what is the primary language of china,Standard Chinese,Standard Chinese,1,1.0,0.8229619581882222,238.85613599986755,False,quest_kg_llm,1
WebQTest-257,who was the soviet leader during world war ii,Leonid Brezhnev,Taganrog during World War II,0,0.0,0.5,230.67328499973883,False,quest_kg_llm,0
WebQTest-258,which of the following does australia export the most,Energy industry,g.1hhc3l25l,0,0.0,0.25,38.864912999997614,False,quest_kg_llm,0
WebQTest-260,where was the city of david,Jerusalem,Jerusalem,1,1.0,0.5,227.5299160000941,False,quest_kg_llm,1
WebQTest-261,what is cindy sherman known for,Visual Artist,Female,0,0.0,0.25,529.1554509999514,False,quest_kg_llm,0
WebQTest-262,what tv shows did shawnee smith play in,All is Forgiven,Shawnee Smith,0,0.0,0.25,22.65315800013923,False,quest_kg_llm,0
WebQTest-264,what does australia use for currency,Australian dollar,Australian dollar,1,1.0,0.5,539.9798329999612,False,quest_kg_llm,1
WebQTest-265,which airport to fly into rome,Ciampino–G. B. Pastine International Airport,Leonardo da Vinci–Fiumicino Airport,1,1.0,0.25,537.9168370000116,False,quest_kg_llm,3
WebQTest-266,what is there to do for fun in kansas city,Negro Leagues Baseball Museum,Worlds of Fun,1,1.0,0.6245165392665681,537.0291719996203,False,quest_kg_llm,0
WebQTest-267,where was martin luther king jr raised,Atlanta,United States of America,0,0.0,0.624288910131931,536.1656200002471,False,quest_kg_llm,0
WebQTest-268,what year was lebron james rookie season,2003–04 NBA season,LeBron James,0,0.0,0.25,24.362901999666065,False,quest_kg_llm,0
WebQTest-269,where does delaware river start,West Branch Delaware River,Mount Jefferson,1,1.0,0.25,529.7694759997285,False,quest_kg_llm,4
WebQTest-270,what kind of monarchy does japan have,Parliamentary system,Constitutional monarchy,1,1.0,0.6156894032408103,548.3603000002404,False,quest_kg_llm,2
WebQTest-271,where did mitt romney 's parents come from,Detroit,George W. Romney,0,0.0,0.6222438067100213,227.9969579999488,False,quest_kg_llm,0
WebQTest-273,when did michael jordan return to the nba,1984,Basketball player,0,0.0,0.25,531.427094999799,False,quest_kg_llm,0
WebQTest-276,where was mission san rafael located,94901,Marin County,1,1.0,0.5,530.7313199996315,False,quest_kg_llm,2
WebQTest-277,who was esther 's husband,Ahasuerus,The Bible,0,0.0,0.4167644533109188,531.2494989998413,False,quest_kg_llm,0
WebQTest-278,who 's dating claire danes,Hugh Dancy,Claire Danes,0,0.0,0.5,24.046513000030245,False,quest_kg_llm,0
WebQTest-279,what county is st paul va in,Wise County,Virginia,0,0.0,0.25,226.35056800027087,False,quest_kg_llm,3
WebQTest-281,what type of sports do japanese play,Japan women's national handball team,Japan national football team,1,1.0,0.31146485859737294,545.7752009997421,False,quest_kg_llm,0
WebQTest-282,which countries share a border with russia,Latvia,Europe,0,0.0,0.8284835692780288,543.2299450003484,False,quest_kg_llm,0
WebQTest-284,where did the latin language originate from,Indo-European languages,Indo-European languages,1,1.0,0.31243668734233393,531.9849330003308,False,quest_kg_llm,1
WebQTest-286,what school did karl benz go to,Karlsruhe Institute of Technology,Johann George Benz,0,0.0,0.25,529.1436440002144,False,quest_kg_llm,0
WebQTest-287,what movies has carmen electra been in,We Are Family,m.0tl8vtt,0,0.25,0.6253404165659394,24.8952410001948,False,quest_kg_llm,0
WebQTest-289,when do world war ii end,1945-09-02,"Paris Peace Treaties, 1947",0,0.0,0.5,536.1175329999242,False,quest_kg_llm,0
WebQTest-291,where did morgan freeman graduate,Pasadena Playhouse,United States of America,0,0.0,0.6248379081885083,530.7695999999851,False,quest_kg_llm,0
WebQTest-294,who was carolus linnaeus,Scientist,carolus linnaeus a pal of bernard de jussieu,0,0.0,0.41698534163125706,291.42509099983727,False,quest_kg_llm,0
WebQTest-295,what type of government does germany have now,Representative democracy,Federal republic,1,1.0,0.8256659095510119,545.4801760001828,False,quest_kg_llm,0
WebQTest-296,what kind of government does libya have today,Parliamentary republic,Parliamentary republic,1,1.0,0.41633817599460965,543.6494030000176,False,quest_kg_llm,3
WebQTest-297,what time zone is anaheim california,Pacific Time Zone,Pacific Time Zone,1,1.0,0.6206707412833808,533.737120999831,False,quest_kg_llm,1
WebQTest-298,what year did the orioles go to the world series,1970 World Series,1970 World Series,1,1.0,0.5,232.75088299988056,False,quest_kg_llm,1
WebQTest-300,who is sir francis bacon,Author,Statesman,1,1.0,0.25,533.6866650000047,False,quest_kg_llm,0
WebQTest-301,what were amelia earhart 's achievements,Pilot,Writer,1,1.0,0.25,528.2207440000093,False,quest_kg_llm,0
WebQTest-302,what are the official colors of the dallas cowboys,White,Navy Blue,1,1.0,0.25,533.1304970000019,False,quest_kg_llm,3
WebQTest-303,where did margaret hoover go to college,Bryn Mawr College,Female,0,0.0,0.25,530.478339000183,False,quest_kg_llm,0
WebQTest-304,what is jamie oliver children names,Poppy Honey Rosie Oliver,Petal Blossom Rainbow Oliver,1,1.0,0.3125844587087062,230.81487899980857,False,quest_kg_llm,3
WebQTest-305,where does bradley walsh live,Los Angeles,United Kingdom,0,0.0,0.25,528.4871200001362,False,quest_kg_llm,0
WebQTest-306,who is the head coach of inter milan,Walter Mazzarri,Inter Milan,0,0.0,0.25,25.48518300000069,False,quest_kg_llm,0
WebQTest-308,who did reese witherspoon get married to,Jim Toth,Reese Witherspoon,0,0.0,0.8326881641563547,24.853466999957163,False,quest_kg_llm,0
WebQTest-310,what kind of money should i take to costa rica,Costa Rican colón,Costa Rican colón,1,1.0,0.5,539.4090959998721,False,quest_kg_llm,1
WebQTest-311,where is the ufc headquarters,Las Vegas,Mixed martial arts,0,0.0,0.25,527.8330920000371,False,quest_kg_llm,0
WebQTest-312,who plays captain kirk in star trek,William Shatner,m.02h8g09,0,0.0,0.25,23.776362000262452,False,quest_kg_llm,0
WebQTest-313,who does albert pujols play for 2012,Scottsdale Scorpions,Baseball player,0,0.0,0.4175134720457935,530.0473629999942,False,quest_kg_llm,0
WebQTest-314,what kind of government is sweden,Parliamentary system,Parliamentary system,1,1.0,0.6239837154309932,546.3981419998163,False,quest_kg_llm,2
WebQTest-315,where was country singer george jones born,Saratoga,Singer,0,0.0,0.25,532.9611480001404,False,quest_kg_llm,0
WebQTest-316,what did shakespeare become famous for,Author,m.0fps7tp,0,0.0,0.25,28.40209300029528,False,quest_kg_llm,0
WebQTest-317,where does russia import from,Uzbekistan,Do not buy Russian goods!,0,0.0,0.6429513609637336,249.5940429998882,False,quest_kg_llm,0
WebQTest-318,what is the money of switzerland called,Swiss franc,Swiss franc,1,1.0,0.5,246.07526099998722,False,quest_kg_llm,1
WebQTest-321,what do people in australia speak,Esperanto Language,Alana Boyd,0,0.0,0.25,550.893200000246,False,quest_kg_llm,0
WebQTest-322,what has ian somerhalder acted in,Pulse,Ian Somerhalder,0,0.0,0.25,26.092943000094238,False,quest_kg_llm,0
WebQTest-323,what movies did ron howard director,The Da Vinci Code,Presidential Reunion,1,1.0,0.25,230.6567220002762,False,quest_kg_llm,0
WebQTest-326,what did gerald r ford die from,Cardiovascular disease,Cardiovascular disease,1,1.0,0.25,530.2041190002456,False,quest_kg_llm,2
WebQTest-327,what two continents is turkey on,Europe,Eurasia,1,1.0,0.5,547.2612950002258,False,quest_kg_llm,0
WebQTest-328,where did kevin love go to college,"University of California, Los Angeles",United States of America,0,0.22222222222222224,0.25,528.5031899998103,False,quest_kg_llm,0
WebQTest-329,what type of government was formed when italy unified,Unitary state,Unitary state,1,1.0,0.25,545.5779999997503,False,quest_kg_llm,3
WebQTest-331,where was the temple of karnak built,Luxor Governorate,Egypt,1,1.0,0.5,529.8679570000786,False,quest_kg_llm,2
WebQTest-333,what movies did morgan freeman star in,High Crimes,Morgan Freeman,0,0.0,0.25,24.844071000188706,False,quest_kg_llm,0
WebQTest-334,who did john kennedy have affairs with,Marilyn Monroe,An American Affair,0,0.0,0.8320763304720423,230.31835700021475,False,quest_kg_llm,0
WebQTest-335,what type of money to take to cuba,Cuban peso,Cuban province,0,0.5,0.5,543.8026090000676,False,quest_kg_llm,0
WebQTest-336,what currency should you take to morocco,Moroccan dirham,Moroccan dirham,1,1.0,0.5,542.0367410001745,False,quest_kg_llm,2
WebQTest-337,who is mary mcleod bethune for kids,Educator,Female,0,0.0,0.25,532.2039669999867,False,quest_kg_llm,0
WebQTest-338,what do they call money in japan,Japanese yen,Japanese yen,1,1.0,0.5,243.6263989998224,False,quest_kg_llm,1
WebQTest-339,what nationality is mother teresa,Ottoman Empire,India,1,1.0,0.25,526.6412329997365,False,quest_kg_llm,4
WebQTest-340,who is richard pryor son,Steven Pryor,Steven Pryor,1,1.0,0.25,234.63426999978765,False,quest_kg_llm,1
WebQTest-341,what countries share borders with spain,France,Europe,0,0.0,0.8316101258509487,239.05940700024075,False,quest_kg_llm,0
WebQTest-342,what countries have english as their official language,Sudan,United Kingdom,1,1.0,0.25,237.00240000016493,False,quest_kg_llm,0
WebQTest-343,what international organizations is china part of,G-20 major economies,Shanghai Cooperation Organisation,1,1.0,0.25,545.5424249998941,False,quest_kg_llm,0
WebQTest-344,what county is west st paul in,Dakota County,Dakota County,1,1.0,0.5509096944501798,528.4749030001876,False,quest_kg_llm,1
WebQTest-346,who does donnie wahlberg play in the sixth sense,Vincent Grey,PG-13 (USA),0,0.0,0.6378520383487126,533.0145549996814,False,quest_kg_llm,0
WebQTest-347,what did baron de montesquie influence,William Blackstone,"Paul Féval, père",1,1.0,0.31226953753985914,236.37040699986755,False,quest_kg_llm,0
WebQTest-349,who did carlos boozer play for,Cleveland Cavaliers,Carmani Boozer,0,0.0,0.25,528.1701399999292,False,quest_kg_llm,0
WebQTest-351,who owns the portland press herald,"Blethen Maine Newspapers, Inc.",Portland,0,0.0,0.25,529.741875000127,False,quest_kg_llm,0
WebQTest-352,what did albert speer design,Deutsches Stadion,Volkshalle,1,1.0,0.5498217782726802,531.1867350001194,False,quest_kg_llm,0
WebQTest-354,what art movement did leonardo da vinci belong to,High Renaissance,High Renaissance,1,1.0,0.5,231.76284300006955,False,quest_kg_llm,2
WebQTest-356,what airport is near arlington tx,Arlington Municipal Airport,Arlington Municipal Airport,1,1.0,0.8309337859702781,227.86031500027093,False,quest_kg_llm,1
WebQTest-359,what team does heskey play for,Aston Villa F.C.,m.07m4btt,0,0.0,0.622873543771015,22.64466499991613,False,quest_kg_llm,0
WebQTest-360,where did emperor hirohito live,"Aoyama, Minato, Tokyo",Japan,0,0.0,0.6669016446543049,525.4906949999167,False,quest_kg_llm,0
WebQTest-361,what to do and see in vienna austria,Liechtenstein Museum,Vienna Museum,0,0.5714285714285715,0.5,227.30243200021505,False,quest_kg_llm,0
WebQTest-362,when did conflict start in ireland,Irish Confederate Wars,Irish War of Independence,1,1.0,0.25,534.1728329999569,False,quest_kg_llm,0
WebQTest-365,what is there to do in peoria illinois,John C. Flanagan House Museum,Heart of Illinois Fair,1,1.0,0.25,230.05689499996151,False,quest_kg_llm,0
WebQTest-366,what language do british speak,Esperanto Language,English Language,1,1.0,0.822808849415564,549.8059970000213,False,quest_kg_llm,0
WebQTest-367,what makes elvis presley famous,Musician,Musician,1,1.0,0.41704396398088245,538.6343149998538,False,quest_kg_llm,1
WebQTest-370,what language do people speak in the netherlands,Dutch Language,Dutch Language,1,1.0,0.9362623433463645,244.33919900002365,False,quest_kg_llm,1
WebQTest-371,what are the major languages spoken in greece,Greek Language,Greek Language,1,1.0,0.5,243.2409920002101,False,quest_kg_llm,1
WebQTest-374,what type of artist is henri matisse,Painting,Collage,1,1.0,0.6288625069531165,530.212892000236,False,quest_kg_llm,0
WebQTest-375,what was the first book charles dickens wrote,Oliver Twist,Nicholas Nickleby,0,0.0,0.9370285038011367,537.0416700002352,False,quest_kg_llm,0
WebQTest-376,what books did agatha christie wrote,Death On The Nile (Hercule Poirot Mysteries (Paperback)),The Complete Christie: An Agatha Christie Encyclopedia,0,0.5853658536585366,0.8336578270928283,235.63851000017166,False,quest_kg_llm,0
WebQTest-377,what school did michael jordan attend,University of North Carolina at Chapel Hill,Basketball player,0,0.0,0.25,530.5275340001572,False,quest_kg_llm,0
WebQTest-379,what year does hitler die,1945-04-30,"On 29 April, having finally accepted the inevitability of defeat, Hitler married his long-term mistress Eva Braun and dictated his final political testament, appointed Admiral Donitz as head of state and Goebbels as chancellor, and concluded, \""Above all, I charge the leaders of the nation and those under them to scrupulous observance of the laws of race and to merciless opposition to the universal poisoner of all peoples, international Jewry.\"" The following day, Hitler committed suicide with his wife and, in accordance with his instructions, their bodies were carried into the garden of the Reich Chancellery by aides, covered with petrol and burned (as documented by, for example, Trevor-Roper's^:  'The Last Days of Hitler', 1947).",0,0.0,0.8304055462488936,688.9222759996301,False,quest_kg_llm,0
WebQTest-380,where is mount st helens volcano,North America,Crater Glacier,0,0.0,0.25,229.35603599989918,False,quest_kg_llm,2
WebQTest-381,what shows are shot in new york,Trial Heat,Flight of the Conchords,1,1.0,0.25,235.01377999991746,False,quest_kg_llm,3
WebQTest-382,what book did tupac write,The Rose That Grew from Concrete,The Rose That Grew from Concrete,1,1.0,0.6666753266717663,234.57221600028788,False,quest_kg_llm,1
WebQTest-383,what language do chinese people write in,Simplified Chinese character,Chinese characters,1,1.0,0.5,528.4103480003068,False,quest_kg_llm,0
WebQTest-384,what was robert burns famous for,Bard,Poet,1,1.0,0.25,527.9477300000508,False,quest_kg_llm,0
WebQTest-385,when did william mckinley died,1901-09-14,Assassination,0,0.0,0.25,232.05424900015714,False,quest_kg_llm,0
WebQTest-386,how deep is lake merritt oakland,3.048,Oakland,0,0.0,0.25,529.4689689999359,False,quest_kg_llm,0
WebQTest-388,what are the important holidays of islam,Mawlid,Islamic New Year,1,1.0,0.25,231.37302799977988,False,quest_kg_llm,4
WebQTest-389,what type of music did claude debussy play,Incidental music,20th-century classical music,1,1.0,0.25,231.07896999999866,False,quest_kg_llm,3
WebQTest-390,when was the last time the toronto maple leafs were in the stanley cup finals,1967 Stanley Cup Finals,2014 Stanley Cup Finals,0,0.75,0.6240821407604674,533.0656050000471,False,quest_kg_llm,0
WebQTest-392,what team is hank baskett on 2010,Indianapolis Colts,Hank Baskett,0,0.0,0.25,22.666676999961055,False,quest_kg_llm,0
WebQTest-393,what are the two official languages of paraguay,Spanish Language,Paraguayan Guaraní,1,1.0,0.33414921629324357,540.0982239998484,False,quest_kg_llm,2
WebQTest-395,what state is the steelers from,Pittsburgh,American football,0,0.0,0.25,533.8059999999132,False,quest_kg_llm,2
WebQTest-396,what college did sir isaac newton go to,"Trinity College, Cambridge",William Whiston,0,0.0,0.5,536.2878820001242,False,quest_kg_llm,0
WebQTest-397,what are the school colors for harvard university,Crimson,Crimson,1,1.0,0.41556246625361415,229.4603539999116,False,quest_kg_llm,1
WebQTest-398,where is the university of the rockies located,Colorado,Colorado,1,1.0,0.25,227.85186600003726,False,quest_kg_llm,1
WebQTest-399,what disease does robin roberts have,Breast cancer,Breast cancer,1,1.0,0.5,532.4923779999153,False,quest_kg_llm,1
WebQTest-400,what was the capital city of the east roman empire,Constantinople,Constantinople,1,1.0,0.5,229.1499319999275,False,quest_kg_llm,1
WebQTest-401,who plays edward scissorhands,Johnny Depp,Matthew Bourne,0,0.0,0.5,534.3745679997483,False,quest_kg_llm,0
WebQTest-402,what does joey jordison play in slipknot,Drums,Vermilion,0,0.0,0.7779942802063549,530.9921889997895,False,quest_kg_llm,0
WebQTest-403,what kind of language does turkey speak,Ladino Language,Turkish Language,1,1.0,0.9362581797352556,246.45911500010698,False,quest_kg_llm,0
WebQTest-404,what was lebron james first team,Cleveland Cavaliers,LeBron James,0,0.0,0.25,24.383467999996356,False,quest_kg_llm,0
WebQTest-405,who fought the battle of gettysburg,Confederate States of America,10th Louisiana Infantry,0,0.0,0.25,240.00040900000386,False,quest_kg_llm,0
WebQTest-406,who is the coach of the sf giants,Bill Hayes,m.0527d0b,0,0.0,0.25,25.179542999921978,False,quest_kg_llm,0
WebQTest-408,who was the first president of the afl,Bud Adams,Bud Adams,1,1.0,0.5,528.4025529999781,False,quest_kg_llm,1
WebQTest-409,where did giuliana rancic grow up,Naples,Italy,0,0.0,0.25,536.8947709998793,False,quest_kg_llm,0
WebQTest-410,what are the major cities in ukraine,Kiev,Eastern Europe,0,0.0,0.6244415883261145,549.0882570002213,False,quest_kg_llm,0
WebQTest-414,who does brian dawkins play for 2011,Denver Broncos,American football player,0,0.0,0.25,529.5800099997905,False,quest_kg_llm,0
WebQTest-415,what movies did tupac star in,Juice,Tupac: Hip Hop Genius,0,0.0,0.5,237.7146180001546,False,quest_kg_llm,0
WebQTest-416,what form of currency does china have,Renminbi,Renminbi,1,1.0,0.5,240.06158900010632,False,quest_kg_llm,3
WebQTest-417,who plays kenneth,Jack McBrayer,TV Character,0,0.0,0.6236949822400911,528.6647160000939,False,quest_kg_llm,0
WebQTest-418,what league are the indianapolis colts in,AFC South,m.0crt4sl,0,0.0,0.5,26.163215999986278,False,quest_kg_llm,0
WebQTest-419,what country did magellan represent,Kingdom of Portugal,Kingdom of Portugal,1,1.0,0.31275632549182236,527.2512800002005,False,quest_kg_llm,1
WebQTest-420,where is perpignan located,France,Campo Santo,0,0.0,0.25,227.7819040000395,False,quest_kg_llm,2
WebQTest-421,who did kim richards marry,G. Monty Brinson,Kim Richards,0,0.0,0.8343573205541807,22.386634999747912,False,quest_kg_llm,0
WebQTest-422,what happened in bosnia in the 90s,Foča massacres,Yugoslav Wars,1,1.0,0.25,241.1534540001412,False,quest_kg_llm,0
WebQTest-423,when 's the last time the steelers won the superbowl,Super Bowl XLIII,m.0zbrh13,0,0.0,0.25,26.644794999810983,False,quest_kg_llm,0
WebQTest-425,where english is spoken,Nigeria,England,1,1.0,0.5,232.8694920001908,False,quest_kg_llm,0
WebQTest-426,where is giza pyramids located,Egypt,Egypt,1,1.0,0.6244561287350698,226.9838469997012,False,quest_kg_llm,1
WebQTest-427,what is the zip code for midland tx,79701,Area code 432,0,0.0,0.335287325669432,534.2630019999888,False,quest_kg_llm,0
WebQTest-428,what states make up the midwest us,Ohio,Indiana,1,1.0,0.25,536.1900939997213,False,quest_kg_llm,0
WebQTest-430,what instruments does justin bieber use,Vocals,Boyfriend,0,0.0,0.25,232.03314100010175,False,quest_kg_llm,0
WebQTest-431,what language does australians speak,Esperanto Language,English Language,1,1.0,0.5,244.03478699969128,False,quest_kg_llm,1
WebQTest-432,who did annie oakley married,Frank E. Butler,Biographical film,0,0.0,0.5,528.3661590001429,False,quest_kg_llm,0
WebQTest-433,who has played lex luthor,Kevin Spacey,Alexander Luthor,0,0.0,0.25,23.063744999944902,False,quest_kg_llm,0
WebQTest-434,where does the zambezi river start,Mwinilunga,"Kariba, Zimbabwe",0,0.0,0.25,530.3076870000041,False,quest_kg_llm,0
WebQTest-436,what is the nigeria time,West Africa Time Zone,West Africa Time Zone,1,1.0,0.4152842053410003,543.0325499996798,False,quest_kg_llm,1
WebQTest-437,where did they find jenni rivera 's body,Iturbide,United States of America,0,0.0,0.25,532.4220070001502,False,quest_kg_llm,0
WebQTest-438,what university did romney graduated from,Brigham Young University,Mitt Romney,0,0.0,0.25,23.707073999958084,False,quest_kg_llm,0
WebQTest-439,where is the time zone line in south dakota,Mountain Time Zone,Mountain Time Zone,1,1.0,0.4149086816021624,230.84051400019234,False,quest_kg_llm,1
WebQTest-440,where is jason mraz from,Mechanicsville,United States of America,0,0.0,0.25,534.7386070002358,False,quest_kg_llm,0
WebQTest-441,what killed john bonham,Inhalation of vomit,Inhalation of vomit,1,1.0,0.25,532.6633790000415,False,quest_kg_llm,1
WebQTest-442,what industry does walmart operate in,Retail,Retail,1,1.0,0.5,525.2501129998564,False,quest_kg_llm,1
WebQTest-443,what county is texarkana arkansas in,Miller County,Miller County,1,1.0,0.720274544898661,229.48372900009417,False,quest_kg_llm,1
WebQTest-446,what music period did beethoven live in,Opera,Classical music,1,1.0,0.6225612956096198,537.6671129997703,False,quest_kg_llm,0
WebQTest-447,what did laura ingalls wilder wrote,Going West (My First Little Houe Books),Laura's Early Years Collection,1,1.0,0.25,234.82294400037063,False,quest_kg_llm,0
WebQTest-448,what type of government system does italy have,Unitary state,Parliamentary republic,1,1.0,0.8258697390015527,547.3956690002524,False,quest_kg_llm,3
WebQTest-449,what did john irving wrote,A Prayer for Owen Meany,Novelist,0,0.0,0.25,233.12972600024295,False,quest_kg_llm,0
WebQTest-450,what is the national flower of hawaii,Hawaiian hibiscus,Pacific States,0,0.0,0.6155492124989557,235.19168000029822,False,quest_kg_llm,0
WebQTest-451,what did alice paul accomplish,Organization founder,m.02wnj54,0,0.0,0.25,24.195915999825957,False,quest_kg_llm,0
WebQTest-453,what languages do they speak in costa rica,Bribri Language,Spanish Language,1,1.0,0.25,546.2877420000041,False,quest_kg_llm,4
WebQTest-454,where did hank marvin come from,Newcastle upon Tyne,United Kingdom,0,0.0,0.25,225.05516199998965,False,quest_kg_llm,0
WebQTest-455,when did chipper jones get drafted,1990 Major League Baseball Draft,Outfielder,0,0.0,0.5,530.823545000203,False,quest_kg_llm,0
WebQTest-456,what part did winona ryder play in star trek,Amanda Grayson,m.0gxt81c,0,0.0,0.25,31.58227599988095,False,quest_kg_llm,0
WebQTest-459,where did jovan belcher kill himself,Kansas City,Gunshot,0,0.0,0.25,227.85561000000598,False,quest_kg_llm,0
WebQTest-461,where did clay matthews go to school,University of Southern California,"Clay Matthews, Jr.",0,0.0,0.5,530.6283479999365,False,quest_kg_llm,0
WebQTest-462,what time is it in texas houston right now,Central Time Zone,Central Time Zone,1,1.0,0.6211151369932292,537.0881870003359,False,quest_kg_llm,1
WebQTest-463,who is princess leia in star wars,Carrie Fisher,Leia Organa,0,0.0,0.25,23.082798000359617,False,quest_kg_llm,0
WebQTest-464,what is the political structure of china,Single-party state,Single-party state,1,1.0,0.6088169948012139,241.6099279998889,False,quest_kg_llm,1
WebQTest-465,what is new york city airport,Newark Liberty International Airport,Newark Liberty International Airport,1,1.0,0.25,534.7105339997142,False,quest_kg_llm,1
WebQTest-466,what language brazil speak,Brazilian Portuguese,Brazilian Portuguese,1,1.0,0.8259858687405736,540.6243769998582,False,quest_kg_llm,2
WebQTest-467,who played obi wan in episode 2,Ewan McGregor,Obi-Wan Kenobi,0,0.0,0.8297687008923665,23.45314200010762,False,quest_kg_llm,0
WebQTest-468,where did venus williams come from,Lynwood,United States of America,0,0.0,0.25,529.2843580000408,False,quest_kg_llm,0
WebQTest-469,what currency is used in panama,Panamanian balboa,United States Dollar,1,1.0,0.5,541.0669490001965,False,quest_kg_llm,2
WebQTest-470,where does the zambezi river originate,Mwinilunga,Mwinilunga,1,1.0,0.25,228.9739420002661,False,quest_kg_llm,2
WebQTest-472,what team did ronaldo play for in 2003,Real Madrid C.F.,Ronaldo,0,0.0,0.25,23.00623400014956,False,quest_kg_llm,0
WebQTest-473,where does robin williams live 2011,San Francisco,United States of America,0,0.0,0.25,534.9537359998067,False,quest_kg_llm,0
WebQTest-474,who played jacob black in twilight,Taylor Lautner,Jacob Black,0,0.0,0.5345932918459104,29.166695000185427,False,quest_kg_llm,0
WebQTest-477,which airport to fly into in buenos aires,Aeroparque Jorge Newbery,Aeroparque Jorge Newbery,1,1.0,0.8325400608716981,232.69432699999015,False,quest_kg_llm,1
WebQTest-479,what team did adrian peterson play for in college,University of Oklahoma,American football player,0,0.0,0.5,529.0373630000431,False,quest_kg_llm,0
WebQTest-480,where does name pennsylvania come from,William Penn,William Penn,1,1.0,0.31235930989152283,237.8461530001914,False,quest_kg_llm,1
WebQTest-481,what kind of money do they use in germany,Euro,Euro,1,1.0,0.8236549652365579,244.2116439997335,False,quest_kg_llm,1
WebQTest-482,who plays blaine in batman,Tom Hardy,m.02wk6dq,0,0.0,0.25,26.2802490001377,False,quest_kg_llm,0
WebQTest-484,what language does australia use,Esperanto Language,English Language,1,1.0,0.5,241.96536699992066,False,quest_kg_llm,1
WebQTest-487,who did veronica lake mary,Joseph A. McCarthy,Female,0,0.0,0.25,530.1383299997724,False,quest_kg_llm,0
WebQTest-488,who did sir francis drake marry,Elizabeth Sydenham,Francis Drake,0,0.0,0.5,23.336923999977444,False,quest_kg_llm,0
WebQTest-489,who plays stephanie plum in one for the money,Katherine Heigl,Stephanie Plum,0,0.0,0.5,536.1273449998407,False,quest_kg_llm,0
WebQTest-490,what did the ancient romans speak,Latin Language,Latin Language,1,1.0,0.5,530.9552359999543,False,quest_kg_llm,1
WebQTest-491,what does ringo sing,Love Me Do,No No Song,1,1.0,0.25,233.94164899991665,False,quest_kg_llm,0
WebQTest-492,where was st. lucy born,Syracuse,Syracuse,1,1.0,0.6249743625071209,224.01904399976047,False,quest_kg_llm,2
WebQTest-493,what type of government does australia have,Parliamentary system,Parliamentary system,1,1.0,0.8235078404477597,545.4077819999839,False,quest_kg_llm,1
WebQTest-497,who was the father of king george vi,George V,United Kingdom,0,0.0,0.5998947324427234,528.2333400000425,False,quest_kg_llm,2
WebQTest-500,what is the zip code for trenton,08607,Area code 609,0,0.0,0.25,538.5850140000912,False,quest_kg_llm,0
WebQTest-501,what has ashley greene been in,King of California,United States of America,0,0.28571428571428575,0.3129700829334609,530.2611930001149,False,quest_kg_llm,0
WebQTest-502,where did al qaeda attack,September 11 attacks,Al-Qaeda,0,0.0,0.5,23.03451199986739,False,quest_kg_llm,0
WebQTest-503,what language is spoken in switzerland,French,German Language,1,1.0,0.25,544.6304739998595,False,quest_kg_llm,3
WebQTest-504,who was philip in acts chapter 8,Apostle Philip,Male,0,0.0,0.5375297502421129,527.5380060002135,False,quest_kg_llm,0
WebQTest-506,what the time zone in england,Greenwich Mean Time Zone,Greenwich Mean Time Zone,1,1.0,0.6106044389249365,549.2892090001078,False,quest_kg_llm,1
WebQTest-508,what is the best currency to take to turkey,Turkish lira,Revaluation of the Turkish Lira,0,0.5714285714285715,0.5999087841017747,552.5328850003461,False,quest_kg_llm,2
WebQTest-509,what system of government is practiced in nigeria,Presidential system,Presidential system,1,1.0,0.5,245.05076100012957,False,quest_kg_llm,1
WebQTest-512,who were mary shelley,Author,Novelist,1,1.0,0.25,532.5842449997253,False,quest_kg_llm,2
WebQTest-513,what language do most australians speak,Esperanto Language,English Language,1,1.0,0.5,244.6036040000763,False,quest_kg_llm,1
WebQTest-514,where is denmark situated,Scandinavia,Northern Europe,0,0.0,0.5,239.7045679999792,False,quest_kg_llm,0
WebQTest-515,where was teddy roosevelt 's house,"Washington, D.C.",Roosevelt Room,0,0.0,0.25,533.9045539999461,False,quest_kg_llm,0
WebQTest-516,what is the government system of malaysia,Parliamentary system,Parliamentary system,1,1.0,0.5,544.6905300000253,False,quest_kg_llm,1
WebQTest-517,what do people speak in canada,Lojban,Pierre Trudeau,0,0.0,0.25,547.7348919998803,False,quest_kg_llm,0
WebQTest-518,what type of money do they use in costa rica,Costa Rican colón,m.0nf5kbt,0,0.0,0.25,34.239850000176375,False,quest_kg_llm,0
WebQTest-519,what timezone is nashville tn,Central Time Zone,Central Time Zone,1,1.0,0.3123410625241172,242.87536800011367,False,quest_kg_llm,1
WebQTest-521,who was anakin skywalker,Ted Bracewell,Tatooine,0,0.0,0.5,523.4920950001651,False,quest_kg_llm,0
WebQTest-522,where did adolf hitler die,Berlin,"On 29 April, having finally accepted the inevitability of defeat, Hitler married his long-term mistress Eva Braun and dictated his final political testament, appointed Admiral Donitz as head of state and Goebbels as chancellor, and concluded, \""Above all, I charge the leaders of the nation and those under them to scrupulous observance of the laws of race and to merciless opposition to the universal poisoner of all peoples, international Jewry.\"" The following day, Hitler committed suicide with his wife and, in accordance with his instructions, their bodies were carried into the garden of the Reich Chancellery by aides, covered with petrol and burned (as documented by, for example, Trevor-Roper's^:  'The Last Days of Hitler', 1947).",0,0.0,0.6244660832132023,698.4840629997962,False,quest_kg_llm,2
WebQTest-523,what is the largest nation in europe,Russia,France,0,0.0,0.3118624553554852,538.782190999882,False,quest_kg_llm,0
WebQTest-524,where was the first gulf war fought,Israel,Arabian Peninsula,1,1.0,0.41685380598575206,232.69927199999074,False,quest_kg_llm,0
WebQTest-525,who are the senators of virginia 2013,Jim Webb,"United States Senate elections, 2006",0,0.0,0.25,544.8629269999401,False,quest_kg_llm,0
WebQTest-526,what band was george clinton in,Funkadellic,Warner Bros. Records,0,0.0,0.25,534.8158259998854,False,quest_kg_llm,0
WebQTest-527,what country borders slovakia,Ukraine,Bratislava,0,0.0,0.25,243.7510539998584,False,quest_kg_llm,0
WebQTest-528,what was james garfield most known for,US President,US President,1,1.0,0.25,533.6958749999212,False,quest_kg_llm,4
WebQTest-529,where did paula deen go to school,Albany High School,Bobby Deen,0,0.0,0.25,533.1596640003227,False,quest_kg_llm,0
WebQTest-530,where does robert irvine come from,Salisbury,United States of America,0,0.0,0.25,532.391971999914,False,quest_kg_llm,0
WebQTest-531,what style of music does michael jackson perform,Post-disco,Dance music,1,1.0,0.31216976250502604,242.4967319998359,False,quest_kg_llm,0
WebQTest-532,what does david beckham play,Football,David Beckham,0,0.0,0.25,23.82783599978211,False,quest_kg_llm,0
WebQTest-533,what does julian lennon do,Actor,Musician,1,1.0,0.25,532.3148679999576,False,quest_kg_llm,0
WebQTest-534,what is the milwaukee brewers mascot,Bonnie Brewer,Bernie Brewer,1,1.0,0.5,530.6639499999619,False,quest_kg_llm,2
WebQTest-535,what is the second biggest state in the united states,Texas,New Mexico,0,0.0,0.3109298182820497,257.14044500000455,False,quest_kg_llm,0
WebQTest-537,what has charlie hunnam been in,Children of Men,m.0h0ydlf,0,0.0,0.25,23.164345999703073,False,quest_kg_llm,0
WebQTest-538,what are all the movies taylor swift has been in,Valentine's Day,m.0ysr8tn,0,0.0,0.25,28.130710999903386,False,quest_kg_llm,0
WebQTest-540,what college did brett favre,University of Southern Mississippi,American football player,0,0.0,0.5,528.4741169998597,False,quest_kg_llm,0
WebQTest-542,where did alex chilton die,New Orleans,heart attack,0,0.0,0.549064353318281,228.35865800016109,False,quest_kg_llm,0
WebQTest-543,what college did martin luther king jr go to,Morehouse College,"Dr. Martin Luther King, Jr. Academic Middle School",0,0.0,0.6220770664581421,538.2177540000157,False,quest_kg_llm,0
WebQTest-545,what kind of cancer did farrah fawcett die of,Anal cancer,Anal cancer,1,1.0,1.0,228.43035999994754,False,quest_kg_llm,1
WebQTest-546,who is michael j fox 's wife,Tracy Pollan,Tracy Pollan and her husband Michael J. Fox,0,0.4,0.5,533.6407170002531,False,quest_kg_llm,0
WebQTest-547,what money do i use in costa rica,Costa Rican colón,m.0nf5k6m,0,0.0,0.25,37.815876999957254,False,quest_kg_llm,0
WebQTest-548,what guitar did joe walsh play,Fender Stratocaster,Fender Stratocaster,1,1.0,0.5,241.06857000015225,False,quest_kg_llm,2
WebQTest-549,what are the official languages of the eu,Swedish Language,Bureau of the European Parliament,0,0.0,0.6234369897139848,532.9211630000827,False,quest_kg_llm,0
WebQTest-550,what is ryan seacrest radio show,American Top 40,On Air with Ryan Seacrest,1,1.0,0.5,231.65164300007746,False,quest_kg_llm,0
WebQTest-552,what language do most italians speak,Italian Language,Italian Language,1,1.0,0.934065670201877,247.19883299985668,False,quest_kg_llm,1
WebQTest-554,what money do they use in spain,Euro,Euro,1,1.0,0.6239557941387217,243.16840300025433,False,quest_kg_llm,1
WebQTest-555,what did drew barrymore go to rehab for,Cocaine,m.05gmpz3,0,0.0,0.5,29.01865200010434,False,quest_kg_llm,0
WebQTest-556,when is saint george day celebrated,April 23,April 23,1,1.0,0.5,226.5975739996975,False,quest_kg_llm,2
WebQTest-557,what government did the roman empire have,Autocracy,Autocracy,1,1.0,0.5,228.22019600016574,False,quest_kg_llm,1
WebQTest-559,what instrument did robin gibb play,Vocals,Musician,0,0.0,0.25,533.0513730000348,False,quest_kg_llm,0
WebQTest-560,who voiced darth vader,Matt Lanter,m.02sg5s6,0,0.0,0.6253558291303789,23.540099000001646,False,quest_kg_llm,0
WebQTest-561,when was abe lincoln president,Abraham Lincoln 1861 presidential inauguration,Abraham Lincoln 1861 presidential inauguration,1,1.0,0.4158089437679719,538.8873840001907,False,quest_kg_llm,4
WebQTest-562,where are the texas rangers playing,Rangers Ballpark in Arlington,Arlington,0,0.4,0.6252870424051934,529.7132630003034,False,quest_kg_llm,2
WebQTest-564,what is arkansas state capitol,Little Rock,Neoclassical architecture,0,0.0,0.25,229.87082500003453,False,quest_kg_llm,0
WebQTest-567,what is the zip code for nogales az,85621,Area code 520,0,0.0,0.25,537.7479359999597,False,quest_kg_llm,0
WebQTest-568,when did michael vick start playing for the eagles,2009,American football player,0,0.0,0.25,534.1526979996161,False,quest_kg_llm,0
WebQTest-570,what is william taft famous for,Lawyer,US President,0,0.0,0.25,533.6578299998109,False,quest_kg_llm,0
WebQTest-572,where did robin cook die,Inverness,Inverness,1,1.0,0.25,532.1256219999668,False,quest_kg_llm,1
WebQTest-573,where did melba beals live,Arkansas,African American,0,0.0,0.25,534.4793130002472,False,quest_kg_llm,0
WebQTest-575,who is louisiana state senator,Alexander Barrow,Baton Rouge,0,0.0,0.830680781327061,534.2495869999766,False,quest_kg_llm,0
WebQTest-576,what are the 7 countries that are part of central america,Panama,Americas,0,0.0,0.3127093052100623,530.1387360000263,False,quest_kg_llm,3
WebQTest-577,where did derek fisher go to college,University of Arkansas at Little Rock,John Fisher,0,0.0,0.25,531.9782870001291,False,quest_kg_llm,0
WebQTest-578,who was kobe bryant drafted by,Charlotte Hornets,Kobe Bryant,0,0.0,0.5,24.448195000331907,False,quest_kg_llm,0
WebQTest-579,where are the new orleans hornets moving to,Charlotte,Basketball,0,0.0,0.5,527.4407779998,False,quest_kg_llm,3
WebQTest-580,what language does algerian people speak,French,Arabic Language,1,1.0,0.8309774491082721,545.3619400000207,False,quest_kg_llm,3
WebQTest-581,where was anne boleyn executed,Tower of London,"Thomas Boleyn, 1st Earl of Wiltshire",0,0.2222222222222222,0.25,538.170756999989,False,quest_kg_llm,0
WebQTest-582,what did galileo do to become famous,Mathematician,Astronomer,1,1.0,0.4167784800252046,579.9806139998509,False,quest_kg_llm,0
WebQTest-583,what school did martin luther king jr received his doctorate degree from,Boston University,"Martin Luther King, Jr.",0,0.0,0.25,27.349652999873797,False,quest_kg_llm,0
WebQTest-584,where buddha come from,Kapilavastu,Nepal,0,0.0,0.3123160765954035,533.0360499997369,False,quest_kg_llm,0
WebQTest-585,what did king henry viii rule,England,Henry-VIII-kingofengland 1491-1547,0,0.0,0.25,536.3071390002006,False,quest_kg_llm,0
WebQTest-586,what type of cancer did larry hagman have,Leukemia,Head and neck cancer,1,1.0,0.5,536.2776709998798,False,quest_kg_llm,3
WebQTest-588,what wars did robert e lee served in,Battle of South Mountain,American Civil War,1,1.0,0.25,235.6559909999305,False,quest_kg_llm,0
WebQTest-589,what russian language called,Russian Language,Russian Language,1,1.0,0.8236145435517082,545.769817999826,False,quest_kg_llm,1
WebQTest-590,who is in charge of libya now,Abdullah al-Thani,National Centrist Party,0,0.0,0.25,552.5439049997658,False,quest_kg_llm,0
WebQTest-592,when did shays rebellion start,1786,Massachusetts,0,0.0,0.417752817060684,530.9755130001577,False,quest_kg_llm,0
WebQTest-593,what kind of disease does montel williams have,Multiple sclerosis,Multiple sclerosis,1,1.0,0.5,232.89707000003546,False,quest_kg_llm,1
WebQTest-595,when is the last time the ravens won a superbowl,Super Bowl XLVII,Super Bowl XXXV,0,0.6666666666666666,0.3121780950006639,544.1862380002931,False,quest_kg_llm,3
WebQTest-596,where did kansas city royals come from,Kansas City,Kansas City,1,1.0,0.5,530.1064010000118,False,quest_kg_llm,1
WebQTest-597,what style of music does john mayer play,Acoustic music,Acoustic music,1,1.0,0.25,241.29676800021116,False,quest_kg_llm,1
WebQTest-599,what inventions did thomas edison invent list,Carbon microphone,Electric Power Distribution,1,1.0,0.25,233.80516399993212,False,quest_kg_llm,0
WebQTest-600,where did djokovic come from,Serbia,Serbia,1,1.0,0.5,226.72957199984012,False,quest_kg_llm,2
WebQTest-602,what part of the country is new england,Northeastern United States,Northern New England,0,0.0,0.25,530.1067239997792,False,quest_kg_llm,0
WebQTest-603,what money to take to turkey,Turkish lira,Turkish lira,1,1.0,0.8794338694611238,548.9932129999033,False,quest_kg_llm,1
WebQTest-604,what kind of music did jimi hendrix play,Psychedelic rock,Rock music,1,1.0,0.25,232.7119159999711,False,quest_kg_llm,0
WebQTest-605,what degrees did obama get in college,Juris Doctor,Barack Obama,0,0.0,0.8270414650528506,29.460746000040672,False,quest_kg_llm,0
WebQTest-606,who were alexander graham bell 's siblings,Edward Charles Bell,Edward Bell,0,0.8,0.5,526.4497009998195,False,quest_kg_llm,0
WebQTest-608,when did liverpool fc last win the champions league,2012 Football League Cup Final,Liverpool F.C.,0,0.0,0.5,24.458817999857274,False,quest_kg_llm,0
WebQTest-609,who played jeannie,Barbara Eden,Jeannie,0,0.0,0.41631784769282504,531.3388409999789,False,quest_kg_llm,0
WebQTest-611,where was st peter killed,Rome,St. Peter's Cemetery,0,0.0,0.5,533.3784790000209,False,quest_kg_llm,0
WebQTest-612,who does jeremy shockey play for in 2012,Carolina Panthers,American football player,0,0.0,0.25,534.5420050002758,False,quest_kg_llm,0
WebQTest-613,what college did deion sanders jr go to,Florida State University,Deion Sanders Jr.,0,0.0,0.5,530.6160220002312,False,quest_kg_llm,0
WebQTest-614,when did the battle of alamo start,1836-02-23,San Antonio,0,0.0,0.31284910393444454,535.219164999944,False,quest_kg_llm,0
WebQTest-615,what were the names of henry viii 's three children,"Henry, Duke of Cornwall","Henry, Duke of Cornwall",1,1.0,0.3123088601333805,536.0741380000036,False,quest_kg_llm,1
WebQTest-616,what was queen elizabeth ii childhood nickname,Elizabeth II,Queen Elizabeth The Queen Mother,0,0.28571428571428575,0.75,534.0847500001473,False,quest_kg_llm,0
WebQTest-617,where did tim tebow grow up,Makati,United States of America,0,0.0,0.25,530.9778390001156,False,quest_kg_llm,0
WebQTest-618,where is chesapeake bay bridge,Anne Arundel County,Anne Arundel County,1,1.0,0.25,532.0617419997689,False,quest_kg_llm,1
WebQTest-619,who played victoria barkley,Barbara Stanwyck,Kate Edelman Johnson,0,0.0,0.33356494925665126,530.728321999959,False,quest_kg_llm,0
WebQTest-620,where did kennedy 's inaugural address take place,United States Capitol,The inaugural address,0,0.0,0.5,549.3431820000296,False,quest_kg_llm,0
WebQTest-621,what countries have german as the official language,Belgium,Germany,1,1.0,0.25,530.8407860002262,False,quest_kg_llm,0
WebQTest-622,where did the taliban began,Afghanistan,Afghanistan,1,1.0,0.25,528.722094999921,False,quest_kg_llm,1
WebQTest-624,who plays elena gilbert on vampire diaries,Nina Dobrev,TV Character,0,0.0,0.6256606188529868,548.5114860002795,False,quest_kg_llm,0
WebQTest-626,what does the missouri river bisect,South Dakota,Great Falls,0,0.0,0.25,535.0517680003577,False,quest_kg_llm,0
WebQTest-627,what nationality is taylor lautner jacob black,United States of America,United States of America,1,1.0,0.25,534.8423220002587,False,quest_kg_llm,4
WebQTest-628,what animal represents california,California grizzly bear,Californium,0,0.0,0.25,548.3317490002264,False,quest_kg_llm,0
WebQTest-629,what company does nike own,NIKE IHM Inc,m.0gl_dcq,0,0.0,0.25,23.494229999869276,False,quest_kg_llm,0
WebQTest-630,what language do colombian people speak,Cuiba language,Spanish Language,1,1.0,0.8287851375400036,547.5145499999599,False,quest_kg_llm,0
WebQTest-631,what year did ray allen join the nba,1996,Basketball player,0,0.0,0.25,529.7726580001836,False,quest_kg_llm,0
WebQTest-633,what is claire danes famous for,Voice Actor,Actor,1,1.0,0.25,532.1455049997894,False,quest_kg_llm,0
WebQTest-634,what county is san antonio in,Medina County,Comal County,1,1.0,0.6019374718736347,533.0828940000174,False,quest_kg_llm,0
WebQTest-635,what characters does matt stone do,Terrance Henry Stoot,Sharon Marsh,0,0.0,0.25,236.80684999999357,False,quest_kg_llm,0
WebQTest-636,what timezone is the state of michigan and,UTC−05:00,Eastern Time Zone,1,1.0,0.25,536.400520999905,False,quest_kg_llm,3
WebQTest-637,what type of government did soviet union have,Soviet democracy,Communist state,1,1.0,0.8321329574995091,533.3362179999313,False,quest_kg_llm,2
WebQTest-638,what languages are there in japan,Esperanto Language,Japanese Language,1,1.0,0.25,545.1586390004195,False,quest_kg_llm,2
WebQTest-639,what year did the bulls get rodman,1995,Basketball player,0,0.0,0.31173015122351855,531.7150219998439,False,quest_kg_llm,0
WebQTest-640,who was saint paul the apostle,Missionary,Cilicia,0,0.0,0.4607904094369268,234.08809800002928,False,quest_kg_llm,0
WebQTest-642,where did vince scully go to college,Fordham University,Vin Scully,0,0.0,0.6246189568252636,23.679647999870213,False,quest_kg_llm,0
WebQTest-643,where does princess leia live,Alderaan,Alderaan,1,1.0,0.6159601732862713,528.9719080001305,False,quest_kg_llm,1
WebQTest-644,what famous people are from el salvador,Mario Wilfredo Contreras,Roberto Lopez,0,0.5,0.25,239.46570799989786,False,quest_kg_llm,0
WebQTest-645,what type of art did leonardo da vinci make,Painting,Sculpture,1,1.0,0.3126069237636478,533.7952200002292,False,quest_kg_llm,2
WebQTest-646,where did mary bell live,Newcastle upon Tyne,Newcastle upon Tyne,1,1.0,0.25,526.7453210003623,False,quest_kg_llm,1
WebQTest-648,who did kimberly williams marry,Brad Paisley,United States of America,0,0.0,0.3117844865671047,537.2443280002699,False,quest_kg_llm,0
WebQTest-649,what other movies has ryan gosling been in,Lars and the Real Girl,m.0g4vml8,0,0.125,0.25,25.322403999780363,False,quest_kg_llm,0
WebQTest-650,what political party does julia gillard belong to,Australian Labor Party,Julia Gillard,0,0.0,0.5,21.52750200002629,False,quest_kg_llm,0
WebQTest-651,what is the currency of germany now,Euro,Euro,1,1.0,0.5,242.90960100006487,False,quest_kg_llm,1
WebQTest-652,what kind of hispanic is selena gomez,Italian American,Mexicans,1,1.0,0.5,533.1898449999244,False,quest_kg_llm,2
WebQTest-653,who did denise van outen married,Lee Mead,m.062thbp,0,0.0,0.6287166389518851,23.744541000269237,False,quest_kg_llm,0
WebQTest-654,what are egyptian money called,Egyptian pound,Egyptian pound,1,1.0,0.5,542.0675270001993,False,quest_kg_llm,1
WebQTest-655,what is the zip code for wyoming michigan,49509,Michigan,0,0.0,0.25,532.703875000152,False,quest_kg_llm,4
WebQTest-656,who is the president of costa rica in 2012,Laura Chinchilla,President of Costa Rica,0,0.0,0.8306118985215137,546.8649310000728,False,quest_kg_llm,0
WebQTest-657,where did martin luther king got shot at,Memphis,Assassination by firearm,0,0.0,0.5,235.99338200028797,False,quest_kg_llm,0
WebQTest-658,who wrote the gospel according to john,John the Evangelist,The Gospel According to John,0,0.5,0.6254875587900185,234.57276199997068,False,quest_kg_llm,0
WebQTest-659,what form of government is the uk,Parliamentary system,Parliamentary system,1,1.0,0.5,551.0017329997936,False,quest_kg_llm,1
WebQTest-661,who did nasri play for before arsenal,Olympique de Marseille,Football player,0,0.0,0.623993263108898,532.1208650002518,False,quest_kg_llm,0
WebQTest-662,what currency does the czech republic use now,Czech koruna,Czech koruna,1,1.0,0.5,550.5147250000846,False,quest_kg_llm,2
WebQTest-663,what age did william penn get married,1672-04-04,"Richard Penn, Sr.",0,0.0,0.4490300253388169,529.3474479999531,False,quest_kg_llm,0
WebQTest-664,what was firefox programmed in,JavaScript,C++,1,1.0,0.25,224.90315599998212,False,quest_kg_llm,3
WebQTest-665,what government does new zealand have,Parliamentary system,Government of New Zealand,0,0.0,0.5,551.7207269999744,False,quest_kg_llm,0
WebQTest-666,where is isthmus of panama located on the map,South America,South America,1,1.0,0.25,529.122943999937,False,quest_kg_llm,1
WebQTest-667,what is the capital of republic of ireland,Dublin,Dublin,1,1.0,0.25,243.68482799991398,False,quest_kg_llm,3
WebQTest-668,what has kristen stewart acted in,The Flintstones in Viva Rock Vegas,m.03jt7ks,0,0.0,0.25,25.1876639999864,False,quest_kg_llm,0
WebQTest-669,what did dr josef mengele do,Physician,Physician,1,1.0,0.6672195554200288,528.5951110004135,False,quest_kg_llm,2
WebQTest-670,what kind of language does egypt speak,Modern Standard Arabic,Modern Standard Arabic,1,1.0,0.829872378146606,543.0641329999162,False,quest_kg_llm,1
WebQTest-671,who are the senators of hawaii 2012,Mazie Hirono,"United States Senate election in Hawaii, 2010",0,0.0,0.5,542.9803820002235,False,quest_kg_llm,0
WebQTest-672,what form of government does north korea have,Single-party state,Socialist state,1,1.0,0.5,535.1045350003005,False,quest_kg_llm,2
WebQTest-673,where did robert kardashian go to college,University of San Diego School of Law,United States of America,0,0.26666666666666666,0.25,535.3380410001591,False,quest_kg_llm,0
WebQTest-675,what county is st james city fl in,Lee County,Lee County,1,1.0,0.4191011973329603,230.8397239999067,False,quest_kg_llm,2
WebQTest-676,what did the akkadian empire include,Akkad,Akkad,1,1.0,0.5992673739541702,525.733487999787,False,quest_kg_llm,1
WebQTest-677,after how many years are the olympic games held,Quadrennial,1022 Olympiada,0,0.0,0.41609999646028356,534.2709090000426,False,quest_kg_llm,0
WebQTest-678,what system of government does guyana have,Semi-presidential system,Semi-presidential system,1,1.0,0.5,241.50436499985517,False,quest_kg_llm,1
WebQTest-680,what team did aguero play for,Manchester City F.C.,m.08d6w5c,0,0.0,0.6275129047202296,22.668806000183395,False,quest_kg_llm,0
WebQTest-681,who is the president of the european union 2012,Jerzy Buzek,President of the European Parliament,0,0.0,0.6237340064571762,534.1057239998008,False,quest_kg_llm,0
WebQTest-683,what year was kenya moore crowned miss usa,Miss USA 1993,Miss USA 2006 Tara Conner who competed as Miss Kentucky USA wearing a baldric,0,0.4,0.8261626603312694,540.361497000049,False,quest_kg_llm,0
WebQTest-684,what sort of government does nigeria have,Presidential system,Presidential system,1,1.0,0.312287161893368,546.608543000275,False,quest_kg_llm,4
WebQTest-685,where does chef ina garten live,Brooklyn,United States of America,0,0.0,0.33432915528122564,530.2347000001646,False,quest_kg_llm,0
WebQTest-686,when the atlanta braves won the world series,1995 World Series,1995 World Series,1,1.0,0.5,233.65330999968137,False,quest_kg_llm,1
WebQTest-688,what kind of language do they speak in iran,Pashto language,Persian Language,1,1.0,0.8288767746736342,243.29865899971992,False,quest_kg_llm,3
WebQTest-689,what was the first language spoken in spain,Spanish Language,Basque Language,0,0.5,0.25,546.3541170001918,False,quest_kg_llm,0
WebQTest-690,what did scott joplin play,Jazz piano,Musician,0,0.0,0.3128913776012163,230.52263299996412,False,quest_kg_llm,0
WebQTest-691,what school did miley cyrus,Heritage Elementary School,United States of America,0,0.0,0.5,537.4984089999089,False,quest_kg_llm,0
WebQTest-693,what language do most people speak in afghanistan,"Farsi, Eastern Language","Farsi, Eastern Language",1,1.0,0.5,542.7602109998588,False,quest_kg_llm,1
WebQTest-694,who is the prime minister of jamaica west indies,Portia Simpson-Miller,Prime minister,0,0.0,0.25,532.4171989996103,False,quest_kg_llm,0
WebQTest-695,what role did paul mccartney play in the beatles,Bass,Paul McCartney,0,0.0,0.25,38.8188160000027,False,quest_kg_llm,0
WebQTest-696,when did juventus win the champions league,1996 UEFA Champions League Final,m.0d0_jx0,0,0.0,0.3122138450117858,27.487153000038234,False,quest_kg_llm,0
WebQTest-698,who is robin roberts father,Lawrence E. Roberts,Lawrence E. Roberts,1,1.0,0.5,539.4177610000952,False,quest_kg_llm,1
WebQTest-699,what is the capital of australia victoria state,Melbourne,Melbourne,1,1.0,0.3366511980383068,533.5685009999906,False,quest_kg_llm,1
WebQTest-700,where is french spoken most,Equatorial Guinea,France,1,1.0,0.8297892729704175,529.577073999917,False,quest_kg_llm,0
WebQTest-701,what team is reggie bush on 2011,Miami Dolphins,Reggie Bush,0,0.0,0.627106654200675,23.119317999771738,False,quest_kg_llm,0
WebQTest-702,what highschool did emily osment go to,Flintridge Preparatory School,Eugene Osment,0,0.0,0.25,530.5476809999163,False,quest_kg_llm,0
WebQTest-703,what currency should i take to mexico,Mexican peso,Mexican peso,1,1.0,0.5,247.43894399989586,False,quest_kg_llm,1
WebQTest-704,who is thor heyerdahl,Ethnographer,Adventurer,1,1.0,0.5,531.6990480000641,False,quest_kg_llm,0
WebQTest-706,where did troy aikman play football,Dallas Cowboys,American football player,0,0.0,0.25,230.84186799997042,False,quest_kg_llm,0
WebQTest-707,who played cletus hogg,Jack Polick,TV Character,0,0.0,0.5,528.2521530002668,False,quest_kg_llm,0
WebQTest-708,who won fa cup 1976,Southampton F.C.,1976–77 FA Cup,0,0.0,0.5,540.1469610001186,False,quest_kg_llm,0
WebQTest-709,what did general robert e lee die from,Pneumonia,General Lee,0,0.0,0.25,536.3137479998841,False,quest_kg_llm,0
WebQTest-710,what style of art did henri matisse do,Neo-impressionism,Modern art,1,1.0,0.6273983939423422,233.47891599996728,False,quest_kg_llm,0
WebQTest-711,who plays chuck bass in gossip girl,Ed Westwick,Male,0,0.0,0.5,532.6601649999247,False,quest_kg_llm,2
WebQTest-712,what countries have territories in oceania,Wallis and Futuna,Federated States of Micronesia,1,1.0,0.25,534.8898590000317,False,quest_kg_llm,0
WebQTest-713,what county is st. louis park in,Hennepin County,Hennepin County,1,1.0,0.5510579099907031,229.90309999977399,False,quest_kg_llm,1
WebQTest-714,what is the political system of south africa,Parliamentary republic,Parliamentary republic,1,1.0,0.5,545.4522720001478,False,quest_kg_llm,1
WebQTest-716,what language group does germany belong to,Indo-European languages,Germany,0,0.0,0.6248178807398206,225.97822800025824,False,quest_kg_llm,0
WebQTest-717,what timezone is tucson arizona in right now,Mountain Time Zone,Mountain Time Zone,1,1.0,0.3121567555677215,533.8596259998667,False,quest_kg_llm,1
WebQTest-718,when was lucy lawless born,1968-03-29,"Mount Albert, New Zealand",0,0.0,0.3128440267189875,531.1676440001065,False,quest_kg_llm,0
WebQTest-719,which political party does barack obama represent,Democratic Party,m.05pv1bq,0,0.0,0.5,28.74786700022014,False,quest_kg_llm,0
WebQTest-721,what kind of leukemia did jill clayburgh have,Leukemia,B-cell chronic lymphocytic leukemia,1,1.0,0.25,229.19288699995377,False,quest_kg_llm,1
WebQTest-723,what is there to see in sydney australia,Sydney Markets,Lonely Planet: Australia,0,0.0,0.5,232.6333330001944,False,quest_kg_llm,0
WebQTest-724,where was marilyn monroe found dead,Brentwood,Place of death,0,0.0,0.25,234.50074400034282,False,quest_kg_llm,0
WebQTest-725,what states does the sierra nevada run through,Nevada,John Muir Wilderness,0,0.0,0.25,229.74149899982876,False,quest_kg_llm,0
WebQTest-726,what language is spoken in greek,Albanian language,Greek Language,1,1.0,0.9342990186204281,239.81317599964314,False,quest_kg_llm,2
WebQTest-728,what is the name of the speaker of the house of representatives now 2011,Nancy Pelosi,m.05nn2x_,0,0.0,0.25,24.105532999783463,False,quest_kg_llm,0
WebQTest-729,who plays stanley hudson,Leslie David Baker,TV Character,0,0.0,0.5,529.3629050001982,False,quest_kg_llm,0
WebQTest-730,what record label is kelly clarkson signed with,Sony Music Entertainment,RCA Records,1,1.0,0.5,539.2876270002489,False,quest_kg_llm,0
WebQTest-731,where does tim roth come from,Dulwich,United Kingdom,0,0.0,0.5,223.95602300002793,False,quest_kg_llm,0
WebQTest-733,what currency should you take to vietnam,Vietnamese dong,Vietnamese dong,1,1.0,0.75,547.9127289995631,False,quest_kg_llm,1
WebQTest-734,who did roger federer married,Mirka Federer,Robert Federer,0,0.5,0.6246101879134289,530.955504999838,False,quest_kg_llm,0
WebQTest-735,what kind of money do i need in costa rica,Costa Rican colón,Costa Rican colón,1,1.0,0.31212796230495726,244.07885499977056,False,quest_kg_llm,1
WebQTest-737,what is the name of the capital of belgium,City of Brussels,City of Brussels,1,1.0,0.25,243.8856029998533,False,quest_kg_llm,1
WebQTest-738,what kind of government does japan have now,Parliamentary system,Parliamentary system,1,1.0,0.3119053309469059,248.42216800016104,False,quest_kg_llm,4
WebQTest-739,what pieces of music did claude debussy compose,La Flûte de Pan,De rêve,1,1.0,0.3124655483083186,537.4312330000066,False,quest_kg_llm,0
WebQTest-740,who was selena gomez in barney and friends,Gianna,m.0dglnpv,0,0.0,0.25,28.209711000272364,False,quest_kg_llm,0
WebQTest-741,who plays caesar flickerman in the hunger games,Stanley Tucci,m.0v0bjc5,0,0.0,0.25,26.09599800007345,False,quest_kg_llm,0
WebQTest-742,where did the gettysburg address,Gettysburg,Gettysburg,1,1.0,0.5,225.2425349997793,False,quest_kg_llm,1
WebQTest-743,what was the name of jfk 's brothers,"Joseph P. Kennedy, Jr.",John F. Kennedy Jr.,0,0.5714285714285715,0.25,233.37854400006108,False,quest_kg_llm,0
WebQTest-744,who was tupac signed to,Death Row Records,http://www.discogs.com/artist/2Pac,0,0.0,0.25,235.5391339997368,False,quest_kg_llm,0
WebQTest-745,what was augustus caesar famous for,Politician,Julius Caesar,0,0.0,0.75,526.9177479999598,False,quest_kg_llm,0
WebQTest-747,what language does colombia,Cuiba language,Spanish Language,1,1.0,0.8335592673573456,578.1102779997127,False,quest_kg_llm,0
WebQTest-748,what is the zip code for schenectady new york,12305,New York,0,0.0,0.25,533.7056170001233,False,quest_kg_llm,0
WebQTest-749,who was president in 1988 in the united states,Ronald Reagan,President of the United States,0,0.0,0.5,24.152848000085214,False,quest_kg_llm,0
WebQTest-751,who owns google 2012,David Drummond,Google Developers,0,0.0,0.25,226.4557749999767,False,quest_kg_llm,0
WebQTest-752,what drink did john pemberton create,Coca-Cola,Pemberton Place,0,0.0,0.33339634337101076,528.7095099997714,False,quest_kg_llm,0
WebQTest-753,what position did stanley matthews play,Outside forward,Midfielder,1,1.0,0.3126543924093662,531.6366470001412,False,quest_kg_llm,2
WebQTest-755,what was bonnie prince charlie full name,Charles Edward Stuart,"Charles Edward Stuart, \""Bonnie Prince Charlie\""",0,0.6666666666666666,0.5,534.9621489999663,False,quest_kg_llm,0
WebQTest-756,who makes the voice of stewie griffin,Seth MacFarlane,Film character,0,0.0,0.5,535.0925620000453,False,quest_kg_llm,0
WebQTest-757,who is angelina jolie mom and dad,Jon Voight,Jon Voight,1,1.0,0.6207446210262327,237.63715299992327,False,quest_kg_llm,1
WebQTest-758,who is the governor of indiana 2009,Mitch Daniels,Government Office or Title,0,0.0,0.5,529.5621850000316,False,quest_kg_llm,0
WebQTest-759,who brad pitt has dated,Robin Givens,m.065q2tc,0,0.0,0.25,30.73141699996995,False,quest_kg_llm,0
WebQTest-760,what party does barack obama belong to,Democratic Party,United States of America,0,0.0,0.5,536.3520870000684,False,quest_kg_llm,0
WebQTest-761,what is san francisco zip code,94122,94109,1,1.0,0.3355032271700175,545.7739929997842,False,quest_kg_llm,0
WebQTest-762,who has stephen ireland played for,Aston Villa F.C.,Football player,0,0.0,0.5,531.0973850000664,False,quest_kg_llm,0
WebQTest-764,where did john mayer go to college,Berklee College of Music,United States of America,0,0.25,0.25,544.7462950000954,False,quest_kg_llm,0
WebQTest-765,what celebrities has brody jenner dated,Haylie Duff,m.065pvwb,0,0.0,0.25,23.3625989999382,False,quest_kg_llm,0
WebQTest-766,what is malaysian currency,Malaysian ringgit,Malaysian ringgit,1,1.0,0.5,237.09908000000723,False,quest_kg_llm,1
WebQTest-768,who owns volkswagen car company,Volkswagen Group,Volkswagen Passenger Cars,0,0.4,0.5,21.922343999904115,False,quest_kg_llm,0
WebQTest-769,which is the main train station in rome,Roma Termini railway station,Italy,0,0.0,0.31177441570218767,229.2950450000717,False,quest_kg_llm,0
WebQTest-770,what did steve mcnair died from,Ballistic trauma,Ballistic trauma,1,1.0,0.25,227.55576700001257,False,quest_kg_llm,2
WebQTest-771,who is the newly elected governor of california,Arnold Schwarzenegger,"California gubernatorial election, 2010",0,0.0,0.8253754877288125,547.9491420001068,False,quest_kg_llm,0
WebQTest-772,who plays roxanne in ghost rider,Eva Mendes,Drama,0,0.0,0.5472957737260686,530.928872000004,False,quest_kg_llm,0
WebQTest-773,where is the sony ericsson company,Minato,m.0wrhc55,0,0.0,0.25,24.075991999779944,False,quest_kg_llm,0
WebQTest-774,what kind of currency does the dominican republic have,Dominican peso,Dominican peso,1,1.0,0.5,543.5595769999964,False,quest_kg_llm,1
WebQTest-775,what to do this weekend in manchester with kids,Whitworth Art Gallery,Wild Rover Pub,0,0.0,0.5,531.3848599998892,False,quest_kg_llm,0
WebQTest-776,what sport is popular in italy,Italy national handball team,m.0p67wg3,0,0.0,0.25,38.43759199980923,False,quest_kg_llm,0
WebQTest-777,where is the main headquarters of google,Mountain View,Sergey Brin,0,0.0,0.6229139590604007,538.9372750000803,False,quest_kg_llm,0
WebQTest-778,what was jesse owens education,East Technical High School,Jesse Owens,0,0.0,0.5,24.23670799998945,False,quest_kg_llm,0
WebQTest-779,where does carlos santana live,Jalisco,Musician,0,0.0,0.25,532.0685520000552,False,quest_kg_llm,0
WebQTest-780,what is the new movie john carter about,Action Film,PG-13 (USA),0,0.0,0.25,536.5721240000312,False,quest_kg_llm,0
WebQTest-782,what countries does nafta include,United States of America,NAFTA logo,0,0.0,0.5,537.5066789997618,False,quest_kg_llm,0
WebQTest-783,what county is houston tx in,Montgomery County,Harris County,0,0.5,0.6239667282317961,231.15763899977537,False,quest_kg_llm,1
WebQTest-784,where do the seattle seahawks play,CenturyLink Field,Seattle,0,0.0,0.25,534.302979000131,False,quest_kg_llm,0
WebQTest-785,who does michael keaton play in cars,Chick Hicks,m.0gx5g6p,0,0.0,0.6250720050267929,29.6995609996884,False,quest_kg_llm,0
WebQTest-787,where is the riviera casino,Las Vegas,Las Vegas,1,1.0,0.5,527.4104669997541,False,quest_kg_llm,1
WebQTest-788,what is the holy book of the buddhist religion,Gangōji Garan Engi,Pāli Canon,1,1.0,0.25,536.4964509999481,False,quest_kg_llm,0
WebQTest-789,who became president when henry harrison died,John Tyler,John Tyler,1,1.0,0.625078649138295,233.41490800021347,False,quest_kg_llm,1
WebQTest-790,where did richard arkwright grow up,"Preston, Lancashire",England,0,0.0,0.25,531.2875859999622,False,quest_kg_llm,0
WebQTest-791,what other books did louis sachar write,Sixth Grade Secrets,Small Steps,1,1.0,0.5,534.6031039998707,False,quest_kg_llm,0
WebQTest-792,when did roth ira originate,"William V. Roth, Jr.","William V. Roth, Jr.",1,1.0,0.6666666666666666,523.9818529998956,False,quest_kg_llm,1
WebQTest-794,who does the voice for darth vader,James Earl Jones,Darth Vader,0,0.0,0.25,24.00802600004681,False,quest_kg_llm,0
WebQTest-796,what did thomas malthus do,Scientist,Scientist,1,1.0,0.25,230.14085200020418,False,quest_kg_llm,1
WebQTest-797,what is the zip code for newark california,94560,94560,1,1.0,0.33351070629980106,228.25004900005297,False,quest_kg_llm,3
WebQTest-798,what states share a border with tennessee,Georgia,Contiguous United States,0,0.0,0.5,536.1531050002668,False,quest_kg_llm,0
WebQTest-800,what war did the us lose the most soldiers,World War II,United States of America,0,0.0,0.25,48.16930600009073,False,quest_kg_llm,0
WebQTest-801,what kind of government is egypt,Semi-presidential system,Semi-presidential system,1,1.0,0.6244672308833719,244.17623600038496,False,quest_kg_llm,2
WebQTest-802,what musical instruments does justin bieber play,Vocals,Boyfriend,0,0.0,0.25,535.3293640000629,False,quest_kg_llm,0
WebQTest-805,where do john lennon die,New York City,New York City,1,1.0,0.25,232.8907999999501,False,quest_kg_llm,2
WebQTest-809,what is the current time in bangalore india,India Time Zone,India Time Zone,1,1.0,0.6235126316264202,231.8337439996867,False,quest_kg_llm,1
WebQTest-810,what language do people from greece speak,Albanian language,Greek Language,1,1.0,0.9357118422392179,242.85744600001635,False,quest_kg_llm,2
WebQTest-811,where is the phillies spring training stadium,Bright House Field,Citizens Bank Park,0,0.0,0.5,531.829800000196,False,quest_kg_llm,2
WebQTest-812,what movies does matt dallas play in,Naughty or Nice,m.0h2kydf,0,0.0,0.25,23.50662700018802,False,quest_kg_llm,0
WebQTest-813,who was john f kennedy 's family,John F. Kennedy Jr.,Kennedy family,0,0.5,0.624747040575926,532.2354220002126,False,quest_kg_llm,0
WebQTest-814,where is harley davidson corporate headquarters,Milwaukee,Arthur Davidson,0,0.0,0.25,531.7992599998433,False,quest_kg_llm,0
WebQTest-818,where was the ottoman empire based,Near East,Constantinople,0,0.0,0.5,227.4676859997271,False,quest_kg_llm,3
WebQTest-819,where was bin laden found and killed,Abbottabad,Abbottabad,1,1.0,0.3119346553972186,533.9475189998666,False,quest_kg_llm,1
WebQTest-820,what are the names of harry potter movies in order,Harry Potter and the Order of the Phoenix,Harry Potter and the Order of the Phoenix,1,1.0,0.6248670472093119,233.2852509998702,False,quest_kg_llm,1
WebQTest-821,what did pamela courson die from,Heroin overdose,Heroin overdose,1,1.0,0.25,230.4156810000677,False,quest_kg_llm,2
WebQTest-822,what did dr jack kevorkian do,Assisted suicide,Pathologist,0,0.0,0.25,227.79492199970264,False,quest_kg_llm,0
WebQTest-823,what does bolivia border,Peru,Paraguay River,0,0.6666666666666666,0.5,544.5839290000549,False,quest_kg_llm,0
WebQTest-825,who does nolan ryan play for,Houston Astros,Baseball player,0,0.0,0.25,530.9887190001064,False,quest_kg_llm,0
WebQTest-827,what country does justin bieber come from,Canada,Canada,1,1.0,0.25,537.5740190002034,False,quest_kg_llm,1
WebQTest-828,what is the head judge of the supreme court called,Chief Justice of the United States,United States circuit court,0,0.4,0.25,234.2345789998035,False,quest_kg_llm,0
WebQTest-829,who was frida kahlo influenced by,Diego Rivera,Diego Rivera,1,1.0,0.5,231.3538969997353,False,quest_kg_llm,2
WebQTest-830,where is taylor swift from,Reading,Wyomissing,0,0.0,0.25,536.514489000183,False,quest_kg_llm,0
WebQTest-831,what type of religion does argentina have,Judaism,Argentina,0,0.0,0.5,41.56475399986448,False,quest_kg_llm,0
WebQTest-832,when is the last time the giants won the world series,2014 World Series,2012 World Series,0,0.6666666666666666,0.5,540.4923860000963,False,quest_kg_llm,0
WebQTest-833,what is the main language used in china,Standard Chinese,Chinese language,0,0.5,0.25,549.7904929998185,False,quest_kg_llm,2
WebQTest-834,where did the battle of waterloo occur,Waterloo,Waterloo,1,1.0,0.5,529.6393819999139,False,quest_kg_llm,1
WebQTest-836,who did vladimir lenin marry,Nadezhda Krupskaya,"Lenin was jailed for 14 months in an open prison from where he continued to correspond with revolutionaries, engineer strikes and walk-outs, and began writing his first major work, 'The Development of Capitalism in Russia.' In February 1897, Lenin was exiled to Siberia for three years, where he was joined by his fiancŽe, Nadezhda Krupskaya, whom he married in July 1898.",0,0.0625,0.6243498864694481,630.4472540000461,False,quest_kg_llm,0
WebQTest-837,what year did the baltimore ravens win superbowl,Super Bowl XXXV,Super Bowl XLVII,1,1.0,0.3123371164470212,544.1319810001914,False,quest_kg_llm,2
WebQTest-838,what team does cristiano ronaldo play for 2011,Real Madrid C.F.,m.09jy3d3,0,0.0,0.6236020500091929,23.627791999842884,False,quest_kg_llm,0
WebQTest-841,what is money called in italy,Euro,Euro,1,1.0,0.5,540.1005039998381,False,quest_kg_llm,2
WebQTest-843,where did theodor schwann study,Humboldt University of Berlin,theodor schwann taught by johannes peter muller,0,0.0,0.6274455690977253,539.4695119998687,False,quest_kg_llm,0
WebQTest-845,who are the virginia senators 2013,Jim Webb,"United States Senate elections, 2006",0,0.0,0.25,544.6094059998359,False,quest_kg_llm,0
WebQTest-846,what was dr seuss 's real name,Theodor Seuss Geisel,Dr. Seuss Memorial,0,0.3333333333333333,0.5,538.3208600001126,False,quest_kg_llm,0
WebQTest-847,what countries are members of the security council,Vietnam,m.08__j13,0,0.0,0.25,21.916316999977425,False,quest_kg_llm,0
WebQTest-848,where are the nordic countries,Faroe Islands,Scandinavia,0,0.0,0.25,523.9944510003625,False,quest_kg_llm,0
WebQTest-849,what country sponsored ferdinand magellan,Kingdom of Portugal,Kingdom of Portugal,1,1.0,0.25,227.41066800017506,False,quest_kg_llm,1
WebQTest-850,what did vera ellen die from,Cancer,Cancer,1,1.0,0.25,532.3166419998415,False,quest_kg_llm,1
WebQTest-851,what is the capital of modern day egypt,Cairo,Cairo,1,1.0,0.25,545.9932689996094,False,quest_kg_llm,1
WebQTest-852,what province is toronto in ( 7 letters ),Ontario,Ontario,1,1.0,0.41619932951702165,536.5146780000032,False,quest_kg_llm,1
WebQTest-855,what is the currency of brazil now,Brazilian real,Brazilian real,1,1.0,0.5,546.9380570002613,False,quest_kg_llm,1
WebQTest-856,what types of art did andy warhol do,Modern art,Painting,0,0.0,0.25,232.65049000019644,False,quest_kg_llm,2
WebQTest-857,what other states border florida,Alabama,Contiguous United States,0,0.0,0.5,537.6932720000696,False,quest_kg_llm,0
WebQTest-859,what are the predominant religions in russia,Islam,Anti-Jewish pogroms in the Russian Empire,0,0.2,0.5,245.39448899986382,False,quest_kg_llm,0
WebQTest-861,who will coach carolina panthers in 2013,Ron Rivera,Ron Rivera,1,1.0,0.8316402711606817,536.0161430003245,False,quest_kg_llm,1
WebQTest-862,where did louis sachar grow up,East Meadow,United States of America,0,0.0,0.5,535.4089050001676,False,quest_kg_llm,0
WebQTest-865,what to do for fun in houston,The Galleria,Engage the crowd Houston,0,0.3333333333333333,0.25,538.9923140000974,False,quest_kg_llm,0
WebQTest-866,where did otto frank go to college,Heidelberg University,Michael Frank,0,0.0,0.25,531.6291559997808,False,quest_kg_llm,0
WebQTest-867,what else has jennifer lawrence played in,X-Men: Days of Future Past,Jennifer Lawrence,0,0.0,0.5,23.97413400012738,False,quest_kg_llm,0
WebQTest-868,who is the governor of pennsylvania state now,Tom Corbett,Harrisburg,0,0.0,0.6208043233405768,537.375935,False,quest_kg_llm,0
WebQTest-869,where is ancient phoenician,Lebanon,Lebanon,1,1.0,0.25,227.44052699999884,False,quest_kg_llm,1
WebQTest-870,where does the celtics practice,TD Garden,TD Garden,1,1.0,0.31227021110666514,530.89204600019,False,quest_kg_llm,4
WebQTest-872,where bin laden got killed,Abbottabad,Abbottabad,1,1.0,0.3120521040786924,534.6430009999494,False,quest_kg_llm,1
WebQTest-873,where does toronto get its water from,Ashbridges Bay Wastewater Treatment Plant,m.059h7z7,0,0.0,0.25,29.227150000224356,False,quest_kg_llm,0
WebQTest-874,what language do people from bosnia speak,Bosnian language,Bosnian language,1,1.0,0.5,545.6529950001823,False,quest_kg_llm,1
WebQTest-875,where did hugo chavez go to school,Bolivarian Military University of Venezuela,m.0467s06,0,0.0,0.25,26.394580000214773,False,quest_kg_llm,0
WebQTest-876,who does japan import from,Sudan,Japan,0,0.0,0.25,40.7854119998774,False,quest_kg_llm,0
WebQTest-877,what is the name of sonia gandhi daughter,Priyanka Gandhi,Freedom's Daughter,0,0.0,0.5,535.2755809999508,False,quest_kg_llm,0
WebQTest-878,who do islamic people pray to,Ramdev Pir,Abdullah ibn Abdul-Muttalib,0,0.0,0.25,535.9615359998315,False,quest_kg_llm,0
WebQTest-879,where was mary todd lincoln from,Lexington,United States of America,0,0.0,0.25,231.31667400002698,False,quest_kg_llm,0
WebQTest-880,where did charles darwin die,Down House,Down House,1,1.0,0.31239892788842905,237.39793999993708,False,quest_kg_llm,2
WebQTest-881,what movies does nick cannon play in,Garfield: The Movie,m.02tbk6p,0,0.0,0.25,25.76867499965374,False,quest_kg_llm,0
WebQTest-882,when did the big earthquake hit san francisco,1906-04-18,San Francisco,0,0.0,0.3333374381570832,528.8709540000127,False,quest_kg_llm,0
WebQTest-883,who was king george vi married to,Queen Elizabeth The Queen Mother,Elizabeth II,0,0.28571428571428575,0.5,532.4278910002249,False,quest_kg_llm,0
WebQTest-884,where was jesus after he died on the cross,Judea,"The word Christianity is already a misunderstanding -- in reality there has been only one Christian, and he died on the Cross.",0,0.0,0.25,542.0128499999919,False,quest_kg_llm,0
WebQTest-885,who is sir james dyson,Designer,United Kingdom,0,0.0,0.25,226.49668000030942,False,quest_kg_llm,0
WebQTest-886,who voiced darth vader in the original star wars movies,James Earl Jones,Darth Vader,0,0.0,0.25,23.85480800012374,False,quest_kg_llm,0
WebQTest-887,what high school did maya angelou go to,George Washington High School,Maya Angelou,0,0.0,0.5,26.176063000093563,False,quest_kg_llm,0
WebQTest-888,what 5 countries border switzerland,France,Europe,0,0.0,0.8314667792628769,540.9070360001351,False,quest_kg_llm,0
WebQTest-889,what country did benito mussolini govern,Italy,Fascism; doctrine and institutions,0,0.0,0.25,532.6086250001936,False,quest_kg_llm,0
WebQTest-891,who was the leader of the first communist party of china,Mao Zedong,Socialism with Chinese characteristics,0,0.0,0.25,233.70795099981478,False,quest_kg_llm,0
WebQTest-892,what did miles davis died of,Stroke,Respiratory failure,1,1.0,0.25,534.822302000066,False,quest_kg_llm,2
WebQTest-893,what is the zip code for azle texas,76098,Area codes 682 and 817,0,0.0,0.25,533.4848970001076,False,quest_kg_llm,0
WebQTest-894,what date did sally pearson won gold,The London 2012 Summer Olympics,Sally Pearson,0,0.0,0.5,22.139253000204917,False,quest_kg_llm,0
WebQTest-895,when did the detroit pistons last win the championship,2004 NBA Finals,2004 NBA Finals,1,1.0,0.8311268273699146,231.31551000005857,False,quest_kg_llm,1
WebQTest-896,when did the philadelphia flyers win the cup,1974 Stanley Cup Finals,1975 Stanley Cup Finals,1,1.0,0.25,229.05342500007464,False,quest_kg_llm,2
WebQTest-898,what county is st paul nc in,Robeson County,Robeson County,1,1.0,0.5415461048276584,225.2887820000069,False,quest_kg_llm,1
WebQTest-899,where is olympic national park wa,Jefferson County,Washington,1,1.0,0.3370345012217112,533.7052259997108,False,quest_kg_llm,0
WebQTest-900,where did nat turner 1831 rebellion occur,Southampton County,Event,0,0.0,0.31279333654959535,528.7087879996761,False,quest_kg_llm,0
WebQTest-901,who would play luke skywalker,Mark Hamill,Luke Skywalker,0,0.0,0.6258027409655397,23.758224999710365,False,quest_kg_llm,0
WebQTest-903,where turkish people originate,Bulgaria,Meskhetian Turks,0,0.0,0.25,530.4278170001453,False,quest_kg_llm,0
WebQTest-904,what state is barack obama from,Hawaii,United States of America,0,0.0,0.25,234.717425999861,False,quest_kg_llm,0
WebQTest-905,what years did joe montana win super bowl,1982-01-24,American football player,0,0.0,0.6209097935091177,530.3699230003076,False,quest_kg_llm,0
WebQTest-908,what awards gary paulsen won,Margaret Edwards Award,m.0g1072c,0,0.0,0.25,26.830744999642775,False,quest_kg_llm,0
WebQTest-910,where did alexander graham bell die,"Beinn Bhreagh, Nova Scotia",United States of America,0,0.0,0.5,529.7600949998014,False,quest_kg_llm,0
WebQTest-911,what year did the golden state warriors win their first nba championship,1975 NBA Finals,1975 NBA Finals,1,1.0,0.5,229.95565099972737,False,quest_kg_llm,1
WebQTest-912,what currency should i take to turkey,Turkish lira,Revaluation of the Turkish Lira,0,0.5714285714285715,0.5998905130313076,546.7382309998357,False,quest_kg_llm,2
WebQTest-914,what countries are in the uk yahoo,Wales,Europe,0,0.0,0.8298582393789162,545.0349949996962,False,quest_kg_llm,0
WebQTest-915,what superbowl did the baltimore ravens win,Super Bowl XXXV,Super Bowl XLVII,1,1.0,0.31246058814968336,241.13346500007538,False,quest_kg_llm,2
WebQTest-916,what is the language of russia s spoken,Erzya Language,Russian Language,1,1.0,0.25,548.5912419999295,False,quest_kg_llm,0
WebQTest-918,who is the king of cambodia now,Norodom Sihamoni,Sisowath Monivong,0,0.0,0.25,546.9221749999633,False,quest_kg_llm,0
WebQTest-919,who are serena williams parents,Oracene Price,Richard Williams,1,1.0,0.5,534.3498440001895,False,quest_kg_llm,3
WebQTest-920,what schools did sir isaac newton go to,"Trinity College, Cambridge",Roger Cotes,0,0.0,0.25,236.90078900017397,False,quest_kg_llm,0
WebQTest-921,what was the cause of death for huell howser,Prostate cancer,Prostate cancer,1,1.0,0.25,535.6982969997262,False,quest_kg_llm,2
WebQTest-922,what books are written by suzanne collins,Gregor the Overlander,The Underland Chronicles Book Three,1,1.0,0.25,535.5589999999211,False,quest_kg_llm,0
WebQTest-923,what countries does england border,Wales,Constituent country,0,0.0,0.25,550.4133949998504,False,quest_kg_llm,0
WebQTest-924,what team did messi play for in 2010,FC Barcelona,m.08d6w43,0,0.0,0.6190060651533114,24.72258599982524,False,quest_kg_llm,0
WebQTest-925,what time zone is greensburg indiana,Eastern Time Zone,Eastern Time Zone,1,1.0,0.25,528.6819559996729,False,quest_kg_llm,1
WebQTest-927,who plays voldemort,Richard Bremmer,Lord Voldemort,0,0.0,0.25,24.795824000193534,False,quest_kg_llm,0
WebQTest-928,what colleges did harper lee attend,University of Alabama,m.0lwxmyl,0,0.0,0.25,23.953762000019196,False,quest_kg_llm,0
WebQTest-929,who founded the kkk,James R. Crowe,John B. Kennedy,1,1.0,0.25,531.9897559998026,False,quest_kg_llm,0
WebQTest-931,what jobs did john adams have before he was president,United States Ambassador to the United Kingdom,George Washington,0,0.0,0.6247762803069913,537.1848429999773,False,quest_kg_llm,0
WebQTest-932,what year did super mario bros 2 come out,1988-10,Nintendo Entertainment System,0,0.0,0.31287287448586726,534.9562649998916,False,quest_kg_llm,0
WebQTest-933,what political party did andrew johnson belong to,National Union Party,Andrew Johnson,0,0.0,0.8327338211891315,26.550871999916126,False,quest_kg_llm,0
WebQTest-935,where was osama bin laden killed,Abbottabad,Abbottabad,1,1.0,0.25,531.0975369998232,False,quest_kg_llm,1
WebQTest-936,where were greek temples built,Shahhat,Erechtheion,0,0.0,0.8350984234623123,531.5647940001327,False,quest_kg_llm,0
WebQTest-937,where are people who speak arabic from,Jordan,"Arabic, North Levantine Spoken Language",0,0.0,0.25,540.9756449998895,False,quest_kg_llm,0
WebQTest-938,who was queen elizabeth ii mom,Queen Elizabeth The Queen Mother,Queen Elizabeth The Queen Mother,1,1.0,0.75,534.0186799999174,False,quest_kg_llm,1
WebQTest-939,what type of art did pablo picasso paint,Picasso's African Period,Painting,0,0.0,0.31244898782583874,539.8648420000427,False,quest_kg_llm,0
WebQTest-941,what is ella fitzgerald parents name,William Fitzgerald,William Fitzgerald,1,1.0,0.3126540587006081,230.93096399998103,False,quest_kg_llm,1
WebQTest-942,who is anne hathaway parents,Gerald Hathaway,Kate McCauley Hathaway,1,1.0,0.25,230.7224640003369,False,quest_kg_llm,2
WebQTest-943,who does don draper gets engaged to,Betty Draper,m.01283f57,0,0.0,0.6251183189778327,22.62460000019928,False,quest_kg_llm,0
WebQTest-944,what was van halen first album,Ain't Talkin' 'Bout Love,Studio Albums 1978-1984,0,0.0,0.4204464738924246,537.4843400004465,False,quest_kg_llm,0
WebQTest-945,what political system did spain have,Monarchy,Parliamentary system,1,1.0,0.5,545.2417149999746,False,quest_kg_llm,0
WebQTest-948,what are the supreme court cases,League of United Latin American Citizens v. Perry,United States of America,0,0.5454545454545454,0.25,536.9581280001512,False,quest_kg_llm,0
WebQTest-949,what is penn state 's main campus,University Park,Penn State University Creamery,0,0.3333333333333333,0.5977927008772396,534.486010999899,False,quest_kg_llm,0
WebQTest-952,what country does alaska belong to,United States of America,United States of America,1,1.0,1.0,232.12324399992212,False,quest_kg_llm,1
WebQTest-953,where is kansas city,Platte County,m.063s3fj,0,0.0,0.25,27.459845000066707,False,quest_kg_llm,0
WebQTest-954,what was pink floyd 's first album,Psychedelic Session-compilation album,Animals,0,0.0,0.5,533.4805120000965,False,quest_kg_llm,0
WebQTest-955,who did granville t. woods married,Loretta Woods,Inventor,0,0.0,0.5,533.4642080001686,False,quest_kg_llm,0
WebQTest-957,what language did the sioux indians speak,Sioux language,English Language,1,1.0,0.25,229.5168549999289,False,quest_kg_llm,3
WebQTest-958,what are some famous people from el salvador,Mario Wilfredo Contreras,Roberto Lopez,0,0.5,0.25,239.58436699967933,False,quest_kg_llm,0
WebQTest-959,who did brett gardner play for in 2008,New York Yankees,Baseball player,0,0.0,0.31256444504220054,530.4494540000633,False,quest_kg_llm,0
WebQTest-960,who plays dwight in the office,Rainn Wilson,The Office - Season 9,0,0.0,0.3120581531465055,531.9239980003658,False,quest_kg_llm,0
WebQTest-962,what county is san diego ca,San Diego County,San Diego County,1,1.0,0.7278012743686597,534.7860510000828,False,quest_kg_llm,1
WebQTest-963,who is the miami dolphins quarterback,Ryan Tannehill,Miami metropolitan area,0,0.0,0.4167670696317703,546.0032830001182,False,quest_kg_llm,0
WebQTest-965,where did anne frank go to school,Montessori Lyceum Amsterdam,Anne Frank,0,0.0,0.5,26.768911999624834,False,quest_kg_llm,0
WebQTest-966,what basketball player is married to monica,Shannon Brown,Monica,0,0.0,0.5,27.177789000234043,False,quest_kg_llm,0
WebQTest-967,what did hitler use to kill himself,Ballistic trauma,"On 29 April, having finally accepted the inevitability of defeat, Hitler married his long-term mistress Eva Braun and dictated his final political testament, appointed Admiral Donitz as head of state and Goebbels as chancellor, and concluded, \""Above all, I charge the leaders of the nation and those under them to scrupulous observance of the laws of race and to merciless opposition to the universal poisoner of all peoples, international Jewry.\"" The following day, Hitler committed suicide with his wife and, in accordance with his instructions, their bodies were carried into the garden of the Reich Chancellery by aides, covered with petrol and burned (as documented by, for example, Trevor-Roper's^:  'The Last Days of Hitler', 1947).",0,0.01680672268907563,0.6237793167828241,653.5585189999438,False,quest_kg_llm,0
WebQTest-968,what do people speak in germany,Low German,Low German,1,1.0,0.6225289909129071,549.448332999873,False,quest_kg_llm,1
WebQTest-969,when is the last time the denver broncos won the superbowl,Super Bowl XXXIII,2014 AFC Championship Game,0,0.0,0.25,537.182477999977,False,quest_kg_llm,2
WebQTest-970,where was caesar when he was stabbed,Theatre of Pompey,Stabbing,0,0.0,0.6242933682458087,536.4635720002298,False,quest_kg_llm,0
WebQTest-971,what style of music did bessie smith perform,Blues,Great Original Performances: 1925-1933,0,0.0,0.25,234.34257000008074,False,quest_kg_llm,2
WebQTest-972,what team did jackie robinson,Los Angeles Bulldogs,Jackie Robinson,0,0.0,0.25,23.63230399987515,False,quest_kg_llm,0
WebQTest-973,what time zone is chicago in right now,Central Time Zone,Central Time Zone,1,1.0,0.41527218178561465,230.75033899976916,False,quest_kg_llm,1
WebQTest-975,who was the vice president under ronald reagan,George H. W. Bush,George H. W. Bush,1,1.0,0.8332206192371348,237.38742900013676,False,quest_kg_llm,1
WebQTest-976,where do the chicago white sox play home games,Comiskey Park,Chicago,0,0.0,0.5,530.7602249999945,False,quest_kg_llm,0
WebQTest-977,what part did jeff conaway play in grease,Kenickie Murdoch,Grease: The Musical,0,0.0,0.3146078502188406,535.7688239996605,False,quest_kg_llm,0
WebQTest-978,what book did benjamin franklin published,The Drinker's Dictionary,"Autobiography, Poor Richard, and later writings",1,1.0,0.25,544.0806840001642,False,quest_kg_llm,0
WebQTest-979,what currency to take to barbados,Barbadian dollar,Barbadian dollar,1,1.0,0.5,542.5016969998069,False,quest_kg_llm,1
WebQTest-980,where did they get the name stanley cup,"Frederick Stanley, 16th Earl of Derby","Frederick Stanley, 16th Earl of Derby",1,1.0,0.5,532.4106620000748,False,quest_kg_llm,2
WebQTest-982,what is the zip code of syracuse ny,13220,Area code 315,0,0.0,0.25,540.223511000022,False,quest_kg_llm,0
WebQTest-983,where did tennessee williams go to college,University of Missouri,United States of America,0,0.28571428571428575,0.25,532.9234820001147,False,quest_kg_llm,0
WebQTest-984,what is the name of airport in new york,John F. Kennedy International Airport,Newark Liberty International Airport,0,0.4444444444444445,0.25,235.85237899987987,False,quest_kg_llm,3
WebQTest-985,who was queen victoria 's husband,"Albert, Prince Consort",Female,0,0.0,0.3122338748846914,533.4765480001806,False,quest_kg_llm,0
WebQTest-986,where did benjamin franklin work,United States Postal Service,"The Devious Dr. Franklin, Colonial Agent: Benjamin Franklin's Years in London",0,0.25,0.25,541.6628849998233,False,quest_kg_llm,0
WebQTest-987,what does barbara bush do for work,First Lady,Barbara Bush: A Memoir,0,0.0,0.25,233.8505869997789,False,quest_kg_llm,0
WebQTest-988,who is jacob latimore,Actor,Actor,1,1.0,0.31310124285249646,529.555776000052,False,quest_kg_llm,1
WebQTest-989,what happened to dunkirk during ww2,Siege of Dunkirk,Battle of the Dunes,0,0.5714285714285715,0.5,529.5245939996676,False,quest_kg_llm,0
WebQTest-990,what was scottie pippen good at,Basketball,Basketball player,0,0.6666666666666666,0.25,228.64425400030086,False,quest_kg_llm,0
WebQTest-991,who played donna on west wing,Janel Moloney,The West Wing Universe,0,0.0,0.5,531.8847250000545,False,quest_kg_llm,0
WebQTest-993,who played meg in season 1 of family guy,Lacey Chabert,Family Guy Universe,0,0.0,0.6229494200239643,532.1421629996621,False,quest_kg_llm,0
WebQTest-994,when was the last time the dallas cowboys won the superbowl,Super Bowl XXX,Super Bowl XXVIII,0,0.6666666666666666,0.31226507271925863,541.5627000002132,False,quest_kg_llm,0
WebQTest-996,where do ireland play rugby union,Aviva Stadium,Rugby union,0,0.0,0.25,533.0573329997605,False,quest_kg_llm,0
WebQTest-997,who killed lee harvey oswald shot,Jack Ruby,"Two days later, as he was being transferred to the Dallas county jail, he was shot in the stomach by Jack Ruby, a nightclub owner, who had been in the crowd.",0,0.12121212121212122,0.31269170351637265,544.9918700001035,False,quest_kg_llm,0
WebQTest-998,when was the last time knicks won the championship,1973 NBA Finals,1973 NBA Finals,1,1.0,0.4151812260524494,539.250366000033,False,quest_kg_llm,1
WebQTest-999,when did celtics win the championship,1968 NBA Finals,1966 NBA Finals,1,1.0,0.25,539.5615440002075,False,quest_kg_llm,0
WebQTest-1000,what countries included in oceania,Vanuatu,U.S. Affiliated Pacific Islands,0,0.28571428571428575,0.25,231.80728299985276,False,quest_kg_llm,0
WebQTest-1001,what country is nicki minaj from,United States of America,United States of America,1,1.0,0.25,235.0322900001629,False,quest_kg_llm,1
WebQTest-1002,who played harry potter dumbledore actor,Toby Regbo,m.02tb7yy,0,0.0,0.25,26.009652000084316,False,quest_kg_llm,0
WebQTest-1003,who was the prime minister of pakistan in 1999,Nawaz Sharif,Prime Minister of Pakistan,0,0.0,0.5,21.62241600035486,False,quest_kg_llm,0
WebQTest-1004,what movies did christopher plummer play in,The Night of the Generals,m.06mddwk,0,0.0,0.41721688158250037,22.834762999991653,False,quest_kg_llm,0
WebQTest-1005,what is capital city of morocco,Rabat,Rabat,1,1.0,0.25,238.3679800000209,False,quest_kg_llm,3
WebQTest-1006,what movies is omar epps in,Major League II,m.04hv85f,0,0.0,0.25,23.92539199991006,False,quest_kg_llm,0
WebQTest-1007,what district does nancy pelosi represent,California’s 8th congressional district,Politician,0,0.0,0.3125566273707767,528.401882000253,False,quest_kg_llm,0
WebQTest-1008,where is walton indiana,Indiana,Indiana,1,1.0,0.539821265084673,223.91320600036124,False,quest_kg_llm,1
WebQTest-1009,where did george herbert walker bush go to college,University Yale,Davenport College,0,0.0,0.8174905836457129,234.26835700001902,False,quest_kg_llm,0
WebQTest-1010,what did bruce jenner win gold medal for,Athletics at the 1976 Summer Olympics - Men's Decathlon,Bruce Jenner's Guide to the Olympics,0,0.375,0.6231724840276205,535.3087700000287,False,quest_kg_llm,0
WebQTest-1011,where do they speak tibetan,Tibet,China,1,1.0,0.6249105793802772,530.2427239998906,False,quest_kg_llm,0
WebQTest-1012,what to do in hollywood ca this weekend,TCL Chinese Theatre,2013 HollyShorts Film Festival,0,0.0,0.25,541.804761000094,False,quest_kg_llm,0
WebQTest-1014,where did kim kardashian come from,Los Angeles,White American,0,0.0,0.25,532.4850510000942,False,quest_kg_llm,0
WebQTest-1015,what town did justin bieber grew up in,Stratford,London,0,0.0,0.25,535.5198760003077,False,quest_kg_llm,0
WebQTest-1017,who plays charlie in the santa clause movies,Eric Lloyd,m.0dltr3p,0,0.0,0.25,28.230801000063366,False,quest_kg_llm,0
WebQTest-1020,what highschool did r. kelly attend,Kenwood Academy,R. Kelly,0,0.0,0.5,33.05376599973897,False,quest_kg_llm,0
WebQTest-1021,what happened at benghazi,2013 Benghazi conflict,2012 Benghazi attack,1,1.0,0.5,538.4982479999962,False,quest_kg_llm,0
WebQTest-1022,what country is nike based in,United States of America,"Nike, Stanford Shopping Center",0,0.0,0.25,529.1179450000527,False,quest_kg_llm,0
WebQTest-1024,what kind of money do i bring to mexico,Mexican peso,Mexican peso,1,1.0,0.5,243.64884799979336,False,quest_kg_llm,1
WebQTest-1025,who did steve spurrier play pro football for,San Francisco 49ers,m.0hpcpht,0,0.0,0.31260487075368365,22.318557999824407,False,quest_kg_llm,0
WebQTest-1027,where do the blackhawks play,United Center,United Center,1,1.0,0.3126472649002372,527.6744489997327,False,quest_kg_llm,3
WebQTest-1028,who plays john connor,Christian Bale,John Connor,0,0.0,0.25,22.148535999804153,False,quest_kg_llm,0
WebQTest-1029,what is the main language spoken in mexico,"Tlapanec, Azoyú Language",Texistepec language,1,1.0,0.5,246.94438999995327,False,quest_kg_llm,0
WebQTest-1030,what are italians classified as,Latin European peoples,Europeans,1,1.0,0.624779813732164,525.1835460003349,False,quest_kg_llm,3
WebQTest-1031,what has angelina jolie accomplished,Voice Actor,Model,1,1.0,0.6229939855304968,534.352888000285,False,quest_kg_llm,0
WebQTest-1032,who played captain kirk in star trek movie,William Shatner,m.012vszbf,0,0.0,0.25,22.715604000040912,False,quest_kg_llm,0
WebQTest-1033,who played dana scully in x files,Gillian Anderson,Dana Scully,0,0.0,0.25,21.775832000002993,False,quest_kg_llm,0
WebQTest-1035,what was f. scott fitzgerald,Writer,United States of America,0,0.0,0.41857022524781606,233.6810710003192,False,quest_kg_llm,0
WebQTest-1036,what is the dominant language spoken in jamaica,Jamaican English,Jamaican Creole English Language,0,0.6666666666666666,0.8313540124360468,543.3004800001981,False,quest_kg_llm,1
WebQTest-1037,who is the coach for the new york knicks,Derek Fisher,Derek Fisher,1,1.0,0.8343449770631506,228.36674299969673,False,quest_kg_llm,1
WebQTest-1038,who was wesley snipes,Actor,African American,0,0.0,0.5,532.218556999851,False,quest_kg_llm,0
WebQTest-1039,where does sherrod brown live,Avon,United States of America,0,0.0,0.25,529.3717720001041,False,quest_kg_llm,0
WebQTest-1040,what kind of language does colombia speak,Cuiba language,Spanish Language,1,1.0,0.8322174851397209,544.4300359999943,False,quest_kg_llm,0
WebQTest-1041,what currency does england use now,Pound sterling,Pound sterling,1,1.0,1.0,283.5703690002447,False,quest_kg_llm,1
WebQTest-1042,who was the original voice of meg griffin on family guy,Lacey Chabert,TV Character,0,0.0,0.41565747545997134,529.4989550002356,False,quest_kg_llm,0
WebQTest-1043,what kind of government is mali,Semi-presidential system,Semi-presidential system,1,1.0,0.5,547.450967000259,False,quest_kg_llm,1
WebQTest-1044,who did cristiano ronaldo play for in 2010,Real Madrid C.F.,Football player,0,0.3333333333333333,0.25,530.76296800009,False,quest_kg_llm,0
WebQTest-1045,what is the zip code for morgantown wv,26504,West Virginia,0,0.0,0.25,239.35953799991694,False,quest_kg_llm,0
WebQTest-1046,what is jacksonville fl timezone,Eastern Time Zone,Eastern Time Zone,1,1.0,0.3124917331541885,531.7156979999709,False,quest_kg_llm,1
WebQTest-1047,who does amy stiller play in dodgeball,Keno Waitress,Ben Stiller,0,0.0,0.45448145396917655,534.7532129999308,False,quest_kg_llm,0
WebQTest-1048,who were king henry vii children,"Arthur, Prince of Wales",Henry VIII of England,1,1.0,0.25,233.1393190002018,False,quest_kg_llm,0
WebQTest-1050,who does mila kunis play on family guy,Meg Griffin,Family Guy Presents: Stewie Griffin: The Untold Story,0,0.2,0.25,534.0177250000124,False,quest_kg_llm,0
WebQTest-1051,when did the san francisco earthquake occur,1906-04-18,San Francisco,0,0.0,0.33366513830475497,531.1262509999324,False,quest_kg_llm,0
WebQTest-1052,who played damien in the omen 2006,Seamus Davey-Fitzpatrick,Damien: Omen II,0,0.0,0.75,533.8297109997256,False,quest_kg_llm,0
WebQTest-1054,who played denver in four christmases,Jon Favreau filmography,Seth Gordon,0,0.0,0.6391948425226407,535.5594840002595,False,quest_kg_llm,0
WebQTest-1055,what to do with kids in essex,Cudmore Grove Country Park,England,0,0.0,0.25,534.3251809999856,False,quest_kg_llm,0
WebQTest-1056,who did the cleveland cavaliers draft,Dion Waiters,m.0k14kmj,0,0.0,0.5,23.243630999786546,False,quest_kg_llm,0
WebQTest-1057,what concentration camp did anne frank died in,Bergen-Belsen concentration camp,Bergen-Belsen concentration camp,1,1.0,0.5994899833576497,229.05135199971483,False,quest_kg_llm,1
WebQTest-1059,what language does east timor speak,Tukudede Language,Portuguese Language,1,1.0,0.6244636600800739,534.3461799998295,False,quest_kg_llm,0
WebQTest-1060,what is the currency in italy,Euro,Euro,1,1.0,0.5,540.4793369998515,False,quest_kg_llm,1
WebQTest-1061,where does greek language come from,Attic Group,Hellenic languages,0,0.0,0.5,532.7032649997818,False,quest_kg_llm,0
WebQTest-1062,what is the name of the currency used in italy,Euro,Euro,1,1.0,0.5,540.8199839998815,False,quest_kg_llm,2
WebQTest-1063,where is audrey hepburn from,Ixelles,United Kingdom,0,0.0,0.25,228.4607789997608,False,quest_kg_llm,0
WebQTest-1065,who does darth vaders voice,James Earl Jones,Darth Vader,0,0.0,0.25,23.438432999682846,False,quest_kg_llm,0
WebQTest-1067,what school did douglas macarthur go to,TMI — The Episcopal School of Texas,Douglas MacArthur High School,0,0.18181818181818182,0.25,531.593864000115,False,quest_kg_llm,0
WebQTest-1068,what famous people are from barbados,Shawn Terry Cox,Rihanna,0,0.0,0.25,239.65321300011055,False,quest_kg_llm,0
WebQTest-1069,what is the name of the currency used in china,Renminbi,Renminbi,1,1.0,0.5,243.31584000037765,False,quest_kg_llm,3
WebQTest-1070,what are the names of michael jackson 's 3 children,"Michael Joseph Jackson, Jr.",Katherine Jackson,0,0.6666666666666666,0.4150033929369458,545.331126000292,False,quest_kg_llm,3
WebQTest-1072,who is the current governor of arizona 2010,Jan Brewer,"Arizona Republican primary, 2012",0,0.0,0.5,537.4367299996266,False,quest_kg_llm,0
WebQTest-1074,who is lamar odom playing for this year,Saski Baskonia,Basketball player,0,0.0,0.4180684223663898,529.4459939996159,False,quest_kg_llm,0
WebQTest-1075,where were the great pyramids of giza built,Giza Plateau,Egypt,0,0.0,0.31288855688755557,232.383070999731,False,quest_kg_llm,0
WebQTest-1077,what language do the russian speak,Erzya Language,Russian Language,1,1.0,0.8258516748287248,545.4878509999617,False,quest_kg_llm,0
WebQTest-1078,what language do australia people speak,Esperanto Language,English Language,1,1.0,0.5,245.57319799987454,False,quest_kg_llm,1
WebQTest-1079,what country was king tut 's tomb found,Egypt,Tutankhamun,0,0.0,0.5,531.9319430000178,False,quest_kg_llm,0
WebQTest-1080,where did abraham and his descendants live,Canaan,Mesopotamia,1,1.0,0.6241511368781787,532.6221509999414,False,quest_kg_llm,0
WebQTest-1081,where did george washington carver go to collage,Simpson College,m.0ztr7gg,0,0.0,0.3126841421505176,22.91429699971559,False,quest_kg_llm,0
WebQTest-1082,what are the sports in spain,CB 1939 Canarias,m.0y56wj1,0,0.0,0.25,40.0098860000071,False,quest_kg_llm,0
WebQTest-1083,where president obama was born,Honolulu,United States of America,0,0.0,0.6244419485398306,547.5076849998004,False,quest_kg_llm,0
WebQTest-1084,what sports do people play in poland,Turów Zgorzelec,Poland men's national volleyball team,1,1.0,0.3120696769805062,551.2794730002497,False,quest_kg_llm,0
WebQTest-1085,who was demi lovato dating,Cody Linley,m.064cvl8,0,0.0,0.25,28.30056400034664,False,quest_kg_llm,0
WebQTest-1087,what films has scarlett johansson been in,Ghost World,The Whale,0,0.5,0.25,533.6084649998156,False,quest_kg_llm,0
WebQTest-1088,who originally voiced meg on family guy,Lacey Chabert,m.02ntr29,0,0.0,0.25,24.711427000056574,False,quest_kg_llm,0
WebQTest-1089,who played amy squirrel in bad teacher,Lucy Punch,Amy McIntyre Britt,0,0.0,0.25,530.046355000195,False,quest_kg_llm,0
WebQTest-1090,where are boeing headquarters,Chicago,Seattle,0,0.0,0.25,528.1651350001084,False,quest_kg_llm,0
WebQTest-1091,what type of religions are in the united states,Hinduism,m.03q1lwt,0,0.0,0.25,48.14851000037379,False,quest_kg_llm,0
WebQTest-1092,who did viggo mortensen play in lord of the rings,Aragorn,m.0h4rhn3,0,0.0,0.25,43.45832999979393,False,quest_kg_llm,0
WebQTest-1094,who was isaac newton and what did he do,Chemist,Scientist,1,1.0,0.25,543.0930699999408,False,quest_kg_llm,0
WebQTest-1095,who did william shakespeare marry,Anne Hathaway,Shakespeare's Wife,0,0.0,0.5,533.1420130000879,False,quest_kg_llm,0
WebQTest-1096,what movies queen latifah is in,We Are Family,m.0k3fpfv,0,0.0,0.25,28.34850199997163,False,quest_kg_llm,0
WebQTest-1097,where did michelle obama graduated from,Princeton University,United States of America,0,0.0,0.25,528.6696620000839,False,quest_kg_llm,0
WebQTest-1098,what kind of music did franz liszt compose,Romantic music,Hungarian Rhapsody No. 1,0,0.0,0.25,236.74246000018684,False,quest_kg_llm,0
WebQTest-1099,what country does david luiz play for,Brazil national football team,Brazil,0,0.4,0.25,223.21465199956947,False,quest_kg_llm,0
WebQTest-1100,what document did thomas jefferson wrote,The Literary Bible of Thomas Jefferson,"The Papers of Thomas Jefferson, Volume 22: 6 August to 31 December 1791",1,1.0,0.41627851593895165,544.3822049996925,False,quest_kg_llm,0
WebQTest-1101,who is martin luther king jr facts,Writer,m.0clsbkq,0,0.0,0.4168758293016986,27.066742999977578,False,quest_kg_llm,0
WebQTest-1102,where is victoria british columbia,British Columbia,British Columbia,1,1.0,0.5,222.71253100007016,False,quest_kg_llm,1
WebQTest-1103,how many mary mary sisters,Tina Campbell,Incredible,0,0.0,0.25,526.7761119998795,False,quest_kg_llm,0
WebQTest-1104,what do we call the currency of france,CFP franc,Euro,1,1.0,0.5,542.1978379999928,False,quest_kg_llm,0
WebQTest-1106,what team does david beckham play for in 2012,LA Galaxy,m.07m4bqp,0,0.0,0.6234952173513961,23.903135000182374,False,quest_kg_llm,0
WebQTest-1107,what movies did nick cannon star in,Garfield: The Movie,m.02tbk6p,0,0.0,0.25,24.943749999692955,False,quest_kg_llm,0
WebQTest-1108,what radio station is npr on in nyc,WNYC,m.010gb2ws,0,0.0,0.25,22.68180000010034,False,quest_kg_llm,0
WebQTest-1109,who did tom landry play for,New York Yankees,American football player,0,0.3333333333333333,0.3338902523928304,527.0548400003463,False,quest_kg_llm,0
WebQTest-1110,where was john jay born,New York City,United States of America,0,0.0,0.6253303182470169,529.0372340000431,False,quest_kg_llm,0
WebQTest-1111,where is mount fuji located,Japan,Japan,1,1.0,0.25,229.1242589999456,False,quest_kg_llm,1
WebQTest-1113,where was toussaint l'ouverture born,Saint-Domingue,Saint-Domingue,1,1.0,0.41550006613421736,229.84460600036982,False,quest_kg_llm,3
WebQTest-1114,what countries makes up the uk,Wales,Europe,0,0.0,0.8313814814926582,545.0905080001576,False,quest_kg_llm,0
WebQTest-1115,what is lawton ok zip code,73507,Area code 580,0,0.0,0.5962223155862214,531.5975709995655,False,quest_kg_llm,0
WebQTest-1116,what is the capital city of spain wiki answers,Madrid,Madrid,1,1.0,0.25,242.6569140002357,False,quest_kg_llm,2
WebQTest-1117,where do they speak german,Second Polish Republic,Germany,1,1.0,0.6263134801604419,526.3039450001088,False,quest_kg_llm,0
WebQTest-1118,when did mark mcgwire retired,2001 Major League Baseball Season,Coach,0,0.0,0.25,528.901240000323,False,quest_kg_llm,0
WebQTest-1119,what is colorado technical university,College/University,m.0h6zgcf,0,0.0,0.25,24.214440999912767,False,quest_kg_llm,0
WebQTest-1120,what was the currency used in france before the euro,French franc,French franc,1,1.0,0.5,239.94353999978557,False,quest_kg_llm,1
WebQTest-1121,what is kentucky state slogan,"United we stand, divided we fall",Frankfort,0,0.0,0.6184171948868683,535.3435440001704,False,quest_kg_llm,0
WebQTest-1124,who played samantha stephens in bewitched,Elizabeth Montgomery,m.0wz4gmh,0,0.0,0.25,24.443308000172692,False,quest_kg_llm,0
WebQTest-1125,what area of science did sir isaac newton study,Chemist,Mathematics,0,0.0,0.6248518615678574,232.09324800018294,False,quest_kg_llm,0
WebQTest-1126,what county is san diego in,San Diego County,San Diego County,1,1.0,0.7278335283243982,532.6598660003583,False,quest_kg_llm,1
WebQTest-1127,which country in north america is divided into provinces,Canada,Americas,0,0.0,0.31193287246130863,538.133796999773,False,quest_kg_llm,0
WebQTest-1130,what is real name of santa claus,Saint Nicholas,m.0w9vj7k,0,0.0,0.25,24.42637600006492,False,quest_kg_llm,0
WebQTest-1131,when did kelly slater go pro,1990,United States of America,0,0.0,0.5,529.0042779997748,False,quest_kg_llm,0
WebQTest-1132,what did coretta scott king died from,Respiratory failure,Respiratory failure,1,1.0,0.25,533.038201999716,False,quest_kg_llm,1
WebQTest-1133,what does wh smith stand for,WHSmith,The Rt Hon. W.H. Smith,0,0.0,0.5,533.8555449998239,False,quest_kg_llm,0
WebQTest-1135,who was vp for nixon,Spiro Agnew,"From 1953 to 1960, Nixon served as Vice-president to Eisenhower.",0,0.0,0.4169191876034669,575.45873700019,False,quest_kg_llm,0
WebQTest-1136,what religion did adolf hitler follow,Catholicism,Christianity,1,1.0,0.41490471159540104,641.0841710003297,False,quest_kg_llm,2
WebQTest-1137,where is the illinois river on a map,United States of America,Des Plaines River,0,0.0,0.3128567612097977,530.1766880002106,False,quest_kg_llm,0
WebQTest-1138,where honduras in the world,Americas,Americas,1,1.0,0.5,235.24387199995545,False,quest_kg_llm,3
WebQTest-1142,who does ronaldinho play for now 2011,Clube de Regatas do Flamengo,Midfielder,0,0.0,0.25,529.3979690000015,False,quest_kg_llm,0
WebQTest-1143,what galileo galilei was famous for,Heliocentrism,Discoveries and opinions of Galileo,0,0.0,0.25,535.3935809998802,False,quest_kg_llm,0
WebQTest-1144,what are the major trading partners of germany,Scotland,World Trade Organization,0,0.0,0.4119503469242505,550.2696820003621,False,quest_kg_llm,0
WebQTest-1145,where did romney graduated college,Brigham Young University,Mitt Romney,0,0.0,0.25,23.000227000011364,False,quest_kg_llm,0
WebQTest-1146,who did johnny depp play in corpse bride,Victor Van Dort,Backstage Musical,0,0.0,0.3121663910172316,542.7389490000678,False,quest_kg_llm,0
WebQTest-1147,what is the zip code for jonesboro ar,72402,Area code 870,0,0.0,0.25,230.2413309998883,False,quest_kg_llm,0
WebQTest-1148,what college did se hinton go,University of Tulsa,White American,0,0.0,0.41571138440583744,532.5863039997785,False,quest_kg_llm,0
WebQTest-1149,when was taylor swift fearless tour,2009-04-23,Taylor Swift,0,0.0,0.5,529.6862940003848,False,quest_kg_llm,0
WebQTest-1151,where did charles darwin and his wife live,London,m.0hybz8y,0,0.0,0.25,28.04570699981923,False,quest_kg_llm,0
WebQTest-1152,who is the voice of kitt,William Daniels,KITT,0,0.0,0.5,20.765955000115355,False,quest_kg_llm,0
WebQTest-1153,what is eminem 's real full name,Marshall Bruce Mathers III,Male,0,0.0,0.25,533.1813339998916,False,quest_kg_llm,0
WebQTest-1154,who is amy grant 's first husband,Gary Chapman,United States of America,0,0.0,0.5,532.9564690000552,False,quest_kg_llm,0
WebQTest-1155,what are the seven nations of central america,Panama,Americas,0,0.0,0.8341727866402167,229.90124000034484,False,quest_kg_llm,0
WebQTest-1156,what is jamie spears baby name,Maddie Briann Aldridge,Jamie Spears,0,0.0,0.5,528.0836880001516,False,quest_kg_llm,0
WebQTest-1160,who is the mother of prince michael jackson,Katherine Jackson,Katherine Jackson,1,1.0,0.6238658193394266,242.11761200012916,False,quest_kg_llm,1
WebQTest-1161,what is the clemson mascot name,Clemson University The Tiger,The Tiger and the Cub,1,1.0,0.5,528.3129919998828,False,quest_kg_llm,2
WebQTest-1163,what rainforest is in south america,Amazon rainforest,The Cloud Forest,0,0.0,0.831974191361445,227.78861000006145,False,quest_kg_llm,0
WebQTest-1164,what type of art does claude monet do,Modern art,Monet Painting in his Garden at Argenteuil,0,0.0,0.25,234.12489399970582,False,quest_kg_llm,0
WebQTest-1166,when did we start war with iraq,2003-03-20,m.0b46_gv,0,0.0,0.25,26.760221000131423,False,quest_kg_llm,0
WebQTest-1168,what guitar did kurt cobain,Fender Jag-Stang,Fender Jag-Stang,1,1.0,0.5,230.64369199983048,False,quest_kg_llm,2
WebQTest-1169,who did jennifer lawrence play in x men,Raven / Mystique,Female,0,0.0,0.25,528.582734000338,False,quest_kg_llm,0
WebQTest-1170,who is the governor of virginia 2011,Bob McDonnell,"United States presidential election in Virginia, 2012",0,0.0,0.5,240.86741800010714,False,quest_kg_llm,0
WebQTest-1171,who did darth vaders voice,James Earl Jones,Darth Vader,0,0.0,0.25,24.037907000092673,False,quest_kg_llm,0
WebQTest-1173,where is walton county ga,Georgia,"Atlanta-Sandy Springs-Marietta, GA HUD Metro FMR Area",0,0.7058823529411765,0.25,235.10880799994993,False,quest_kg_llm,0
WebQTest-1174,what cancer did jackie kennedy die of,Lymphoma,Cancer,0,0.0,0.25,530.9152789996006,False,quest_kg_llm,3
WebQTest-1175,what does lauren conrad major in,Fashion design,Lauren Conrad,0,0.0,0.25,24.72370600025897,False,quest_kg_llm,0
WebQTest-1176,what time zone is pennsylvania in right now,UTC−05:00,Eastern Time Zone,1,1.0,0.41484641543450057,233.76867100023446,False,quest_kg_llm,2
WebQTest-1177,where did mario lopez go to school,Chula Vista High School,United States of America,0,0.0,0.5,530.9666349999134,False,quest_kg_llm,0
WebQTest-1178,where is tupac from originally,East Harlem,Marin City,0,0.0,0.31242297057452856,534.9358339999526,False,quest_kg_llm,4
WebQTest-1179,what role did george lucas play in star wars,Baron Papanoida,George Lucas,0,0.0,0.25,29.84984499971688,False,quest_kg_llm,0
WebQTest-1180,what sarah dessen books are movies,How to Deal,How to Deal movie tie-in,0,0.6666666666666666,0.33343963034800134,227.8288600000451,False,quest_kg_llm,0
WebQTest-1181,what is the current time in kauai hawaii,Hawaii-Aleutian Time Zone,Hawaii-Aleutian Time Zone,1,1.0,0.7224803126800746,248.74344199997722,False,quest_kg_llm,1
WebQTest-1183,where was farrah fawcett buried,Westwood Village Memorial Park Cemetery,Date of burial,0,0.0,0.25,533.0936820000716,False,quest_kg_llm,2
WebQTest-1185,what inspired steinbeck,Thomas Malory,"Novels and stories, 1932-1937",0,0.0,0.41676240517483243,538.7650950001444,False,quest_kg_llm,0
WebQTest-1186,what kind of government does cuba have today,Semi-presidential system,Socialist state,1,1.0,0.4160515332491977,547.3237940000217,False,quest_kg_llm,4
WebQTest-1187,where are english speakers distributed,Nigeria,English language in England,0,0.4,0.41314793502842156,539.7544360002939,False,quest_kg_llm,0
WebQTest-1189,what is the capital of italy today,Rome,Rome,1,1.0,0.31189918866466493,239.48626700030218,False,quest_kg_llm,1
WebQTest-1191,what language do people speak in the bahamas,English Language,English Language,1,1.0,0.8306182494953467,543.5997439999483,False,quest_kg_llm,1
WebQTest-1192,where did george michael go to school,Bushey Meads School,Musician,0,0.0,0.5,536.2635649998992,False,quest_kg_llm,0
WebQTest-1194,what club does cristiano ronaldo play for in 2010,Real Madrid C.F.,Midfielder,0,0.0,0.25,534.9110029997064,False,quest_kg_llm,0
WebQTest-1195,what time zone is in the bahamas,UTC−05:00,Eastern Time Zone,1,1.0,0.3121382172295949,242.29989900004512,False,quest_kg_llm,2
WebQTest-1197,what language do people speak in brazil,Brazilian Portuguese,Brazilian Portuguese,1,1.0,0.8246327231489944,541.3088579998657,False,quest_kg_llm,2
WebQTest-1198,who influenced samuel taylor coleridge,Immanuel Kant,William Wordsworth,0,0.5,0.25,238.697405000039,False,quest_kg_llm,0
WebQTest-1199,what does kim kardashian work as,Actor,Businessperson,1,1.0,0.25,228.77944299989394,False,quest_kg_llm,0
WebQTest-1200,where did the mississippi river end,Gulf of Mexico,Gulf of Mexico,1,1.0,0.41708724264604424,532.1730699997715,False,quest_kg_llm,1
WebQTest-1201,who played carlton lassiter on psych,Timothy Omundson,Carlton Lassiter,0,0.0,0.623113199784461,536.2736950000908,False,quest_kg_llm,0
WebQTest-1203,who is president of israel,Reuven Rivlin,President of Israel,0,0.0,0.8305267783509079,544.6528850002323,False,quest_kg_llm,0
WebQTest-1204,where did the anasazi indians live,Four Corners,Four Corners,1,1.0,0.25,533.1289490000017,False,quest_kg_llm,1
WebQTest-1205,who plays harley quinn,Mia Sara,Harley Quinn,0,0.0,0.8362829468888442,22.020727999915835,False,quest_kg_llm,0
WebQTest-1206,what was francis bacon contributions,Author,Essays,0,0.0,0.3128120243423944,231.07344000027297,False,quest_kg_llm,0
WebQTest-1209,when does ziva start on ncis,NCIS - Season 3,Air date of first episode,0,0.0,0.6241667293476703,530.2622489998612,False,quest_kg_llm,0
WebQTest-1210,what is the name of the national anthem of canada ( 2 words ),O Canada,Stephen Harper,0,0.0,0.8218550844305869,550.8986189997813,False,quest_kg_llm,0
WebQTest-1212,what did mark zuckerberg study,Psychology,United States of America,0,0.0,0.25,531.2648959998114,False,quest_kg_llm,0
WebQTest-1213,which country was michael jackson born,United States of America,United States of America,1,1.0,0.25,242.84937799984618,False,quest_kg_llm,1
WebQTest-1215,who was stephen r covey,Author,Stephen M. R. Covey,0,0.0,0.6258471192285981,230.33836800004792,False,quest_kg_llm,0
WebQTest-1216,what country was stalin in charge of,Soviet Union,stalin supported by vyacheslav mikhaylovich molotov,0,0.0,0.4164477227105921,538.716592000128,False,quest_kg_llm,0
WebQTest-1217,what is monta ellis career high points,NBA Most Improved Player Award,Basketball player,0,0.28571428571428575,0.5,530.0155770000856,False,quest_kg_llm,0
WebQTest-1219,what nationality is rihanna,Barbados,Barbados,1,1.0,0.5,534.5860630000061,False,quest_kg_llm,1
WebQTest-1220,what has shannen doherty played in,Another Day,Shannen Doherty,0,0.0,0.25,24.87308599984317,False,quest_kg_llm,0
WebQTest-1221,what college did joakim noah,University of Florida,Basketball player,0,0.0,0.25,530.4824179997922,False,quest_kg_llm,0
WebQTest-1223,who plays billy elliot,Jamie Bell,Drama,0,0.0,0.5526388869532308,533.9578420002908,False,quest_kg_llm,0
WebQTest-1225,what kourtney kardashian boyfriends name,Scott Disick,United States of America,0,0.0,0.25,533.264840999891,False,quest_kg_llm,0
WebQTest-1226,what form of government does australia use,Parliamentary system,Parliamentary system,1,1.0,0.5,542.188095000256,False,quest_kg_llm,1
WebQTest-1227,what team did howie long,Oakland Raiders,"Howard Long, Jr.",0,0.0,0.41826599878808796,532.581621999725,False,quest_kg_llm,0
WebQTest-1228,where did the greek alphabet come from,Phoenician alphabet,Ancient Greek,0,0.0,0.6256599811521413,527.467052999782,False,quest_kg_llm,0
WebQTest-1229,what timezone is elizabethtown kentucky,Eastern Time Zone,Eastern Time Zone,1,1.0,0.25,229.1550649997589,False,quest_kg_llm,2
WebQTest-1230,what to see in christchurch new zealand,Air Force Museum of New Zealand,Canterbury,0,0.5,0.5447778090783015,225.9873700004391,False,quest_kg_llm,0
WebQTest-1231,where is chris paul from,United States of America,United States of America,1,1.0,0.25,226.95332800003598,False,quest_kg_llm,3
WebQTest-1232,what year was albert pujols rookie year,2001 Major League Baseball Season,Baseball player,0,0.28571428571428575,0.31272670902787103,530.3305200000068,False,quest_kg_llm,0
WebQTest-1233,what are the colors of the ny giants,Red,Red,1,1.0,0.25,531.5737030000491,False,quest_kg_llm,1
WebQTest-1234,what business did andrew carnegie dominate,financier,Business magnate,0,0.0,0.6269281013270827,531.2798529998872,False,quest_kg_llm,0
WebQTest-1235,what was sir isaac newton 's inventions,Pet door,Reflecting telescope,1,1.0,0.3125887412865356,234.74362999968434,False,quest_kg_llm,3
WebQTest-1237,who did shaq first play for,Orlando Magic,Basketball player,0,0.0,0.6226599410258559,535.7011480000438,False,quest_kg_llm,0
WebQTest-1238,who was the artist of mickey mouse,Ub Iwerks,0.jpg,0,0.0,0.25,530.2679769997667,False,quest_kg_llm,0
WebQTest-1239,what is the zip code for concord,94518,Area code 925,0,0.0,0.5,233.99623299974337,False,quest_kg_llm,3
WebQTest-1240,what football team is michael vick on,New York Jets,Quarterback,0,0.0,0.25,528.565460000209,False,quest_kg_llm,0
WebQTest-1241,where does the columbia river start,Columbia Lake,Columbia Lake,1,1.0,0.41754022425601833,532.1202469999662,False,quest_kg_llm,1
WebQTest-1242,what are all the names of the harry potter books,Harry Potter and the Chamber of Secrets,Harry Potter and the Goblet of Fire,1,1.0,0.25,539.776800999789,False,quest_kg_llm,0
WebQTest-1244,who was sir walter raleigh and what did he do,Courtier,Works of Sir Walter Raleigh,0,0.0,0.25,539.4833300001665,False,quest_kg_llm,0
WebQTest-1245,what countries are in the euro dollar,Kingdom of the Netherlands,Luxembourg,1,1.0,0.25,227.87459300025148,False,quest_kg_llm,4
WebQTest-1246,what currency can you use in barbados,Barbadian dollar,Barbadian dollar,1,1.0,0.5,541.84271000031,False,quest_kg_llm,1
WebQTest-1247,who is angelina jolie,Voice Actor,Actor,1,1.0,0.25,231.4535089999481,False,quest_kg_llm,0
WebQTest-1248,where is nineveh city,Iraq,Iraq,1,1.0,0.5,223.1968969999798,False,quest_kg_llm,1
WebQTest-1249,what is the state flower of new mexico,Yucca flower,Santa Fe,0,0.0,0.8301526710788227,534.6612759999516,False,quest_kg_llm,0
WebQTest-1250,where is the national ffa foundation located today,Alexandria,m.0158yc,0,0.0,0.25,21.6321819998484,False,quest_kg_llm,0
WebQTest-1251,which countries speak germanic languages,Belgium,Germany,1,1.0,0.6243716797196314,528.3771790000173,False,quest_kg_llm,0
WebQTest-1252,who plays eowyn in lord of the rings,Miranda Otto,Michael Lynne,0,0.0,0.41324192132188,541.5251479998915,False,quest_kg_llm,0
WebQTest-1254,where is augusta masters 2012,Augusta National Golf Course,Augusta National Golf Course,1,1.0,0.5,227.84898500003692,False,quest_kg_llm,1
WebQTest-1255,what type of cancer did eva peron die from,Cervical cancer,Cervical cancer,1,1.0,0.41725514928799695,232.08995300001334,False,quest_kg_llm,2
WebQTest-1256,who did terrell owens play for in 2010,Cincinnati Bengals,American football player,0,0.0,0.31270139769807276,534.7497519996978,False,quest_kg_llm,0
WebQTest-1257,where is denmark south carolina,Bamberg County,South Carolina,1,1.0,0.25,228.27100099993913,False,quest_kg_llm,2
WebQTest-1259,what books did ernest hemingway write,"Ernest Hemingway, selected letters, 1917-1961","The Paris Review Interviews, Vol. 1",0,0.4,0.3127660378599966,241.14080799972726,False,quest_kg_llm,0
WebQTest-1260,what year did baltimore ravens win super bowl,Super Bowl XXXV,Super Bowl XXXV,1,1.0,0.25,235.2662049997889,False,quest_kg_llm,2
WebQTest-1261,where did the battle of passchendaele happen,Flanders,Passendale,1,1.0,0.5,228.82177900009992,False,quest_kg_llm,0
WebQTest-1262,what part of the country is ohio considered,Midwestern United States,United States of America,0,0.5714285714285715,1.0,229.25211600022521,False,quest_kg_llm,0
