qid,question,gold,prediction,em,f1,confidence,latency_ms,abstained,x_method,x_rank
WebQTest-0,what does jamaican people speak,Jamaican English,Jamaican Creole English Language,1,1.0,1.0,73.69315799951437,False,quest_kg,2
WebQTest-1,what did james k polk do before he was president,United States Representative,Polk added extensive and valuable territory to the United States and restored the independence of the Treasury.,0,0.4511278195488722,1.0,69.34770599764306,False,quest_kg,0
WebQTest-3,who plays ken barlow in coronation street,William Roache,Barlow Family Album,0,0.0,1.0,54.809274999570334,False,quest_kg,0
WebQTest-6,where is jamarcus russell from,Mobile,JaMarcus Russell at Falcons at Raiders 11-2-08,0,0.0,1.0,68.92270200114581,False,quest_kg,0
WebQTest-7,where was george washington carver from,Diamond,Carver Center for Arts and Technology,0,0.0,1.0,68.30744299804792,False,quest_kg,45
WebQTest-8,what else did ben franklin invent,Lightning rod,"Franklin abandoned his electrical experiments in late 1747, when French and Spanish privateers attacked ships and settlements on the Delaware River,  and the French and the Native Americans attacked Pennsylvania's frontiers.",0,0.058823529411764705,1.0,76.0583420014882,False,quest_kg,23
WebQTest-9,who was richard nixon married to,Pat Nixon,"In February, 1972, Nixon landed in China, where he had a symbolic meeting with Mao Zedong and negotiated at length with Chou en Lai.",0,0.07692307692307693,1.0,73.91247600025963,False,quest_kg,21
WebQTest-12,who is governor of ohio 2011,John Kasich,"United States Senate elections, 2010",0,0.0,1.0,42.75164200225845,False,quest_kg,0
WebQTest-13,who was vice president after kennedy died,Lyndon B. Johnson,"In Vienna, in June, 1961, Kennedy had an unproductive meeting with Soviet Prime Minister Krushchev.",0,0.0,1.0,68.7176030005503,False,quest_kg,10
WebQTest-14,where is the fukushima daiichi nuclear plant located,Japan,Fukushima Daiichi nuclear disaster,0,0.0,1.0,37.87017799913883,False,quest_kg,0
WebQTest-16,what countries are part of the uk,Wales,UK constituent country,0,0.0,1.0,65.3093760010961,False,quest_kg,23
WebQTest-19,what is my timezone in louisiana,Central Time Zone,Eastern Time Zone,0,0.6666666666666666,1.0,58.247509001375875,False,quest_kg,12
WebQTest-20,what did st augustine do,Writer,Introduction to the philosophy of Saint Augustine; selected readings and commentaries,0,0.0,1.0,47.206832001393195,False,quest_kg,0
WebQTest-21,who is keyshia cole dad,Sal Gibson,Keyshia & Daniel: Family First,0,0.0,1.0,69.11224899886292,False,quest_kg,24
WebQTest-22,what kind government does egypt have,Semi-presidential system,Egyptian Nation Party,0,0.0,1.0,47.095451001951005,False,quest_kg,25
WebQTest-23,what town was martin luther king assassinated in,Memphis,Birmingham 1963: Keep Moving,0,0.0,1.0,65.99187699976028,False,quest_kg,37
WebQTest-24,where did edgar allan poe died,Baltimore,"It was now that he wrote his most famous poem \""The Raven\"" which appeared in January 1845 in the \""American Review\"".",0,0.0,1.0,68.9083710021805,False,quest_kg,0
WebQTest-26,what to do today in atlanta with kids,Fox Theatre,Greater Southern Home Recreation,0,0.0,1.0,51.28799399972195,False,quest_kg,0
WebQTest-28,what electorate does anna bligh represent,Electoral district of South Brisbane,"Queensland state election, 2015",0,0.0,1.0,49.22514499776298,False,quest_kg,5
WebQTest-31,where did andy murray started playing tennis,2005,Dubai Tennis Championships,0,0.0,1.0,62.06486200244399,False,quest_kg,0
WebQTest-32,what is the australian dollar called,AUD,Kiribati dollar,0,0.0,1.0,67.93634600035148,False,quest_kg,0
WebQTest-33,what timezone is sweden,Central European Time Zone,Scandinavia,0,0.0,1.0,56.53001600148855,False,quest_kg,0
WebQTest-34,who did cam newton sign with,Carolina Panthers,Cecil Newton,0,0.0,1.0,84.5440610028163,False,quest_kg,0
WebQTest-35,what county is frederick md in,Frederick County,Maryland,0,0.0,1.0,56.48548099998152,False,quest_kg,2
WebQTest-36,what highschool did harper lee go to,Monroe County High School,Jem Finch,0,0.0,1.0,58.97676899985527,False,quest_kg,0
WebQTest-37,what timezone is utah in,Mountain Time Zone,Time zone(s),0,0.6666666666666666,1.0,53.68238300070516,False,quest_kg,28
WebQTest-38,who did george w. bush run against for the second term,John Kerry,Prescott Bush,0,0.0,1.0,75.89018500220845,False,quest_kg,0
WebQTest-39,who is niall ferguson 's wife,Ayaan Hirsi Ali,Music artist,0,0.0,1.0,169.7052960007568,False,quest_kg,0
WebQTest-41,where is the galapagos islands located on a world map,Ecuador,Montego Bay,0,0.0,1.0,122.5884320010664,False,quest_kg,0
WebQTest-42,what are the songs that justin bieber wrote,Somebody to Love,Justin Timberlake,0,0.0,1.0,60.683203002554365,False,quest_kg,0
WebQTest-43,what did george clemenceau do,Physician,Paris,0,0.0,1.0,159.76060399771086,False,quest_kg,0
WebQTest-44,what is the state flower of arizona,Saguaro,"United States Senate elections, 2006",0,0.0,1.0,52.34309599836706,False,quest_kg,0
WebQTest-45,where was rihanna born and raised,Saint Michael Parish,Yves Bole,0,0.0,1.0,57.04290199719253,False,quest_kg,0
WebQTest-46,what year did president william henry harrison take office,1841-03-04,Northwest Indian War,0,0.0,1.0,52.535744001943385,False,quest_kg,0
WebQTest-47,where george lopez was born,Mission Hills,France,0,0.0,1.0,163.64536699984455,False,quest_kg,0
WebQTest-48,where are samsung based,Suwon,Egypt,0,0.0,1.0,153.5159859995474,False,quest_kg,0
WebQTest-49,what did the islamic people believe in,Ṭūbā,United Kingdom,0,0.0,1.0,31.991668001865037,False,quest_kg,0
WebQTest-51,who will play mr gray in the film,Jamie Dornan,The Tarnished Angels,0,0.0,1.0,218.4497320013179,False,quest_kg,0
WebQTest-52,what did george orwell died of,Tuberculosis,William of Ockham,0,0.0,1.0,70.30931199915358,False,quest_kg,0
WebQTest-54,what country did adolf hitler control,Nazi Germany,Hokkaido,0,0.0,1.0,161.7311449990666,False,quest_kg,0
WebQTest-55,who is michael buble,Actor,Philadelphia,0,0.0,1.0,173.46755399921676,False,quest_kg,0
WebQTest-56,what county is kansas city kansas,Wyandotte County,Stromsburg,0,0.0,1.0,132.9258879995905,False,quest_kg,0
WebQTest-58,who did jackie robinson first play for,UCLA Bruins football,Jem Finch,0,0.0,1.0,173.0875709981774,False,quest_kg,0
WebQTest-59,when did annie open,1976-08-10,Detroit,0,0.0,1.0,145.65400699939346,False,quest_kg,0
WebQTest-60,where did eleanor roosevelt die,Manhattan,Theodore Roosevelt,0,0.0,1.0,71.97970099878148,False,quest_kg,0
WebQTest-61,what are the religions practiced in indonesia,Catholicism,Old Testament,0,0.0,1.0,101.55568800109904,False,quest_kg,11
WebQTest-62,what was jesse james killed with,Firearm,Los Angeles,0,0.0,1.0,139.0128849998291,False,quest_kg,12
WebQTest-63,who was vp for lincoln,Hannibal Hamlin,"I have almost reached the regrettable conclusion that the Negro's great stumbling block in his stride toward freedom is not the White Citizen's Councilor or the Ku Klux Klanner, but the white moderate.",0,0.0,1.0,71.3688860014372,False,quest_kg,0
WebQTest-64,what other books did charles dickens write,A Christmas Carol (Chrysalis Children's Classics Series),Edgar Allan Poe and Arthur Machen,0,0.2222222222222222,1.0,75.44335100101307,False,quest_kg,0
WebQTest-65,who was the first dictator of the soviet union,Vladimir Lenin,Fyodor Dostoyevsky,0,0.0,1.0,134.79845800247858,False,quest_kg,0
WebQTest-66,what is the currency of puerto rico called,United States Dollar,1831 Barbados–Louisiana hurricane,0,0.0,1.0,64.19405099950382,False,quest_kg,38
WebQTest-67,what kind of cancer did carl wilson have,Lung cancer,Golfer's elbow,0,0.0,1.0,157.82322099767043,False,quest_kg,0
WebQTest-68,who plays the voice of kitt in knight rider,William Daniels,Musician,0,0.0,1.0,114.55803499848116,False,quest_kg,0
WebQTest-69,what county is brentwood tennessee in,Williamson County,Shreveport,0,0.0,1.0,104.19287499826169,False,quest_kg,0
WebQTest-71,who did michael j fox marry,Tracy Pollan,Flannery O'Connor,0,0.0,1.0,144.0947760020208,False,quest_kg,0
WebQTest-72,what battles did stonewall jackson fight in,Manassas Station Operations,James K. Polk,0,0.0,1.0,56.202045001555234,False,quest_kg,0
WebQTest-73,what language do the maasai tribe speak,Maasai Language,Hittites,0,0.0,1.0,144.31993000107468,False,quest_kg,0
WebQTest-74,who did benjamin franklin get married to,Deborah Read,"In June, 1781, he joined John Adams and Jay in negotiating a peace treaty with Great Britain.",0,0.0,1.0,69.57575700289453,False,quest_kg,0
WebQTest-75,what disease did patrick swayze died from,Pancreatic cancer,Portland Parish,0,0.0,1.0,139.193510000041,False,quest_kg,0
WebQTest-76,what works of art did leonardo da vinci produce,g.121wt37c,Aristotle,0,0.0,1.0,141.13824400192243,False,quest_kg,0
WebQTest-77,what capital of austria,Vienna,Switzerland,0,0.0,1.0,41.56940399843734,False,quest_kg,0
WebQTest-78,what type of cancer did eva peron have,Cervical cancer,Sweden,0,0.0,1.0,144.5869440030947,False,quest_kg,0
WebQTest-79,what country did buddha come from,Nepal,14th Dalai Lama,0,0.0,1.0,47.38324199934141,False,quest_kg,0
WebQTest-80,what county is greeley colorado in,Weld County,Minnesota,0,0.0,1.0,132.4544560011418,False,quest_kg,0
WebQTest-82,what did peter tchaikovsky do,Musician,Petr Chelčický,0,0.0,1.0,136.21648000116693,False,quest_kg,0
WebQTest-83,which countries speak german officially,Belgium,French,0,0.0,1.0,38.6060329983593,False,quest_kg,0
WebQTest-84,what type of music did john lennon sing,Rock music,Lyricist,0,0.0,1.0,70.03003399950103,False,quest_kg,0
WebQTest-85,who are the colorado representatives,Mark Udall,United States Representative,0,0.0,1.0,50.27993900148431,False,quest_kg,0
WebQTest-86,which country does greenland belong to,Denmark,Rhode Island,0,0.0,1.0,133.9178019989049,False,quest_kg,0
WebQTest-87,what the zip code for seattle washington,98185,Washington,0,0.0,1.0,119.85241499860422,False,quest_kg,0
WebQTest-88,who is willow smith mom name,Jada Pinkett Smith,Poet,0,0.0,1.0,164.3884130025981,False,quest_kg,0
WebQTest-89,what do you call the chinese writing system,Simplified Chinese character,Laozi,0,0.0,1.0,111.19056800089311,False,quest_kg,0
WebQTest-90,who played on the jeffersons,Damon Evans,Boston,0,0.0,1.0,133.22364499981632,False,quest_kg,0
WebQTest-91,what is the name of the san francisco newspaper,Synapse,New York City,0,0.0,1.0,50.391944001603406,False,quest_kg,0
WebQTest-93,what continent does armenia belong to,Europe,Syria,0,0.0,1.0,132.3808490014926,False,quest_kg,34
WebQTest-94,what did randy savage died of,heart attack,California,0,0.0,1.0,130.2426119982556,False,quest_kg,0
WebQTest-95,what was the title of the book charles darwin wrote,On evolution,9780743255066,0,0.0,1.0,122.2675690005417,False,quest_kg,0
WebQTest-96,where did richard nixon die,New York City,"That November, Nixon won a second term in a landslide victory, but two years later, \""The Washington Post\"" exposed the cover-up and revealed that Nixon's closest aides were involved.",0,0.0,1.0,69.61755100201117,False,quest_kg,0
WebQTest-97,what songs does smokey robinson sing,Just to See Her,Shaffer Smith,0,0.0,1.0,107.78944100093213,False,quest_kg,0
WebQTest-98,who was vice president when jfk was president,Lyndon B. Johnson,"JFK wants to know: memos from the President's office, 1961-1963",0,0.0,1.0,74.91102699714247,False,quest_kg,10
WebQTest-99,what is serbian language called,Serbian language,Russia,0,0.0,1.0,146.659890000592,False,quest_kg,0
WebQTest-100,what language is spoken in haiti today,Haitian Creole,Dominica,0,0.0,1.0,41.63855399747263,False,quest_kg,0
WebQTest-102,who played barbara gordon batgirl,Melinda McGraw,Screenwriter,0,0.0,1.0,148.10648699858575,False,quest_kg,0
WebQTest-103,what basketball teams has shaq played for,Miami Heat,Venue,0,0.0,1.0,172.48238399770344,False,quest_kg,0
WebQTest-104,where is jay leno from,New Rochelle,Children,0,0.0,1.0,64.51311400087434,False,quest_kg,0
WebQTest-105,what language do people from thailand speak,Mon Language,France,0,0.0,1.0,160.055371998169,False,quest_kg,0
WebQTest-106,who did armie hammer play in the social network,Cameron Winklevoss,Garret Schuelke,0,0.0,1.0,119.25666299794102,False,quest_kg,0
WebQTest-107,what was thomas jefferson role in the declaration of independence,Lawyer,"In September, 1776, Congress appointed Franklin, Deane and Jefferson to go to Paris to negotiate a military and economic aid treaty with France (Arthur Lee took Jefferson's place).",0,0.0,1.0,71.00882299710065,False,quest_kg,0
WebQTest-108,what was the book written by charles darwin,On evolution,9780312404154,0,0.0,1.0,151.7436460017052,False,quest_kg,0
WebQTest-109,who did tim tebow play college football for,Florida Gators football,footballdb ID,0,0.0,1.0,93.11492000051658,False,quest_kg,0
WebQTest-110,who does peyton manning play football for,Denver Broncos,Quarterback,0,0.0,1.0,92.41521699732402,False,quest_kg,0
WebQTest-111,where is the carpathian mountain range located,Europe,Eurasia,0,0.0,1.0,98.78983200178482,False,quest_kg,15
WebQTest-112,what was robert burns,Bard,Maud Butler,0,0.0,1.0,147.12956999937887,False,quest_kg,0
WebQTest-114,who did the voice of darth vader in episode 3,Hayden Christensen,"For its part, Government will listen. We will strive to listen in new ways -- to the voices of quiet anguish, to voices that speak without words, the voices of the heart, to the injured voices, and the anxious voices, and the voices that have despaired of being heard.",0,0.0,1.0,121.19764199815108,False,quest_kg,0
WebQTest-115,what super bowl did peyton manning win,Super Bowl XLI,Running back,0,0.0,1.0,108.19030299899168,False,quest_kg,0
WebQTest-116,which country was justin bieber born in,Canada,Justin Timberlake,0,0.0,1.0,57.58608999894932,False,quest_kg,0
WebQTest-118,who fought in the gulf war 1991,France,Military - Dead,0,0.0,1.0,25.269203000789275,False,quest_kg,0
WebQTest-119,who plays london tipton in suite life on deck,Brenda Song,Poet,0,0.0,1.0,132.73009299882688,False,quest_kg,0
WebQTest-121,what team did david beckham play for in 2011,LA Galaxy,Parents,0,0.0,1.0,43.31824700057041,False,quest_kg,0
WebQTest-122,where did francisco coronado come from,Salamanca,Romania,0,0.0,1.0,165.27479200158268,False,quest_kg,0
WebQTest-123,what all does google now do,Google Glass,Almesryoon,0,0.0,1.0,123.05310699957772,False,quest_kg,0
WebQTest-124,what language does egyptian people speak,Modern Standard Arabic,Egyptian language,0,0.0,1.0,48.53138999897055,False,quest_kg,9
WebQTest-125,what are abraham sons names,Midian,Mormonism,0,0.0,1.0,162.5258859967289,False,quest_kg,0
WebQTest-126,who wrote the jana gana mana,Ram Singh Thakur,Tritiya Ratna,0,0.0,1.0,129.58893600080046,False,quest_kg,0
WebQTest-127,what type of cancer did gilda radner die of,Ovarian cancer,Celiac disease,0,0.0,1.0,138.32715500029735,False,quest_kg,0
WebQTest-128,who plays juni cortez,Daryl Sabara,Screenwriter,0,0.0,1.0,128.49406600071234,False,quest_kg,0
WebQTest-129,what was lucille ball,Actor,History,0,0.0,1.0,141.21106099992176,False,quest_kg,13
WebQTest-131,who inspired obama,Nipsey Russell,African-American Civil Rights Movement,0,0.0,1.0,82.3089469995466,False,quest_kg,0
WebQTest-132,who is michael j fox wife,Tracy Pollan,Scientist,0,0.0,1.0,134.77973399858456,False,quest_kg,0
WebQTest-133,where did dolly parton grow up,Sevierville,Miley Cyrus,0,0.0,1.0,68.1627190024301,False,quest_kg,0
WebQTest-134,what type of books did agatha christie wrote,Writer,"Published & Perished: Memoria, Eulogies & Remembrances of American Writers",0,0.0,1.0,63.86555500284885,False,quest_kg,2
WebQTest-138,what are the four main languages spoken in spain,Catalan language,European Shorthair,0,0.0,1.0,44.05322399907163,False,quest_kg,0
WebQTest-139,where is the nra headquarters located,Fairfax,Oklahoma,0,0.0,1.0,140.5476220024866,False,quest_kg,0
WebQTest-141,who is gimli 's father in the hobbit,Gloin,Roger Corman,0,0.0,1.0,170.77250299917068,False,quest_kg,0
WebQTest-142,who developed the tcp ip reference model,Vint Cerf,David Hume,0,0.0,1.0,113.07953100185841,False,quest_kg,0
WebQTest-145,what college did albert einstein go to,ETH Zurich,Eddie Albert,0,0.0,1.0,73.82419100031257,False,quest_kg,0
WebQTest-146,what team does jordan own,Jordan national football team,Israel,0,0.0,1.0,38.31237999838777,False,quest_kg,0
WebQTest-147,who is the state governor of tennessee,William Haslam,Governor,0,0.0,1.0,61.06761399860261,False,quest_kg,0
WebQTest-149,what do portuguese people speak,Portuguese Language,Spain,0,0.0,1.0,38.96159699797863,False,quest_kg,0
WebQTest-150,what language does cuba speak,Haitian Creole,Fidel Castro,0,0.0,1.0,46.92011099905358,False,quest_kg,0
WebQTest-153,what are the sights to see in madrid,Madrid Arena,Hispanic,0,0.0,1.0,46.22539900083211,False,quest_kg,0
WebQTest-154,what instruments did louis armstrong play,Cornet,Paul Kantner,0,0.0,1.0,142.61846500085085,False,quest_kg,0
WebQTest-155,what year was george w bush elected,2000-11-07,Dallas,0,0.0,1.0,70.90791200243984,False,quest_kg,0
WebQTest-156,what time zone am i in california,Pacific Time Zone,Eastern Time Zone,0,0.6666666666666666,1.0,52.28363000060199,False,quest_kg,7
WebQTest-157,where is mission san buenaventura located,Ventura County,Santa Monica,0,0.0,1.0,132.16269699842087,False,quest_kg,0
WebQTest-159,what time in hilo hawaii,Hawaii-Aleutian Time Zone,Australia,0,0.0,1.0,149.65303600183688,False,quest_kg,0
WebQTest-160,where did rudolf virchow conduct his research,Humboldt University of Berlin,Harry Mulisch,0,0.0,1.0,123.23944799936726,False,quest_kg,0
WebQTest-161,what university did gordon brown attend,University of Edinburgh,United Kingdom,0,0.0,1.0,141.62303699777112,False,quest_kg,0
WebQTest-162,what countries does greece share borders with,Albania,Venezuela,0,0.0,1.0,41.648676997283474,False,quest_kg,0
WebQTest-163,what year did the seahawks win the superbowl,Super Bowl XLVIII,Date/Time,0,0.0,1.0,95.66836500016507,False,quest_kg,0
WebQTest-164,what did stephen hawking become famous for,Cosmologist,Author David Kerr - The Ol' Turkey Hunter,0,0.25,1.0,144.60041299753357,False,quest_kg,0
WebQTest-165,who plays donna noble,Catherine Tate,EastEnders,0,0.0,1.0,139.02997699915431,False,quest_kg,0
WebQTest-166,what was dr seuss education,"Lincoln College, Oxford",Date of birth,0,0.3333333333333333,1.0,71.85057699825848,False,quest_kg,0
WebQTest-167,where did queensland get its name from,Queen Victoria,Electoral district of South Brisbane,0,0.0,1.0,37.709486998210195,False,quest_kg,0
WebQTest-168,what document did james madison write,"The Papers of James Madison, Secretary of State Series, Vol. 2",Benjamin Franklin,0,0.0,1.0,64.66590999843902,False,quest_kg,0
WebQTest-169,what are the three official languages of belgium,Dutch Language,European Parliament,0,0.0,1.0,41.46141100136447,False,quest_kg,0
WebQTest-170,who played bilbo in lord of the rings,Norman Bird,House of Usher,0,0.0,1.0,138.20033700176282,False,quest_kg,0
WebQTest-171,what airport do you fly into to get to destin fl,Destin–Fort Walton Beach Airport,30341,0,0.0,1.0,130.58284699945943,False,quest_kg,0
WebQTest-172,what do you call members of the senate,Senator,United States Senator,0,0.5,1.0,53.1809840031201,False,quest_kg,4
WebQTest-173,what countries are part of the baltic,Latvia,Bornholm,0,0.0,1.0,118.82757700004731,False,quest_kg,0
WebQTest-174,what team does colin kaepernick play for,San Francisco 49ers,footballdb ID,0,0.0,1.0,210.38670200141496,False,quest_kg,0
WebQTest-175,where did joe flacco attend college,University of Delaware,John F. Kennedy Catholic High School,0,0.0,1.0,138.5743499995442,False,quest_kg,0
WebQTest-176,who is emma stone father,Jeff Stone,Actor,0,0.0,1.0,146.95822599969688,False,quest_kg,0
WebQTest-177,where was theodore roosevelt buried,Youngs Memorial Cemetery,William McKinley,0,0.0,1.0,62.966634999611415,False,quest_kg,0
WebQTest-178,who was the leader of the us during wwii,Franklin D. Roosevelt,Text and Meaning in Albert Camus' The Myth of Sisyphus,0,0.0,1.0,50.81937800059677,False,quest_kg,0
WebQTest-179,what artistic movement did henri matisse belong to,Neo-impressionism,Pierre-Joseph Proudhon,0,0.0,1.0,122.56002499998431,False,quest_kg,0
WebQTest-180,where the missouri river ends,Mississippi River,Shreveport,0,0.0,1.0,121.41028000041842,False,quest_kg,7
WebQTest-181,what type of currency do they use in thailand,Thai baht,Payment system,0,0.0,1.0,162.6276909992157,False,quest_kg,0
WebQTest-182,who is khloe kardashian 's husband,Lamar Odom,Music executive,0,0.0,1.0,171.33112199735478,False,quest_kg,0
WebQTest-184,what state does romney live in,Massachusetts,Annapolis,0,0.0,1.0,136.27946199994767,False,quest_kg,6
WebQTest-185,what type of government does france use,Semi-presidential system,European Parliament,0,0.0,1.0,52.123383997241035,False,quest_kg,7
WebQTest-186,who rules denmark right now,Helle Thorning-Schmidt,Danish Swedish Farmdog,0,0.0,1.0,46.85983599847532,False,quest_kg,0
WebQTest-187,what did stephen hawking study,Physics,Michel Foucault,0,0.0,1.0,136.37341399953584,False,quest_kg,0
WebQTest-188,where did bristol palin go to school,West Anchorage High School,Politician,0,0.0,1.0,132.9156370011333,False,quest_kg,0
WebQTest-189,what region of the world is egypt associated with,Middle East,Egypt,0,0.0,1.0,50.13313100062078,False,quest_kg,0
WebQTest-190,what did dr. seuss do,Visual Artist,Date of birth,0,0.0,1.0,73.88977399750729,False,quest_kg,0
WebQTest-191,where did drew brees go to college wikianswers,Stanford Graduate School of Business,Curler,0,0.0,1.0,146.36089699706645,False,quest_kg,0
WebQTest-193,what school did ben roethlisberger go to,Miami University,Michael Leib,0,0.0,1.0,146.59678899988648,False,quest_kg,0
WebQTest-194,where did the iroquois indians come from,Québec,Benjamin Harrison,0,0.0,1.0,164.9803799991787,False,quest_kg,0
WebQTest-195,what kind of guitar did george harrison use,Rickenbacker 360/12,Compton,0,0.0,1.0,157.7900190022774,False,quest_kg,0
WebQTest-196,what language do navajo people speak,Navajo Language,Turkey,0,0.0,1.0,154.80670299803023,False,quest_kg,0
WebQTest-197,what places make up new england,New Hampshire,Connecticut,1,1.0,1.0,91.99471099782386,False,quest_kg,5
WebQTest-199,what type of government does iraq have now,Parliamentary system,Sudan,0,0.0,1.0,56.801816001097905,False,quest_kg,0
WebQTest-200,where was the vietnam war location,Vietnam,No Mas Vietnams/No More Vietnams,0,0.0,1.0,28.847859000961762,False,quest_kg,31
WebQTest-201,who did gerald ford select as his vice president when he became president,Nelson Rockefeller,"From 1953 to 1960, Nixon served as Vice-president to Eisenhower.",0,0.0,1.0,70.59846699849004,False,quest_kg,0
WebQTest-202,what is the currency used in italy,Euro,Rome,0,0.0,1.0,49.59154199968907,False,quest_kg,18
WebQTest-204,what is the capital of modern egypt,Cairo,Egyptian governorate,0,0.0,1.0,97.68895599700045,False,quest_kg,5
WebQTest-205,what school did sir ernest rutherford go to,University of Cambridge,Male,0,0.0,1.0,123.04362700160709,False,quest_kg,0
WebQTest-206,what position does brandon roy play,Small forward,JaMarcus Russell,0,0.0,1.0,158.94110899898806,False,quest_kg,0
WebQTest-207,where is harvard university,United States of America,Harvard College,0,0.0,1.0,50.271195999812335,False,quest_kg,17
WebQTest-209,where is laos in world map,Southeast Asia,Pennsylvania,0,0.0,1.0,136.63415200062445,False,quest_kg,0
WebQTest-210,where is tyrese gibson from,Watts,Model,0,0.0,1.0,79.58029799920041,False,quest_kg,0
WebQTest-211,what countries are near italy,Slovenia,Czech Republic,0,0.0,1.0,56.54186299943831,False,quest_kg,0
WebQTest-212,which states does the colorado river run through,Arizona,Fulton,0,0.0,1.0,120.4410509999434,False,quest_kg,39
WebQTest-213,who did scarlett johansson date,Patrick Wilson,Beyoncé Knowles,0,0.0,1.0,145.19932300026994,False,quest_kg,0
WebQTest-214,which continents were part of the roman empire,Europe,Augustine on Romans,0,0.0,1.0,38.23311399901286,False,quest_kg,0
WebQTest-215,where was elvis costello born,Paddington,Carl Costello,0,0.0,1.0,151.3691899999685,False,quest_kg,0
WebQTest-216,where are the gobi desert located on a map,Mongolia,Tennessee,0,0.0,1.0,129.90295700001298,False,quest_kg,0
WebQTest-217,what type of government does the us follow,Presidential system,Federal government of the United States,0,0.25,1.0,59.29091799771413,False,quest_kg,0
WebQTest-218,in which continent is germany,Europe,German city,0,0.0,1.0,48.32844200063846,False,quest_kg,15
WebQTest-220,what language turkey people speak,Ladino Language,Cyprus Observer,0,0.0,1.0,42.05616699982784,False,quest_kg,0
WebQTest-221,who does jeremy lin play for,Los Angeles Lakers,Scottish people,0,0.0,1.0,150.03832900038105,False,quest_kg,0
WebQTest-222,where is the seychelles on world map,Africa,Algeria,0,0.0,1.0,119.34886900053243,False,quest_kg,31
WebQTest-224,where did william morris go to college,"Exeter College, Oxford",Missouri,0,0.0,1.0,158.81519699905766,False,quest_kg,0
WebQTest-225,what state is mount st. helens in,Washington,Schillonie Calvert,0,0.0,1.0,128.47493599838344,False,quest_kg,0
WebQTest-226,who is jimmy savile,Disc jockey,Politician,0,0.0,1.0,142.78386500154738,False,quest_kg,0
WebQTest-227,where were the seneca indians located,New York,Central Time Zone,0,0.0,1.0,141.541925000638,False,quest_kg,0
WebQTest-231,when did florida marlins join mlb,1994 Major League Baseball Season,Chain Lightning,0,0.0,1.0,121.75026700060698,False,quest_kg,0
WebQTest-232,what countries have spanish as the national language,Equatorial Guinea,Argentina,1,1.0,1.0,54.04899499990279,False,quest_kg,0
WebQTest-233,what to see in phoenix arizona,Pueblo Grande Ruin,Western Desert Campaign,0,0.3333333333333333,1.0,43.332979003025685,False,quest_kg,0
WebQTest-234,what countries does the panama canal go through,Panama,Jamaica,0,0.0,1.0,132.43492300171056,False,quest_kg,0
WebQTest-235,what is charlie chaplin famous for,Actor,"This story, of a man who looks out of the window of his club and sees a man in the crowd whom he is compelled to follow, became a favorite of the French poet, Charles Baudelaire .",0,0.0,1.0,148.28654799930518,False,quest_kg,22
WebQTest-237,what did fred durst do,Actor,Stanley Cavell,0,0.0,1.0,155.85108500090428,False,quest_kg,0
WebQTest-239,where do american bulldogs originate from,United States of America,Daisy Belle,0,0.0,1.0,122.06912699912209,False,quest_kg,45
WebQTest-240,what colleges did albert einstein teach at,ETH Zurich,Eddie Albert,0,0.0,1.0,73.681083998963,False,quest_kg,0
WebQTest-241,who plays the voice of brian on family guy,Seth MacFarlane,Indo-European languages,0,0.0,1.0,142.49487300185137,False,quest_kg,0
WebQTest-243,where did george w bush live as a child,New Haven,Dallas,0,0.0,1.0,70.39179400089779,False,quest_kg,0
WebQTest-245,what year was the first miss america pageant held,1921-09,Florida,0,0.0,1.0,144.37823600019328,False,quest_kg,0
WebQTest-246,what was nikola tesla inventions,Wireless telegraphy,"In 1742, Franklin designed the Pennsylvania stove (with under-floor draught), which sold fantastically well.",0,0.0,1.0,121.0200219975377,False,quest_kg,0
WebQTest-247,where did flemish people come from,France,Shawn Hatosy,0,0.0,1.0,141.2959819972457,False,quest_kg,0
WebQTest-248,what state new york city belong to,New York,Manhattan,0,0.0,1.0,59.51746500068111,False,quest_kg,4
WebQTest-249,what was the cause of death for bruce lee,Cerebral edema,Coma,0,0.0,1.0,65.21329200040782,False,quest_kg,2
WebQTest-250,what type of government does usa follow,Presidential system,U.S. state,0,0.0,1.0,54.00181799996062,False,quest_kg,0
WebQTest-251,what type of currency do they use in england,Pound sterling,Kingdom of Great Britain,0,0.0,1.0,53.94166000041878,False,quest_kg,2
WebQTest-252,where was benjamin franklin educated,Boston Latin School,"Franklin abandoned his electrical experiments in late 1747, when French and Spanish privateers attacked ships and settlements on the Delaware River,  and the French and the Native Americans attacked Pennsylvania's frontiers.",0,0.0,1.0,72.93088599908515,False,quest_kg,0
WebQTest-253,what countries included in the uk,Wales,Western Europe,0,0.0,1.0,58.74644600044121,False,quest_kg,28
WebQTest-254,what countries in the world speak chinese,Vietnam,Turks and Caicos Islands,0,0.0,1.0,133.58308000169927,False,quest_kg,0
WebQTest-255,where obama went to school,Occidental College,African-American history,0,0.0,1.0,72.57811300223693,False,quest_kg,0
WebQTest-256,what is the primary language of china,Standard Chinese,Canadian English,0,0.0,1.0,39.16235400174628,False,quest_kg,0
WebQTest-257,who was the soviet leader during world war ii,Leonid Brezhnev,A. V. Fursenko,0,0.0,1.0,126.31008099924657,False,quest_kg,0
WebQTest-258,which of the following does australia export the most,Energy industry,Australian state,0,0.0,1.0,42.745638002088526,False,quest_kg,0
WebQTest-260,where was the city of david,Jerusalem,Poet,0,0.0,1.0,156.94096900188015,False,quest_kg,0
WebQTest-261,what is cindy sherman known for,Visual Artist,Hurricane Cindy,0,0.0,1.0,135.13317099932465,False,quest_kg,0
WebQTest-262,what tv shows did shawnee smith play in,All is Forgiven,Shawnee,0,0.0,1.0,127.81927000105497,False,quest_kg,0
WebQTest-264,what does australia use for currency,Australian dollar,Australian town,0,0.5,1.0,43.971497001621174,False,quest_kg,6
WebQTest-265,which airport to fly into rome,Ciampino–G. B. Pastine International Airport,Cicero,0,0.0,1.0,37.834981998457806,False,quest_kg,0
WebQTest-266,what is there to do for fun in kansas city,Negro Leagues Baseball Museum,West North Central States,0,0.0,1.0,122.9473669991421,False,quest_kg,0
WebQTest-267,where was martin luther king jr raised,Atlanta,Civil rights activist,0,0.0,1.0,72.1809469978325,False,quest_kg,0
WebQTest-268,what year was lebron james rookie season,2003–04 NBA season,1977 NCAA Men's Division I Basketball Tournament,0,0.0,1.0,116.87306300154887,False,quest_kg,0
WebQTest-269,where does delaware river start,West Branch Delaware River,"Texarkana, Arkansas",0,0.0,1.0,118.19351099984488,False,quest_kg,0
WebQTest-270,what kind of monarchy does japan have,Parliamentary system,Japanese prefecture,0,0.0,1.0,40.2850069986016,False,quest_kg,8
WebQTest-271,where did mitt romney 's parents come from,Detroit,"Joseph P. Kennedy, Sr.",0,0.0,1.0,130.27749200045946,False,quest_kg,0
WebQTest-273,when did michael jordan return to the nba,1984,Shooting sport,0,0.0,1.0,149.89340499960235,False,quest_kg,0
WebQTest-276,where was mission san rafael located,94901,94109,0,0.0,1.0,130.80825499855564,False,quest_kg,0
WebQTest-277,who was esther 's husband,Ahasuerus,Woman,0,0.0,1.0,160.00351900220267,False,quest_kg,0
WebQTest-278,who 's dating claire danes,Hugh Dancy,"Ian Somerhalder talks 'Vampire Diaries' (and why we want to slap him, then kiss him)",0,0.0,1.0,142.98924600007012,False,quest_kg,0
WebQTest-279,what county is st paul va in,Wise County,Middletown,0,0.0,1.0,117.05846100085182,False,quest_kg,0
WebQTest-281,what type of sports do japanese play,Japan women's national handball team,Kyoto Prefecture,0,0.0,1.0,47.059446002094774,False,quest_kg,0
WebQTest-282,which countries share a border with russia,Latvia,Jamaica,0,0.0,1.0,40.05916100140894,False,quest_kg,0
WebQTest-284,where did the latin language originate from,Indo-European languages,Rome,0,0.0,1.0,35.71785000167438,False,quest_kg,0
WebQTest-286,what school did karl benz go to,Karlsruhe Institute of Technology,Martin Luther King Middle School,0,0.0,1.0,90.79566199943656,False,quest_kg,0
WebQTest-287,what movies has carmen electra been in,We Are Family,Performing arts,0,0.0,1.0,131.11980800022138,False,quest_kg,0
WebQTest-289,when do world war ii end,1945-09-02,Eurasia,0,0.0,1.0,54.81744999997318,False,quest_kg,0
WebQTest-291,where did morgan freeman graduate,Pasadena Playhouse,Bell Hooks,0,0.0,1.0,132.61162900016643,False,quest_kg,0
WebQTest-294,who was carolus linnaeus,Scientist,Aristotle,0,0.0,1.0,129.85784400007105,False,quest_kg,0
WebQTest-295,what type of government does germany have now,Representative democracy,German city,0,0.0,1.0,49.99173900068854,False,quest_kg,15
WebQTest-296,what kind of government does libya have today,Parliamentary republic,Libyan Desert,0,0.0,1.0,37.73930900206324,False,quest_kg,0
WebQTest-297,what time zone is anaheim california,Pacific Time Zone,Cocos Islands Time Zone,0,0.5714285714285715,1.0,119.45156900037546,False,quest_kg,9
WebQTest-298,what year did the orioles go to the world series,1970 World Series,Eastern Time Zone,0,0.0,1.0,139.96184300049208,False,quest_kg,0
WebQTest-300,who is sir francis bacon,Author,charles kingsley a follower of henri de saint-simon,0,0.0,1.0,51.0952759977954,False,quest_kg,44
WebQTest-301,what were amelia earhart 's achievements,Pilot,Philanthropist,0,0.0,1.0,147.93838400146342,False,quest_kg,0
WebQTest-302,what are the official colors of the dallas cowboys,White,Games,0,0.0,1.0,128.68654599878937,False,quest_kg,31
WebQTest-303,where did margaret hoover go to college,Bryn Mawr College,Black History Month,0,0.0,1.0,151.82297399951494,False,quest_kg,0
WebQTest-304,what is jamie oliver children names,Poppy Honey Rosie Oliver,Aberdeen,0,0.0,1.0,142.79998900019564,False,quest_kg,0
WebQTest-305,where does bradley walsh live,Los Angeles,Manchester Parish,0,0.0,1.0,142.1154990021023,False,quest_kg,0
WebQTest-306,who is the head coach of inter milan,Walter Mazzarri,Playwright,0,0.0,1.0,125.75984899740433,False,quest_kg,0
WebQTest-308,who did reese witherspoon get married to,Jim Toth,Tennis player,0,0.0,1.0,141.15311699788435,False,quest_kg,0
WebQTest-310,what kind of money should i take to costa rica,Costa Rican colón,Jamaica,0,0.0,1.0,38.307715996779734,False,quest_kg,0
WebQTest-311,where is the ufc headquarters,Las Vegas,Japan,0,0.0,1.0,134.56887299980735,False,quest_kg,40
WebQTest-312,who plays captain kirk in star trek,William Shatner,Jewish people,0,0.0,1.0,134.9973200012755,False,quest_kg,0
WebQTest-313,who does albert pujols play for 2012,Scottsdale Scorpions,Musician,0,0.0,1.0,156.53772499717888,False,quest_kg,0
WebQTest-314,what kind of government is sweden,Parliamentary system,Swedish Ministry for Foreign Affairs,0,0.0,1.0,46.38001899729716,False,quest_kg,15
WebQTest-315,where was country singer george jones born,Saratoga,Los Angeles,0,0.0,1.0,148.79596899845637,False,quest_kg,0
WebQTest-316,what did shakespeare become famous for,Author,Francis Bacon,0,0.0,1.0,77.04592499794671,False,quest_kg,0
WebQTest-317,where does russia import from,Uzbekistan,2014 Winter Olympics,0,0.0,1.0,39.51366500041331,False,quest_kg,0
WebQTest-318,what is the money of switzerland called,Swiss franc,Sweden,0,0.0,1.0,42.55062700030976,False,quest_kg,0
WebQTest-321,what do people in australia speak,Esperanto Language,Esperanto Language,1,1.0,1.0,43.61314599736943,False,quest_kg,1
WebQTest-322,what has ian somerhalder acted in,Pulse,Stonehearst Asylum,0,0.0,1.0,134.34801599942148,False,quest_kg,0
WebQTest-323,what movies did ron howard director,The Da Vinci Code,Author,0,0.0,1.0,136.10639000035007,False,quest_kg,0
WebQTest-326,what did gerald r ford die from,Cardiovascular disease,The Assassination of Richard Nixon,0,0.0,1.0,68.86766499883379,False,quest_kg,0
WebQTest-327,what two continents is turkey on,Europe,Cyprus Observer,0,0.0,1.0,42.10764700110303,False,quest_kg,6
WebQTest-328,where did kevin love go to college,"University of California, Los Angeles",Kansas City Public Schools,0,0.0,1.0,136.21774300190737,False,quest_kg,0
WebQTest-329,what type of government was formed when italy unified,Unitary state,Rome,0,0.0,1.0,49.12280599819496,False,quest_kg,25
WebQTest-331,where was the temple of karnak built,Luxor Governorate,Philosopher,0,0.0,1.0,148.9609449999989,False,quest_kg,0
WebQTest-333,what movies did morgan freeman star in,High Crimes,Stonehearst Asylum,0,0.0,1.0,128.2508179974684,False,quest_kg,0
WebQTest-334,who did john kennedy have affairs with,Marilyn Monroe,JFK,0,0.0,1.0,70.14447699839366,False,quest_kg,0
WebQTest-335,what type of money to take to cuba,Cuban peso,1900 Galveston hurricane,0,0.0,1.0,47.58236500128987,False,quest_kg,0
WebQTest-336,what currency should you take to morocco,Moroccan dirham,Egyptian pound,0,0.0,1.0,140.2650870004436,False,quest_kg,0
WebQTest-337,who is mary mcleod bethune for kids,Educator,Amasa Coleman Lee,0,0.0,1.0,138.59441800013883,False,quest_kg,0
WebQTest-338,what do they call money in japan,Japanese yen,Osaka Prefecture,0,0.0,1.0,43.562421000387985,False,quest_kg,0
WebQTest-339,what nationality is mother teresa,Ottoman Empire,Philanthropist,0,0.0,1.0,152.88210000289837,False,quest_kg,0
WebQTest-340,who is richard pryor son,Steven Pryor,United States of America,0,0.0,1.0,138.82296800147742,False,quest_kg,0
WebQTest-341,what countries share borders with spain,France,Portugal,1,1.0,1.0,44.269259000429884,False,quest_kg,14
WebQTest-342,what countries have english as their official language,Sudan,Nauruan Language,0,0.0,1.0,82.72908300205017,False,quest_kg,0
WebQTest-343,what international organizations is china part of,G-20 major economies,United States of America,0,0.3333333333333333,1.0,39.45229099917924,False,quest_kg,0
WebQTest-344,what county is west st paul in,Dakota County,Woodsboro,0,0.0,1.0,118.27565299972775,False,quest_kg,0
WebQTest-346,who does donnie wahlberg play in the sixth sense,Vincent Grey,Novelist,0,0.0,1.0,146.6708510015451,False,quest_kg,0
WebQTest-347,what did baron de montesquie influence,William Blackstone,Desiderius Erasmus,0,0.0,1.0,56.48485599886044,False,quest_kg,0
WebQTest-349,who did carlos boozer play for,Cleveland Cavaliers,Position players selected previously,0,0.0,1.0,162.39272100210655,False,quest_kg,0
WebQTest-351,who owns the portland press herald,"Blethen Maine Newspapers, Inc.",Sunday Correspondent,0,0.0,1.0,175.4914010016364,False,quest_kg,0
WebQTest-352,what did albert speer design,Deutsches Stadion,Activist,0,0.0,1.0,144.84206999986782,False,quest_kg,0
WebQTest-354,what art movement did leonardo da vinci belong to,High Renaissance,Nicolás Gómez Dávila,0,0.0,1.0,125.25461800032645,False,quest_kg,0
WebQTest-356,what airport is near arlington tx,Arlington Municipal Airport,30341,0,0.0,1.0,144.44910599922878,False,quest_kg,0
WebQTest-359,what team does heskey play for,Aston Villa F.C.,Philips Arena,0,0.0,1.0,135.4705819976516,False,quest_kg,0
WebQTest-360,where did emperor hirohito live,"Aoyama, Minato, Tokyo",Asia,0,0.0,1.0,147.5596329983091,False,quest_kg,0
WebQTest-361,what to do and see in vienna austria,Liechtenstein Museum,Netherlands,0,0.0,1.0,116.73373599842307,False,quest_kg,0
WebQTest-362,when did conflict start in ireland,Irish Confederate Wars,Lurcher,0,0.0,1.0,37.83456000019214,False,quest_kg,0
WebQTest-365,what is there to do in peoria illinois,John C. Flanagan House Museum,St. Joseph River,0,0.0,1.0,132.55019699863624,False,quest_kg,0
WebQTest-366,what language do british speak,Esperanto Language,British Sign Language,1,1.0,1.0,100.52912000173819,False,quest_kg,6
WebQTest-367,what makes elvis presley famous,Musician,"Assassination of Martin Luther King, Jr.",0,0.0,1.0,72.26304499999969,False,quest_kg,0
WebQTest-370,what language do people speak in the netherlands,Dutch Language,Denmark–Norway,0,0.0,1.0,47.48066699903575,False,quest_kg,0
WebQTest-371,what are the major languages spoken in greece,Greek Language,Netherlands,0,0.0,1.0,44.710040998324985,False,quest_kg,0
WebQTest-374,what type of artist is henri matisse,Painting,René Descartes,0,0.0,1.0,131.6434719992685,False,quest_kg,0
WebQTest-375,what was the first book charles dickens wrote,Oliver Twist,Write That Book Already!,0,0.0,1.0,86.9837419995747,False,quest_kg,0
WebQTest-376,what books did agatha christie wrote,Death On The Nile (Hercule Poirot Mysteries (Paperback)),"Published & Perished: Memoria, Eulogies & Remembrances of American Writers",0,0.18181818181818182,1.0,83.66154399845982,False,quest_kg,0
WebQTest-377,what school did michael jordan attend,University of North Carolina at Chapel Hill,Martin Luther King Middle School,0,0.20000000000000004,1.0,96.33566900083679,False,quest_kg,0
WebQTest-379,what year does hitler die,1945-04-30,20th century,0,0.0,1.0,142.39686600194545,False,quest_kg,0
WebQTest-380,where is mount st helens volcano,North America,Saint Elias Mountains,0,0.0,1.0,144.45441199859488,False,quest_kg,0
WebQTest-381,what shows are shot in new york,Trial Heat,Elite SEM,0,0.0,1.0,61.38335400100914,False,quest_kg,0
WebQTest-382,what book did tupac write,The Rose That Grew from Concrete,West Coast hip hop,0,0.0,1.0,77.02394400257617,False,quest_kg,0
WebQTest-383,what language do chinese people write in,Simplified Chinese character,Western Asia,0,0.0,1.0,133.3304779982427,False,quest_kg,0
WebQTest-384,what was robert burns famous for,Bard,Civil rights activist,0,0.0,1.0,142.54353000069386,False,quest_kg,0
WebQTest-385,when did william mckinley died,1901-09-14,Woodrow Wilson,0,0.0,1.0,58.25670500053093,False,quest_kg,0
WebQTest-386,how deep is lake merritt oakland,3.048,Lake Hamilton,0,0.0,1.0,138.99015299830353,False,quest_kg,0
WebQTest-388,what are the important holidays of islam,Mawlid,United Kingdom,0,0.0,1.0,24.589597000158392,False,quest_kg,0
WebQTest-389,what type of music did claude debussy play,Incidental music,"Influenced Debussy, Rachmaninov, Conan Doyle and Verne.",0,0.0,1.0,52.14407600215054,False,quest_kg,0
WebQTest-390,when was the last time the toronto maple leafs were in the stanley cup finals,1967 Stanley Cup Finals,Field hockey,0,0.0,1.0,129.2557710003166,False,quest_kg,0
WebQTest-392,what team is hank baskett on 2010,Indianapolis Colts,Bullpen Rib House,0,0.0,1.0,187.2315289983817,False,quest_kg,0
WebQTest-393,what are the two official languages of paraguay,Spanish Language,Cuba,0,0.0,1.0,173.82940300012706,False,quest_kg,10
WebQTest-395,what state is the steelers from,Pittsburgh,Atlantic Coast Conference,0,0.0,1.0,152.68673500031582,False,quest_kg,3
WebQTest-396,what college did sir isaac newton go to,"Trinity College, Cambridge",John Henry Newman,0,0.0,1.0,62.33718399744248,False,quest_kg,0
WebQTest-397,what are the school colors for harvard university,Crimson,Emory University,0,0.0,1.0,55.843049001850886,False,quest_kg,0
WebQTest-398,where is the university of the rockies located,Colorado,Yukon,0,0.0,1.0,125.54382500093197,False,quest_kg,37
WebQTest-399,what disease does robin roberts have,Breast cancer,Sickle cell disease,0,0.0,1.0,61.832493000110844,False,quest_kg,0
WebQTest-400,what was the capital city of the east roman empire,Constantinople,Italy,0,0.0,1.0,144.6512510010507,False,quest_kg,0
WebQTest-401,who plays edward scissorhands,Johnny Depp,Catholicism,0,0.0,1.0,142.89695299885352,False,quest_kg,0
WebQTest-402,what does joey jordison play in slipknot,Drums,Carl Schmitt,0,0.0,1.0,136.10236500244355,False,quest_kg,0
WebQTest-403,what kind of language does turkey speak,Ladino Language,Cyprus Observer,0,0.0,1.0,42.14828700060025,False,quest_kg,0
WebQTest-404,what was lebron james first team,Cleveland Cavaliers,White people,0,0.0,1.0,147.3411630031478,False,quest_kg,0
WebQTest-405,who fought the battle of gettysburg,Confederate States of America,Battle of Fredericksburg,0,0.28571428571428575,1.0,38.13804700257606,False,quest_kg,9
WebQTest-406,who is the coach of the sf giants,Bill Hayes,Athlete,0,0.0,1.0,110.36745900128153,False,quest_kg,0
WebQTest-408,who was the first president of the afl,Bud Adams,Players,0,0.0,1.0,133.4575330001826,False,quest_kg,0
WebQTest-409,where did giuliana rancic grow up,Naples,Paul Georgescu,0,0.0,1.0,136.2871319979604,False,quest_kg,0
WebQTest-410,what are the major cities in ukraine,Kiev,Paris,0,0.0,1.0,132.1586659978493,False,quest_kg,0
WebQTest-414,who does brian dawkins play for 2011,Denver Broncos,Singer,0,0.0,1.0,138.74244399994495,False,quest_kg,0
WebQTest-415,what movies did tupac star in,Juice,Pac's Life,0,0.0,1.0,71.04878800237202,False,quest_kg,0
WebQTest-416,what form of currency does china have,Renminbi,Currency Used,0,0.0,1.0,38.71854300086852,False,quest_kg,0
WebQTest-417,who plays kenneth,Jack McBrayer,Manhattan,0,0.0,1.0,140.03662100003567,False,quest_kg,0
WebQTest-418,what league are the indianapolis colts in,AFC South,East North Central States,0,0.0,1.0,118.53832300039358,False,quest_kg,0
WebQTest-419,what country did magellan represent,Kingdom of Portugal,Maryland,0,0.0,1.0,130.7012350007426,False,quest_kg,0
WebQTest-420,where is perpignan located,France,Scandinavia,0,0.0,1.0,154.93244599929312,False,quest_kg,0
WebQTest-421,who did kim richards marry,G. Monty Brinson,Michigan,0,0.0,1.0,163.94786200180533,False,quest_kg,0
WebQTest-422,what happened in bosnia in the 90s,Foča massacres,War against Sigismund,0,0.4,1.0,112.60703900188673,False,quest_kg,0
WebQTest-423,when 's the last time the steelers won the superbowl,Super Bowl XLIII,UTC−05:00,0,0.0,1.0,118.10313800015138,False,quest_kg,0
WebQTest-425,where english is spoken,Nigeria,Wales,1,1.0,1.0,78.81783199991332,False,quest_kg,16
WebQTest-426,where is giza pyramids located,Egypt,Ras Burqa massacre,0,0.0,1.0,116.65524899945012,False,quest_kg,0
WebQTest-427,what is the zip code for midland tx,79701,Mountain Time Zone,0,0.0,1.0,120.22878200150444,False,quest_kg,0
WebQTest-428,what states make up the midwest us,Ohio,Midwest as shown by U.S. Census Bureau official map from [3],0,0.0,1.0,53.96735899921623,False,quest_kg,26
WebQTest-430,what instruments does justin bieber use,Vocals,Justin Timberlake,0,0.0,1.0,56.24626200005878,False,quest_kg,0
WebQTest-431,what language does australians speak,Esperanto Language,Esperanto Language,1,1.0,1.0,44.80097399937222,False,quest_kg,1
WebQTest-432,who did annie oakley married,Frank E. Butler,Poet,0,0.0,1.0,152.4236719997134,False,quest_kg,0
WebQTest-433,who has played lex luthor,Kevin Spacey,Chandra Davis,0,0.0,1.0,113.4146629992756,False,quest_kg,0
WebQTest-434,where does the zambezi river start,Mwinilunga,Waterville,0,0.0,1.0,132.82478799737873,False,quest_kg,0
WebQTest-436,what is the nigeria time,West Africa Time Zone,Time zone(s),0,0.5714285714285715,1.0,38.60088100191206,False,quest_kg,0
WebQTest-437,where did they find jenni rivera 's body,Iturbide,Puerto Rico,0,0.0,1.0,146.95694200054277,False,quest_kg,0
WebQTest-438,what university did romney graduated from,Brigham Young University,Princeton University,0,0.4,1.0,126.69713500145008,False,quest_kg,0
WebQTest-439,where is the time zone line in south dakota,Mountain Time Zone,Pacific Time Zone,0,0.6666666666666666,1.0,50.931295001646504,False,quest_kg,6
WebQTest-440,where is jason mraz from,Mechanicsville,Tennis player,0,0.0,1.0,154.89253500345512,False,quest_kg,0
WebQTest-441,what killed john bonham,Inhalation of vomit,Judge,0,0.0,1.0,140.1700560018071,False,quest_kg,0
WebQTest-442,what industry does walmart operate in,Retail,Pennsylvania Real Estate Investment Trust,0,0.0,1.0,149.97646200208692,False,quest_kg,29
WebQTest-443,what county is texarkana arkansas in,Miller County,Dallas County,0,0.5,1.0,50.68971699802205,False,quest_kg,0
WebQTest-446,what music period did beethoven live in,Opera,Psychobilly,0,0.0,1.0,101.409386999876,False,quest_kg,0
WebQTest-447,what did laura ingalls wilder wrote,Going West (My First Little Houe Books),Mark Twain,0,0.0,1.0,141.82736400107387,False,quest_kg,0
WebQTest-448,what type of government system does italy have,Unitary state,European Parliament,0,0.0,1.0,48.839343999134144,False,quest_kg,27
WebQTest-449,what did john irving wrote,A Prayer for Owen Meany,The Fitzgeralds and the Kennedys,0,0.3636363636363636,1.0,147.81743500134326,False,quest_kg,0
WebQTest-450,what is the national flower of hawaii,Hawaiian hibiscus,Displays2Go,0,0.0,1.0,53.841485001612455,False,quest_kg,0
WebQTest-451,what did alice paul accomplish,Organization founder,Lawyer,0,0.0,1.0,138.5477969997737,False,quest_kg,0
WebQTest-453,what languages do they speak in costa rica,Bribri Language,Jamaican Creole English Language,1,1.0,1.0,37.86198599846102,False,quest_kg,0
WebQTest-454,where did hank marvin come from,Newcastle upon Tyne,Actor,0,0.0,1.0,146.1983080007485,False,quest_kg,0
WebQTest-455,when did chipper jones get drafted,1990 Major League Baseball Draft,Composer,0,0.0,1.0,146.07758000056492,False,quest_kg,0
WebQTest-456,what part did winona ryder play in star trek,Amanda Grayson,Tracey Edmonds,0,0.0,1.0,128.04650899852277,False,quest_kg,0
WebQTest-459,where did jovan belcher kill himself,Kansas City,"Three months later, Poe resigned from the magazine and under the strain of no job and his desperate fears about his wife, he began to drink again.",0,0.0,1.0,158.50234299796284,False,quest_kg,0
WebQTest-461,where did clay matthews go to school,University of Southern California,Teacher,0,0.0,1.0,121.14968199966825,False,quest_kg,0
WebQTest-462,what time is it in texas houston right now,Central Time Zone,Lahore,0,0.0,1.0,49.33089999758522,False,quest_kg,6
WebQTest-463,who is princess leia in star wars,Carrie Fisher,Michael Leib,0,0.0,1.0,126.74050100031309,False,quest_kg,0
WebQTest-464,what is the political structure of china,Single-party state,Guam,0,0.0,1.0,39.915891000418924,False,quest_kg,0
WebQTest-465,what is new york city airport,Newark Liberty International Airport,Manhattan,0,0.0,1.0,59.56637900089845,False,quest_kg,0
WebQTest-466,what language brazil speak,Brazilian Portuguese,Portuguese Language,1,1.0,1.0,36.73294400141458,False,quest_kg,0
WebQTest-467,who played obi wan in episode 2,Ewan McGregor,Professor,0,0.0,1.0,128.292400000646,False,quest_kg,0
WebQTest-468,where did venus williams come from,Lynwood,Preterm birth,0,0.0,1.0,167.79816300186212,False,quest_kg,0
WebQTest-469,what currency is used in panama,Panamanian balboa,Puerto Rico,0,0.0,1.0,139.83329999973648,False,quest_kg,0
WebQTest-470,where does the zambezi river originate,Mwinilunga,Waterville,0,0.0,1.0,131.6518140010885,False,quest_kg,0
WebQTest-472,what team did ronaldo play for in 2003,Real Madrid C.F.,Injured by,0,0.0,1.0,156.14988900051685,False,quest_kg,0
WebQTest-473,where does robin williams live 2011,San Francisco,Biography,0,0.0,1.0,164.10245500082965,False,quest_kg,0
WebQTest-474,who played jacob black in twilight,Taylor Lautner,'The Twilight Saga: New Moon' cast to make in-store appearances,0,0.0,1.0,141.47945000149775,False,quest_kg,0
WebQTest-477,which airport to fly into in buenos aires,Aeroparque Jorge Newbery,South America,0,0.0,1.0,34.77988499798812,False,quest_kg,0
WebQTest-479,what team did adrian peterson play for in college,University of Oklahoma,Players,0,0.0,1.0,121.2625130028755,False,quest_kg,0
WebQTest-480,where does name pennsylvania come from,William Penn,The Daily Pennsylvanian,0,0.0,1.0,56.75670399796218,False,quest_kg,0
WebQTest-481,what kind of money do they use in germany,Euro,German city,0,0.0,1.0,49.871327999426285,False,quest_kg,0
WebQTest-482,who plays blaine in batman,Tom Hardy,Martial Artist,0,0.0,1.0,45.669438997720135,False,quest_kg,0
WebQTest-484,what language does australia use,Esperanto Language,Esperanto Language,1,1.0,1.0,44.09437400317984,False,quest_kg,1
WebQTest-487,who did veronica lake mary,Joseph A. McCarthy,Kenia Sinclair,0,0.0,1.0,151.5397010007291,False,quest_kg,0
WebQTest-488,who did sir francis drake marry,Elizabeth Sydenham,"henri de saint-simon fought against charles cornwallis, 1st marquess cornwallis",0,0.0,1.0,151.4692370001285,False,quest_kg,0
WebQTest-489,who plays stephanie plum in one for the money,Katherine Heigl,Trina,0,0.0,1.0,135.2973680004652,False,quest_kg,0
WebQTest-490,what did the ancient romans speak,Latin Language,Augustine on Romans,0,0.0,1.0,39.062732001184486,False,quest_kg,3
WebQTest-491,what does ringo sing,Love Me Do,Eric Spear,0,0.0,1.0,110.45170999932452,False,quest_kg,0
WebQTest-492,where was st. lucy born,Syracuse,Aleen Bailey,0,0.0,1.0,162.94588100208784,False,quest_kg,0
WebQTest-493,what type of government does australia have,Parliamentary system,Australian House of Representatives,0,0.0,1.0,45.20673500155681,False,quest_kg,0
WebQTest-497,who was the father of king george vi,George V,Alfred Daniel Williams King,0,0.0,1.0,149.8385960003361,False,quest_kg,0
WebQTest-500,what is the zip code for trenton,08607,Central Time Zone,0,0.0,1.0,122.00608900093357,False,quest_kg,0
WebQTest-501,what has ashley greene been in,King of California,Grace Hutchinson,0,0.0,1.0,151.02945499893394,False,quest_kg,0
WebQTest-502,where did al qaeda attack,September 11 attacks,Arabic Language,0,0.0,1.0,126.64597299954039,False,quest_kg,0
WebQTest-503,what language is spoken in switzerland,French,Swedish Language,0,0.5,1.0,42.43594400031725,False,quest_kg,12
WebQTest-504,who was philip in acts chapter 8,Apostle Philip,Wan Azizah Wan Ismail,0,0.0,1.0,120.7897589993081,False,quest_kg,0
WebQTest-506,what the time zone in england,Greenwich Mean Time Zone,Greenwich Mean Time Zone,1,1.0,1.0,52.82162400180823,False,quest_kg,1
WebQTest-508,what is the best currency to take to turkey,Turkish lira,Greece,0,0.0,1.0,42.166529998212354,False,quest_kg,0
WebQTest-509,what system of government is practiced in nigeria,Presidential system,Ghana,0,0.0,1.0,38.88137800095137,False,quest_kg,0
WebQTest-512,who were mary shelley,Author,Johann Wolfgang von Goethe,0,0.0,1.0,63.21062300048652,False,quest_kg,29
WebQTest-513,what language do most australians speak,Esperanto Language,France,0,0.0,1.0,44.32617800193839,False,quest_kg,2
WebQTest-514,where is denmark situated,Scandinavia,Scandinavian Peninsula,0,0.0,1.0,42.89782599880709,False,quest_kg,4
WebQTest-515,where was teddy roosevelt 's house,"Washington, D.C.",Eleanor Roosevelt,0,0.0,1.0,62.653758002852555,False,quest_kg,11
WebQTest-516,what is the government system of malaysia,Parliamentary system,Cayman Islands,0,0.0,1.0,141.01811599903158,False,quest_kg,21
WebQTest-517,what do people speak in canada,Lojban,Canadian English,1,1.0,1.0,58.923391999996966,False,quest_kg,0
WebQTest-518,what type of money do they use in costa rica,Costa Rican colón,Nicaragua,0,0.0,1.0,38.22060799939209,False,quest_kg,0
WebQTest-519,what timezone is nashville tn,Central Time Zone,Tennessee State Capitol,0,0.0,1.0,54.444676999992225,False,quest_kg,8
WebQTest-521,who was anakin skywalker,Ted Bracewell,India,0,0.0,1.0,134.61611100137816,False,quest_kg,0
WebQTest-522,where did adolf hitler die,Berlin,Europe,0,0.0,1.0,125.29447699853336,False,quest_kg,24
WebQTest-523,what is the largest nation in europe,Russia,European Union,0,0.0,1.0,60.49539099694812,False,quest_kg,18
WebQTest-524,where was the first gulf war fought,Israel,Military - Dead,0,0.0,1.0,25.077147998672444,False,quest_kg,0
WebQTest-525,who are the senators of virginia 2013,Jim Webb,United States Senate,0,0.0,1.0,54.8793919988384,False,quest_kg,0
WebQTest-526,what band was george clinton in,Funkadellic,Jeffrey Osborne,0,0.0,1.0,68.36972099699778,False,quest_kg,0
WebQTest-527,what country borders slovakia,Ukraine,Malmö Municipality,0,0.0,1.0,134.83826700030477,False,quest_kg,0
WebQTest-528,what was james garfield most known for,US President,Cholera,0,0.0,1.0,145.37180000115768,False,quest_kg,44
WebQTest-529,where did paula deen go to school,Albany High School,Twelfth grade,0,0.0,1.0,96.30488699986017,False,quest_kg,0
WebQTest-530,where does robert irvine come from,Salisbury,"He was elected chairman (1761-62) of the Committee of Colonies and Trade and of the Royal Society for the Encouragement of the Arts, Manufactures and Commerce, which had been founded by Shipley in 1754, with the aid of Sir Joshua Reynolds and Dr. Johnson, and which was the predecessor of the Royal Academy of Arts, founded in 1768.",0,0.0,1.0,172.83994399986113,False,quest_kg,0
WebQTest-531,what style of music does michael jackson perform,Post-disco,Hip hop music,0,0.4,1.0,82.912750000105,False,quest_kg,0
WebQTest-532,what does david beckham play,Football,Parents,0,0.0,1.0,45.654284000193,False,quest_kg,0
WebQTest-533,what does julian lennon do,Actor,Rihanna,0,0.0,1.0,153.98273400205653,False,quest_kg,10
WebQTest-534,what is the milwaukee brewers mascot,Bonnie Brewer,Venue,0,0.0,1.0,163.96541599897319,False,quest_kg,0
WebQTest-535,what is the second biggest state in the united states,Texas,Boston,0,0.0,1.0,77.08708599966485,False,quest_kg,5
WebQTest-537,what has charlie hunnam been in,Children of Men,Journalist,0,0.0,1.0,168.19777999990038,False,quest_kg,0
WebQTest-538,what are all the movies taylor swift has been in,Valentine's Day,Singer,0,0.0,1.0,159.86831299960613,False,quest_kg,0
WebQTest-540,what college did brett favre,University of Southern Mississippi,University of Alabama,0,0.5714285714285715,1.0,135.75834699804545,False,quest_kg,0
WebQTest-542,where did alex chilton die,New Orleans,Alistair Longford,0,0.0,1.0,165.6445829976292,False,quest_kg,0
WebQTest-543,what college did martin luther king jr go to,Morehouse College,Richmond Public Schools,0,0.0,1.0,59.9420899998222,False,quest_kg,0
WebQTest-545,what kind of cancer did farrah fawcett die of,Anal cancer,Selma,0,0.0,1.0,137.04374300141353,False,quest_kg,0
WebQTest-546,who is michael j fox 's wife,Tracy Pollan,Person,0,0.0,1.0,142.0069269988744,False,quest_kg,0
WebQTest-547,what money do i use in costa rica,Costa Rican colón,Jamaica,0,0.0,1.0,50.469597001210786,False,quest_kg,0
WebQTest-548,what guitar did joe walsh play,Fender Stratocaster,1Club.FM: V101,0,0.0,1.0,138.1350890005706,False,quest_kg,0
WebQTest-549,what are the official languages of the eu,Swedish Language,German Language,1,1.0,1.0,50.47198000102071,False,quest_kg,47
WebQTest-550,what is ryan seacrest radio show,American Top 40,Ruben Studdard,0,0.0,1.0,101.16514500259655,False,quest_kg,0
WebQTest-552,what language do most italians speak,Italian Language,Language,0,0.6666666666666666,1.0,49.79240800093976,False,quest_kg,5
WebQTest-554,what money do they use in spain,Euro,Antigua and Barbuda,0,0.0,1.0,68.40658299915958,False,quest_kg,0
WebQTest-555,what did drew barrymore go to rehab for,Cocaine,Bill Podmore,0,0.0,1.0,170.29562699826784,False,quest_kg,0
WebQTest-556,when is saint george day celebrated,April 23,Montego Bay,0,0.0,1.0,149.18569799920078,False,quest_kg,0
WebQTest-557,what government did the roman empire have,Autocracy,Augustine on Romans,0,0.0,1.0,59.4530800008215,False,quest_kg,0
WebQTest-559,what instrument did robin gibb play,Vocals,Thomas Bloch,0,0.0,1.0,143.34556900212192,False,quest_kg,0
WebQTest-560,who voiced darth vader,Matt Lanter,Singer,0,0.0,1.0,139.53251400016597,False,quest_kg,0
WebQTest-561,when was abe lincoln president,Abraham Lincoln 1861 presidential inauguration,"Martin Luther King, Jr.",0,0.0,1.0,73.12531999923522,False,quest_kg,0
WebQTest-562,where are the texas rangers playing,Rangers Ballpark in Arlington,Manchester Parish,0,0.0,1.0,153.51278399975854,False,quest_kg,0
WebQTest-564,what is arkansas state capitol,Little Rock,Annapolis,0,0.0,1.0,135.2930169996398,False,quest_kg,0
WebQTest-567,what is the zip code for nogales az,85621,31139,0,0.0,1.0,144.27755700307898,False,quest_kg,0
WebQTest-568,when did michael vick start playing for the eagles,2009,40-yard dash time,0,0.0,1.0,126.60689600306796,False,quest_kg,0
WebQTest-570,what is william taft famous for,Lawyer,Robert A. Taft,0,0.0,1.0,140.72352799848886,False,quest_kg,0
WebQTest-572,where did robin cook die,Inverness,H. G. Wells,0,0.0,1.0,158.93699600201217,False,quest_kg,0
WebQTest-573,where did melba beals live,Arkansas,Philadelphia,0,0.0,1.0,179.64489500081982,False,quest_kg,0
WebQTest-575,who is louisiana state senator,Alexander Barrow,United States Senator,0,0.0,1.0,47.52914299751865,False,quest_kg,0
WebQTest-576,what are the 7 countries that are part of central america,Panama,Colombia,0,0.6666666666666666,1.0,38.2239259997732,False,quest_kg,0
WebQTest-577,where did derek fisher go to college,University of Arkansas at Little Rock,Center,0,0.0,1.0,141.3996800001769,False,quest_kg,0
WebQTest-578,who was kobe bryant drafted by,Charlotte Hornets,LSU Tigers football,0,0.0,1.0,122.50324399792589,False,quest_kg,0
WebQTest-579,where are the new orleans hornets moving to,Charlotte,2003 NBA All-Star Game,0,0.0,1.0,125.57952199858846,False,quest_kg,0
WebQTest-580,what language does algerian people speak,French,Nigeria,0,0.0,1.0,39.15849000259186,False,quest_kg,0
WebQTest-581,where was anne boleyn executed,Tower of London,Late 20th Century,0,0.0,1.0,153.81640699706622,False,quest_kg,0
WebQTest-582,what did galileo do to become famous,Mathematician,Edmund Husserl,0,0.0,1.0,111.94295699897339,False,quest_kg,0
WebQTest-583,what school did martin luther king jr received his doctorate degree from,Boston University,Richmond Public Schools,0,0.0,1.0,69.41800899949158,False,quest_kg,0
WebQTest-584,where buddha come from,Kapilavastu,Muhammad in Islam,0,0.0,1.0,46.28231899914681,False,quest_kg,0
WebQTest-585,what did king henry viii rule,England,Louisa May Alcott,0,0.0,1.0,143.7397059999057,False,quest_kg,0
WebQTest-586,what type of cancer did larry hagman have,Leukemia,Samuel Beckett,0,0.0,1.0,131.45350200284156,False,quest_kg,0
WebQTest-588,what wars did robert e lee served in,Battle of South Mountain,Battle of Gaines's Mill,1,1.0,1.0,131.5247390011791,False,quest_kg,0
WebQTest-589,what russian language called,Russian Language,Yiddish Language,0,0.5,1.0,39.335477998974966,False,quest_kg,0
WebQTest-590,who is in charge of libya now,Abdullah al-Thani,Libyan Desert,0,0.0,1.0,33.228109998162836,False,quest_kg,0
WebQTest-592,when did shays rebellion start,1786,Ras Burqa massacre,0,0.0,1.0,109.44867299986072,False,quest_kg,0
WebQTest-593,what kind of disease does montel williams have,Multiple sclerosis,Stroke,0,0.0,1.0,104.12514500058023,False,quest_kg,0
WebQTest-595,when is the last time the ravens won a superbowl,Super Bowl XLVII,Paper Lion: Confessions of a Last-String Quarterback,0,0.0,1.0,122.87090199970407,False,quest_kg,0
WebQTest-596,where did kansas city royals come from,Kansas City,Indiana,0,0.0,1.0,160.35488600027747,False,quest_kg,0
WebQTest-597,what style of music does john mayer play,Acoustic music,Musician,0,0.0,1.0,72.4211419983476,False,quest_kg,0
WebQTest-599,what inventions did thomas edison invent list,Carbon microphone,Inventions,0,0.0,1.0,103.97799299971666,False,quest_kg,0
WebQTest-600,where did djokovic come from,Serbia,Dubai Tennis Championships,0,0.0,1.0,50.24808199959807,False,quest_kg,0
WebQTest-602,what part of the country is new england,Northeastern United States,North America,0,0.0,1.0,49.479486002383055,False,quest_kg,0
WebQTest-603,what money to take to turkey,Turkish lira,Greece,0,0.0,1.0,41.610484000557335,False,quest_kg,0
WebQTest-604,what kind of music did jimi hendrix play,Psychedelic rock,Glass harmonica,0,0.0,1.0,99.82317600224633,False,quest_kg,0
WebQTest-605,what degrees did obama get in college,Juris Doctor,African-American history,0,0.0,1.0,73.91116600047098,False,quest_kg,0
WebQTest-606,who were alexander graham bell 's siblings,Edward Charles Bell,Philadelphia,0,0.0,1.0,162.27780999906827,False,quest_kg,0
WebQTest-608,when did liverpool fc last win the champions league,2012 Football League Cup Final,"Wed 4 Feb, 1987",0,0.0,1.0,94.56451200094307,False,quest_kg,0
WebQTest-609,who played jeannie,Barbara Eden,Physician,0,0.0,1.0,123.89805700149736,False,quest_kg,0
WebQTest-611,where was st peter killed,Rome,Père Lachaise Cemetery,0,0.0,1.0,148.98082000217983,False,quest_kg,0
WebQTest-612,who does jeremy shockey play for in 2012,Carolina Panthers,2012 Wimbledon Championships – Men's Singles,0,0.0,1.0,131.11227300032624,False,quest_kg,0
WebQTest-613,what college did deion sanders jr go to,Florida State University,Deion Sanders,0,0.0,1.0,47.6312600003439,False,quest_kg,0
WebQTest-614,when did the battle of alamo start,1836-02-23,25th Louisiana Infantry Regiment,0,0.0,1.0,118.47740200028056,False,quest_kg,0
WebQTest-615,what were the names of henry viii 's three children,"Henry, Duke of Cornwall",Yorkshire and the Humber,0,0.16666666666666666,1.0,141.12815799671807,False,quest_kg,0
WebQTest-616,what was queen elizabeth ii childhood nickname,Elizabeth II,Antigua and Barbuda,0,0.0,1.0,60.181057000590954,False,quest_kg,29
WebQTest-617,where did tim tebow grow up,Makati,Rooster,0,0.0,1.0,167.13881499890704,False,quest_kg,0
WebQTest-618,where is chesapeake bay bridge,Anne Arundel County,Martin Luther King Bridge,0,0.0,1.0,127.53976899693953,False,quest_kg,0
WebQTest-619,who played victoria barkley,Barbara Stanwyck,Harper Seven Beckham,0,0.0,1.0,126.26750800336595,False,quest_kg,0
WebQTest-620,where did kennedy 's inaugural address take place,United States Capitol,He spent his last years as an honoured citizen and was invited to read a poem at the inauguration of President Kennedy.,0,0.0,1.0,58.27440799839678,False,quest_kg,36
WebQTest-621,what countries have german as the official language,Belgium,French,0,0.0,1.0,38.31822500069393,False,quest_kg,0
WebQTest-622,where did the taliban began,Afghanistan,Turkey,0,0.0,1.0,128.70656000086456,False,quest_kg,0
WebQTest-624,who plays elena gilbert on vampire diaries,Nina Dobrev,Romania,0,0.0,1.0,152.1714670016081,False,quest_kg,0
WebQTest-626,what does the missouri river bisect,South Dakota,Waterville,0,0.0,1.0,124.58170799800428,False,quest_kg,0
WebQTest-627,what nationality is taylor lautner jacob black,United States of America,Singer,0,0.0,1.0,159.8300890000246,False,quest_kg,31
WebQTest-628,what animal represents california,California grizzly bear,San Francisco,0,0.0,1.0,65.19520299843862,False,quest_kg,0
WebQTest-629,what company does nike own,NIKE IHM Inc,Latoya Greaves,0,0.0,1.0,142.97028500004672,False,quest_kg,0
WebQTest-630,what language do colombian people speak,Cuiba language,Guatemala,0,0.0,1.0,38.05955099960556,False,quest_kg,0
WebQTest-631,what year did ray allen join the nba,1996,Norman Mailer,0,0.0,1.0,147.03222699972684,False,quest_kg,0
WebQTest-633,what is claire danes famous for,Voice Actor,Theater Actress,0,0.0,1.0,147.66828400024679,False,quest_kg,0
WebQTest-634,what county is san antonio in,Medina County,"Cleveland, TN MSA HUD Section 8 Area",0,0.0,1.0,101.65850799967302,False,quest_kg,0
WebQTest-635,what characters does matt stone do,Terrance Henry Stoot,Julia Child,0,0.0,1.0,146.67965399712557,False,quest_kg,0
WebQTest-636,what timezone is the state of michigan and,UTC−05:00,Pacific Time Zone,0,0.6666666666666666,1.0,52.663270998891676,False,quest_kg,0
WebQTest-637,what type of government did soviet union have,Soviet democracy,Sami Parliament of Sweden,0,0.0,1.0,157.43670600204496,False,quest_kg,0
WebQTest-638,what languages are there in japan,Esperanto Language,Miyazaki Prefecture,0,0.0,1.0,43.65830599999754,False,quest_kg,14
WebQTest-639,what year did the bulls get rodman,1995,Philip K. Dick,0,0.0,1.0,146.79064099982497,False,quest_kg,0
WebQTest-640,who was saint paul the apostle,Missionary,The missionary character of Paul's stay on Malta (Acts 28:1-10) according to the early church,0,0.10526315789473684,1.0,55.615199999010656,False,quest_kg,0
WebQTest-642,where did vince scully go to college,Fordham University,Wrestler,0,0.0,1.0,119.32929099930334,False,quest_kg,0
WebQTest-643,where does princess leia live,Alderaan,Laurel Hill Cemetery,0,0.0,1.0,135.27235800211201,False,quest_kg,0
WebQTest-644,what famous people are from el salvador,Mario Wilfredo Contreras,Honduras,0,0.0,1.0,38.9308349986095,False,quest_kg,0
WebQTest-645,what type of art did leonardo da vinci make,Painting,Nicolás Gómez Dávila,0,0.0,1.0,124.94641299781506,False,quest_kg,45
WebQTest-646,where did mary bell live,Newcastle upon Tyne,Brookline,0,0.0,1.0,166.1731059975864,False,quest_kg,0
WebQTest-648,who did kimberly williams marry,Brad Paisley,Frederick,0,0.0,1.0,155.14128699942376,False,quest_kg,0
WebQTest-649,what other movies has ryan gosling been in,Lars and the Real Girl,Floyd Crosby,0,0.0,1.0,128.8429880005424,False,quest_kg,0
WebQTest-650,what political party does julia gillard belong to,Australian Labor Party,Augustine of Hippo,0,0.0,1.0,137.22028299889644,False,quest_kg,0
WebQTest-651,what is the currency of germany now,Euro,German Language,0,0.0,1.0,49.49507100172923,False,quest_kg,0
WebQTest-652,what kind of hispanic is selena gomez,Italian American,El corazón delator,0,0.0,1.0,150.73474399832776,False,quest_kg,0
WebQTest-653,who did denise van outen married,Lee Mead,A survey of Christian epistemology,0,0.0,1.0,152.2884799996973,False,quest_kg,0
WebQTest-654,what are egyptian money called,Egyptian pound,Egyptian pound,1,1.0,1.0,45.98308099957649,False,quest_kg,1
WebQTest-655,what is the zip code for wyoming michigan,49509,US Notary Public Association,0,0.0,1.0,49.89700399892172,False,quest_kg,0
WebQTest-656,who is the president of costa rica in 2012,Laura Chinchilla,El Salvador,0,0.0,1.0,37.91330600142828,False,quest_kg,0
WebQTest-657,where did martin luther king got shot at,Memphis,Black Liberation,0,0.0,1.0,55.613262000406394,False,quest_kg,46
WebQTest-658,who wrote the gospel according to john,John the Evangelist,Tractates on the Gospel of John,0,0.4444444444444444,1.0,129.42898899927968,False,quest_kg,0
WebQTest-659,what form of government is the uk,Parliamentary system,County Londonderry,0,0.0,1.0,52.58573500032071,False,quest_kg,16
WebQTest-661,who did nasri play for before arsenal,Olympique de Marseille,Busta Rhymes,0,0.0,1.0,166.68800299885334,False,quest_kg,0
WebQTest-662,what currency does the czech republic use now,Czech koruna,Sweden,0,0.0,1.0,50.928705000842456,False,quest_kg,0
WebQTest-663,what age did william penn get married,1672-04-04,United Kingdom,0,0.0,1.0,129.80452700139722,False,quest_kg,0
WebQTest-664,what was firefox programmed in,JavaScript,Published,0,0.0,1.0,130.27474200134748,False,quest_kg,0
WebQTest-665,what government does new zealand have,Parliamentary system,Auckland,0,0.0,1.0,43.958997001027456,False,quest_kg,19
WebQTest-666,where is isthmus of panama located on the map,South America,Dominica,0,0.0,1.0,113.0469269992318,False,quest_kg,0
WebQTest-667,what is the capital of republic of ireland,Dublin,County Wexford,0,0.0,1.0,46.18469799970626,False,quest_kg,0
WebQTest-668,what has kristen stewart acted in,The Flintstones in Viva Rock Vegas,Jeremy Yablan,0,0.0,1.0,138.38150900119217,False,quest_kg,0
WebQTest-669,what did dr josef mengele do,Physician,Political Scientist,0,0.0,1.0,142.07228000304895,False,quest_kg,12
WebQTest-670,what kind of language does egypt speak,Modern Standard Arabic,Egyptian language,0,0.0,1.0,48.21767099929275,False,quest_kg,12
WebQTest-671,who are the senators of hawaii 2012,Mazie Hirono,United States Senator,0,0.0,1.0,49.479040997539414,False,quest_kg,0
WebQTest-672,what form of government does north korea have,Single-party state,Cayman Islands,0,0.0,1.0,142.0059800002491,False,quest_kg,0
WebQTest-673,where did robert kardashian go to college,University of San Diego School of Law,California,0,0.4,1.0,118.16342699967208,False,quest_kg,0
WebQTest-675,what county is st james city fl in,Lee County,Flemington,0,0.0,1.0,108.99849999987055,False,quest_kg,0
WebQTest-676,what did the akkadian empire include,Akkad,Karotu Bakaane,0,0.0,1.0,134.2624179997074,False,quest_kg,0
WebQTest-677,after how many years are the olympic games held,Quadrennial,Italy,0,0.0,1.0,135.10713499999838,False,quest_kg,0
WebQTest-678,what system of government does guyana have,Semi-presidential system,Prime minister,0,0.0,1.0,153.5673329999554,False,quest_kg,0
WebQTest-680,what team did aguero play for,Manchester City F.C.,footballdb ID,0,0.0,1.0,175.6088420006563,False,quest_kg,0
WebQTest-681,who is the president of the european union 2012,Jerzy Buzek,eu,0,0.0,1.0,38.91415399994003,False,quest_kg,0
WebQTest-683,what year was kenya moore crowned miss usa,Miss USA 1993,End date,0,0.0,1.0,142.5352779988316,False,quest_kg,0
WebQTest-684,what sort of government does nigeria have,Presidential system,Sierra Leone,0,0.0,1.0,38.991729998087976,False,quest_kg,0
WebQTest-685,where does chef ina garten live,Brooklyn,Amarna,0,0.0,1.0,156.58010200058925,False,quest_kg,0
WebQTest-686,when the atlanta braves won the world series,1995 World Series,1999 World Series,0,0.6666666666666666,1.0,38.57764699932886,False,quest_kg,0
WebQTest-688,what kind of language do they speak in iran,Pashto language,Russia,0,0.0,1.0,134.39256900164764,False,quest_kg,0
WebQTest-689,what was the first language spoken in spain,Spanish Language,1900 Summer Olympics,0,0.0,1.0,42.92288799842936,False,quest_kg,0
WebQTest-690,what did scott joplin play,Jazz piano,Travi$ Scott,0,0.0,1.0,132.08110599953216,False,quest_kg,0
WebQTest-691,what school did miley cyrus,Heritage Elementary School,Billy Ray Cyrus,0,0.0,1.0,66.79353399886168,False,quest_kg,0
WebQTest-693,what language do most people speak in afghanistan,"Farsi, Eastern Language",Turkey,0,0.0,1.0,37.49646600044798,False,quest_kg,0
WebQTest-694,who is the prime minister of jamaica west indies,Portia Simpson-Miller,Governor-General of Jamaica,0,0.0,1.0,37.963415001286194,False,quest_kg,22
WebQTest-695,what role did paul mccartney play in the beatles,Bass,Francis A. Sullivan,0,0.0,1.0,153.36099699925398,False,quest_kg,0
WebQTest-696,when did juventus win the champions league,1996 UEFA Champions League Final,End date,0,0.0,1.0,129.71621799806599,False,quest_kg,0
WebQTest-698,who is robin roberts father,Lawrence E. Roberts,"A Writer's Journey to Selma, Alabama",0,0.0,1.0,62.74562700127717,False,quest_kg,0
WebQTest-699,what is the capital of australia victoria state,Melbourne,Australian Capital Territory,0,0.0,1.0,39.45230499812169,False,quest_kg,0
WebQTest-700,where is french spoken most,Equatorial Guinea,Switzerland,1,1.0,1.0,40.043361001153244,False,quest_kg,0
WebQTest-701,what team is reggie bush on 2011,Miami Dolphins,Division I (NCAA),0,0.0,1.0,117.6331080023374,False,quest_kg,0
WebQTest-702,what highschool did emily osment go to,Flintridge Preparatory School,Essayist,0,0.0,1.0,147.49633799874573,False,quest_kg,0
WebQTest-703,what currency should i take to mexico,Mexican peso,Guatemala,0,0.0,1.0,45.20189799950458,False,quest_kg,0
WebQTest-704,who is thor heyerdahl,Ethnographer,Yul Brynner,0,0.0,1.0,150.06615899983444,False,quest_kg,0
WebQTest-706,where did troy aikman play football,Dallas Cowboys,Injured by,0,0.0,1.0,160.88079499968444,False,quest_kg,0
WebQTest-707,who played cletus hogg,Jack Polick,Musician,0,0.0,1.0,156.84543299721554,False,quest_kg,0
WebQTest-708,who won fa cup 1976,Southampton F.C.,Tennis,0,0.0,1.0,133.33084699843312,False,quest_kg,0
WebQTest-709,what did general robert e lee die from,Pneumonia,Minister,0,0.0,1.0,143.74258399766404,False,quest_kg,0
WebQTest-710,what style of art did henri matisse do,Neo-impressionism,Thorstein Veblen,0,0.0,1.0,147.21118400120758,False,quest_kg,0
WebQTest-711,who plays chuck bass in gossip girl,Ed Westwick,"Keyshia Cole, Rihanna & the cast of \""Gossip Girl\""",0,0.0,1.0,150.3336509995279,False,quest_kg,0
WebQTest-712,what countries have territories in oceania,Wallis and Futuna,Australian external territory,0,0.0,1.0,45.2095040018321,False,quest_kg,0
WebQTest-713,what county is st. louis park in,Hennepin County,Walkersville,0,0.0,1.0,119.71652099964558,False,quest_kg,0
WebQTest-714,what is the political system of south africa,Parliamentary republic,Anti-Apartheid,0,0.0,1.0,40.768613002001075,False,quest_kg,0
WebQTest-716,what language group does germany belong to,Indo-European languages,French,0,0.0,1.0,41.3831059995573,False,quest_kg,0
WebQTest-717,what timezone is tucson arizona in right now,Mountain Time Zone,"United States Senate elections, 2006",0,0.0,1.0,121.45299400071963,False,quest_kg,20
WebQTest-718,when was lucy lawless born,1968-03-29,Los Angeles,0,0.0,1.0,171.9833329989342,False,quest_kg,0
WebQTest-719,which political party does barack obama represent,Democratic Party,Political philosophy,0,0.0,1.0,75.74362800005474,False,quest_kg,0
WebQTest-721,what kind of leukemia did jill clayburgh have,Leukemia,"David Poe, Jr.",0,0.0,1.0,168.88823699991917,False,quest_kg,0
WebQTest-723,what is there to see in sydney australia,Sydney Markets,Australian state,0,0.3333333333333333,1.0,40.36345399799757,False,quest_kg,0
WebQTest-724,where was marilyn monroe found dead,Brentwood,People Who Died This Way,0,0.0,1.0,110.77673500039964,False,quest_kg,0
WebQTest-725,what states does the sierra nevada run through,Nevada,Ohio,0,0.0,1.0,124.66355499782367,False,quest_kg,29
WebQTest-726,what language is spoken in greek,Albanian language,Lithuania,0,0.0,1.0,42.465357000764925,False,quest_kg,0
WebQTest-728,what is the name of the speaker of the house of representatives now 2011,Nancy Pelosi,Tennessee's 9th congressional district,0,0.0,1.0,31.99919799953932,False,quest_kg,0
WebQTest-729,who plays stanley hudson,Leslie David Baker,Author,0,0.0,1.0,145.721371001855,False,quest_kg,0
WebQTest-730,what record label is kelly clarkson signed with,Sony Music Entertainment,Kelly Rowland,0,0.0,1.0,144.38324799994007,False,quest_kg,0
WebQTest-731,where does tim roth come from,Dulwich,"A Writer's Journey to Selma, Alabama",0,0.0,1.0,64.45146699843463,False,quest_kg,0
WebQTest-733,what currency should you take to vietnam,Vietnamese dong,Foreign relations,0,0.0,1.0,36.41152400086867,False,quest_kg,0
WebQTest-734,who did roger federer married,Mirka Federer,Wimbledon,0,0.0,1.0,64.95433199961553,False,quest_kg,0
WebQTest-735,what kind of money do i need in costa rica,Costa Rican colón,El Salvador,0,0.0,1.0,38.359275000402704,False,quest_kg,0
WebQTest-737,what is the name of the capital of belgium,City of Brussels,European Parliament,0,0.0,1.0,42.366164001578,False,quest_kg,0
WebQTest-738,what kind of government does japan have now,Parliamentary system,Fukuoka Prefecture,0,0.0,1.0,41.66099600115558,False,quest_kg,28
WebQTest-739,what pieces of music did claude debussy compose,La Flûte de Pan,"Influenced Debussy, Rachmaninov, Conan Doyle and Verne.",0,0.2,1.0,70.27304300208925,False,quest_kg,0
WebQTest-740,who was selena gomez in barney and friends,Gianna,Parents,0,0.0,1.0,150.32551500189584,False,quest_kg,0
WebQTest-741,who plays caesar flickerman in the hunger games,Stanley Tucci,Arthur Byron,0,0.0,1.0,133.9223810027761,False,quest_kg,0
WebQTest-742,where did the gettysburg address,Gettysburg,Virginia,0,0.0,1.0,119.04248200153233,False,quest_kg,0
WebQTest-743,what was the name of jfk 's brothers,"Joseph P. Kennedy, Jr.",JFK,0,0.0,1.0,63.82201000087662,False,quest_kg,3
WebQTest-744,who was tupac signed to,Death Row Records,The Notorious B.I.G.,0,0.0,1.0,73.73437599744648,False,quest_kg,0
WebQTest-745,what was augustus caesar famous for,Politician,Activist,0,0.0,1.0,145.11737100110622,False,quest_kg,0
WebQTest-747,what language does colombia,Cuiba language,Guatemala,0,0.0,1.0,37.55186399939703,False,quest_kg,0
WebQTest-748,what is the zip code for schenectady new york,12305,Central Time Zone,0,0.0,1.0,112.74600199976703,False,quest_kg,0
WebQTest-749,who was president in 1988 in the united states,Ronald Reagan,US Presidents,0,0.0,1.0,48.61502499989001,False,quest_kg,0
WebQTest-751,who owns google 2012,David Drummond,James M. Cox,0,0.0,1.0,134.72809599988977,False,quest_kg,0
WebQTest-752,what drink did john pemberton create,Coca-Cola,Civil rights activist,0,0.0,1.0,139.92558600148186,False,quest_kg,0
WebQTest-753,what position did stanley matthews play,Outside forward,Stanley Matthews,0,0.0,1.0,149.83243199822027,False,quest_kg,0
WebQTest-755,what was bonnie prince charlie full name,Charles Edward Stuart,Cuba,0,0.0,1.0,160.24266299791634,False,quest_kg,0
WebQTest-756,who makes the voice of stewie griffin,Seth MacFarlane,Author David Kerr - The Ol' Turkey Hunter,0,0.0,1.0,130.54341899987776,False,quest_kg,0
WebQTest-757,who is angelina jolie mom and dad,Jon Voight,Mark Shriver,0,0.0,1.0,136.66474999990896,False,quest_kg,0
WebQTest-758,who is the governor of indiana 2009,Mitch Daniels,Delaware,0,0.0,1.0,116.8198189989198,False,quest_kg,0
WebQTest-759,who brad pitt has dated,Robin Givens,Marriage,0,0.0,1.0,65.00477100053104,False,quest_kg,0
WebQTest-760,what party does barack obama belong to,Democratic Party,Political philosophy,0,0.0,1.0,74.66985100109014,False,quest_kg,0
WebQTest-761,what is san francisco zip code,94122,Polk Street,0,0.0,1.0,52.90858000080334,False,quest_kg,0
WebQTest-762,who has stephen ireland played for,Aston Villa F.C.,Pound sterling,0,0.0,1.0,139.72215600006166,False,quest_kg,0
WebQTest-764,where did john mayer go to college,Berklee College of Music,Rock music,0,0.3333333333333333,1.0,72.48530200013192,False,quest_kg,0
WebQTest-765,what celebrities has brody jenner dated,Haylie Duff,Don DeLillo,0,0.0,1.0,140.7265509988065,False,quest_kg,0
WebQTest-766,what is malaysian currency,Malaysian ringgit,Guam,0,0.0,1.0,118.74435400022776,False,quest_kg,0
WebQTest-768,who owns volkswagen car company,Volkswagen Group,Woman to Woman,0,0.0,1.0,143.2666370019433,False,quest_kg,0
WebQTest-769,which is the main train station in rome,Roma Termini railway station,Central European Time Zone,0,0.0,1.0,38.59243099941523,False,quest_kg,0
WebQTest-770,what did steve mcnair died from,Ballistic trauma,Pennsylvania,0,0.0,1.0,132.4925599983544,False,quest_kg,0
WebQTest-771,who is the newly elected governor of california,Arnold Schwarzenegger,Los Angeles Sentinel,0,0.0,1.0,52.40770499949576,False,quest_kg,0
WebQTest-772,who plays roxanne in ghost rider,Eva Mendes,Père Lachaise Cemetery,0,0.0,1.0,141.352287002519,False,quest_kg,0
WebQTest-773,where is the sony ericsson company,Minato,Swedish Institute,0,0.0,1.0,111.0145829989051,False,quest_kg,0
WebQTest-774,what kind of currency does the dominican republic have,Dominican peso,Dominica,0,0.0,1.0,40.55665600026259,False,quest_kg,0
WebQTest-775,what to do this weekend in manchester with kids,Whitworth Art Gallery,Edinburgh,0,0.0,1.0,45.61631399701582,False,quest_kg,0
WebQTest-776,what sport is popular in italy,Italy national handball team,Italian Language,0,0.0,1.0,47.45062900110497,False,quest_kg,0
WebQTest-777,where is the main headquarters of google,Mountain View,Michigan,0,0.0,1.0,133.49822300006053,False,quest_kg,0
WebQTest-778,what was jesse owens education,East Technical High School,Public school,0,0.3333333333333333,1.0,97.62672599754296,False,quest_kg,0
WebQTest-779,where does carlos santana live,Jalisco,Bayou Macon,0,0.0,1.0,150.00146300008055,False,quest_kg,0
WebQTest-780,what is the new movie john carter about,Action Film,Music,0,0.0,1.0,151.44517500084476,False,quest_kg,0
WebQTest-782,what countries does nafta include,United States of America,Italy,0,0.0,1.0,160.97575099774986,False,quest_kg,32
WebQTest-783,what county is houston tx in,Montgomery County,Lahore,0,0.0,1.0,49.01377599890111,False,quest_kg,0
WebQTest-784,where do the seattle seahawks play,CenturyLink Field,Venue,0,0.0,1.0,131.57150400002138,False,quest_kg,0
WebQTest-785,who does michael keaton play in cars,Chick Hicks,Michael Palance,0,0.0,1.0,138.7855329994636,False,quest_kg,0
WebQTest-787,where is the riviera casino,Las Vegas,Atlanta metropolitan area,0,0.0,1.0,115.7514970000193,False,quest_kg,0
WebQTest-788,what is the holy book of the buddhist religion,Gangōji Garan Engi,Presbyterianism,0,0.0,1.0,99.04684499997529,False,quest_kg,0
WebQTest-789,who became president when henry harrison died,John Tyler,Northwest Indian War,0,0.0,1.0,49.51066500143497,False,quest_kg,0
WebQTest-790,where did richard arkwright grow up,"Preston, Lancashire","In northern England and Scotland, he met Hume and Adam Smith.",0,0.0,1.0,145.11526500064065,False,quest_kg,0
WebQTest-791,what other books did louis sachar write,Sixth Grade Secrets,Essay,0,0.0,1.0,118.11372499869321,False,quest_kg,0
WebQTest-792,when did roth ira originate,"William V. Roth, Jr.",Ernest Hemingway,0,0.0,1.0,154.37489400210325,False,quest_kg,0
WebQTest-794,who does the voice for darth vader,James Earl Jones,Author,0,0.0,1.0,115.76840899942908,False,quest_kg,0
WebQTest-796,what did thomas malthus do,Scientist,Statesman,0,0.0,1.0,153.31235299890977,False,quest_kg,0
WebQTest-797,what is the zip code for newark california,94560,31145,0,0.0,1.0,118.51468199893134,False,quest_kg,0
WebQTest-798,what states share a border with tennessee,Georgia,Southeastern United States,0,0.0,1.0,61.81439799911459,False,quest_kg,13
WebQTest-800,what war did the us lose the most soldiers,World War II,1936 Summer Olympics,0,0.0,1.0,60.70995400295942,False,quest_kg,28
WebQTest-801,what kind of government is egypt,Semi-presidential system,Egyptian Social Democratic Party,0,0.0,1.0,46.355700000276556,False,quest_kg,21
WebQTest-802,what musical instruments does justin bieber play,Vocals,Justin Timberlake,0,0.0,1.0,57.13915800151881,False,quest_kg,0
WebQTest-805,where do john lennon die,New York City,Cause of death,0,0.0,1.0,69.4511279980361,False,quest_kg,23
WebQTest-809,what is the current time in bangalore india,India Time Zone,Gilbert Island Time Zone,0,0.5714285714285715,1.0,110.33920200134162,False,quest_kg,0
WebQTest-810,what language do people from greece speak,Albanian language,Netherlands,0,0.0,1.0,42.163906000496354,False,quest_kg,0
WebQTest-811,where is the phillies spring training stadium,Bright House Field,2000 Major League Baseball All-Star Game,0,0.0,1.0,135.36417999785044,False,quest_kg,0
WebQTest-812,what movies does matt dallas play in,Naughty or Nice,Rubber Duckie,0,0.0,1.0,135.17679600045085,False,quest_kg,0
WebQTest-813,who was john f kennedy 's family,John F. Kennedy Jr.,The Fitzgeralds and the Kennedys,0,0.0,1.0,71.23092300025746,False,quest_kg,16
WebQTest-814,where is harley davidson corporate headquarters,Milwaukee,Carmarthenshire,0,0.0,1.0,163.5099449995323,False,quest_kg,0
WebQTest-818,where was the ottoman empire based,Near East,First Egyptian-Ottoman War,0,0.0,1.0,36.365965999721084,False,quest_kg,0
WebQTest-819,where was bin laden found and killed,Abbottabad,Nine Mile,0,0.0,1.0,125.6309689997579,False,quest_kg,0
WebQTest-820,what are the names of harry potter movies in order,Harry Potter and the Order of the Phoenix,Latin American cinema,0,0.0,1.0,125.43300299876137,False,quest_kg,0
WebQTest-821,what did pamela courson die from,Heroin overdose,Kennedy family,0,0.0,1.0,175.9059399992111,False,quest_kg,0
WebQTest-822,what did dr jack kevorkian do,Assisted suicide,Edgar Allan Poe,0,0.0,1.0,136.73802899938892,False,quest_kg,0
WebQTest-823,what does bolivia border,Peru,Puerto Rico,0,0.0,1.0,124.84035599845811,False,quest_kg,35
WebQTest-825,who does nolan ryan play for,Houston Astros,Musician,0,0.0,1.0,132.83660500019323,False,quest_kg,0
WebQTest-827,what country does justin bieber come from,Canada,Justin Timberlake,0,0.0,1.0,57.1917540000868,False,quest_kg,0
WebQTest-828,what is the head judge of the supreme court called,Chief Justice of the United States,Cline v. American Aggregates Corp.,0,0.0,1.0,52.58493700239342,False,quest_kg,0
WebQTest-829,who was frida kahlo influenced by,Diego Rivera,Luís de Camões,0,0.0,1.0,103.99048100225627,False,quest_kg,0
WebQTest-830,where is taylor swift from,Reading,Compton,0,0.0,1.0,153.41080600046553,False,quest_kg,0
WebQTest-831,what type of religion does argentina have,Judaism,Chile,0,0.0,1.0,36.804901999857975,False,quest_kg,0
WebQTest-832,when is the last time the giants won the world series,2014 World Series,Bullpen Rib House,0,0.0,1.0,114.7562129990547,False,quest_kg,0
WebQTest-833,what is the main language used in china,Standard Chinese,Canadian English,0,0.0,1.0,39.82837500007008,False,quest_kg,0
WebQTest-834,where did the battle of waterloo occur,Waterloo,"Arthur Wellesley, 1st Duke of Wellington",0,0.0,1.0,45.4321750003146,False,quest_kg,0
WebQTest-836,who did vladimir lenin marry,Nadezhda Krupskaya,Charles Dickens,0,0.0,1.0,145.46181599871488,False,quest_kg,0
WebQTest-837,what year did the baltimore ravens win superbowl,Super Bowl XXXV,Football Almanac ID,0,0.0,1.0,117.50420300086262,False,quest_kg,0
WebQTest-838,what team does cristiano ronaldo play for 2011,Real Madrid C.F.,databaseFootball.com ID,0,0.0,1.0,149.32854899961967,False,quest_kg,0
WebQTest-841,what is money called in italy,Euro,European Union,0,0.0,1.0,48.15660299937008,False,quest_kg,5
WebQTest-843,where did theodor schwann study,Humboldt University of Berlin,The intellectual challenge of the Gospel,0,0.2222222222222222,1.0,141.90136099932715,False,quest_kg,0
WebQTest-845,who are the virginia senators 2013,Jim Webb,United States Senate,0,0.0,1.0,55.55207799989148,False,quest_kg,0
WebQTest-846,what was dr seuss 's real name,Theodor Seuss Geisel,Date of birth,0,0.0,1.0,71.46502600153326,False,quest_kg,0
WebQTest-847,what countries are members of the security council,Vietnam,United Kingdom,1,1.0,1.0,36.98390499994275,False,quest_kg,0
WebQTest-848,where are the nordic countries,Faroe Islands,Scandinavia,0,0.0,1.0,43.371602001570864,False,quest_kg,0
WebQTest-849,what country sponsored ferdinand magellan,Kingdom of Portugal,Mexico,0,0.0,1.0,116.25773099876824,False,quest_kg,0
WebQTest-850,what did vera ellen die from,Cancer,Author,0,0.0,1.0,150.6518780006445,False,quest_kg,0
WebQTest-851,what is the capital of modern day egypt,Cairo,Cairo Governorate,0,0.6666666666666666,1.0,47.82942999736406,False,quest_kg,4
WebQTest-852,what province is toronto in ( 7 letters ),Ontario,Canadian English,0,0.0,1.0,36.82538299835869,False,quest_kg,3
WebQTest-855,what is the currency of brazil now,Brazilian real,Mexico,0,0.0,1.0,37.067412999022054,False,quest_kg,0
WebQTest-856,what types of art did andy warhol do,Modern art,Screenwriter,0,0.0,1.0,70.18263899954036,False,quest_kg,0
WebQTest-857,what other states border florida,Alabama,New Mexico,0,0.0,1.0,66.1095639989071,False,quest_kg,19
WebQTest-859,what are the predominant religions in russia,Islam,Scandinavia,0,0.0,1.0,39.820169997256016,False,quest_kg,0
WebQTest-861,who will coach carolina panthers in 2013,Ron Rivera,Heisman Trophy,0,0.0,1.0,27.342894001776585,False,quest_kg,0
WebQTest-862,where did louis sachar grow up,East Meadow,Atlanta,0,0.0,1.0,147.69040099781705,False,quest_kg,0
WebQTest-865,what to do for fun in houston,The Galleria,Urdu Times,0,0.0,1.0,51.050144000328146,False,quest_kg,0
WebQTest-866,where did otto frank go to college,Heidelberg University,Red,0,0.0,1.0,129.25447399902623,False,quest_kg,0
WebQTest-867,what else has jennifer lawrence played in,X-Men: Days of Future Past,Female,0,0.0,1.0,135.1094399979047,False,quest_kg,0
WebQTest-868,who is the governor of pennsylvania state now,Tom Corbett,The Daily Pennsylvanian,0,0.0,1.0,56.41140299849212,False,quest_kg,0
WebQTest-869,where is ancient phoenician,Lebanon,Hittites,0,0.0,1.0,144.34406800137367,False,quest_kg,0
WebQTest-870,where does the celtics practice,TD Garden,Chain Lightning,0,0.0,1.0,153.07619500163128,False,quest_kg,0
WebQTest-872,where bin laden got killed,Abbottabad,Los Angeles,0,0.0,1.0,131.6639340002439,False,quest_kg,0
WebQTest-873,where does toronto get its water from,Ashbridges Bay Wastewater Treatment Plant,Canadian dollar,0,0.0,1.0,36.65883999929065,False,quest_kg,0
WebQTest-874,what language do people from bosnia speak,Bosnian language,Russia,0,0.0,1.0,142.08227800190798,False,quest_kg,0
WebQTest-875,where did hugo chavez go to school,Bolivarian Military University of Venezuela,Kansas City Public Schools,0,0.0,1.0,139.25486500011175,False,quest_kg,0
WebQTest-876,who does japan import from,Sudan,Osaka Prefecture,0,0.0,1.0,43.45049299809034,False,quest_kg,0
WebQTest-877,what is the name of sonia gandhi daughter,Priyanka Gandhi,Pune,0,0.0,1.0,135.10750400018878,False,quest_kg,0
WebQTest-878,who do islamic people pray to,Ramdev Pir,United Kingdom,0,0.0,1.0,29.34305099915946,False,quest_kg,0
WebQTest-879,where was mary todd lincoln from,Lexington,Illinois,0,0.0,1.0,156.37947100185556,False,quest_kg,0
WebQTest-880,where did charles darwin die,Down House,Lawyer,0,0.0,1.0,154.85017700120807,False,quest_kg,0
WebQTest-881,what movies does nick cannon play in,Garfield: The Movie,Fable,0,0.0,1.0,236.85051600114093,False,quest_kg,0
WebQTest-882,when did the big earthquake hit san francisco,1906-04-18,Elite SEM,0,0.0,1.0,125.45559499994852,False,quest_kg,0
WebQTest-883,who was king george vi married to,Queen Elizabeth The Queen Mother,Delia Linsey King,0,0.0,1.0,177.16303400084144,False,quest_kg,0
WebQTest-884,where was jesus after he died on the cross,Judea,St Joseph's Day,0,0.0,1.0,56.661272999917855,False,quest_kg,40
WebQTest-885,who is sir james dyson,Designer,Editor,0,0.0,1.0,152.56026700080838,False,quest_kg,0
WebQTest-886,who voiced darth vader in the original star wars movies,James Earl Jones,Lucas Scott,0,0.0,1.0,138.75777700013714,False,quest_kg,0
WebQTest-887,what high school did maya angelou go to,George Washington High School,African-American studies,0,0.0,1.0,79.67186300083995,False,quest_kg,0
WebQTest-888,what 5 countries border switzerland,France,Israel,0,0.0,1.0,43.867735999810975,False,quest_kg,21
WebQTest-889,what country did benito mussolini govern,Italy,Sovereign state,0,0.0,1.0,138.34387499809964,False,quest_kg,44
WebQTest-891,who was the leader of the first communist party of china,Mao Zedong,"Nixon respected the scholarly Henry Kissinger, who later became Secretary of State, and followed his advice to carry out secret bombings in Laos and Cambodia.",0,0.0,1.0,126.78913600029773,False,quest_kg,0
WebQTest-892,what did miles davis died of,Stroke,Lionel Richie,0,0.0,1.0,145.41100499991444,False,quest_kg,0
WebQTest-893,what is the zip code for azle texas,76098,Georgia,0,0.0,1.0,131.4751999998407,False,quest_kg,0
WebQTest-894,what date did sally pearson won gold,The London 2012 Summer Olympics,Sherone Simpson,0,0.0,1.0,125.03332099731779,False,quest_kg,0
WebQTest-895,when did the detroit pistons last win the championship,2004 NBA Finals,Lakeland Highlands,0,0.0,1.0,150.2851830009604,False,quest_kg,0
WebQTest-896,when did the philadelphia flyers win the cup,1974 Stanley Cup Finals,The Daily Pennsylvanian,0,0.0,1.0,133.93048499710858,False,quest_kg,0
WebQTest-898,what county is st paul nc in,Robeson County,Walkersville,0,0.0,1.0,136.83722499990836,False,quest_kg,0
WebQTest-899,where is olympic national park wa,Jefferson County,30303,0,0.0,1.0,137.77712499722838,False,quest_kg,0
WebQTest-900,where did nat turner 1831 rebellion occur,Southampton County,"George Augustus Eliott, 1st Baron Heathfield",0,0.0,1.0,134.74207300168928,False,quest_kg,0
WebQTest-901,who would play luke skywalker,Mark Hamill,The Wail of the Banshee!,0,0.0,1.0,116.0504139988916,False,quest_kg,0
WebQTest-903,where turkish people originate,Bulgaria,Andrew Jackson,0,0.0,1.0,244.76472799869953,False,quest_kg,0
WebQTest-904,what state is barack obama from,Hawaii,Mid-Atlantic states,0,0.0,1.0,93.57483699932345,False,quest_kg,0
WebQTest-905,what years did joe montana win super bowl,1982-01-24,footballdb ID,0,0.0,1.0,128.0916059986339,False,quest_kg,0
WebQTest-908,what awards gary paulsen won,Margaret Edwards Award,Top Chef - Season 6,0,0.0,1.0,146.0468180011958,False,quest_kg,0
WebQTest-910,where did alexander graham bell die,"Beinn Bhreagh, Nova Scotia",Poet,0,0.0,1.0,160.8465930003149,False,quest_kg,0
WebQTest-911,what year did the golden state warriors win their first nba championship,1975 NBA Finals,Sport,0,0.0,1.0,140.5192639977031,False,quest_kg,0
WebQTest-912,what currency should i take to turkey,Turkish lira,Greece,0,0.0,1.0,76.76301500032423,False,quest_kg,0
WebQTest-914,what countries are in the uk yahoo,Wales,Canada,0,0.0,1.0,62.10438199923374,False,quest_kg,6
WebQTest-915,what superbowl did the baltimore ravens win,Super Bowl XXXV,Football Almanac ID,0,0.0,1.0,133.2566909986781,False,quest_kg,0
WebQTest-916,what is the language of russia s spoken,Erzya Language,Yiddish Language,1,1.0,1.0,41.88089500166825,False,quest_kg,0
WebQTest-918,who is the king of cambodia now,Norodom Sihamoni,Activist,0,0.0,1.0,138.23825399958878,False,quest_kg,0
WebQTest-919,who are serena williams parents,Oracene Price,Amanda Williams,0,0.5,1.0,138.76904100106913,False,quest_kg,0
WebQTest-920,what schools did sir isaac newton go to,"Trinity College, Cambridge",Mahatma Gandhi,0,0.0,1.0,61.265850003110245,False,quest_kg,0
WebQTest-921,what was the cause of death for huell howser,Prostate cancer,"Thank Heaven! the crisis --The danger, is past, and the lingering illness, is over at last --, and the fever called Living is conquered at last.",0,0.0,1.0,130.07863399980124,False,quest_kg,10
WebQTest-922,what books are written by suzanne collins,Gregor the Overlander,Margaret MacMillan,0,0.0,1.0,138.05002300068736,False,quest_kg,0
WebQTest-923,what countries does england border,Wales,Scotland,1,1.0,1.0,55.12664399793721,False,quest_kg,6
WebQTest-924,what team did messi play for in 2010,FC Barcelona,Mexico,0,0.0,1.0,145.95042599830776,False,quest_kg,0
WebQTest-925,what time zone is greensburg indiana,Eastern Time Zone,Australia,0,0.0,1.0,125.12185399828013,False,quest_kg,52
WebQTest-927,who plays voldemort,Richard Bremmer,Germany,0,0.0,1.0,148.2104469978367,False,quest_kg,0
WebQTest-928,what colleges did harper lee attend,University of Alabama,University of Alabama,1,1.0,1.0,54.607004996796604,False,quest_kg,1
WebQTest-929,who founded the kkk,James R. Crowe,Gary Community School Corporation,0,0.0,1.0,116.93301299965242,False,quest_kg,0
WebQTest-931,what jobs did john adams have before he was president,United States Ambassador to the United Kingdom,George Washington,0,0.0,1.0,60.75486999907298,False,quest_kg,0
WebQTest-932,what year did super mario bros 2 come out,1988-10,Shooting sport,0,0.0,1.0,151.77639899775386,False,quest_kg,0
WebQTest-933,what political party did andrew johnson belong to,National Union Party,andrew jackson supported by james knox polk,0,0.0,1.0,55.8586569968611,False,quest_kg,0
WebQTest-935,where was osama bin laden killed,Abbottabad,Sudan,0,0.0,1.0,125.18025199824478,False,quest_kg,0
WebQTest-936,where were greek temples built,Shahhat,Earth,0,0.0,1.0,129.1385629992874,False,quest_kg,0
WebQTest-937,where are people who speak arabic from,Jordan,Israel,1,1.0,1.0,44.90343500219751,False,quest_kg,7
WebQTest-938,who was queen elizabeth ii mom,Queen Elizabeth The Queen Mother,Edward VIII of the United Kingdom,0,0.1818181818181818,1.0,59.63550399974338,False,quest_kg,0
WebQTest-939,what type of art did pablo picasso paint,Picasso's African Period,Joseph Conrad,0,0.0,1.0,143.2321399988723,False,quest_kg,0
WebQTest-941,what is ella fitzgerald parents name,William Fitzgerald,Amasa Coleman Lee,0,0.0,1.0,154.55329600081313,False,quest_kg,0
WebQTest-942,who is anne hathaway parents,Gerald Hathaway,Sweden,0,0.0,1.0,155.87702199991327,False,quest_kg,0
WebQTest-943,who does don draper gets engaged to,Betty Draper,Let's Go to Church,0,0.0,1.0,132.41294600084075,False,quest_kg,0
WebQTest-944,what was van halen first album,Ain't Talkin' 'Bout Love,Quartet,0,0.0,1.0,101.5885269989667,False,quest_kg,0
WebQTest-945,what political system did spain have,Monarchy,France,0,0.0,1.0,42.44872200069949,False,quest_kg,0
WebQTest-948,what are the supreme court cases,League of United Latin American Citizens v. Perry,Cline v. American Aggregates Corp.,0,0.4444444444444445,1.0,48.4374179977749,False,quest_kg,0
WebQTest-949,what is penn state 's main campus,University Park,St Monica's College,0,0.0,1.0,106.31737800213159,False,quest_kg,0
WebQTest-952,what country does alaska belong to,United States of America,Continental United States,0,0.5714285714285715,1.0,48.08839399993303,False,quest_kg,4
WebQTest-953,where is kansas city,Platte County,Michigan,0,0.0,1.0,121.55347400039318,False,quest_kg,0
WebQTest-954,what was pink floyd 's first album,Psychedelic Session-compilation album,Zero Tolerance for Silence,0,0.0,1.0,130.0829040010285,False,quest_kg,0
WebQTest-955,who did granville t. woods married,Loretta Woods,Mario Vargas Llosa,0,0.0,1.0,141.14356199934264,False,quest_kg,0
WebQTest-957,what language did the sioux indians speak,Sioux language,Western Asia,0,0.0,1.0,155.33333100029267,False,quest_kg,0
WebQTest-958,what are some famous people from el salvador,Mario Wilfredo Contreras,Honduras,0,0.0,1.0,38.92341200116789,False,quest_kg,0
WebQTest-959,who did brett gardner play for in 2008,New York Yankees,footballdb ID,0,0.0,1.0,129.94177099972148,False,quest_kg,0
WebQTest-960,who plays dwight in the office,Rainn Wilson,Editor,0,0.0,1.0,142.08360299744527,False,quest_kg,0
WebQTest-962,what county is san diego ca,San Diego County,Seven Oaks,0,0.0,1.0,101.2418179998349,False,quest_kg,0
WebQTest-963,who is the miami dolphins quarterback,Ryan Tannehill,Rushing,0,0.0,1.0,129.28616399949533,False,quest_kg,0
WebQTest-965,where did anne frank go to school,Montessori Lyceum Amsterdam,John F. Kennedy Memorial High School,0,0.0,1.0,95.24714100189158,False,quest_kg,0
WebQTest-966,what basketball player is married to monica,Shannon Brown,Hip hop music,0,0.0,1.0,71.9441809997079,False,quest_kg,0
WebQTest-967,what did hitler use to kill himself,Ballistic trauma,Guilt,0,0.0,1.0,129.06215800103382,False,quest_kg,0
WebQTest-968,what do people speak in germany,Low German,German Language,1,1.0,1.0,49.09631000191439,False,quest_kg,0
WebQTest-969,when is the last time the denver broncos won the superbowl,Super Bowl XXXIII,Supreme Court of the United States,0,0.0,1.0,114.555708001717,False,quest_kg,0
WebQTest-970,where was caesar when he was stabbed,Theatre of Pompey,Drama,0,0.0,1.0,145.6229830000666,False,quest_kg,0
WebQTest-971,what style of music did bessie smith perform,Blues,Brown-eyed soul,0,0.0,1.0,105.18412600140437,False,quest_kg,22
WebQTest-972,what team did jackie robinson,Los Angeles Bulldogs,Philips Arena,0,0.0,1.0,158.95875000205706,False,quest_kg,0
WebQTest-973,what time zone is chicago in right now,Central Time Zone,Eastern Time Zone,0,0.6666666666666666,1.0,51.78457599686226,False,quest_kg,9
WebQTest-975,who was the vice president under ronald reagan,George H. W. Bush,"Realizing that impeachment was imminent, he resigned in August, 1974.",0,0.0,1.0,123.9372829986678,False,quest_kg,0
WebQTest-976,where do the chicago white sox play home games,Comiskey Park,Venue,0,0.0,1.0,135.11547400048585,False,quest_kg,0
WebQTest-977,what part did jeff conaway play in grease,Kenickie Murdoch,Frankie & Neffe: Keeping It Real Season 1 Episode 3,0,0.0,1.0,140.91259500128217,False,quest_kg,0
WebQTest-978,what book did benjamin franklin published,The Drinker's Dictionary,Hardcover,0,0.0,1.0,44.88278500139131,False,quest_kg,0
WebQTest-979,what currency to take to barbados,Barbadian dollar,Caribbean,0,0.0,1.0,39.50407799857203,False,quest_kg,0
WebQTest-980,where did they get the name stanley cup,"Frederick Stanley, 16th Earl of Derby",Field hockey,0,0.0,1.0,134.19116299701273,False,quest_kg,0
WebQTest-982,what is the zip code of syracuse ny,13220,New Albany,0,0.0,1.0,125.01464300294174,False,quest_kg,0
WebQTest-983,where did tennessee williams go to college,University of Missouri,Playwright,0,0.0,1.0,74.50062800126034,False,quest_kg,0
WebQTest-984,what is the name of airport in new york,John F. Kennedy International Airport,The Wail of the Banshee!,0,0.0,1.0,60.235460001422325,False,quest_kg,16
WebQTest-985,who was queen victoria 's husband,"Albert, Prince Consort",Edward VIII of the United Kingdom,0,0.0,1.0,47.08281800049008,False,quest_kg,0
WebQTest-986,where did benjamin franklin work,United States Postal Service,"In September, 1776, Congress appointed Franklin, Deane and Jefferson to go to Paris to negotiate a military and economic aid treaty with France (Arthur Lee took Jefferson's place).",0,0.06451612903225806,1.0,70.22846300242236,False,quest_kg,0
WebQTest-987,what does barbara bush do for work,First Lady,Philanthropist,0,0.0,1.0,145.3293169979588,False,quest_kg,0
WebQTest-988,who is jacob latimore,Actor,Marlon Devonish,0,0.0,1.0,137.4933430015517,False,quest_kg,0
WebQTest-989,what happened to dunkirk during ww2,Siege of Dunkirk,Allies of World War II,0,0.25,1.0,118.4497009999177,False,quest_kg,0
WebQTest-990,what was scottie pippen good at,Basketball,Poet,0,0.0,1.0,157.1352159990056,False,quest_kg,0
WebQTest-991,who played donna on west wing,Janel Moloney,EastEnders,0,0.0,1.0,139.67557799696806,False,quest_kg,0
WebQTest-993,who played meg in season 1 of family guy,Lacey Chabert,"Wed 26 Aug, 1986",0,0.0,1.0,94.30166699894471,False,quest_kg,0
WebQTest-994,when was the last time the dallas cowboys won the superbowl,Super Bowl XXX,Episcopal Church,0,0.0,1.0,128.3063660011976,False,quest_kg,0
WebQTest-996,where do ireland play rugby union,Aviva Stadium,Pound sterling,0,0.0,1.0,120.31743300030939,False,quest_kg,0
WebQTest-997,who killed lee harvey oswald shot,Jack Ruby,allegedly assassinated by,0,0.0,1.0,62.73860000146669,False,quest_kg,0
WebQTest-998,when was the last time knicks won the championship,1973 NBA Finals,2000 Summer Olympics,0,0.0,1.0,110.2553300006548,False,quest_kg,0
WebQTest-999,when did celtics win the championship,1968 NBA Finals,Lawyer,0,0.0,1.0,121.64606399892364,False,quest_kg,0
WebQTest-1000,what countries included in oceania,Vanuatu,Australian external territory,0,0.0,1.0,43.424922001577215,False,quest_kg,0
WebQTest-1001,what country is nicki minaj from,United States of America,Country of nationality,0,0.28571428571428575,1.0,66.66051099819015,False,quest_kg,23
WebQTest-1002,who played harry potter dumbledore actor,Toby Regbo,Jewish people,0,0.0,1.0,128.59409299926483,False,quest_kg,0
WebQTest-1003,who was the prime minister of pakistan in 1999,Nawaz Sharif,Civil and political rights,0,0.0,1.0,149.58042400030536,False,quest_kg,0
WebQTest-1004,what movies did christopher plummer play in,The Night of the Generals,Alert,0,0.0,1.0,131.29647499954444,False,quest_kg,0
WebQTest-1005,what is capital city of morocco,Rabat,Afroasiatic languages,0,0.0,1.0,108.66012100086664,False,quest_kg,0
WebQTest-1006,what movies is omar epps in,Major League II,Edgar Allan Poe,0,0.0,1.0,131.98811899928842,False,quest_kg,0
WebQTest-1007,what district does nancy pelosi represent,California’s 8th congressional district,Businessperson,0,0.0,1.0,140.2416169985372,False,quest_kg,0
WebQTest-1008,where is walton indiana,Indiana,Appalachian National Scenic Trail,0,0.0,1.0,126.43965899769682,False,quest_kg,15
WebQTest-1009,where did george herbert walker bush go to college,University Yale,Samuel P. Bush,0,0.0,1.0,68.06855799732148,False,quest_kg,0
WebQTest-1010,what did bruce jenner win gold medal for,Athletics at the 1976 Summer Olympics - Men's Decathlon,Bronze medal,0,0.0,1.0,101.17558800266124,False,quest_kg,0
WebQTest-1011,where do they speak tibetan,Tibet,Russia,0,0.0,1.0,134.95795099879615,False,quest_kg,0
WebQTest-1012,what to do in hollywood ca this weekend,TCL Chinese Theatre,New Journalism,0,0.0,1.0,48.46249600086594,False,quest_kg,0
WebQTest-1014,where did kim kardashian come from,Los Angeles,Actor,0,0.0,1.0,162.12585999892326,False,quest_kg,0
WebQTest-1015,what town did justin bieber grew up in,Stratford,Justin Timberlake,0,0.0,1.0,56.164236997574335,False,quest_kg,0
WebQTest-1017,who plays charlie in the santa clause movies,Eric Lloyd,The Dales,0,0.0,1.0,148.40331099912873,False,quest_kg,0
WebQTest-1020,what highschool did r. kelly attend,Kenwood Academy,Lil' Kim,0,0.0,1.0,73.35479399989708,False,quest_kg,0
WebQTest-1021,what happened at benghazi,2013 Benghazi conflict,United Kingdom,0,0.0,1.0,135.41641099800472,False,quest_kg,0
WebQTest-1022,what country is nike based in,United States of America,Sweden national football team,0,0.0,1.0,139.0959259988449,False,quest_kg,0
WebQTest-1024,what kind of money do i bring to mexico,Mexican peso,Venezuela,0,0.0,1.0,42.54346900052042,False,quest_kg,0
WebQTest-1025,who did steve spurrier play pro football for,San Francisco 49ers,footballdb ID,0,0.0,1.0,120.39422099769581,False,quest_kg,0
WebQTest-1027,where do the blackhawks play,United Center,2012–13 Basketligan season,0,0.0,1.0,120.92331600069883,False,quest_kg,0
WebQTest-1028,who plays john connor,Christian Bale,Dunblane,0,0.0,1.0,159.19369900075253,False,quest_kg,0
WebQTest-1029,what is the main language spoken in mexico,"Tlapanec, Azoyú Language",Guatemala,0,0.0,1.0,42.7876270005072,False,quest_kg,0
WebQTest-1030,what are italians classified as,Latin European peoples,Joey Tribbiani,0,0.0,1.0,125.24673400184838,False,quest_kg,0
WebQTest-1031,what has angelina jolie accomplished,Voice Actor,Music artist,0,0.0,1.0,147.24745199782774,False,quest_kg,0
WebQTest-1032,who played captain kirk in star trek movie,William Shatner,Jewish people,0,0.0,1.0,153.45882999827154,False,quest_kg,0
WebQTest-1033,who played dana scully in x files,Gillian Anderson,Marvel Universe,0,0.0,1.0,145.7862480019685,False,quest_kg,0
WebQTest-1035,what was f. scott fitzgerald,Writer,Poet,1,1.0,1.0,132.3732620003284,False,quest_kg,13
WebQTest-1036,what is the dominant language spoken in jamaica,Jamaican English,Jamaican Creole English Language,0,0.6666666666666666,1.0,50.66598999837879,False,quest_kg,2
WebQTest-1037,who is the coach for the new york knicks,Derek Fisher,William Faulkner,0,0.0,1.0,149.46380599940312,False,quest_kg,0
WebQTest-1038,who was wesley snipes,Actor,STS-107,0,0.0,1.0,165.2583080031036,False,quest_kg,0
WebQTest-1039,where does sherrod brown live,Avon,Lutheranism,0,0.0,1.0,54.40848800208187,False,quest_kg,0
WebQTest-1040,what kind of language does colombia speak,Cuiba language,Guatemala,0,0.0,1.0,37.720031999924686,False,quest_kg,0
WebQTest-1041,what currency does england use now,Pound sterling,Pound sterling,1,1.0,1.0,49.653271002171095,False,quest_kg,1
WebQTest-1042,who was the original voice of meg griffin on family guy,Lacey Chabert,Grace Hutchinson,0,0.0,1.0,148.71310899980017,False,quest_kg,0
WebQTest-1043,what kind of government is mali,Semi-presidential system,Liberal Egyptian Party,0,0.0,1.0,146.6862540000875,False,quest_kg,0
WebQTest-1044,who did cristiano ronaldo play for in 2010,Real Madrid C.F.,Start date,0,0.0,1.0,191.4809369991417,False,quest_kg,0
WebQTest-1045,what is the zip code for morgantown wv,26504,37391,0,0.0,1.0,140.03290999971796,False,quest_kg,0
WebQTest-1046,what is jacksonville fl timezone,Eastern Time Zone,First Sunday in November,0,0.0,1.0,131.2748960008321,False,quest_kg,43
WebQTest-1047,who does amy stiller play in dodgeball,Keno Waitress,How She Move,0,0.0,1.0,136.8775969967828,False,quest_kg,0
WebQTest-1048,who were king henry vii children,"Arthur, Prince of Wales",Netherlands,0,0.0,1.0,202.4674310014234,False,quest_kg,0
WebQTest-1050,who does mila kunis play on family guy,Meg Griffin,Screenwriter,0,0.0,1.0,188.41410599998198,False,quest_kg,0
WebQTest-1051,when did the san francisco earthquake occur,1906-04-18,Elite SEM,0,0.0,1.0,212.3600830018404,False,quest_kg,0
WebQTest-1052,who played damien in the omen 2006,Seamus Davey-Fitzpatrick,Scottish American,0,0.0,1.0,150.78998600074556,False,quest_kg,0
WebQTest-1054,who played denver in four christmases,Jon Favreau filmography,The Dales,0,0.0,1.0,198.56556100057787,False,quest_kg,0
WebQTest-1055,what to do with kids in essex,Cudmore Grove Country Park,Scotland,0,0.0,1.0,206.27024499844993,False,quest_kg,0
WebQTest-1056,who did the cleveland cavaliers draft,Dion Waiters,2007 NFL draft,0,0.0,1.0,155.59729100277764,False,quest_kg,0
WebQTest-1057,what concentration camp did anne frank died in,Bergen-Belsen concentration camp,Europe,0,0.0,1.0,251.53731599857565,False,quest_kg,0
WebQTest-1059,what language does east timor speak,Tukudede Language,Egyptian language,0,0.5,1.0,156.85609800129896,False,quest_kg,0
WebQTest-1060,what is the currency in italy,Euro,Rome,0,0.0,1.0,53.21156699938001,False,quest_kg,22
WebQTest-1061,where does greek language come from,Attic Group,French,0,0.0,1.0,36.76244799862616,False,quest_kg,0
WebQTest-1062,what is the name of the currency used in italy,Euro,Rome,0,0.0,1.0,50.90280299918959,False,quest_kg,18
WebQTest-1063,where is audrey hepburn from,Ixelles,United Kingdom,0,0.0,1.0,155.25790999890887,False,quest_kg,0
WebQTest-1065,who does darth vaders voice,James Earl Jones,Author,0,0.0,1.0,137.13611599814612,False,quest_kg,0
WebQTest-1067,what school did douglas macarthur go to,TMI — The Episcopal School of Texas,"Washington, D.C.",0,0.0,1.0,66.51378899914562,False,quest_kg,0
WebQTest-1068,what famous people are from barbados,Shawn Terry Cox,"The History, Civil and Commercial, of the British West Indies",0,0.0,1.0,39.44138500082772,False,quest_kg,0
WebQTest-1069,what is the name of the currency used in china,Renminbi,Zhang Jinghui,0,0.0,1.0,37.351511000451865,False,quest_kg,0
WebQTest-1070,what are the names of michael jackson 's 3 children,"Michael Joseph Jackson, Jr.",Justin Timberlake,0,0.0,1.0,72.18728500083671,False,quest_kg,0
WebQTest-1072,who is the current governor of arizona 2010,Jan Brewer,President of the United States,0,0.0,1.0,49.61199999888777,False,quest_kg,0
WebQTest-1074,who is lamar odom playing for this year,Saski Baskonia,Quarterback,0,0.0,1.0,155.5856720005977,False,quest_kg,0
WebQTest-1075,where were the great pyramids of giza built,Giza Plateau,Neoclassical architecture,0,0.0,1.0,103.67803099870798,False,quest_kg,0
WebQTest-1077,what language do the russian speak,Erzya Language,Yiddish Language,1,1.0,1.0,39.64749100123299,False,quest_kg,0
WebQTest-1078,what language do australia people speak,Esperanto Language,France,0,0.0,1.0,44.21105800065561,False,quest_kg,2
WebQTest-1079,what country was king tut 's tomb found,Egypt,Alabama,0,0.0,1.0,142.66775700161816,False,quest_kg,28
WebQTest-1080,where did abraham and his descendants live,Canaan,Roman–Persian Wars,0,0.0,1.0,153.60645699911402,False,quest_kg,0
WebQTest-1081,where did george washington carver go to collage,Simpson College,Carver Center for Arts and Technology,0,0.0,1.0,62.915252998209326,False,quest_kg,0
WebQTest-1082,what are the sports in spain,CB 1939 Canarias,Tennis,0,0.0,1.0,42.053946999658365,False,quest_kg,0
WebQTest-1083,where president obama was born,Honolulu,Shadow Figure,0,0.0,1.0,73.34443500076304,False,quest_kg,0
WebQTest-1084,what sports do people play in poland,Turów Zgorzelec,Football,0,0.4,1.0,43.23670000303537,False,quest_kg,0
WebQTest-1085,who was demi lovato dating,Cody Linley,Enough of No Love (feat. Lil Wayne),0,0.0,1.0,139.49351600240334,False,quest_kg,0
WebQTest-1087,what films has scarlett johansson been in,Ghost World,Paris,0,0.0,1.0,130.81262999912724,False,quest_kg,0
WebQTest-1088,who originally voiced meg on family guy,Lacey Chabert,Atticus Finch,0,0.0,1.0,133.30856800166657,False,quest_kg,0
WebQTest-1089,who played amy squirrel in bad teacher,Lucy Punch,Playwright,0,0.0,1.0,111.10434899819666,False,quest_kg,0
WebQTest-1090,where are boeing headquarters,Chicago,Virginia,0,0.0,1.0,148.039821000566,False,quest_kg,0
WebQTest-1091,what type of religions are in the united states,Hinduism,US County,0,0.0,1.0,69.35998599874438,False,quest_kg,0
WebQTest-1092,who did viggo mortensen play in lord of the rings,Aragorn,Scottish American,0,0.0,1.0,137.7323439992324,False,quest_kg,0
WebQTest-1094,who was isaac newton and what did he do,Chemist,John Stuart Mill,0,0.0,1.0,59.566453001025366,False,quest_kg,0
WebQTest-1095,who did william shakespeare marry,Anne Hathaway,Authors Frequently Mentioned on the Web,0,0.0,1.0,77.93248499729089,False,quest_kg,0
WebQTest-1096,what movies queen latifah is in,We Are Family,Marietta,0,0.0,1.0,135.7417759973032,False,quest_kg,0
WebQTest-1097,where did michelle obama graduated from,Princeton University,John F. Kennedy Catholic High School,0,0.3333333333333333,1.0,144.36911400116514,False,quest_kg,0
WebQTest-1098,what kind of music did franz liszt compose,Romantic music,henri de saint-simon follower was franz liszt,0,0.0,1.0,114.81914599789889,False,quest_kg,0
WebQTest-1099,what country does david luiz play for,Brazil national football team,The London 2012 Summer Olympics,0,0.0,1.0,147.61633099988103,False,quest_kg,0
WebQTest-1100,what document did thomas jefferson wrote,The Literary Bible of Thomas Jefferson,"Despite the support of Dean and Jefferson, he was badly let down by the American Congress over payment and never recouped his losses.",0,0.3582089552238805,1.0,70.29474500086508,False,quest_kg,0
WebQTest-1101,who is martin luther king jr facts,Writer,Civil rights activist,1,1.0,1.0,70.91227400087519,False,quest_kg,0
WebQTest-1102,where is victoria british columbia,British Columbia,Australian territory,0,0.0,1.0,36.94575800182065,False,quest_kg,0
WebQTest-1103,how many mary mary sisters,Tina Campbell,Mariah Carey,0,0.0,1.0,37.479029000678565,False,quest_kg,0
WebQTest-1104,what do we call the currency of france,CFP franc,European Union,0,0.0,1.0,47.13903299852973,False,quest_kg,0
WebQTest-1106,what team does david beckham play for in 2012,LA Galaxy,Athlete's foot,0,0.0,1.0,42.970036000042455,False,quest_kg,0
WebQTest-1107,what movies did nick cannon star in,Garfield: The Movie,Floyd Crosby,0,0.0,1.0,135.55528000142658,False,quest_kg,0
WebQTest-1108,what radio station is npr on in nyc,WNYC,Ginuwine,0,0.0,1.0,103.03649799971026,False,quest_kg,0
WebQTest-1109,who did tom landry play for,New York Yankees,Musician,0,0.0,1.0,128.75569600146264,False,quest_kg,0
WebQTest-1110,where was john jay born,New York City,Nico Harris,0,0.0,1.0,159.62169500198797,False,quest_kg,0
WebQTest-1111,where is mount fuji located,Japan,Kanagawa Prefecture,0,0.0,1.0,106.94075100036571,False,quest_kg,44
WebQTest-1113,where was toussaint l'ouverture born,Saint-Domingue,Aosta,0,0.0,1.0,152.6167180018092,False,quest_kg,0
WebQTest-1114,what countries makes up the uk,Wales,France,0,0.0,1.0,58.710534998681396,False,quest_kg,34
WebQTest-1115,what is lawton ok zip code,73507,North Carolina,0,0.0,1.0,135.24823099942296,False,quest_kg,0
WebQTest-1116,what is the capital city of spain wiki answers,Madrid,Greece,0,0.0,1.0,42.73310899952776,False,quest_kg,0
WebQTest-1117,where do they speak german,Second Polish Republic,French,0,0.0,1.0,37.639043999661226,False,quest_kg,0
WebQTest-1118,when did mark mcgwire retired,2001 Major League Baseball Season,STS-107,0,0.0,1.0,145.08014199964236,False,quest_kg,0
WebQTest-1119,what is colorado technical university,College/University,Alpha Sigma Phi,0,0.0,1.0,109.18227200090769,False,quest_kg,35
WebQTest-1120,what was the currency used in france before the euro,French franc,Euroregion East Sussex/Seine Maritime/Somme,0,0.0,1.0,50.747050998324994,False,quest_kg,0
WebQTest-1121,what is kentucky state slogan,"United we stand, divided we fall",Pennsylvania,0,0.0,1.0,54.72245100099826,False,quest_kg,0
WebQTest-1124,who played samantha stephens in bewitched,Elizabeth Montgomery,Grace Hutchinson,0,0.0,1.0,135.8013259996369,False,quest_kg,0
WebQTest-1125,what area of science did sir isaac newton study,Chemist,In 1797 he began to study the physical sciences as part of a plan to classify all known facts.,0,0.0,1.0,69.74832899868488,False,quest_kg,0
WebQTest-1126,what county is san diego in,San Diego County,Seven Oaks,0,0.0,1.0,100.3423619986279,False,quest_kg,0
WebQTest-1127,which country in north america is divided into provinces,Canada,Dominica,0,0.0,1.0,70.23487100013881,False,quest_kg,0
WebQTest-1130,what is real name of santa claus,Saint Nicholas,The Dales,0,0.0,1.0,156.5913240010559,False,quest_kg,0
WebQTest-1131,when did kelly slater go pro,1990,Model,0,0.0,1.0,136.22206799846026,False,quest_kg,0
WebQTest-1132,what did coretta scott king died from,Respiratory failure,Heart failure,0,0.5,1.0,58.61405299947364,False,quest_kg,0
WebQTest-1133,what does wh smith stand for,WHSmith,Politician,0,0.0,1.0,149.46746200075722,False,quest_kg,0
WebQTest-1135,who was vp for nixon,Spiro Agnew,Then it was discovered that Nixon taped all his White House conversations.,0,0.0,1.0,63.958295999327675,False,quest_kg,30
WebQTest-1136,what religion did adolf hitler follow,Catholicism,Presbyterianism,0,0.0,1.0,105.64693600099417,False,quest_kg,17
WebQTest-1137,where is the illinois river on a map,United States of America,Ohio River,0,0.0,1.0,116.4314759989793,False,quest_kg,40
WebQTest-1138,where honduras in the world,Americas,El Salvador,0,0.0,1.0,43.857067001226824,False,quest_kg,4
WebQTest-1142,who does ronaldinho play for now 2011,Clube de Regatas do Flamengo,Football Player,0,0.3333333333333333,1.0,140.41766400259803,False,quest_kg,0
WebQTest-1143,what galileo galilei was famous for,Heliocentrism,Walker Percy,0,0.0,1.0,128.5238609998487,False,quest_kg,0
WebQTest-1144,what are the major trading partners of germany,Scotland,German city,0,0.0,1.0,49.35170599856065,False,quest_kg,0
WebQTest-1145,where did romney graduated college,Brigham Young University,Cape Coast,0,0.0,1.0,130.88103600239265,False,quest_kg,0
WebQTest-1146,who did johnny depp play in corpse bride,Victor Van Dort,Cult film,0,0.0,1.0,137.14877199890907,False,quest_kg,0
WebQTest-1147,what is the zip code for jonesboro ar,72402,Louisiana,0,0.0,1.0,127.60973400145303,False,quest_kg,0
WebQTest-1148,what college did se hinton go,University of Tulsa,University of Alabama,0,0.6666666666666666,1.0,135.85927599706338,False,quest_kg,0
WebQTest-1149,when was taylor swift fearless tour,2009-04-23,Musician,0,0.0,1.0,141.66062100048293,False,quest_kg,0
WebQTest-1151,where did charles darwin and his wife live,London,Chevy Chase,0,0.0,1.0,161.18517900031293,False,quest_kg,0
WebQTest-1152,who is the voice of kitt,William Daniels,Republic of Ireland,0,0.0,1.0,139.22313600050984,False,quest_kg,0
WebQTest-1153,what is eminem 's real full name,Marshall Bruce Mathers III,Children,0,0.0,1.0,65.09743499918841,False,quest_kg,0
WebQTest-1154,who is amy grant 's first husband,Gary Chapman,"Preparing for his 1972 visit to China, conferred with French writer/philosopher Malraux, a China expert.",0,0.0,1.0,149.98026999819558,False,quest_kg,0
WebQTest-1155,what are the seven nations of central america,Panama,Spain in the American Revolutionary War,0,0.0,1.0,36.92400100044324,False,quest_kg,0
WebQTest-1156,what is jamie spears baby name,Maddie Briann Aldridge,Michael Jackson,0,0.0,1.0,142.76020100078313,False,quest_kg,0
WebQTest-1160,who is the mother of prince michael jackson,Katherine Jackson,Britney Spears,0,0.0,1.0,76.44822500151349,False,quest_kg,0
WebQTest-1161,what is the clemson mascot name,Clemson University The Tiger,USS Alabama (BB-60),0,0.0,1.0,106.45369299891172,False,quest_kg,0
WebQTest-1163,what rainforest is in south america,Amazon rainforest,Cuba,0,0.0,1.0,32.81841100033489,False,quest_kg,0
WebQTest-1164,what type of art does claude monet do,Modern art,Among those who attended the salon held by the church were the composers Liszt and  Berlioz.,0,0.0,1.0,128.8348180023604,False,quest_kg,0
WebQTest-1166,when did we start war with iraq,2003-03-20,Battle of Abukir,0,0.0,1.0,115.24039399955655,False,quest_kg,0
WebQTest-1168,what guitar did kurt cobain,Fender Jag-Stang,Aaliyah,0,0.0,1.0,124.18014899958507,False,quest_kg,0
WebQTest-1169,who did jennifer lawrence play in x men,Raven / Mystique,Novelist,0,0.0,1.0,134.09914200019557,False,quest_kg,0
WebQTest-1170,who is the governor of virginia 2011,Bob McDonnell,Vermont,0,0.0,1.0,55.62627699691802,False,quest_kg,0
WebQTest-1171,who did darth vaders voice,James Earl Jones,Singer,0,0.0,1.0,115.05003700222005,False,quest_kg,0
WebQTest-1173,where is walton county ga,Georgia,Walkersville,0,0.0,1.0,105.98823999680462,False,quest_kg,0
WebQTest-1174,what cancer did jackie kennedy die of,Lymphoma,Assassination of John F. Kennedy,0,0.0,1.0,62.071721000393154,False,quest_kg,0
WebQTest-1175,what does lauren conrad major in,Fashion design,Hermes Conrad,0,0.0,1.0,140.22412900158088,False,quest_kg,0
WebQTest-1176,what time zone is pennsylvania in right now,UTC−05:00,Central Time Zone,0,0.6666666666666666,1.0,56.96010500105331,False,quest_kg,0
WebQTest-1177,where did mario lopez go to school,Chula Vista High School,Thomism,0,0.0,1.0,116.47804799940786,False,quest_kg,0
WebQTest-1178,where is tupac from originally,East Harlem,West Coast hip hop,0,0.0,1.0,70.9319659981702,False,quest_kg,0
WebQTest-1179,what role did george lucas play in star wars,Baron Papanoida,Mutt Williams,0,0.0,1.0,136.65163699988625,False,quest_kg,0
WebQTest-1180,what sarah dessen books are movies,How to Deal,The Lord of the Rings,0,0.0,1.0,481.6808420000598,False,quest_kg,0
WebQTest-1181,what is the current time in kauai hawaii,Hawaii-Aleutian Time Zone,Indiana,0,0.0,1.0,49.06109899820876,False,quest_kg,0
WebQTest-1183,where was farrah fawcett buried,Westwood Village Memorial Park Cemetery,Robert Smith,0,0.0,1.0,135.42452899855562,False,quest_kg,0
WebQTest-1185,what inspired steinbeck,Thomas Malory,Mary Shelley,0,0.0,1.0,69.68259600034798,False,quest_kg,0
WebQTest-1186,what kind of government does cuba have today,Semi-presidential system,Fidel Castro,0,0.0,1.0,47.1706450007332,False,quest_kg,0
WebQTest-1187,where are english speakers distributed,Nigeria,Nauruan Language,0,0.0,1.0,77.59843700114288,False,quest_kg,19
WebQTest-1189,what is the capital of italy today,Rome,European Union,0,0.0,1.0,47.5145819982572,False,quest_kg,21
WebQTest-1191,what language do people speak in the bahamas,English Language,Hurricane Betsy,0,0.0,1.0,53.96106899934239,False,quest_kg,32
WebQTest-1192,where did george michael go to school,Bushey Meads School,Metropolitan Nashville Public Schools,0,0.0,1.0,110.95799800023087,False,quest_kg,0
WebQTest-1194,what club does cristiano ronaldo play for in 2010,Real Madrid C.F.,Start date,0,0.0,1.0,140.83258699974976,False,quest_kg,0
WebQTest-1195,what time zone is in the bahamas,UTC−05:00,Pacific Time Zone,0,0.6666666666666666,1.0,51.31510499995784,False,quest_kg,48
WebQTest-1197,what language do people speak in brazil,Brazilian Portuguese,Portuguese Language,1,1.0,1.0,39.6796759996505,False,quest_kg,0
WebQTest-1198,who influenced samuel taylor coleridge,Immanuel Kant,Stanley G. Weinbaum,0,0.0,1.0,62.16864200177952,False,quest_kg,48
WebQTest-1199,what does kim kardashian work as,Actor,Businessperson,1,1.0,1.0,167.85644499759655,False,quest_kg,20
WebQTest-1200,where did the mississippi river end,Gulf of Mexico,Discovery and Exploration of the Mississippi Valley,0,0.2,1.0,58.661036997364135,False,quest_kg,0
WebQTest-1201,who played carlton lassiter on psych,Timothy Omundson,Poet,0,0.0,1.0,178.02250200111303,False,quest_kg,0
WebQTest-1203,who is president of israel,Reuven Rivlin,Jordan,0,0.0,1.0,39.905128000100376,False,quest_kg,0
WebQTest-1204,where did the anasazi indians live,Four Corners,Mexico,0,0.0,1.0,163.10958699978073,False,quest_kg,0
WebQTest-1205,who plays harley quinn,Mia Sara,Male,0,0.0,1.0,106.24608099897159,False,quest_kg,0
WebQTest-1206,what was francis bacon contributions,Author,Inventor,0,0.0,1.0,91.52623599948129,False,quest_kg,46
WebQTest-1209,when does ziva start on ncis,NCIS - Season 3,"Military expenditure as percentage of GDP, World Development Indicators and Global Development Finance, World Bank",0,0.0,1.0,218.79154600173933,False,quest_kg,0
WebQTest-1210,what is the name of the national anthem of canada ( 2 words ),O Canada,2002 Winter Olympics,0,0.0,1.0,55.965040999581106,False,quest_kg,0
WebQTest-1212,what did mark zuckerberg study,Psychology,Professor,0,0.0,1.0,137.33333500204026,False,quest_kg,0
WebQTest-1213,which country was michael jackson born,United States of America,Justin Timberlake,0,0.0,1.0,78.17052099926514,False,quest_kg,38
WebQTest-1215,who was stephen r covey,Author,Gouverneur Morris nearly became his secretary in Paris.,0,0.0,1.0,149.86712199970498,False,quest_kg,14
WebQTest-1216,what country was stalin in charge of,Soviet Union,Country of nationality,0,0.0,1.0,175.88710599738988,False,quest_kg,0
WebQTest-1217,what is monta ellis career high points,NBA Most Improved Player Award,Raymond Chandler,0,0.0,1.0,172.0198269977118,False,quest_kg,0
WebQTest-1219,what nationality is rihanna,Barbados,Yves Bole,0,0.0,1.0,57.969818997662514,False,quest_kg,0
WebQTest-1220,what has shannen doherty played in,Another Day,Hollywood Swinging,0,0.0,1.0,139.66610500210663,False,quest_kg,0
WebQTest-1221,what college did joakim noah,University of Florida,Noah,0,0.0,1.0,150.2354859985644,False,quest_kg,0
WebQTest-1223,who plays billy elliot,Jamie Bell,Michael Elliot,0,0.0,1.0,166.259704001277,False,quest_kg,0
WebQTest-1225,what kourtney kardashian boyfriends name,Scott Disick,Tony Jordan,0,0.0,1.0,172.46455599888577,False,quest_kg,0
WebQTest-1226,what form of government does australia use,Parliamentary system,Australian dollar,0,0.0,1.0,48.39284400077304,False,quest_kg,26
WebQTest-1227,what team did howie long,Oakland Raiders,Teddy Longford,0,0.0,1.0,157.8479019990482,False,quest_kg,0
WebQTest-1228,where did the greek alphabet come from,Phoenician alphabet,The Sacred Band of Stepsons universe,0,0.0,1.0,128.8013180019334,False,quest_kg,0
WebQTest-1229,what timezone is elizabethtown kentucky,Eastern Time Zone,Pennsylvania,0,0.0,1.0,146.56499299962888,False,quest_kg,61
WebQTest-1230,what to see in christchurch new zealand,Air Force Museum of New Zealand,Appalachian National Scenic Trail,0,0.0,1.0,128.2772090016806,False,quest_kg,0
WebQTest-1231,where is chris paul from,United States of America,Francis A. Sullivan,0,0.0,1.0,167.12523699970916,False,quest_kg,35
WebQTest-1232,what year was albert pujols rookie year,2001 Major League Baseball Season,New York City,0,0.0,1.0,262.36968800003524,False,quest_kg,0
WebQTest-1233,what are the colors of the ny giants,Red,Scarlet,0,0.0,1.0,97.16502599985688,False,quest_kg,3
WebQTest-1234,what business did andrew carnegie dominate,financier,Mark Twain,0,0.0,1.0,135.53556399710942,False,quest_kg,57
WebQTest-1235,what was sir isaac newton 's inventions,Pet door,Inventor,0,0.0,1.0,79.90982500268728,False,quest_kg,0
WebQTest-1237,who did shaq first play for,Orlando Magic,West Coast hip hop,0,0.0,1.0,203.72480399964843,False,quest_kg,0
WebQTest-1238,who was the artist of mickey mouse,Ub Iwerks,Funk rock,0,0.0,1.0,99.06184599822154,False,quest_kg,0
WebQTest-1239,what is the zip code for concord,94518,Henry David Thoreau,0,0.0,1.0,48.159440000745235,False,quest_kg,0
WebQTest-1240,what football team is michael vick on,New York Jets,Atlantic Coast Conference,0,0.0,1.0,118.82261799837579,False,quest_kg,0
WebQTest-1241,where does the columbia river start,Columbia Lake,Columbia,0,0.6666666666666666,1.0,126.57107199993334,False,quest_kg,0
WebQTest-1242,what are all the names of the harry potter books,Harry Potter and the Chamber of Secrets,"Enchanted, Inc.",0,0.0,1.0,120.14162099876557,False,quest_kg,0
WebQTest-1244,who was sir walter raleigh and what did he do,Courtier,Battle of the Somme,0,0.0,1.0,141.52207000006456,False,quest_kg,0
WebQTest-1245,what countries are in the euro dollar,Kingdom of the Netherlands,United States Dollar,0,0.0,1.0,39.21407300003921,False,quest_kg,0
WebQTest-1246,what currency can you use in barbados,Barbadian dollar,Caribbean,0,0.0,1.0,33.283424003457185,False,quest_kg,0
WebQTest-1247,who is angelina jolie,Voice Actor,Music artist,0,0.0,1.0,137.20423700215179,False,quest_kg,0
WebQTest-1248,where is nineveh city,Iraq,Reinhold Niebuhr,0,0.0,1.0,134.3240119967959,False,quest_kg,0
WebQTest-1249,what is the state flower of new mexico,Yucca flower,Delaware,0,0.0,1.0,52.05660700084991,False,quest_kg,0
WebQTest-1250,where is the national ffa foundation located today,Alexandria,Massachusetts,0,0.0,1.0,151.073274002556,False,quest_kg,0
WebQTest-1251,which countries speak germanic languages,Belgium,Canadian English,0,0.0,1.0,38.31329600143363,False,quest_kg,0
WebQTest-1252,who plays eowyn in lord of the rings,Miranda Otto,Female,0,0.0,1.0,128.73043600120582,False,quest_kg,0
WebQTest-1254,where is augusta masters 2012,Augusta National Golf Course,Louisiana,0,0.0,1.0,126.80263699803618,False,quest_kg,0
WebQTest-1255,what type of cancer did eva peron die from,Cervical cancer,Sweden,0,0.0,1.0,147.53282899982878,False,quest_kg,0
WebQTest-1256,who did terrell owens play for in 2010,Cincinnati Bengals,Rushing,0,0.0,1.0,106.71493799964082,False,quest_kg,0
WebQTest-1257,where is denmark south carolina,Bamberg County,Scandinavian Peninsula,0,0.0,1.0,43.933517998084426,False,quest_kg,0
WebQTest-1259,what books did ernest hemingway write,"Ernest Hemingway, selected letters, 1917-1961","If I had not existed, someone else would have written me, Hemingway, Dostoevski, all of us.",0,0.20689655172413793,1.0,90.26159099812503,False,quest_kg,0
WebQTest-1260,what year did baltimore ravens win super bowl,Super Bowl XXXV,Football Almanac ID,0,0.0,1.0,110.18522199810832,False,quest_kg,0
WebQTest-1261,where did the battle of passchendaele happen,Flanders,Second Boer War,0,0.0,1.0,35.906319000787335,False,quest_kg,0
WebQTest-1262,what part of the country is ohio considered,Midwestern United States,Midwestern United States,1,1.0,1.0,57.9112890009128,False,quest_kg,1
