qid,question,gold,prediction,em,f1,confidence,latency_ms,abstained,x_method,x_rank
oa_331,"At time 58 in context ctx_02, can u_0041 access res_0016?",1,No,0,0.0,0.8,19575.765599962324,False,tog1,0
oa_0,"At time 83 in context ctx_03, can u_0045 access res_0134?",0,No,1,1.0,0.8,18463.62720010802,False,tog1,0
oa_365,"At time 55 in context ctx_07, can u_0481 access res_0048?",1,"No, u_0481 cannot access res_0048 at time 55 in context ctx",0,0.0,0.8,18391.89079985954,False,tog1,0
oa_1,"At time 142 in context ctx_06, can u_0029 access res_0098?",0,"No, because there is no direct or indirect link between res_0098 and u_0029",1,1.0,0.8,18708.971800049767,False,tog1,0
oa_589,"At time 55 in context ctx_07, can u_0247 access res_0048?",1,"No, u_0247 cannot access res_0048 at time 55 in context ctx",0,0.0,0.8,18432.887699920684,False,tog1,0
oa_2,"At time 93 in context ctx_05, can u_0276 access res_0026?",0,"No, because based on the given reasoning chain, res_0026 is only governed by pol_02",1,1.0,0.8,18276.902599958703,False,tog1,0
oa_604,"At time 58 in context ctx_02, can u_0127 access res_0125?",1,"No, because res_0125 is not governed by pol_025, and thus cannot be valid",0,0.0,0.8,18735.408900072798,False,tog1,0
oa_9,"At time 124 in context ctx_04, can u_0442 access res_0154?",0,No,1,1.0,0.8,18622.234599897638,False,tog1,0
oa_685,"At time 51 in context ctx_03, can u_0138 access res_0156?",1,No,0,0.0,0.8,18030.105100013316,False,tog1,0
oa_12,"At time 134 in context ctx_06, can u_0132 access res_0152?",0,"To determine if u_0132 can access res_0152 at time 134,",0,0.0,0.8,3146.6733999550343,False,tog1,0
oa_708,"At time 60 in context ctx_04, can u_0452 access res_0130?",1,"Based on the given reasoning chain, res_0130 is governed by both pol_006 and pol",0,0.0,0.8,18507.467599818483,False,tog1,0
oa_15,"At time 90 in context ctx_02, can u_0316 access res_0060?",0,"No, because res_0060 is governed by pol_025, which is not valid in any",1,1.0,0.8,18897.458099992946,False,tog1,0
oa_803,"At time 50 in context ctx_02, can u_0243 access res_0016?",1,"No, because res_0016 is only governed by pol_009 within context ctx_02",0,0.0,0.8,18518.504800042138,False,tog1,0
oa_19,"At time 128 in context ctx_00, can u_0170 access res_0134?",0,"No, because res_0134 is not governed by any political entity (pol) within the contexts (ctx",1,1.0,0.8,17918.56440017,False,tog1,0
oa_826,"At time 61 in context ctx_05, can u_0225 access res_0139?",1,"No, because based on the given reasoning chain, res_0139 is not governed by any of the political",0,0.0,0.8,19023.51099997759,False,tog1,0
oa_26,"At time 196 in context ctx_04, can u_0236 access res_0066?",0,"No, based on the given reasoning chain, res_0066 is not governed by any of the political entities",1,1.0,0.8,18686.4334999118,False,tog1,0
oa_862,"At time 50 in context ctx_02, can u_0311 access res_0066?",1,"No, because res_0066 is not governed by any of the political entities (pol_009",0,0.0,0.8,18427.847099956125,False,tog1,0
oa_27,"At time 97 in context ctx_01, can u_0206 access res_0080?",0,No,1,1.0,0.8,18257.00380001217,False,tog1,0
oa_889,"At time 58 in context ctx_02, can u_0096 access res_0180?",1,"Based on the given reasoning chain, pol_009 is valid in context ctx_02 and res_0",0,0.0,0.8,18635.142300045118,False,tog1,0
oa_58,"At time 66 in context ctx_02, can u_0019 access res_0022?",0,No,1,1.0,0.8,18492.632700130343,False,tog1,0
oa_948,"At time 58 in context ctx_02, can u_0471 access res_0077?",1,"No, because res_0077 is not governed by any political entity valid in context ctx_02.",0,0.0,0.8,18407.26809995249,False,tog1,0
oa_63,"At time 136 in context ctx_00, can u_0252 access res_0175?",0,"No, because res_0175 is not governed by pol_025, and pol_02",1,1.0,0.8,18617.977400077507,False,tog1,0
oa_1019,"At time 59 in context ctx_03, can u_0465 access res_0056?",1,"No, because based on the given reasoning chain, res_0160 is governed by pol_038",0,0.0,0.8,19128.036000067368,False,tog1,0
oa_64,"At time 190 in context ctx_06, can u_0133 access res_0162?",0,"No, because res_0162 is not governed by any political entity (pol) that is valid in context",1,1.0,0.8,18635.202000150457,False,tog1,0
oa_1083,"At time 52 in context ctx_04, can u_0300 access res_0055?",1,No,0,0.0,0.8,18024.54959996976,False,tog1,0
oa_69,"At time 157 in context ctx_05, can u_0162 access res_0029?",0,"No, because res_0029 is not governed by any political entity (pol) that is valid in context",1,1.0,0.8,19197.036699857563,False,tog1,0
oa_1084,"At time 56 in context ctx_00, can u_0225 access res_0074?",1,"No, because res_0074 is not governed by pol_019, which is valid in context",0,0.0,0.8,18692.701800027862,False,tog1,0
oa_72,"At time 118 in context ctx_06, can u_0369 access res_0089?",0,"No, because based on the given reasoning chain, res_0089 is not governed by any of the political",1,1.0,0.8,18791.986500145867,False,tog1,0
oa_1101,"At time 58 in context ctx_02, can u_0127 access res_0077?",1,"No, because res_0127 is only governed by pol_009 and pol_006",0,0.0,0.8,19588.85659999214,False,tog1,0
oa_79,"At time 108 in context ctx_04, can u_0206 access res_0157?",0,No,1,1.0,0.8,18723.105299985036,False,tog1,0
oa_1277,"At time 58 in context ctx_02, can u_0243 access res_0077?",1,"No, because the reasoning provided does not indicate any governance or validity of res_0077 within context ctx_",0,0.0,0.8,18037.915399996564,False,tog1,0
oa_81,"At time 64 in context ctx_00, can u_0378 access res_0078?",0,"No, because res_0078 is not governed by any political entity valid in context ctx_00.",1,1.0,0.8,18483.866000082344,False,tog1,0
oa_1342,"At time 55 in context ctx_07, can u_0176 access res_0061?",1,"No, because res_0061 is not governed by any political entity valid in context ctx_07.",0,0.0,0.8,18598.50799990818,False,tog1,0
oa_82,"At time 86 in context ctx_06, can u_0011 access res_0149?",0,"No, because res_0149 is not governed by any political entity valid in context ctx_06.",1,1.0,0.8,18193.990899948403,False,tog1,0
oa_1531,"At time 53 in context ctx_05, can u_0440 access res_0125?",1,"No, because none of the political entities (pol_019, pol_043) are valid in",0,0.0,0.8,18505.698600085452,False,tog1,0
oa_101,"At time 176 in context ctx_00, can u_0397 access res_0044?",0,"No, because the only valid political jurisdiction for res_0044 at time 176 in context ctx",1,1.0,0.8,18811.554200015962,False,tog1,0
oa_1551,"At time 51 in context ctx_03, can u_0190 access res_0156?",1,No,0,0.0,0.8,18840.728000039235,False,tog1,0
oa_108,"At time 183 in context ctx_07, can u_0276 access res_0120?",0,"No, u_0276 cannot access res_0120 at time 183 in context",1,1.0,0.8,18393.130999989808,False,tog1,0
oa_1668,"At time 53 in context ctx_05, can u_0020 access res_0035?",1,No,0,0.0,0.8,19068.45680018887,False,tog1,0
oa_115,"At time 94 in context ctx_06, can u_0007 access res_0152?",0,"No, because res_0152 is not governed by pol_044, and pol_04",1,1.0,0.8,18033.165799919516,False,tog1,0
oa_1677,"At time 50 in context ctx_02, can u_0046 access res_0140?",1,"No, u_0046 cannot access res_0140 at time 50 in context ctx",0,0.0,0.8,18612.11399990134,False,tog1,0
oa_117,"At time 144 in context ctx_00, can u_0307 access res_0102?",0,"No, because res_0102 is not governed by any political entity valid in context ctx_00 at",1,1.0,0.8,18422.99670004286,False,tog1,0
oa_1762,"At time 54 in context ctx_06, can u_0225 access res_0061?",1,"No, based on the given reasoning chain, u_0225 cannot access res_0061 at",0,0.0,0.8,18350.197300082073,False,tog1,0
oa_120,"At time 171 in context ctx_03, can u_0063 access res_0130?",0,No,1,1.0,0.8,18392.66059990041,False,tog1,0
oa_1983,"At time 61 in context ctx_05, can u_0277 access res_0125?",1,No,0,0.0,0.8,18515.454799868166,False,tog1,0
oa_125,"At time 69 in context ctx_05, can u_0465 access res_0015?",0,"No, because based on the given reasoning chain, res_0015 is not governed by any political entity (",1,1.0,0.8,18642.404700163752,False,tog1,0
oa_1998,"At time 58 in context ctx_02, can u_0199 access res_0130?",1,"No, because res_0130 is not governed by any of the political entities (pol_019",0,0.0,0.8,18773.38010002859,False,tog1,0
oa_132,"At time 184 in context ctx_00, can u_0312 access res_0154?",0,"No, because there is no direct or indirect connection between res_0154 and any of the contexts (ctx",1,1.0,0.8,18975.40279990062,False,tog1,0
oa_2040,"At time 56 in context ctx_00, can u_0440 access res_0074?",1,"No, because based on the given reasoning chain, res_0074 is not governed by either pol_0",0,0.0,0.8,18658.474799944088,False,tog1,0
oa_152,"At time 96 in context ctx_00, can u_0156 access res_0128?",0,"No, because based on the given reasoning chain, res_0124 is governed by pol_025",1,1.0,0.8,18570.889099966735,False,tog1,0
oa_2101,"At time 62 in context ctx_06, can u_0139 access res_0061?",1,"No, because res_0061 is not governed by pol_038, and pol_03",0,0.0,0.8,18759.33250016533,False,tog1,0
oa_165,"At time 103 in context ctx_07, can u_0315 access res_0188?",0,"No, because based on the given reasoning chain, res_0188 is not governed by pol_00",1,1.0,0.8,18705.26640000753,False,tog1,0
oa_2127,"At time 50 in context ctx_02, can u_0020 access res_0130?",1,No,0,0.0,0.8,17826.112900162116,False,tog1,0
oa_167,"At time 68 in context ctx_04, can u_0073 access res_0039?",0,"No, because based on the given reasoning chain, res_0039 is not governed by any political entity (",1,1.0,0.8,18757.79110006988,False,tog1,0
oa_2131,"At time 57 in context ctx_01, can u_0481 access res_0145?",1,"No, because res_0145 is not governed by pol_019, and pol_01",0,0.0,0.8,18567.902400158346,False,tog1,0
oa_168,"At time 78 in context ctx_06, can u_0051 access res_0112?",0,"No, because based on the given reasoning chain, res_0112 is not governed by pol_00",1,1.0,0.8,18354.625000152737,False,tog1,0
oa_2133,"At time 56 in context ctx_00, can u_0225 access res_0139?",1,No,0,0.0,0.8,18791.137899970636,False,tog1,0
oa_177,"At time 180 in context ctx_04, can u_0240 access res_0124?",0,"Based on the given reasoning chain, there is no information provided about the validity of any policies or resources in context ctx_",0,0.0,0.8,19097.762000048533,False,tog1,0
oa_2250,"At time 55 in context ctx_07, can u_0321 access res_0141?",1,"No, u_0321 cannot access res_0141 at time 55 in context ctx",0,0.0,0.8,18465.290499851108,False,tog1,0
oa_178,"At time 65 in context ctx_01, can u_0104 access res_0071?",0,"No, because based on the given reasoning chain, res_0071 is not governed by pol_00",1,1.0,0.8,18791.110099991783,False,tog1,0
oa_2280,"At time 61 in context ctx_05, can u_0247 access res_0016?",1,"No, because res_0016 is governed by pol_016, which is valid in context ctx",0,0.0,0.8,18821.492000017315,False,tog1,0
oa_186,"At time 157 in context ctx_05, can u_0441 access res_0085?",0,"No, because the reasoning chain provided does not indicate any connection between res_0085 and the other variables (",1,1.0,0.8,3009.7243001218885,False,tog1,0
oa_2374,"At time 56 in context ctx_00, can u_0020 access res_0124?",1,"No, because res_0124 is not governed by any of the political entities (pol_018",0,0.0,0.8,17943.985000019893,False,tog1,0
oa_201,"At time 116 in context ctx_04, can u_0457 access res_0045?",0,"No, because there is no direct or indirect link between res_0045 and the contexts or political entities that",1,1.0,0.8,18684.581900015473,False,tog1,0
oa_2411,"At time 53 in context ctx_05, can u_0471 access res_0125?",1,"No, because there is no direct or indirect connection between res_0125 and any of the contexts (ctx",0,0.0,0.8,18616.1142999772,False,tog1,0
oa_209,"At time 110 in context ctx_06, can u_0171 access res_0122?",0,"No, because res_0122 is governed by pol_043, which is valid in context ctx",1,1.0,0.8,18331.559099955484,False,tog1,0
oa_2522,"At time 59 in context ctx_03, can u_0096 access res_0056?",1,"No, because res_0056 is only governed by pol_025 and valid in contexts ctx_",0,0.0,0.8,18791.984499897808,False,tog1,0
oa_218,"At time 153 in context ctx_01, can u_0386 access res_0023?",0,"No, because the reasoning chain shows that res_0023 is not governed by pol_038,",1,1.0,0.8,10823.438399937004,False,tog1,0
oa_2551,"At time 52 in context ctx_04, can u_0286 access res_0152?",1,"No, because based on the given reasoning chain, res_0152 is not governed by any of the political",0,0.0,0.8,18531.472499947995,False,tog1,0
oa_226,"At time 65 in context ctx_01, can u_0171 access res_0040?",0,"No, because based on the given reasoning chain, res_0040 is only governed by pol_02",1,1.0,0.8,18815.895000007004,False,tog1,0
oa_2641,"At time 56 in context ctx_00, can u_0247 access res_0074?",1,"To determine if u_0247 can access res_0074 at time 56, we",0,0.0,0.8,2949.899499770254,False,tog1,0
oa_228,"At time 145 in context ctx_01, can u_0110 access res_0128?",0,"No, because res_0128 is not governed by pol_027, and thus does not fall",1,1.0,0.8,3172.464100178331,False,tog1,0
oa_2770,"At time 54 in context ctx_06, can u_0247 access res_0061?",1,"No, based on the given reasoning chain, u_0247 cannot access res_0061 at",0,0.0,0.8,18829.59320000373,False,tog1,0
oa_240,"At time 104 in context ctx_00, can u_0457 access res_0157?",0,"No, because res_0157 is not governed by pol_001, and thus cannot be valid",1,1.0,0.8,2880.038500064984,False,tog1,0
oa_2900,"At time 57 in context ctx_01, can u_0139 access res_0145?",1,No,0,0.0,0.8,18751.069399993867,False,tog1,0
oa_246,"At time 112 in context ctx_00, can u_0123 access res_0127?",0,No,1,1.0,0.8,18578.998600132763,False,tog1,0
oa_2904,"At time 51 in context ctx_03, can u_0020 access res_0055?",1,No,0,0.0,0.8,18429.731599986553,False,tog1,0
oa_251,"At time 71 in context ctx_07, can u_0470 access res_0008?",0,"No, because res_0008 is not governed by pol_000, which is valid in context",1,1.0,0.8,18692.235399968922,False,tog1,0
oa_2927,"At time 58 in context ctx_02, can u_0127 access res_0141?",1,"No, because based on the given reasoning chain, res_0148 is the only resource that is governed by",0,0.0,0.8,18997.581999981776,False,tog1,0
oa_258,"At time 135 in context ctx_07, can u_0401 access res_0042?",0,"No, because res_0042 is not governed by pol_044 or any other political entity valid",1,1.0,0.8,18190.919200191274,False,tog1,0
oa_3155,"At time 56 in context ctx_00, can u_0041 access res_0130?",1,No,0,0.0,0.8,18528.80070009269,False,tog1,0
oa_265,"At time 187 in context ctx_03, can u_0245 access res_0030?",0,No,1,1.0,0.8,18960.815199883655,False,tog1,0
oa_3204,"At time 56 in context ctx_00, can u_0277 access res_0139?",1,"No, because based on the given reasoning chain, res_0139 is not governed by pol_00",0,0.0,0.8,19023.49100005813,False,tog1,0
oa_270,"At time 108 in context ctx_04, can u_0475 access res_0106?",0,No,1,1.0,0.8,18537.234200164676,False,tog1,0
oa_3245,"At time 55 in context ctx_07, can u_0199 access res_0141?",1,"No, u_0199 cannot access res_0141 at time 55 in context ctx",0,0.0,0.8,18670.497900107875,False,tog1,0
oa_275,"At time 128 in context ctx_00, can u_0248 access res_0129?",0,"No, because based on the given reasoning chain, res_0129 is not governed by any of the political",1,1.0,0.8,18908.691600197926,False,tog1,0
oa_3317,"At time 57 in context ctx_01, can u_0225 access res_0145?",1,"No, because based on the given reasoning chain, res_0145 is only governed by pol_02",0,0.0,0.8,18640.748200006783,False,tog1,0
oa_288,"At time 64 in context ctx_00, can u_0092 access res_0194?",0,"No, because res_0194 is not governed by any of the political entities (pol_023",1,1.0,0.8,18220.97469982691,False,tog1,0
oa_3400,"At time 58 in context ctx_02, can u_0471 access res_0180?",1,"No, because both res_0180 and pol_009 are valid in context ctx_02",0,0.0,0.8,18719.757799990475,False,tog1,0
oa_290,"At time 195 in context ctx_03, can u_0162 access res_0132?",0,No,1,1.0,0.8,18511.475699953735,False,tog1,0
oa_3420,"At time 62 in context ctx_06, can u_0481 access res_0048?",1,"No, because res_0048 is governed by pol_001 which is not valid in context ctx",0,0.0,0.8,20194.380899891257,False,tog1,0
oa_292,"At time 179 in context ctx_03, can u_0141 access res_0192?",0,No,1,1.0,0.8,20308.9778998401,False,tog1,0
oa_3442,"At time 59 in context ctx_03, can u_0452 access res_0056?",1,"No, because res_0056 is not governed by any political entity valid in context ctx_03.",0,0.0,0.8,18593.43949984759,False,tog1,0
oa_294,"At time 122 in context ctx_02, can u_0305 access res_0022?",0,"No, because res_0022 is not governed by any political entity that is valid in context ctx_0",1,1.0,0.8,18798.77920006402,False,tog1,0
oa_3572,"At time 60 in context ctx_04, can u_0481 access res_0145?",1,No,0,0.0,0.8,19597.309400094673,False,tog1,0
oa_298,"At time 197 in context ctx_05, can u_0469 access res_0169?",0,"Based on the given reasoning chain, we know that res_0016 is governed by pol_016",0,0.0,0.8,23947.947700042278,False,tog1,0
oa_3678,"At time 56 in context ctx_00, can u_0471 access res_0027?",1,"Based on the given reasoning chain, res_0127 is governed by both pol_006 and pol",0,0.0,0.8,17927.002699812874,False,tog1,0
oa_309,"At time 198 in context ctx_06, can u_0377 access res_0147?",0,"No, because none of the political rules (pol*) listed are valid in context ctx_06. The reasoning is",1,1.0,0.8,18991.828399943188,False,tog1,0
oa_3784,"At time 53 in context ctx_05, can u_0321 access res_0016?",1,"Based on the given reasoning chain, res_0016 is governed by pol_016, and pol",0,0.0,0.8,18764.913500053808,False,tog1,0
oa_312,"At time 172 in context ctx_04, can u_0162 access res_0195?",0,"To determine if u_0162 can access res_0195 at time 172,",0,0.0,0.8,2827.4737999308854,False,tog1,0
oa_3853,"At time 50 in context ctx_02, can u_0221 access res_0133?",1,No,0,0.0,0.8,18629.872799851,False,tog1,0
oa_316,"At time 93 in context ctx_05, can u_0352 access res_0088?",0,"To determine if u_0352 can access res_0088 at time 93, we",0,0.0,0.8,2969.4626999553293,False,tog1,0
oa_3947,"At time 53 in context ctx_05, can u_0247 access res_0141?",1,No,0,0.0,0.8,17861.317600123584,False,tog1,0
oa_318,"At time 88 in context ctx_00, can u_0052 access res_0131?",0,"No, because based on the given reasoning chain, res_0185 and res_0180 are",1,1.0,0.8,19029.80379993096,False,tog1,0
oa_4008,"At time 62 in context ctx_06, can u_0096 access res_0048?",1,"No, because there is no direct or indirect link between res_0048 and the governing policies (pol_",0,0.0,0.8,18772.08140003495,False,tog1,0
oa_322,"At time 133 in context ctx_05, can u_0475 access res_0026?",0,"No, because the reasoning does not indicate any direct or indirect access to res_0026 through the given governing",1,1.0,0.8,18127.924900036305,False,tog1,0
oa_4258,"At time 61 in context ctx_05, can u_0321 access res_0125?",1,"No, because res_0125 is not governed by any political entity (pol) that is valid in context",0,0.0,0.8,18824.0426001139,False,tog1,0
oa_327,"At time 173 in context ctx_05, can u_0109 access res_0006?",0,"No, because res_0006 is not governed by any of the political entities (pol_016",1,1.0,0.8,18384.821999818087,False,tog1,0
oa_4270,"At time 54 in context ctx_06, can u_0243 access res_0140?",1,No,0,0.0,0.8,18161.372000118718,False,tog1,0
oa_332,"At time 96 in context ctx_00, can u_0002 access res_0164?",0,"No. Based on the given reasoning chain, res_0016 is governed by both pol_009",1,1.0,0.8,18701.685100095347,False,tog1,0
oa_4458,"At time 61 in context ctx_05, can u_0247 access res_0077?",1,"No, because based on the given reasoning chain, res_0077 is not governed by any of the political",0,0.0,0.8,18461.635699961334,False,tog1,0
oa_333,"At time 119 in context ctx_07, can u_0388 access res_0158?",0,"No, because based on the given reasoning chain, res_0158 is only governed by pol_00",1,1.0,0.8,18229.485700139776,False,tog1,0
oa_4580,"At time 60 in context ctx_04, can u_0452 access res_0145?",1,"No, because res_0145 is only governed by pol_026 which is valid in context ctx",0,0.0,0.8,18932.795099914074,False,tog1,0
oa_337,"At time 68 in context ctx_04, can u_0331 access res_0092?",0,"No, because there is no valid governing policy for res_0092 in context ctx_04. Based",1,1.0,0.8,18895.076799904928,False,tog1,0
oa_4588,"At time 58 in context ctx_02, can u_0041 access res_0180?",1,"No, because both res_0180 and pol_009 are valid in context ctx_02",0,0.0,0.8,18730.08959996514,False,tog1,0
oa_344,"At time 127 in context ctx_07, can u_0495 access res_0113?",0,No,1,1.0,0.8,18410.489600151777,False,tog1,0
oa_4590,"At time 61 in context ctx_05, can u_0199 access res_0081?",1,"No, because based on the given reasoning chain, res_0081 is not governed by any of the political",0,0.0,0.8,18529.949699994177,False,tog1,0
oa_346,"At time 158 in context ctx_06, can u_0301 access res_0141?",0,"No, because there is no direct or indirect link between res_0141 and any of the contexts (ctx",1,1.0,0.8,18716.390799963847,False,tog1,0
oa_4592,"At time 59 in context ctx_03, can u_0452 access res_0056?",1,"No, because res_0056 is not governed by any political entity valid in context ctx_03.",0,0.0,0.8,17923.627299955115,False,tog1,0
oa_370,"At time 95 in context ctx_07, can u_0041 access res_0145?",0,No,1,1.0,0.8,18908.42829993926,False,tog1,0
oa_4603,"At time 59 in context ctx_03, can u_0465 access res_0056?",1,"No, because based on the given reasoning chain, res_0160 is governed by pol_038",0,0.0,0.8,18504.258499946445,False,tog1,0
oa_374,"At time 142 in context ctx_06, can u_0417 access res_0008?",0,"No, because there is no direct or indirect link between res_0008 and any of the contexts (ctx",1,1.0,0.8,18236.145199975,False,tog1,0
oa_4667,"At time 62 in context ctx_06, can u_0167 access res_0077?",1,"No, because res_0077 is not governed by pol_016 or pol_044",0,0.0,0.8,18481.85330000706,False,tog1,0
oa_378,"At time 72 in context ctx_00, can u_0103 access res_0130?",0,No,1,1.0,0.8,18228.063500020653,False,tog1,0
oa_4740,"At time 53 in context ctx_05, can u_0471 access res_0077?",1,"No, because pol_047, which is valid in context ctx_05 at time 53,",0,0.0,0.8,18639.23279987648,False,tog1,0
oa_383,"At time 159 in context ctx_07, can u_0163 access res_0090?",0,"No, because based on the given reasoning chain, res_0090 is only governed by pol_00",1,1.0,0.8,18908.67910021916,False,tog1,0
oa_4742,"At time 53 in context ctx_05, can u_0440 access res_0077?",1,"No, because res_0077 is not governed by any political entity valid in context ctx_05.",0,0.0,0.8,19276.28630003892,False,tog1,0
oa_385,"At time 110 in context ctx_06, can u_0385 access res_0004?",0,"No, because there is no direct or indirect link between res_0004 and any of the contexts (ctx",1,1.0,0.8,17845.037600025535,False,tog1,0
oa_4777,"At time 50 in context ctx_02, can u_0465 access res_0130?",1,"No, because based on the given reasoning chain, res_0130 is not governed by any of the political",0,0.0,0.8,19564.189600059763,False,tog1,0
oa_395,"At time 85 in context ctx_05, can u_0321 access res_0119?",0,"No, because res_0119 is not governed by any of the political entities (pol_009",1,1.0,0.8,18674.142899923027,False,tog1,0
oa_4790,"At time 57 in context ctx_01, can u_0225 access res_0056?",1,"No, because the reasoning does not provide any information about u_0225's governance or access to resources within",0,0.0,0.8,19033.483900129795,False,tog1,0
oa_408,"At time 110 in context ctx_06, can u_0196 access res_0043?",0,"No, because based on the given reasoning chain, u_0196 is not governed by any of the political",1,1.0,0.8,19091.693899827078,False,tog1,0
oa_4837,"At time 53 in context ctx_05, can u_0176 access res_0020?",1,No,0,0.0,0.8,18770.34409996122,False,tog1,0
oa_429,"At time 82 in context ctx_02, can u_0197 access res_0093?",0,"No, because res_0093 is governed by pol_009 which is valid in context ctx_",1,1.0,0.8,18617.29780002497,False,tog1,0
oa_4950,"At time 62 in context ctx_06, can u_0277 access res_0036?",1,"No, because res_0036 is not governed by pol_044, and thus cannot be valid",0,0.0,0.8,18459.190499968827,False,tog1,0
oa_454,"At time 100 in context ctx_04, can u_0153 access res_0154?",0,"No, because res_0154 is not valid in any of the contexts (ctx_01, ctx",1,1.0,0.8,18958.977399859577,False,tog1,0
oa_4971,"At time 57 in context ctx_01, can u_0199 access res_0056?",1,"No, because the reasoning does not provide any information about u_0199's governance or access within ctx_",0,0.0,0.8,18094.298799987882,False,tog1,0
oa_473,"At time 135 in context ctx_07, can u_0080 access res_0062?",0,"No, because res_0062 is not governed by either pol_009 or pol_02",1,1.0,0.8,18792.550900019705,False,tog1,0
oa_475,"At time 180 in context ctx_04, can u_0256 access res_0030?",0,"No, because none of the political contexts (ctx_01, ctx_02, ctx_04)",1,1.0,0.8,18611.333300126716,False,tog1,0
oa_492,"At time 194 in context ctx_02, can u_0422 access res_0128?",0,"No, because based on the given reasoning chain, res_0127 is the only resource that is governed by",1,1.0,0.8,18300.90899998322,False,tog1,0
oa_493,"At time 92 in context ctx_04, can u_0427 access res_0032?",0,"No, because the only political entity (pol_040) that is valid in context ctx_04 is",1,1.0,0.8,19284.6127001103,False,tog1,0
oa_500,"At time 87 in context ctx_07, can u_0186 access res_0142?",0,No,1,1.0,0.8,19700.711600016803,False,tog1,0
oa_509,"At time 91 in context ctx_03, can u_0014 access res_0083?",0,No,1,1.0,0.8,18849.23449996859,False,tog1,0
oa_510,"At time 69 in context ctx_05, can u_0314 access res_0147?",0,"No, because there is no valid governing policy for res_0147 in context ctx_05. Based",1,1.0,0.8,19100.790899945423,False,tog1,0
oa_515,"At time 152 in context ctx_00, can u_0062 access res_0129?",0,"No, because there is no direct or indirect link between res_0129 and any of the contexts (ctx",1,1.0,0.8,19901.276599848643,False,tog1,0
oa_523,"At time 95 in context ctx_07, can u_0034 access res_0027?",0,"No, because based on the given reasoning chain, res_0027 is not governed by pol_00",1,1.0,0.8,18922.00840008445,False,tog1,0
oa_537,"At time 71 in context ctx_07, can u_0070 access res_0072?",0,"No, because res_0072 is not governed by pol_071 which is valid in context ctx",1,1.0,0.8,19053.426999831572,False,tog1,0
oa_539,"At time 124 in context ctx_04, can u_0333 access res_0080?",0,"No, because none of the political rules (pol_009, pol_016, pol_0",1,1.0,0.8,18764.189000008628,False,tog1,0
oa_543,"At time 178 in context ctx_02, can u_0360 access res_0136?",0,"No, because res_0136 is not governed by any political entity (pol) that is valid in context",1,1.0,0.8,18973.758100066334,False,tog1,0
oa_544,"At time 135 in context ctx_07, can u_0246 access res_0149?",0,"No, because based on the given reasoning chain, u_0246 is only validly governed by pol_",1,1.0,0.8,18254.950900096446,False,tog1,0
oa_557,"At time 160 in context ctx_00, can u_0150 access res_0118?",0,No.,1,1.0,0.8,18769.026699941605,False,tog1,0
oa_565,"At time 82 in context ctx_02, can u_0158 access res_0131?",0,No,1,1.0,0.8,18835.665800143033,False,tog1,0
oa_573,"At time 152 in context ctx_00, can u_0004 access res_0110?",0,"No, because there is no direct or indirect relationship provided that would allow u_0004 to access res_",1,1.0,0.8,2804.5084001496434,False,tog1,0
oa_576,"At time 196 in context ctx_04, can u_0281 access res_0189?",0,"No, because based on the given reasoning chain, res_0189 is not governed by any political entity (",1,1.0,0.8,18850.3750001546,False,tog1,0
oa_577,"At time 143 in context ctx_07, can u_0020 access res_0107?",0,"No, because based on the given reasoning chain, res_0107 is only governed by pol_01",1,1.0,0.8,18339.793799910694,False,tog1,0
oa_580,"At time 195 in context ctx_03, can u_0127 access res_0137?",0,No,1,1.0,0.8,18761.319500161335,False,tog1,0
oa_599,"At time 178 in context ctx_02, can u_0402 access res_0050?",0,No,1,1.0,0.8,18574.046300025657,False,tog1,0
oa_606,"At time 110 in context ctx_06, can u_0112 access res_0187?",0,"No, because none of the political rules (pol_009, pol_016) are valid in",1,1.0,0.8,18080.117099918425,False,tog1,0
oa_617,"At time 70 in context ctx_06, can u_0123 access res_0073?",0,"No, because res_0073 is not governed by pol_044 and pol_044",1,1.0,0.8,18891.472599934787,False,tog1,0
oa_625,"At time 67 in context ctx_03, can u_0418 access res_0008?",0,"No, because there is no valid policy (pol) that allows access from u_0418 to res_",1,1.0,0.8,18971.966800047085,False,tog1,0
oa_638,"At time 78 in context ctx_06, can u_0062 access res_0031?",0,"No, because res_0031 is not governed by pol_044 and thus cannot be valid in",1,1.0,0.8,18559.17999986559,False,tog1,0
oa_643,"At time 73 in context ctx_01, can u_0023 access res_0096?",0,"No, because there is no information provided about u_0023's governance or access to res_00",1,1.0,0.8,2992.820499930531,False,tog1,0
oa_647,"At time 156 in context ctx_04, can u_0429 access res_0189?",0,"No, because there is no direct or indirect link between res_0189 and u_0429",1,1.0,0.8,18497.94809985906,False,tog1,0
oa_657,"At time 148 in context ctx_04, can u_0096 access res_0022?",0,"No, because the reasoning provided does not indicate any connection between res_0022 and pol_025",1,1.0,0.8,18737.442300189286,False,tog1,0
oa_659,"At time 97 in context ctx_01, can u_0475 access res_0086?",0,"No, because there is no information provided about u_0475's governance or access to res_00",1,1.0,0.8,2780.868100002408,False,tog1,0
oa_661,"At time 66 in context ctx_02, can u_0237 access res_0083?",0,"No, because res_0083 is not governed by any political entity (pol) within context ctx_0",1,1.0,0.8,18417.781400028616,False,tog1,0
oa_666,"At time 167 in context ctx_07, can u_0047 access res_0109?",0,"No, because res_0109 is only governed by pol_000, which is valid in context",1,1.0,0.8,18504.723000107333,False,tog1,0
oa_668,"At time 164 in context ctx_04, can u_0268 access res_0130?",0,No,1,1.0,0.8,18507.296700030565,False,tog1,0
oa_674,"At time 157 in context ctx_05, can u_0235 access res_0018?",0,"No, because based on the given reasoning chain, res_0018 is not governed by any of the political",1,1.0,0.8,18879.27670008503,False,tog1,0
oa_683,"At time 163 in context ctx_03, can u_0169 access res_0020?",0,No,1,1.0,0.8,18273.804399883375,False,tog1,0
oa_688,"At time 175 in context ctx_07, can u_0474 access res_0198?",0,"No, because res_0198 is not governed by pol_044 and pol_000",1,1.0,0.8,18471.362699987367,False,tog1,0
oa_692,"At time 148 in context ctx_04, can u_0236 access res_0173?",0,"To determine if u_0236 can access res_0173 at time 148,",0,0.0,0.8,2887.100800173357,False,tog1,0
oa_693,"At time 112 in context ctx_00, can u_0304 access res_0014?",0,"No, because none of the political rules (pol_009, pol_016, pol_0",1,1.0,0.8,18907.301400089636,False,tog1,0
oa_698,"At time 82 in context ctx_02, can u_0062 access res_0169?",0,"No, because res_0169 is not governed by pol_009 or pol_016",1,1.0,0.8,18534.987000050023,False,tog1,0
oa_712,"At time 149 in context ctx_05, can u_0108 access res_0104?",0,"No, because there is no direct or indirect link between res_0104 and the governing political entity (pol",1,1.0,0.8,2883.398000150919,False,tog1,0
oa_735,"At time 95 in context ctx_07, can u_0371 access res_0183?",0,"No, because based on the given reasoning chain, res_0183 is not governed by pol_00",1,1.0,0.8,17960.243900073692,False,tog1,0
oa_742,"At time 97 in context ctx_01, can u_0307 access res_0034?",0,"No, because based on the given reasoning chain, res_0034 is not governed by pol_00",1,1.0,0.8,18834.3171000015,False,tog1,0
oa_745,"At time 67 in context ctx_03, can u_0010 access res_0183?",0,"No, because none of the political rules (pol_009, pol_016, pol_0",1,1.0,0.8,18540.78030004166,False,tog1,0
oa_747,"At time 111 in context ctx_07, can u_0332 access res_0133?",0,No,1,1.0,0.8,18283.87110005133,False,tog1,0
oa_749,"At time 163 in context ctx_03, can u_0133 access res_0173?",0,"No, because the reasoning chain provided does not establish any connection between res_0173 and the other variables (",1,1.0,0.8,3045.7953999284655,False,tog1,0
oa_750,"At time 119 in context ctx_07, can u_0395 access res_0081?",0,"No, because based on the given reasoning chain, res_0081 is not governed by any political entity (",1,1.0,0.8,18180.873800069094,False,tog1,0
oa_758,"At time 95 in context ctx_07, can u_0434 access res_0133?",0,No,1,1.0,0.8,18561.276900116354,False,tog1,0
oa_764,"At time 142 in context ctx_06, can u_0149 access res_0115?",0,No,1,1.0,0.8,18600.78680003062,False,tog1,0
oa_765,"At time 173 in context ctx_05, can u_0470 access res_0151?",0,"No, because res_0151 is not governed by pol_044 and thus cannot be valid in",1,1.0,0.8,18703.567899996415,False,tog1,0
oa_767,"At time 103 in context ctx_07, can u_0003 access res_0144?",0,"No, because based on the given reasoning chain, res_0144 is not governed by pol_00",1,1.0,0.8,18786.475999979302,False,tog1,0
oa_776,"At time 155 in context ctx_03, can u_0476 access res_0146?",0,"No, because the reasoning does not provide any information about u_0476's access to res_01",1,1.0,0.8,18686.167899984866,False,tog1,0
oa_801,"At time 122 in context ctx_02, can u_0282 access res_0176?",0,"No, because res_0176 is not governed by any political entity that is valid in context ctx_0",1,1.0,0.8,17986.076299799606,False,tog1,0
oa_809,"At time 161 in context ctx_01, can u_0310 access res_0170?",0,"No, because res_0170 is not governed by pol_016 and there is no evidence of",1,1.0,0.8,18866.624200018123,False,tog1,0
oa_812,"At time 120 in context ctx_00, can u_0427 access res_0166?",0,"No, because the reasoning shows that res_0166 is not governed by pol_025, and",1,1.0,0.8,10763.570199953392,False,tog1,0
oa_814,"At time 98 in context ctx_02, can u_0116 access res_0151?",0,"No, because res_0151 is not governed by any political entity that is valid in context ctx_0",1,1.0,0.8,18390.351800015196,False,tog1,0
oa_820,"At time 75 in context ctx_03, can u_0069 access res_0153?",0,No,1,1.0,0.8,18672.059000004083,False,tog1,0
oa_824,"At time 168 in context ctx_00, can u_0038 access res_0014?",0,"No, because there is no information provided that suggests res_0014 is governed by pol_043",1,1.0,0.8,10572.61039991863,False,tog1,0
oa_831,"At time 161 in context ctx_01, can u_0172 access res_0133?",0,"No, because res_0133 is not governed by any political entity that is valid in context ctx_0",1,1.0,0.8,18726.20080015622,False,tog1,0
oa_835,"At time 98 in context ctx_02, can u_0051 access res_0089?",0,"No, because res_0089 is not governed by any political entity valid in context ctx_02.",1,1.0,0.8,18672.802899964154,False,tog1,0
oa_840,"At time 166 in context ctx_06, can u_0149 access res_0120?",0,"No, because based on the given reasoning chain, res_0120 is not governed by any political entity (",1,1.0,0.8,18134.66429989785,False,tog1,0
oa_857,"At time 104 in context ctx_00, can u_0485 access res_0168?",0,"No, because the reasoning chain shows that res_0168 is not governed by any political entity (pol)",1,1.0,0.8,18928.897300036624,False,tog1,0
oa_858,"At time 164 in context ctx_04, can u_0114 access res_0109?",0,No,1,1.0,0.8,18962.08059997298,False,tog1,0
oa_890,"At time 140 in context ctx_04, can u_0228 access res_0140?",0,No,1,1.0,0.8,18414.78480002843,False,tog1,0
oa_893,"At time 88 in context ctx_00, can u_0434 access res_0126?",0,"No, because based on the given reasoning chain, res_0126 is not governed by any of the political",1,1.0,0.8,18446.104399859905,False,tog1,0
oa_909,"At time 127 in context ctx_07, can u_0432 access res_0103?",0,No,1,1.0,0.8,18704.258600017056,False,tog1,0
oa_918,"At time 79 in context ctx_07, can u_0463 access res_0175?",0,"No, because based on the given reasoning chain, res_0175 is only governed by pol_04",1,1.0,0.8,17943.708800012246,False,tog1,0
oa_920,"At time 124 in context ctx_04, can u_0404 access res_0056?",0,No,1,1.0,0.8,18500.879399944097,False,tog1,0
oa_929,"At time 150 in context ctx_06, can u_0417 access res_0039?",0,"No, because there is no direct or indirect link between res_0039 and any of the contexts (ctx",1,1.0,0.8,18778.557900106534,False,tog1,0
oa_937,"At time 65 in context ctx_01, can u_0158 access res_0045?",0,"No, because res_0045 is not governed by pol_038, and thus does not fall",1,1.0,0.8,18392.928200075403,False,tog1,0
oa_941,"At time 142 in context ctx_06, can u_0328 access res_0157?",0,"No, because res_0157 is not governed by any of the political entities (pol_016",1,1.0,0.8,18030.3825000301,False,tog1,0
oa_942,"At time 171 in context ctx_03, can u_0378 access res_0048?",0,No,1,1.0,0.8,19235.34300015308,False,tog1,0
oa_944,"At time 183 in context ctx_07, can u_0418 access res_0196?",0,"No, because based on the given reasoning chain, res_0196 is only governed by pol_00",1,1.0,0.8,18390.53800003603,False,tog1,0
oa_950,"At time 186 in context ctx_02, can u_0223 access res_0116?",0,"No, because res_0116 is governed by a political entity (pol_016) that is",1,1.0,0.8,18301.785900024697,False,tog1,0
oa_959,"At time 73 in context ctx_01, can u_0435 access res_0027?",0,"No, because based on the given reasoning chain, res_0027 is not governed by pol_04",1,1.0,0.8,18557.034600060433,False,tog1,0
oa_960,"At time 104 in context ctx_00, can u_0289 access res_0013?",0,"No, u_0289 cannot access res_0013 at time 104 in context",1,1.0,0.8,18262.70670001395,False,tog1,0
oa_968,"At time 200 in context ctx_00, can u_0050 access res_0166?",0,No,1,1.0,0.8,18307.600499829277,False,tog1,0
oa_974,"At time 95 in context ctx_07, can u_0373 access res_0021?",0,"No, because res_0021 is not governed by pol_044, and pol_04",1,1.0,0.8,18547.000600025058,False,tog1,0
oa_980,"At time 164 in context ctx_04, can u_0449 access res_0138?",0,"Based on the given reasoning chain, res_0138 is governed by pol_000, which is",0,0.0,0.8,18784.05350004323,False,tog1,0
oa_987,"At time 152 in context ctx_00, can u_0393 access res_0197?",0,"To determine if u_0393 can access res_0197 at time 152,",0,0.0,0.8,2820.16050000675,False,tog1,0
oa_989,"At time 189 in context ctx_05, can u_0255 access res_0067?",0,"No, because the reasoning does not indicate any direct connection between res_0067 and u_025",1,1.0,0.8,18466.527299955487,False,tog1,0
oa_994,"At time 192 in context ctx_00, can u_0297 access res_0042?",0,"No, because res_0042 is not governed by any of the political entities (pol_009",1,1.0,0.8,18648.19540013559,False,tog1,0
oa_995,"At time 127 in context ctx_07, can u_0200 access res_0008?",0,No,1,1.0,0.8,18627.257599961013,False,tog1,0
oa_1009,"At time 96 in context ctx_00, can u_0147 access res_0181?",0,"No, because based on the given reasoning chain, res_0181 is not governed by any of the political",1,1.0,0.8,18766.429899958894,False,tog1,0
oa_1010,"At time 184 in context ctx_00, can u_0336 access res_0005?",0,"No, because there is no direct or indirect link between res_0005 and any of the political entities (",1,1.0,0.8,18593.781600007787,False,tog1,0
oa_1014,"At time 81 in context ctx_01, can u_0264 access res_0176?",0,"No, because res_0176 is not governed by pol_038, which is valid in context",1,1.0,0.8,17658.300699898973,False,tog1,0
oa_1018,"At time 82 in context ctx_02, can u_0176 access res_0024?",0,"No, because res_0024 is not governed by any political entity valid in context ctx_02 at",1,1.0,0.8,18704.383899923414,False,tog1,0
oa_1022,"At time 103 in context ctx_07, can u_0301 access res_0043?",0,No,1,1.0,0.8,18974.273400148377,False,tog1,0
oa_1025,"At time 127 in context ctx_07, can u_0402 access res_0036?",0,No,1,1.0,0.8,18488.973200088367,False,tog1,0
oa_1041,"At time 89 in context ctx_01, can u_0115 access res_0052?",0,"No, because the reasoning provided does not establish any direct connection between res_0052 and the contexts or governing",1,1.0,0.8,18765.096600167453,False,tog1,0
oa_1043,"At time 128 in context ctx_00, can u_0406 access res_0036?",0,"No, because none of the political rules (pol_009, pol_016, pol_0",1,1.0,0.8,18810.878599993885,False,tog1,0
oa_1062,"At time 125 in context ctx_05, can u_0355 access res_0067?",0,"No, because the reasoning chain provided does not indicate any connection between res_0067 and the other variables (",1,1.0,0.8,2846.410600002855,False,tog1,0
oa_1066,"At time 92 in context ctx_04, can u_0489 access res_0106?",0,No,1,1.0,0.8,18576.83530007489,False,tog1,0
oa_1069,"At time 190 in context ctx_06, can u_0404 access res_0005?",0,"No, because there is no direct or indirect link between res_0005 and any of the political entities (",1,1.0,0.8,19049.252200173214,False,tog1,0
oa_1081,"At time 95 in context ctx_07, can u_0129 access res_0094?",0,"No, u_0129 cannot access res_0094 at time 95 in context ctx",1,1.0,0.8,18418.141500093043,False,tog1,0
oa_1087,"At time 74 in context ctx_02, can u_0224 access res_0181?",0,"No, because based on the given reasoning chain, res_0185 is governed by pol_001",1,1.0,0.8,18233.21199999191,False,tog1,0
oa_1092,"At time 88 in context ctx_00, can u_0243 access res_0049?",0,"No, because res_0049 is not governed by any political entity valid in context ctx_00.",1,1.0,0.8,18714.26189993508,False,tog1,0
oa_1104,"At time 67 in context ctx_03, can u_0403 access res_0083?",0,No,1,1.0,0.8,18667.005099821836,False,tog1,0
oa_1128,"At time 76 in context ctx_04, can u_0139 access res_0006?",0,No,1,1.0,0.8,18505.035999929532,False,tog1,0
oa_1134,"At time 79 in context ctx_07, can u_0303 access res_0153?",0,"No, because based on the given reasoning chain, res_0153 is only governed by pol_03",1,1.0,0.8,18593.978899996728,False,tog1,0
oa_1140,"At time 76 in context ctx_04, can u_0285 access res_0050?",0,No,1,1.0,0.8,18737.12240019813,False,tog1,0
oa_1143,"At time 156 in context ctx_04, can u_0165 access res_0045?",0,No,1,1.0,0.8,18120.442599989474,False,tog1,0
oa_1144,"At time 85 in context ctx_05, can u_0437 access res_0095?",0,"No, because res_0095 is not governed by any political entity that is valid in context ctx_0",1,1.0,0.8,19633.244999917224,False,tog1,0
oa_1154,"At time 143 in context ctx_07, can u_0384 access res_0129?",0,"No, because based on the given reasoning chain, res_0127 is governed by pol_009",1,1.0,0.8,18437.434199964628,False,tog1,0
oa_1162,"At time 170 in context ctx_02, can u_0434 access res_0125?",0,"No, because res_0125 is governed by pol_025, which is only valid in context",1,1.0,0.8,18454.517900012434,False,tog1,0
oa_1165,"At time 73 in context ctx_01, can u_0485 access res_0095?",0,"No, because res_0095 is not governed by pol_001, and thus cannot be valid",1,1.0,0.8,2935.683599906042,False,tog1,0
oa_1167,"At time 100 in context ctx_04, can u_0258 access res_0091?",0,"No, because the reasoning provided does not indicate any connection between res_0091 and the contexts or political entities",1,1.0,0.8,18320.651900023222,False,tog1,0
oa_1169,"At time 65 in context ctx_01, can u_0405 access res_0158?",0,"To determine if u_0405 can access res_0158 at time 65, we",0,0.0,0.8,3182.067400077358,False,tog1,0
oa_1173,"At time 165 in context ctx_05, can u_0290 access res_0061?",0,"No, because based on the given reasoning chain, res_0061 is not governed by any of the political",1,1.0,0.8,18764.30459995754,False,tog1,0
oa_1193,"At time 199 in context ctx_07, can u_0300 access res_0073?",0,No,1,1.0,0.8,19064.580499893054,False,tog1,0
oa_1198,"At time 160 in context ctx_00, can u_0266 access res_0075?",0,"No, because the reasoning does not provide any information about u_0266's governance or access to resources within",1,1.0,0.8,18740.413799881935,False,tog1,0
oa_1203,"At time 191 in context ctx_07, can u_0412 access res_0033?",0,"No, because based on the given reasoning chain, res_0033 is not governed by any political entity (",1,1.0,0.8,18129.249299876392,False,tog1,0
oa_1215,"At time 160 in context ctx_00, can u_0134 access res_0151?",0,No,1,1.0,0.8,18618.03749995306,False,tog1,0
oa_1219,"At time 99 in context ctx_03, can u_0083 access res_0095?",0,"No, because res_0095 is not governed by pol_030, which is valid in ctx",1,1.0,0.8,18281.534699955955,False,tog1,0
oa_1224,"At time 163 in context ctx_03, can u_0161 access res_0034?",0,No,1,1.0,0.8,18560.55589998141,False,tog1,0
oa_1225,"At time 168 in context ctx_00, can u_0463 access res_0077?",0,"No, because there is no direct or indirect link between res_0077 and u_0463",1,1.0,0.8,18522.970600053668,False,tog1,0
oa_1237,"At time 86 in context ctx_06, can u_0226 access res_0020?",0,"No, because res_0020 is not governed by any political entity valid in context ctx_06.",1,1.0,0.8,18108.916300116107,False,tog1,0
oa_1239,"At time 117 in context ctx_05, can u_0468 access res_0056?",0,"No, because res_0056 is not governed by any of the political entities (pol_016",1,1.0,0.8,18578.412499977276,False,tog1,0
oa_1240,"At time 168 in context ctx_00, can u_0298 access res_0052?",0,"No, because if u_0298 can access res_0052, it must be governed by",1,1.0,0.8,18963.907700031996,False,tog1,0
oa_1256,"At time 138 in context ctx_02, can u_0314 access res_0081?",0,"No, because res_0081 is not governed by any political entity valid in context ctx_02.",1,1.0,0.8,18463.139100000262,False,tog1,0
oa_1260,"At time 90 in context ctx_02, can u_0009 access res_0101?",0,No,1,1.0,0.8,18076.378900092095,False,tog1,0
oa_1265,"At time 80 in context ctx_00, can u_0413 access res_0132?",0,"No, because res_0132 is only governed by pol_025, which is valid in contexts",1,1.0,0.8,18735.204299911857,False,tog1,0
oa_1275,"At time 195 in context ctx_03, can u_0003 access res_0114?",0,No,1,1.0,0.8,18606.296200072393,False,tog1,0
oa_1279,"At time 126 in context ctx_06, can u_0426 access res_0052?",0,"No, because based on the given reasoning chain, res_0052 is not governed by any of the political",1,1.0,0.8,18836.45650022663,False,tog1,0
oa_1281,"At time 64 in context ctx_00, can u_0238 access res_0173?",0,"No, because res_0173 is not governed by any political entity that is valid in context ctx_0",1,1.0,0.8,18297.954899957404,False,tog1,0
oa_1286,"At time 109 in context ctx_05, can u_0361 access res_0122?",0,"No, because res_0122 is not governed by any of the political entities (polices) that are",1,1.0,0.8,18638.592300005257,False,tog1,0
oa_1291,"At time 186 in context ctx_02, can u_0149 access res_0167?",0,"No, because res_0167 is governed by pol_025, which is valid in context ctx",1,1.0,0.8,18597.829800099134,False,tog1,0
oa_1296,"At time 178 in context ctx_02, can u_0043 access res_0107?",0,"No, because res_0107 is not governed by the political entity that is valid in context ctx_0",1,1.0,0.8,18210.407399805263,False,tog1,0
oa_1311,"At time 175 in context ctx_07, can u_0000 access res_0114?",0,"No, u_0000 cannot access res_0114 at time 175 in context",1,1.0,0.8,18393.24690005742,False,tog1,0
oa_1316,"At time 167 in context ctx_07, can u_0495 access res_0064?",0,"No, because based on the given reasoning chain, res_0064 is not governed by pol_00",1,1.0,0.8,18538.62260002643,False,tog1,0
oa_1326,"At time 132 in context ctx_04, can u_0163 access res_0174?",0,"No, because res_0174 is not valid in context ctx_04. Based on the provided reasoning",1,1.0,0.8,18878.702899906784,False,tog1,0
oa_1339,"At time 140 in context ctx_04, can u_0145 access res_0043?",0,No,1,1.0,0.8,18433.354399865493,False,tog1,0
oa_1341,"At time 64 in context ctx_00, can u_0313 access res_0168?",0,"No, because res_0168 is not governed by any political entity (pol) that is valid in context",1,1.0,0.8,18777.12809992954,False,tog1,0
oa_1357,"At time 170 in context ctx_02, can u_0483 access res_0129?",0,No,1,1.0,0.8,18850.920299999416,False,tog1,0
oa_1364,"At time 164 in context ctx_04, can u_0135 access res_0042?",0,"No, because the only contexts where pol_025 is valid are ctx_00, ctx_02",1,1.0,0.8,18226.557299960405,False,tog1,0
oa_1387,"At time 105 in context ctx_01, can u_0116 access res_0085?",0,"No, because res_0085 is governed by pol_001, and pol_001",1,1.0,0.8,2994.421500014141,False,tog1,0
oa_1396,"At time 200 in context ctx_00, can u_0410 access res_0058?",0,No,1,1.0,0.8,18269.286500057206,False,tog1,0
oa_1431,"At time 140 in context ctx_04, can u_0475 access res_0138?",0,"No, u_0475 cannot access res_0138 at time 140 in context",1,1.0,0.8,18217.422200134024,False,tog1,0
oa_1432,"At time 130 in context ctx_02, can u_0174 access res_0183?",0,To determine if u_0174 can access res_0183 at time 130 in,0,0.0,0.8,2917.3846999183297,False,tog1,0
oa_1457,"At time 183 in context ctx_07, can u_0440 access res_0009?",0,No,1,1.0,0.8,18149.0617999807,False,tog1,0
oa_1460,"At time 119 in context ctx_07, can u_0199 access res_0155?",0,"No, because res_0155 is governed by pol_000, which is valid in context ctx",1,1.0,0.8,19113.825700012967,False,tog1,0
oa_1471,"At time 171 in context ctx_03, can u_0267 access res_0139?",0,No,1,1.0,0.8,18717.364099808037,False,tog1,0
oa_1477,"At time 113 in context ctx_01, can u_0454 access res_0088?",0,"To determine if u_0454 can access res_0088 at time 113,",0,0.0,0.8,2968.125000130385,False,tog1,0
oa_1490,"At time 85 in context ctx_05, can u_0441 access res_0128?",0,"No, because based on the given reasoning chain, res_0142 is governed by pol_016",1,1.0,0.8,18234.815299976617,False,tog1,0
oa_1492,"At time 141 in context ctx_05, can u_0078 access res_0036?",0,"No, because res_0036 is not governed by any political entity valid in context ctx_05.",1,1.0,0.8,18270.487900124863,False,tog1,0
oa_1506,"At time 114 in context ctx_02, can u_0087 access res_0121?",0,"No, because the reasoning provided does not indicate any direct connection between u_0087, res_01",1,1.0,0.8,19311.702500097454,False,tog1,0
oa_1507,"At time 103 in context ctx_07, can u_0257 access res_0134?",0,No,1,1.0,0.8,18545.168299926445,False,tog1,0
oa_1515,"At time 107 in context ctx_03, can u_0292 access res_0186?",0,No,1,1.0,0.8,19281.56020003371,False,tog1,0
oa_1518,"At time 172 in context ctx_04, can u_0184 access res_0172?",0,"To determine if u_0184 can access res_0172 at time 172,",0,0.0,0.8,3189.1431999392807,False,tog1,0
oa_1519,"At time 132 in context ctx_04, can u_0017 access res_0021?",0,"No, because res_0021 is not governed by any of the political entities (pol_043",1,1.0,0.8,18727.46399999596,False,tog1,0
oa_1529,"At time 178 in context ctx_02, can u_0364 access res_0168?",0,"No, because res_0168 is not governed by pol_009, and thus cannot be valid",1,1.0,0.8,18778.55239994824,False,tog1,0
oa_1540,"At time 83 in context ctx_03, can u_0481 access res_0105?",0,"No, because the reasoning provided does not indicate any governance or validity of res_0105 within context ctx_",1,1.0,0.8,18200.61599998735,False,tog1,0
oa_1544,"At time 82 in context ctx_02, can u_0435 access res_0142?",0,"No, because res_0142 is only governed by pol_009 within context ctx_02",1,1.0,0.8,18460.226000053808,False,tog1,0
oa_1549,"At time 124 in context ctx_04, can u_0105 access res_0103?",0,"No, because res_0103 is not governed by any of the political entities (pol_043",1,1.0,0.8,18776.033599860966,False,tog1,0
oa_1559,"At time 173 in context ctx_05, can u_0163 access res_0156?",0,"No, because res_0156 is not governed by pol_016, which is valid in context",1,1.0,0.8,18895.326000172645,False,tog1,0
oa_1560,"At time 89 in context ctx_01, can u_0059 access res_0142?",0,"No, because res_0142 is not governed by any political entity that is valid in context ctx_0",1,1.0,0.8,18136.97539991699,False,tog1,0
oa_1565,"At time 130 in context ctx_02, can u_0293 access res_0180?",0,"No, because res_0180 is only valid in context ctx_02 under the governance of pol_",1,1.0,0.8,19052.43709986098,False,tog1,0
oa_1572,"At time 140 in context ctx_04, can u_0269 access res_0125?",0,"No, because res_0124 is not governed by pol_025, and since pol_0",1,1.0,0.8,18390.618900069967,False,tog1,0
oa_1575,"At time 70 in context ctx_06, can u_0320 access res_0129?",0,"No, because the reasoning does not provide any information about the validity of policies or access to resources at time 70",1,1.0,0.8,18757.03760003671,False,tog1,0
oa_1594,"At time 169 in context ctx_01, can u_0374 access res_0024?",0,"No, because res_0024 is not governed by any of the political entities (pol_006",1,1.0,0.8,18821.424500085413,False,tog1,0
oa_1597,"At time 200 in context ctx_00, can u_0498 access res_0163?",0,"No, because res_0163 is not governed by any political entity (pol) that is valid in context",1,1.0,0.8,18900.31689987518,False,tog1,0
oa_1605,"At time 93 in context ctx_05, can u_0002 access res_0030?",0,"No, because based on the given reasoning chain, res_0030 is not governed by any political entity (",1,1.0,0.8,18408.87919999659,False,tog1,0
oa_1621,"At time 200 in context ctx_00, can u_0436 access res_0012?",0,"Based on the given reasoning chain, we know that res_0012 is governed by pol_043",0,0.0,0.8,18653.7598001305,False,tog1,0
oa_1622,"At time 95 in context ctx_07, can u_0024 access res_0158?",0,"No, because none of the political entities (pol_019, pol_025, pol_0",1,1.0,0.8,18958.42449995689,False,tog1,0
oa_1626,"At time 116 in context ctx_04, can u_0115 access res_0077?",0,"No, because based on the given reasoning chain, res_0077 is not governed by pol_00",1,1.0,0.8,18181.896599940956,False,tog1,0
oa_1633,"At time 129 in context ctx_01, can u_0165 access res_0176?",0,"No, u_0165 cannot access res_0176 at time 129 in context",1,1.0,0.8,18893.240600125864,False,tog1,0
oa_1652,"At time 143 in context ctx_07, can u_0059 access res_0197?",0,"No, because the only contexts where pol_000 is valid are ctx_04, ctx_07",1,1.0,0.8,22768.91310000792,False,tog1,0
oa_1654,"At time 159 in context ctx_07, can u_0362 access res_0198?",0,"No, because based on the given reasoning chain, res_0198 is only governed by pol_00",1,1.0,0.8,18686.856100102887,False,tog1,0
oa_1664,"At time 145 in context ctx_01, can u_0323 access res_0091?",0,"No, because res_0091 is not governed by any of the political entities (pol) that are valid",1,1.0,0.8,18445.91629994102,False,tog1,0
oa_1666,"At time 149 in context ctx_05, can u_0108 access res_0098?",0,"To determine if u_0108 can access res_0098 at time 149,",0,0.0,0.8,3243.3587999548763,False,tog1,0
oa_1671,"At time 98 in context ctx_02, can u_0327 access res_0059?",0,"No, because res_0059 is governed by pol_009, which is valid in context ctx",1,1.0,0.8,19848.095200024545,False,tog1,0
oa_1675,"At time 181 in context ctx_05, can u_0132 access res_0143?",0,"No, because based on the given reasoning chain, res_0143 is not governed by any of the political",1,1.0,0.8,20223.770499927923,False,tog1,0
oa_1685,"At time 96 in context ctx_00, can u_0407 access res_0126?",0,"No, because there is no direct or indirect connection between res_0126 and any of the contexts (ctx",1,1.0,0.8,18689.00280003436,False,tog1,0
oa_1688,"At time 104 in context ctx_00, can u_0180 access res_0156?",0,"No, because the only contexts where res_0180 is governed by pol_001 are ctx_",1,1.0,0.8,18678.787200013176,False,tog1,0
oa_1697,"At time 94 in context ctx_06, can u_0278 access res_0103?",0,"No, because res_0103 is not governed by pol_001 which is valid in context ctx",1,1.0,0.8,18676.83560005389,False,tog1,0
oa_1702,"At time 103 in context ctx_07, can u_0324 access res_0007?",0,"No, because based on the given reasoning chain, res_0017 is governed by pol_000",1,1.0,0.8,19232.469400158152,False,tog1,0
oa_1703,"At time 156 in context ctx_04, can u_0129 access res_0026?",0,"No, because there is no information provided about the governance or validity of res_0026 within context ctx_",1,1.0,0.8,17908.477700082585,False,tog1,0
oa_1704,"At time 63 in context ctx_07, can u_0403 access res_0181?",0,"No, because based on the given reasoning chain, res_0181 is only governed by pol_01",1,1.0,0.8,18527.346899965778,False,tog1,0
oa_1722,"At time 119 in context ctx_07, can u_0105 access res_0095?",0,"No, u_0105 cannot access res_0095 at time 119 in context",1,1.0,0.8,18339.237000094727,False,tog1,0
oa_1725,"At time 126 in context ctx_06, can u_0277 access res_0156?",0,"No, because based on the given reasoning chain, res_0156 is only governed by pol_04",1,1.0,0.8,18955.212600063533,False,tog1,0
oa_1749,"At time 126 in context ctx_06, can u_0004 access res_0046?",0,"No, because none of the political rules (pol_009, pol_016, pol_0",1,1.0,0.8,18862.830099882558,False,tog1,0
oa_1767,"At time 98 in context ctx_02, can u_0286 access res_0170?",0,No,1,1.0,0.8,18651.24489995651,False,tog1,0
oa_1768,"At time 103 in context ctx_07, can u_0352 access res_0048?",0,"No, because based on the given reasoning chain, res_0048 is not governed by pol_00",1,1.0,0.8,18234.172999858856,False,tog1,0
oa_1769,"At time 75 in context ctx_03, can u_0055 access res_0046?",0,No,1,1.0,0.8,18540.701800026,False,tog1,0
oa_1779,"At time 176 in context ctx_00, can u_0488 access res_0023?",0,"No, because based on the given reasoning chain, res_0024 is the only resource that is governed by",1,1.0,0.8,18882.4988999404,False,tog1,0
oa_1785,"At time 164 in context ctx_04, can u_0256 access res_0186?",0,"No, u_0256 cannot access res_0186 at time 164 in context",1,1.0,0.8,18214.05979990959,False,tog1,0
oa_1789,"At time 180 in context ctx_04, can u_0414 access res_0139?",0,"No, because there is no information provided about res_0139 or any connection between it and u_0",1,1.0,0.8,18279.41170008853,False,tog1,0
oa_1791,"At time 194 in context ctx_02, can u_0129 access res_0110?",0,"No, because res_0110 is not governed by pol_025, and pol_02",1,1.0,0.8,18533.552600070834,False,tog1,0
oa_1792,"At time 171 in context ctx_03, can u_0004 access res_0025?",0,No,1,1.0,0.8,18508.241799892858,False,tog1,0
oa_1803,"At time 129 in context ctx_01, can u_0375 access res_0160?",0,"Based on the given reasoning chain, res_0160 is governed by pol_026, which is",0,0.0,0.8,18423.887700075284,False,tog1,0
oa_1806,"At time 65 in context ctx_01, can u_0052 access res_0159?",0,"No, because res_0159 is not governed by pol_038, and thus its validity in",1,1.0,0.8,18902.14790008031,False,tog1,0
oa_1809,"At time 74 in context ctx_02, can u_0378 access res_0179?",0,"No, because res_0179 is not governed by pol_009, which is valid in context",1,1.0,0.8,18067.246499937028,False,tog1,0
oa_1810,"At time 84 in context ctx_04, can u_0111 access res_0018?",0,"No, because res_0018 is governed by pol_047, which is valid in context ctx",1,1.0,0.8,18311.885100090876,False,tog1,0
oa_1816,"At time 152 in context ctx_00, can u_0356 access res_0128?",0,"No, because there is no direct connection between u_0356, res_0128, and",1,1.0,0.8,2778.8492999970913,False,tog1,0
oa_1825,"At time 64 in context ctx_00, can u_0192 access res_0146?",0,"No, because res_0146 is not governed by any political entity valid in context ctx_00.",1,1.0,0.8,19036.059099948034,False,tog1,0
oa_1827,"At time 157 in context ctx_05, can u_0333 access res_0111?",0,"No, because the reasoning chain provided does not indicate any direct connection between res_0111 and u_0",1,1.0,0.8,2851.412500021979,False,tog1,0
oa_1843,"At time 110 in context ctx_06, can u_0130 access res_0146?",0,"No, because res_0146 is only valid in contexts ctx_05 and ctx_06,",1,1.0,0.8,18264.315400039777,False,tog1,0
oa_1881,"At time 66 in context ctx_02, can u_0203 access res_0185?",0,"No, because res_0185 is governed by pol_001, and pol_001",1,1.0,0.8,18129.744400037453,False,tog1,0
oa_1888,"At time 117 in context ctx_05, can u_0326 access res_0179?",0,"No, because res_0179 is not valid in context ctx_05. Based on the provided reasoning",1,1.0,0.8,18538.106000050902,False,tog1,0
oa_1903,"At time 127 in context ctx_07, can u_0325 access res_0130?",0,No,1,1.0,0.8,18945.61089994386,False,tog1,0
oa_1907,"At time 115 in context ctx_03, can u_0081 access res_0043?",0,"No, because res_0043 is not governed by any political entity (pol) that is valid in context",1,1.0,0.8,19036.139499861747,False,tog1,0
oa_1913,"At time 197 in context ctx_05, can u_0166 access res_0066?",0,"No, because based on the given reasoning chain, res_0066 is not governed by any of the political",1,1.0,0.8,18269.95909982361,False,tog1,0
oa_1929,"At time 94 in context ctx_06, can u_0059 access res_0012?",0,"No, u_0059 cannot access res_0012 at time 94 in context ctx",1,1.0,0.8,18842.234399868175,False,tog1,0
oa_1938,"At time 117 in context ctx_05, can u_0431 access res_0083?",0,"No, because the reasoning does not indicate any direct or indirect access to res_0083 through pol_0",1,1.0,0.8,18797.489799791947,False,tog1,0
oa_1954,"At time 133 in context ctx_05, can u_0026 access res_0019?",0,"No, because based on the given reasoning chain, res_0019 is not governed by any of the political",1,1.0,0.8,18679.87210000865,False,tog1,0
oa_1957,"At time 187 in context ctx_03, can u_0462 access res_0004?",0,"No, because there is no direct or indirect link between res_0004 and any of the political entities (",1,1.0,0.8,18310.399000067264,False,tog1,0
oa_1961,"At time 87 in context ctx_07, can u_0230 access res_0006?",0,"No, because res_0006 is not governed by any of the political entities (pol_009",1,1.0,0.8,19064.20350004919,False,tog1,0
oa_1963,"At time 143 in context ctx_07, can u_0395 access res_0046?",0,"No, because based on the given reasoning chain, res_0046 is not governed by pol_00",1,1.0,0.8,19055.296699982136,False,tog1,0
oa_1967,"At time 84 in context ctx_04, can u_0197 access res_0131?",0,"No, because res_0131 is not governed by pol_044, which is valid in context",1,1.0,0.8,18100.1926001627,False,tog1,0
oa_1989,"At time 172 in context ctx_04, can u_0355 access res_0189?",0,"To determine if u_0355 can access res_0189 at time 172,",0,0.0,0.8,2937.3507001437247,False,tog1,0
oa_1990,"At time 187 in context ctx_03, can u_0376 access res_0083?",0,No,1,1.0,0.8,18789.31829985231,False,tog1,0
oa_2031,"At time 163 in context ctx_03, can u_0377 access res_0185?",0,"No, u_0377 cannot access res_0185 at time 163 in context",1,1.0,0.8,18588.17859995179,False,tog1,0
oa_2032,"At time 182 in context ctx_06, can u_0217 access res_0165?",0,"No, because res_0165 is not governed by any political entity valid in context ctx_06.",1,1.0,0.8,18574.59540013224,False,tog1,0
oa_2052,"At time 83 in context ctx_03, can u_0231 access res_0050?",0,"No, because res_0050 is not governed by any political entity valid in context ctx_03.",1,1.0,0.8,18939.482199959457,False,tog1,0
oa_2053,"At time 106 in context ctx_02, can u_0260 access res_0015?",0,No,1,1.0,0.8,19163.510099984705,False,tog1,0
oa_2055,"At time 153 in context ctx_01, can u_0106 access res_0022?",0,"No, because there is no direct or indirect relationship provided that would allow u_0106 to access res_",1,1.0,0.8,2893.451400101185,False,tog1,0
oa_2069,"At time 162 in context ctx_02, can u_0188 access res_0003?",0,"No, because res_0003 is governed by pol_025 which is only valid in context ctx",1,1.0,0.8,18215.46039986424,False,tog1,0
oa_2084,"At time 102 in context ctx_06, can u_0036 access res_0104?",0,No.,1,1.0,0.8,18707.46189984493,False,tog1,0
oa_2092,"At time 153 in context ctx_01, can u_0149 access res_0059?",0,"No, because there is no direct connection between u_0149 and res_0059 through the",1,1.0,0.8,2955.6021001189947,False,tog1,0
oa_2104,"At time 144 in context ctx_00, can u_0371 access res_0081?",0,"No, because based on the given reasoning chain, res_0081 is not governed by any of the political",1,1.0,0.8,18702.141399960965,False,tog1,0
oa_2115,"At time 88 in context ctx_00, can u_0312 access res_0085?",0,"No, because the only valid governing political entity for res_0185 at that context is pol_00",1,1.0,0.8,18394.98160011135,False,tog1,0
oa_2121,"At time 72 in context ctx_00, can u_0298 access res_0110?",0,No,1,1.0,0.8,18283.68130000308,False,tog1,0
oa_2123,"At time 174 in context ctx_06, can u_0368 access res_0154?",0,"No, u_0368 cannot access res_0154 at time 174 in context",1,1.0,0.8,18811.878700042143,False,tog1,0
oa_2129,"At time 82 in context ctx_02, can u_0338 access res_0185?",0,"No, because res_0185 is governed by pol_001 and pol_001 is",1,1.0,0.8,18649.732400197536,False,tog1,0
oa_2130,"At time 190 in context ctx_06, can u_0426 access res_0117?",0,"No, because res_0117 is not governed by pol_044, and pol_04",1,1.0,0.8,17830.526300007477,False,tog1,0
oa_2137,"At time 117 in context ctx_05, can u_0020 access res_0018?",0,"No, because the reasoning provided does not indicate any relationship between res_0018 and pol_043",1,1.0,0.8,11169.015899999067,False,tog1,0
oa_2146,"At time 200 in context ctx_00, can u_0044 access res_0119?",0,"No, because res_0119 is only governed by pol_025, which is valid in context",1,1.0,0.8,18373.387799831107,False,tog1,0
oa_2150,"At time 85 in context ctx_05, can u_0483 access res_0150?",0,"No, because res_0150 is not governed by pol_024, which is valid in context",1,1.0,0.8,18423.60380012542,False,tog1,0
oa_2208,"At time 96 in context ctx_00, can u_0101 access res_0099?",0,"No, because the reasoning provided does not establish any direct connection between res_0099 and the contexts or governing",1,1.0,0.8,18993.630200158805,False,tog1,0
oa_2212,"At time 169 in context ctx_01, can u_0399 access res_0191?",0,No,1,1.0,0.8,19235.938899917528,False,tog1,0
oa_2220,"At time 197 in context ctx_05, can u_0208 access res_0190?",0,No,1,1.0,0.8,18401.793600060046,False,tog1,0
oa_2223,"At time 100 in context ctx_04, can u_0183 access res_0072?",0,"No, because the reasoning chain provided does not establish any connection between res_0072, u_01",1,1.0,0.8,2999.7660000808537,False,tog1,0
oa_2254,"At time 167 in context ctx_07, can u_0308 access res_0095?",0,"No, because based on the given reasoning chain, res_0095 is not governed by pol_00",1,1.0,0.8,18577.596199931577,False,tog1,0
oa_2257,"At time 129 in context ctx_01, can u_0394 access res_0155?",0,"No, because based on the given reasoning chain, res_0155 is not governed by pol_00",1,1.0,0.8,18959.77329998277,False,tog1,0
oa_2268,"At time 174 in context ctx_06, can u_0490 access res_0054?",0,"No, because based on the given reasoning chain, res_0054 is not governed by any of the political",1,1.0,0.8,19191.671499982476,False,tog1,0
oa_2282,"At time 177 in context ctx_01, can u_0003 access res_0107?",0,No,1,1.0,0.8,18611.50830006227,False,tog1,0
oa_2293,"At time 122 in context ctx_02, can u_0362 access res_0184?",0,"No, because res_0184 is not governed by any political entity that is valid in context ctx_0",1,1.0,0.8,19093.921000137925,False,tog1,0
oa_2294,"At time 173 in context ctx_05, can u_0470 access res_0103?",0,"No, because the reasoning shows that res_0103 is not governed by any of the political entities (pol",1,1.0,0.8,20730.123500106856,False,tog1,0
oa_2300,"At time 157 in context ctx_05, can u_0403 access res_0086?",0,"No, because the reasoning chain shows that res_0086 is not governed by any of the political entities (",1,1.0,0.8,18646.192400017753,False,tog1,0
oa_2308,"At time 80 in context ctx_00, can u_0317 access res_0176?",0,"No, because based on the given reasoning chain, res_0176 is not governed by any of the political",1,1.0,0.8,18589.319200022146,False,tog1,0
oa_2316,"At time 183 in context ctx_07, can u_0107 access res_0032?",0,"No, because res_0032 is not governed by pol_000, which is valid in context",1,1.0,0.8,18949.405600083992,False,tog1,0
oa_2321,"At time 96 in context ctx_00, can u_0408 access res_0178?",0,"No, because based on the given reasoning chain, res_0178 is not governed by any of the political",1,1.0,0.8,18283.392700133845,False,tog1,0
oa_2351,"At time 143 in context ctx_07, can u_0459 access res_0196?",0,"No, because the only contexts where pol_000 is valid are ctx_01, ctx_04",1,1.0,0.8,18789.475499885157,False,tog1,0
oa_2356,"At time 130 in context ctx_02, can u_0245 access res_0089?",0,"No, because there is no information provided about the relationship between res_0089 and the other entities or their",1,1.0,0.8,3141.091999830678,False,tog1,0
oa_2358,"At time 86 in context ctx_06, can u_0409 access res_0116?",0,"No, because based on the given reasoning chain, res_0116 is only governed by pol_00",1,1.0,0.8,18667.23190015182,False,tog1,0
oa_2371,"At time 138 in context ctx_02, can u_0235 access res_0038?",0,No,1,1.0,0.8,18635.647099930793,False,tog1,0
oa_2372,"At time 161 in context ctx_01, can u_0344 access res_0178?",0,No,1,1.0,0.8,18789.5651999861,False,tog1,0
oa_2373,"At time 184 in context ctx_00, can u_0405 access res_0146?",0,No,1,1.0,0.8,18581.850900081918,False,tog1,0
oa_2378,"At time 111 in context ctx_07, can u_0289 access res_0177?",0,"No, because res_0177 is not governed by pol_000, and since pol_0",1,1.0,0.8,18810.275599826127,False,tog1,0
oa_2384,"At time 107 in context ctx_03, can u_0275 access res_0163?",0,"No, because there is no information provided about the governance or validity of res_0163 in context ctx_",1,1.0,0.8,18871.485699899495,False,tog1,0
oa_2394,"At time 106 in context ctx_02, can u_0117 access res_0164?",0,"No, because res_0164 is governed by pol_009 which is only valid in context ctx",1,1.0,0.8,18388.990600127727,False,tog1,0
oa_2397,"At time 178 in context ctx_02, can u_0358 access res_0163?",0,"To determine if u_0358 can access res_0163 at time 178,",0,0.0,0.8,2962.5168000347912,False,tog1,0
oa_2402,"At time 104 in context ctx_00, can u_0149 access res_0090?",0,No,1,1.0,0.8,18030.663599958643,False,tog1,0
oa_2403,"At time 170 in context ctx_02, can u_0165 access res_0184?",0,"No, because the reasoning chain shows that res_0184 is governed by pol_001, which",1,1.0,0.8,18885.584300151095,False,tog1,0
oa_2406,"At time 121 in context ctx_01, can u_0102 access res_0030?",0,No,1,1.0,0.8,18482.773900032043,False,tog1,0
oa_2414,"At time 72 in context ctx_00, can u_0011 access res_0195?",0,"No, because based on the given reasoning chain, res_0195 is not governed by pol_00",1,1.0,0.8,18010.617799824104,False,tog1,0
oa_2427,"At time 125 in context ctx_05, can u_0199 access res_0069?",0,"No, because the reasoning chain provided does not indicate any connection between res_0069 and the other variables (",1,1.0,0.8,3119.553799973801,False,tog1,0
oa_2441,"At time 157 in context ctx_05, can u_0343 access res_0040?",0,No,1,1.0,0.8,18947.30250001885,False,tog1,0
oa_2445,"At time 137 in context ctx_01, can u_0125 access res_0041?",0,"No, because the reasoning chain shows that res_0041 is not governed by pol_025,",1,1.0,0.8,11003.335200017318,False,tog1,0
oa_2449,"At time 117 in context ctx_05, can u_0263 access res_0042?",0,"No, because res_0042 is not governed by pol_044 or any other policy valid in",1,1.0,0.8,18439.48299996555,False,tog1,0
oa_2451,"At time 92 in context ctx_04, can u_0328 access res_0118?",0,No,1,1.0,0.8,18887.490900000557,False,tog1,0
oa_2452,"At time 96 in context ctx_00, can u_0223 access res_0159?",0,"No, because there is no information provided about u_0223's governance or access to resources in the given",1,1.0,0.8,2813.930300064385,False,tog1,0
oa_2459,"At time 184 in context ctx_00, can u_0176 access res_0156?",0,No,1,1.0,0.8,18526.134599931538,False,tog1,0
oa_2461,"At time 147 in context ctx_03, can u_0134 access res_0054?",0,No,1,1.0,0.8,18872.981399996206,False,tog1,0
oa_2466,"At time 196 in context ctx_04, can u_0190 access res_0030?",0,No,1,1.0,0.8,18328.75659991987,False,tog1,0
oa_2467,"At time 103 in context ctx_07, can u_0401 access res_0126?",0,"No, because the only valid policy for res_0126 is pol_043, which is not",1,1.0,0.8,18977.547199930996,False,tog1,0
oa_2469,"At time 200 in context ctx_00, can u_0063 access res_0084?",0,No,1,1.0,0.8,18384.840300073847,False,tog1,0
oa_2473,"At time 123 in context ctx_03, can u_0345 access res_0063?",0,"No, because none of the political rules (pol_009, pol_016, pol_0",1,1.0,0.8,18228.954799938947,False,tog1,0
oa_2477,"At time 164 in context ctx_04, can u_0240 access res_0045?",0,No,1,1.0,0.8,18560.344299999997,False,tog1,0
oa_2479,"At time 164 in context ctx_04, can u_0465 access res_0146?",0,"No, because res_0146 is not governed by any political entity valid in context ctx_04.",1,1.0,0.8,18865.459199994802,False,tog1,0
oa_2480,"At time 64 in context ctx_00, can u_0374 access res_0188?",0,"No, because res_0188 is not governed by any political entity valid in context ctx_00.",1,1.0,0.8,18058.880199911073,False,tog1,0
oa_2484,"At time 76 in context ctx_04, can u_0415 access res_0104?",0,"No, because the reasoning chain shows that res_0104 is not governed by pol_016,",1,1.0,0.8,11036.635000025854,False,tog1,0
oa_2501,"At time 120 in context ctx_00, can u_0370 access res_0102?",0,"No, because the reasoning chain shows that res_0102 is not governed by pol_043,",1,1.0,0.8,10620.932599995285,False,tog1,0
oa_2503,"At time 197 in context ctx_05, can u_0018 access res_0112?",0,"No, because based on the given reasoning chain, res_0112 is not governed by any political entity (",1,1.0,0.8,19355.43160000816,False,tog1,0
oa_2521,"At time 88 in context ctx_00, can u_0260 access res_0150?",0,"No, because based on the given reasoning chain, res_0150 is not governed by any of the political",1,1.0,0.8,18654.237700160593,False,tog1,0
oa_2540,"At time 162 in context ctx_02, can u_0359 access res_0158?",0,"No, because the reasoning provided does not establish any connection between res_0158, u_035",1,1.0,0.8,18574.34789999388,False,tog1,0
oa_2541,"At time 76 in context ctx_04, can u_0402 access res_0154?",0,"To determine if u_0402 can access res_0154 at time 76, we",0,0.0,0.8,3110.9394999220967,False,tog1,0
oa_2556,"At time 147 in context ctx_03, can u_0151 access res_0061?",0,"No, because based on the given reasoning chain, u_0151 is only governed by pol_00",1,1.0,0.8,18731.726499972865,False,tog1,0
oa_2578,"At time 173 in context ctx_05, can u_0395 access res_0187?",0,"No, because the reasoning chain shows that res_0187 is not governed by any of the political entities (",1,1.0,0.8,18653.824700042605,False,tog1,0
oa_2587,"At time 152 in context ctx_00, can u_0056 access res_0123?",0,"No, because res_0123 is not governed by pol_023, and pol_02",1,1.0,0.8,3002.6387001853436,False,tog1,0
oa_2590,"At time 64 in context ctx_00, can u_0042 access res_0019?",0,"No, because res_0019 is not governed by any political entity valid in context ctx_00.",1,1.0,0.8,18407.081400044262,False,tog1,0
oa_2597,"At time 164 in context ctx_04, can u_0107 access res_0044?",0,"No, because the reasoning chain shows that pol_038, which has validity in contexts ctx_01,",1,1.0,0.8,10998.166900128126,False,tog1,0
oa_2607,"At time 136 in context ctx_00, can u_0196 access res_0013?",0,"No, because none of the political rules (pol_009, pol_016, pol_0",1,1.0,0.8,18612.126599997282,False,tog1,0
oa_2621,"At time 109 in context ctx_05, can u_0256 access res_0046?",0,"No, because the reasoning chain provided does not indicate any connection between res_0046 and the other variables (",1,1.0,0.8,2955.7741000317037,False,tog1,0
oa_2626,"At time 181 in context ctx_05, can u_0136 access res_0115?",0,"No, because none of the political entities (pol_024, pol_009, pol_0",1,1.0,0.8,17948.551799869165,False,tog1,0
oa_2636,"At time 152 in context ctx_00, can u_0077 access res_0059?",0,To determine if u_0077 can access res_0059 at time 152 in,0,0.0,0.8,3093.0944001302123,False,tog1,0
oa_2653,"At time 89 in context ctx_01, can u_0332 access res_0093?",0,"No, because res_0093 is not governed by any political entity that is valid in context ctx_0",1,1.0,0.8,18961.605600081384,False,tog1,0
oa_2656,"At time 99 in context ctx_03, can u_0322 access res_0004?",0,No,1,1.0,0.8,18932.480599964038,False,tog1,0
oa_2658,"At time 86 in context ctx_06, can u_0226 access res_0129?",0,No,1,1.0,0.8,18646.90720010549,False,tog1,0
oa_2664,"At time 116 in context ctx_04, can u_0143 access res_0138?",0,No,1,1.0,0.8,18352.284700144082,False,tog1,0
oa_2670,"At time 99 in context ctx_03, can u_0022 access res_0006?",0,No,1,1.0,0.8,18841.972900088876,False,tog1,0
oa_2678,"At time 137 in context ctx_01, can u_0089 access res_0072?",0,"To determine if u_0089 can access res_0072 at time 137,",0,0.0,0.8,3079.490500036627,False,tog1,0
oa_2691,"At time 191 in context ctx_07, can u_0429 access res_0114?",0,No,1,1.0,0.8,18222.62420016341,False,tog1,0
oa_2704,"At time 154 in context ctx_02, can u_0498 access res_0046?",0,"No, because res_0046 is not governed by any of the political entities (pol_009",1,1.0,0.8,18678.985700011253,False,tog1,0
oa_2708,"At time 107 in context ctx_03, can u_0149 access res_0182?",0,"No, because res_0182 is not governed by any political entity valid in context ctx_03.",1,1.0,0.8,18728.072700090706,False,tog1,0
oa_2724,"At time 139 in context ctx_03, can u_0421 access res_0157?",0,"No, because the only contexts where pol_033 is valid are ctx_01, ctx_04",1,1.0,0.8,18616.9350000564,False,tog1,0
oa_2725,"At time 169 in context ctx_01, can u_0122 access res_0090?",0,No,1,1.0,0.8,18009.890099987388,False,tog1,0
oa_2729,"At time 175 in context ctx_07, can u_0139 access res_0090?",0,"No, because res_0090 is not governed by pol_000, and thus does not fall",1,1.0,0.8,18709.35079990886,False,tog1,0
oa_2731,"At time 188 in context ctx_04, can u_0030 access res_0086?",0,"No, because res_0086 is not governed by any political entity (pol) valid in context 0",1,1.0,0.8,18956.531799864024,False,tog1,0
oa_2736,"At time 77 in context ctx_05, can u_0336 access res_0007?",0,"No, because res_0007 is only valid in contexts ctx_00 and ctx_06,",1,1.0,0.8,18607.148400042206,False,tog1,0
oa_2739,"At time 160 in context ctx_00, can u_0119 access res_0073?",0,"No, because there is no direct connection between u_0119, res_0073, and",1,1.0,0.8,2894.843799993396,False,tog1,0
oa_2744,"At time 93 in context ctx_05, can u_0488 access res_0095?",0,"No, because based on the given reasoning chain, res_0095 is only governed by pol_02",1,1.0,0.8,18485.93379999511,False,tog1,0
oa_2746,"At time 135 in context ctx_07, can u_0393 access res_0017?",0,"Based on the given reasoning chain, res_0017 is governed by pol_000, which is",0,0.0,0.8,18676.212099846452,False,tog1,0
oa_2751,"At time 195 in context ctx_03, can u_0314 access res_0077?",0,"No, because there is no direct or indirect connection between res_0077 and any of the contexts (ctx",1,1.0,0.8,18826.40349981375,False,tog1,0
oa_2761,"At time 176 in context ctx_00, can u_0460 access res_0169?",0,"No, because based on the given reasoning chain, res_0160 is only governed by pol_02",1,1.0,0.8,18786.64440009743,False,tog1,0
oa_2764,"At time 82 in context ctx_02, can u_0430 access res_0008?",0,"No, because res_0085 is governed by pol_009 which is valid in ctx_0",1,1.0,0.8,18707.11600012146,False,tog1,0
oa_2767,"At time 129 in context ctx_01, can u_0001 access res_0059?",0,"No, because there is no direct or indirect relationship provided that would allow u_0001 to access res_",1,1.0,0.8,3195.8991000428796,False,tog1,0
oa_2784,"At time 76 in context ctx_04, can u_0438 access res_0065?",0,"To determine if u_0438 can access res_0065 at time 76, we",0,0.0,0.8,2952.0110997837037,False,tog1,0
oa_2787,"At time 65 in context ctx_01, can u_0221 access res_0115?",0,"No, because based on the given reasoning chain, res_0115 is not governed by pol_02",1,1.0,0.8,18277.936400147155,False,tog1,0
oa_2788,"At time 114 in context ctx_02, can u_0183 access res_0041?",0,No,1,1.0,0.8,18879.02590003796,False,tog1,0
oa_2804,"At time 127 in context ctx_07, can u_0446 access res_0156?",0,"No, because the reasoning does not provide any information about u_0446's access to res_01",1,1.0,0.8,18474.59280001931,False,tog1,0
oa_2815,"At time 109 in context ctx_05, can u_0423 access res_0143?",0,"No, because none of the political systems (pol_019, pol_024, pol_0",1,1.0,0.8,18654.06020008959,False,tog1,0
oa_2821,"At time 142 in context ctx_06, can u_0132 access res_0107?",0,"No, because res_0132 is governed by pol_025 which is valid in context ctx_",1,1.0,0.8,18413.895800011232,False,tog1,0
oa_2829,"At time 152 in context ctx_00, can u_0031 access res_0091?",0,"No, because there is no direct connection between u_0031 and res_0091 through the",1,1.0,0.8,2766.174100106582,False,tog1,0
oa_2839,"At time 116 in context ctx_04, can u_0169 access res_0035?",0,"No, because res_0035 is not governed by any of the political entities (pol_016",1,1.0,0.8,18933.24020016007,False,tog1,0
oa_2843,"At time 94 in context ctx_06, can u_0360 access res_0028?",0,"No, because based on the given reasoning chain, res_0028 is not governed by any of the political",1,1.0,0.8,18468.658099882305,False,tog1,0
oa_2849,"At time 108 in context ctx_04, can u_0242 access res_0199?",0,"No, because none of the political rules (pol_016, pol_021) are valid in",1,1.0,0.8,18695.3825999517,False,tog1,0
oa_2869,"At time 197 in context ctx_05, can u_0147 access res_0062?",0,"No, because res_0062 is not governed by any of the political entities (pol_016",1,1.0,0.8,18690.327299991623,False,tog1,0
oa_2885,"At time 190 in context ctx_06, can u_0419 access res_0050?",0,No,1,1.0,0.8,18966.320700012147,False,tog1,0
oa_2887,"At time 108 in context ctx_04, can u_0421 access res_0151?",0,"No, because based on the given reasoning chain, res_0151 is not governed by any of the political",1,1.0,0.8,18049.032300012186,False,tog1,0
oa_2889,"At time 129 in context ctx_01, can u_0090 access res_0105?",0,"No, because res_0105 is not governed by pol_012, and thus not valid in",1,1.0,0.8,3108.2600001245737,False,tog1,0
oa_2898,"At time 155 in context ctx_03, can u_0262 access res_0151?",0,No,1,1.0,0.8,18365.16789998859,False,tog1,0
oa_2911,"At time 109 in context ctx_05, can u_0270 access res_0032?",0,"No, u_0270 cannot access res_0032 at time 109 in context",1,1.0,0.8,18630.370400147513,False,tog1,0
oa_2920,"At time 180 in context ctx_04, can u_0148 access res_0003?",0,"No, because there is no information provided about the relationship between res_0003 and the other entities in the",1,1.0,0.8,2947.1668999176472,False,tog1,0
oa_2925,"At time 102 in context ctx_06, can u_0358 access res_0127?",0,"No, because res_0127 is not governed by any political entity valid in context ctx_06.",1,1.0,0.8,18520.160399843007,False,tog1,0
oa_2933,"At time 146 in context ctx_02, can u_0023 access res_0011?",0,No,1,1.0,0.8,18436.32650002837,False,tog1,0
oa_2936,"At time 83 in context ctx_03, can u_0001 access res_0052?",0,"No, because based on the given reasoning chain, res_0052 is not governed by pol_03",1,1.0,0.8,19371.208800002933,False,tog1,0
oa_2937,"At time 91 in context ctx_03, can u_0233 access res_0010?",0,No,1,1.0,0.8,18708.679100032896,False,tog1,0
oa_2942,"At time 152 in context ctx_00, can u_0419 access res_0065?",0,"No, because the reasoning chain shows that for u_0419 to have access to res_006",1,1.0,0.8,3038.606399903074,False,tog1,0
oa_2943,"At time 129 in context ctx_01, can u_0335 access res_0172?",0,"No, because res_0172 is not valid in context ctx_01. Based on the provided reasoning",1,1.0,0.8,18283.33769994788,False,tog1,0
oa_2956,"At time 157 in context ctx_05, can u_0143 access res_0149?",0,"No, because res_0149 is not governed by any political entity valid in context ctx_05.",1,1.0,0.8,19044.20670005493,False,tog1,0
oa_2962,"At time 121 in context ctx_01, can u_0214 access res_0026?",0,"No, because the reasoning provided does not establish any direct connection between res_0026 and the contexts or political",1,1.0,0.8,18759.631499880925,False,tog1,0
oa_2967,"At time 158 in context ctx_06, can u_0291 access res_0168?",0,"No, because res_0168 is not governed by any of the political entities (pol_009",1,1.0,0.8,18658.265699865296,False,tog1,0
oa_2996,"At time 125 in context ctx_05, can u_0423 access res_0047?",0,To determine if u_0423 can access res_0047 at time 125 in,0,0.0,0.8,3090.618700021878,False,tog1,0
oa_3005,"At time 157 in context ctx_05, can u_0164 access res_0137?",0,"To determine if u_0164 can access res_0137 at time 157,",0,0.0,0.8,2961.9943001307547,False,tog1,0
oa_3008,"At time 114 in context ctx_02, can u_0393 access res_0160?",0,"No, because res_0160 is governed by pol_038 which is not valid in context ctx",1,1.0,0.8,18376.654400024563,False,tog1,0
oa_3017,"At time 169 in context ctx_01, can u_0239 access res_0024?",0,No,1,1.0,0.8,18881.231399951503,False,tog1,0
oa_3023,"At time 63 in context ctx_07, can u_0117 access res_0006?",0,"No, because res_0006 is not governed by any political entity (pol) that is valid in context",1,1.0,0.8,18568.58570012264,False,tog1,0
oa_3024,"At time 89 in context ctx_01, can u_0167 access res_0070?",0,"No, because res_0070 is not governed by any political entity that is valid in context ctx_0",1,1.0,0.8,18315.797799965367,False,tog1,0
oa_3032,"At time 199 in context ctx_07, can u_0375 access res_0148?",0,No,1,1.0,0.8,18830.358700128272,False,tog1,0
oa_3041,"At time 72 in context ctx_00, can u_0117 access res_0034?",0,"No, because based on the given reasoning chain, res_0034 is not governed by any of the political",1,1.0,0.8,18450.77839982696,False,tog1,0
oa_3043,"At time 153 in context ctx_01, can u_0367 access res_0058?",0,"To determine if u_0367 can access res_0058 at time 153,",0,0.0,0.8,2959.0394999831915,False,tog1,0
oa_3044,"At time 176 in context ctx_00, can u_0192 access res_0070?",0,No,1,1.0,0.8,18207.574300002307,False,tog1,0
oa_3045,"At time 69 in context ctx_05, can u_0456 access res_0195?",0,"No, because res_0195 is not governed by pol_009 and pol_016",1,1.0,0.8,18999.803600134328,False,tog1,0
oa_3047,"At time 173 in context ctx_05, can u_0267 access res_0092?",0,"No, because the reasoning chain shows that res_0092 is not governed by any of the political entities (",1,1.0,0.8,18842.654400039464,False,tog1,0
oa_3051,"At time 107 in context ctx_03, can u_0297 access res_0065?",0,"No, because there is no information provided about res_0065 or its governance within context ctx_03",1,1.0,0.8,18070.459199836478,False,tog1,0
oa_3076,"At time 115 in context ctx_03, can u_0411 access res_0181?",0,"No, because the only political system (pol_033) that is valid in context ctx_03 is",1,1.0,0.8,18748.96730016917,False,tog1,0
oa_3083,"At time 144 in context ctx_00, can u_0179 access res_0129?",0,"No, because res_0129 is not governed by any political entity valid in context ctx_00 at",1,1.0,0.8,19078.407500172034,False,tog1,0
oa_3085,"At time 196 in context ctx_04, can u_0156 access res_0044?",0,"No, because there is no direct or indirect link between res_0044 and any of the contexts (ctx",1,1.0,0.8,18487.134099937975,False,tog1,0
oa_3096,"At time 132 in context ctx_04, can u_0140 access res_0014?",0,"Based on the given reasoning chain, res_0014 is governed by pol_041, which is",0,0.0,0.8,18745.11030013673,False,tog1,0
oa_3101,"At time 126 in context ctx_06, can u_0013 access res_0150?",0,"No, because based on the given reasoning chain, res_0150 is not governed by any of the political",1,1.0,0.8,18626.355499960482,False,tog1,0
oa_3104,"At time 191 in context ctx_07, can u_0163 access res_0149?",0,"No, because res_0149 is governed by pol_016 which is only valid in context ctx",1,1.0,0.8,19711.243300000206,False,tog1,0
oa_3124,"At time 141 in context ctx_05, can u_0345 access res_0188?",0,"No, because the reasoning chain provided does not indicate any direct or indirect access of res_0188 by u",1,1.0,0.8,3026.211899938062,False,tog1,0
oa_3131,"At time 178 in context ctx_02, can u_0430 access res_0129?",0,"No, because res_0129 is not governed by any political entity valid in context ctx_02.",1,1.0,0.8,18587.407999904826,False,tog1,0
oa_3140,"At time 98 in context ctx_02, can u_0258 access res_0075?",0,"No, because res_0075 is not governed by pol_009, which is valid in ctx",1,1.0,0.8,18799.687100108713,False,tog1,0
oa_3143,"At time 129 in context ctx_01, can u_0280 access res_0052?",0,No,1,1.0,0.8,18904.088700190187,False,tog1,0
oa_3147,"At time 112 in context ctx_00, can u_0107 access res_0196?",0,"No, because the only valid policy for res_0086 at time 112 in context ctx_",1,1.0,0.8,18656.074699945748,False,tog1,0
oa_3152,"At time 184 in context ctx_00, can u_0497 access res_0051?",0,No,1,1.0,0.8,18230.58190010488,False,tog1,0
oa_3153,"At time 66 in context ctx_02, can u_0044 access res_0095?",0,No,1,1.0,0.8,19236.391799990088,False,tog1,0
oa_3167,"At time 182 in context ctx_06, can u_0094 access res_0071?",0,No,1,1.0,0.8,18637.88459985517,False,tog1,0
oa_3175,"At time 193 in context ctx_01, can u_0184 access res_0151?",0,No,1,1.0,0.8,18406.730799935758,False,tog1,0
oa_3178,"At time 77 in context ctx_05, can u_0463 access res_0160?",0,"Based on the given reasoning chain, we need to determine if there's a valid path for u_0463",0,0.0,0.8,18784.21159996651,False,tog1,0
oa_3183,"At time 160 in context ctx_00, can u_0281 access res_0056?",0,No,1,1.0,0.8,18776.7506998498,False,tog1,0
oa_3202,"At time 193 in context ctx_01, can u_0046 access res_0151?",0,No,1,1.0,0.8,19115.05650007166,False,tog1,0
oa_3205,"At time 68 in context ctx_04, can u_0190 access res_0169?",0,"No, because res_0169 is not governed by any political entity that is valid in context ctx_0",1,1.0,0.8,18233.246499905363,False,tog1,0
oa_3211,"At time 85 in context ctx_05, can u_0226 access res_0137?",0,"No, because the reasoning chain provided does not indicate any direct connection between res_0137 and the governing authority",1,1.0,0.8,3031.77100000903,False,tog1,0
oa_3226,"At time 172 in context ctx_04, can u_0166 access res_0154?",0,"To determine if u_0166 can access res_0154 at time 172,",0,0.0,0.8,3041.71759984456,False,tog1,0
oa_3234,"At time 86 in context ctx_06, can u_0376 access res_0142?",0,No,1,1.0,0.8,18375.204999931157,False,tog1,0
oa_3236,"At time 152 in context ctx_00, can u_0007 access res_0026?",0,"No, because there is no direct or indirect link between res_0026 and the governing policies/political entities",1,1.0,0.8,18529.67970003374,False,tog1,0
oa_3249,"At time 91 in context ctx_03, can u_0405 access res_0097?",0,No,1,1.0,0.8,18550.122799817473,False,tog1,0
oa_3260,"At time 161 in context ctx_01, can u_0413 access res_0184?",0,"No, because the reasoning provided does not establish any connection between res_0184, u_041",1,1.0,0.8,18504.100000020117,False,tog1,0
oa_3263,"At time 77 in context ctx_05, can u_0217 access res_0160?",0,"Based on the given reasoning chain, we need to determine if there's a valid path for u_0217",0,0.0,0.8,18830.039999913424,False,tog1,0
oa_3266,"At time 158 in context ctx_06, can u_0251 access res_0118?",0,"No, because res_0118 is not governed by any of the political entities (pol_016",1,1.0,0.8,18646.967600099742,False,tog1,0
oa_3267,"At time 141 in context ctx_05, can u_0110 access res_0118?",0,"No, because there is no information provided about u_0110's governance or access to res_01",1,1.0,0.8,3014.98860004358,False,tog1,0
oa_3286,"At time 71 in context ctx_07, can u_0484 access res_0070?",0,"No, because based on the given reasoning chain, res_0070 is not governed by pol_04",1,1.0,0.8,18644.439900061116,False,tog1,0
oa_3291,"At time 134 in context ctx_06, can u_0048 access res_0128?",0,"No, because res_0128 is not governed by any of the political entities (pol_006",1,1.0,0.8,18633.57020006515,False,tog1,0
oa_3295,"At time 143 in context ctx_07, can u_0350 access res_0087?",0,"No, because the reasoning shows that res_0087 is not governed by pol_000, and",1,1.0,0.8,18620.94940012321,False,tog1,0
oa_3302,"At time 154 in context ctx_02, can u_0392 access res_0009?",0,"No, because there is no direct or indirect link between res_0009 and any of the political entities (",1,1.0,0.8,18411.169599974528,False,tog1,0
oa_3304,"At time 70 in context ctx_06, can u_0332 access res_0032?",0,"No, because res_0032 is not governed by pol_040, and ctx_06",1,1.0,0.8,19068.441400071606,False,tog1,0
oa_3320,"At time 156 in context ctx_04, can u_0494 access res_0017?",0,"No, because res_0017 is governed by pol_044, which is not valid in context",1,1.0,0.8,18451.014200225472,False,tog1,0
oa_3325,"At time 140 in context ctx_04, can u_0258 access res_0095?",0,"No, because res_0095 is not governed by pol_000, which is valid in context",1,1.0,0.8,18631.70600007288,False,tog1,0
oa_3342,"At time 160 in context ctx_00, can u_0162 access res_0164?",0,"No, because there is no information provided about u_0162's governance or access to res_01",1,1.0,0.8,3074.819799978286,False,tog1,0
oa_3347,"At time 173 in context ctx_05, can u_0454 access res_0092?",0,"No, because there is no information provided about u_0454's governance or access to resources in any of",1,1.0,0.8,3019.093699986115,False,tog1,0
oa_3357,"At time 79 in context ctx_07, can u_0103 access res_0025?",0,"No, because the reasoning provided does not indicate any governance or access rules for res_0025 within context ctx",1,1.0,0.8,18354.135900037363,False,tog1,0
oa_3365,"At time 131 in context ctx_03, can u_0372 access res_0195?",0,"No, because there is no information provided about res_0195 being governed by pol_033 or",1,1.0,0.8,18901.919400086626,False,tog1,0
oa_3368,"At time 144 in context ctx_00, can u_0187 access res_0016?",0,"No, u_0187 cannot access res_0016 at time 144 in context",1,1.0,0.8,18606.268299976364,False,tog1,0
oa_3394,"At time 79 in context ctx_07, can u_0273 access res_0172?",0,"No, because res_0172 is not governed by pol_079 which is valid in context ctx",1,1.0,0.8,18539.520799880847,False,tog1,0
oa_3397,"At time 140 in context ctx_04, can u_0233 access res_0083?",0,"No, because the reasoning provided does not indicate any connection between res_0083 and the governing authority (pol",1,1.0,0.8,2912.408599862829,False,tog1,0
oa_3398,"At time 185 in context ctx_01, can u_0499 access res_0010?",0,"No, u_0499 cannot access res_0010 at time 185 in context",1,1.0,0.8,18570.00569999218,False,tog1,0
oa_3401,"At time 124 in context ctx_04, can u_0072 access res_0037?",0,"No, because based on the given reasoning chain, res_0037 is not governed by any of the political",1,1.0,0.8,21055.5460001342,False,tog1,0
oa_3404,"At time 65 in context ctx_01, can u_0096 access res_0087?",0,"To determine if u_0096 can access res_0087 at time 65, we",0,0.0,0.8,3103.738100035116,False,tog1,0
oa_3414,"At time 113 in context ctx_01, can u_0461 access res_0073?",0,"No, because based on the given reasoning chain, res_0073 is not governed by pol_00",1,1.0,0.8,20224.51930004172,False,tog1,0
oa_3416,"At time 166 in context ctx_06, can u_0280 access res_0086?",0,"No, u_0280 cannot access res_0086 at time 166 in context",1,1.0,0.8,18172.31009993702,False,tog1,0
oa_3417,"At time 172 in context ctx_04, can u_0105 access res_0006?",0,"To determine if u_0105 can access res_0006 at time 172,",0,0.0,0.8,3123.5668000299484,False,tog1,0
oa_3422,"At time 79 in context ctx_07, can u_0309 access res_0077?",0,"No, because based on the given reasoning chain, res_0077 is not governed by pol_00",1,1.0,0.8,18889.434000011533,False,tog1,0
oa_3423,"At time 101 in context ctx_05, can u_0043 access res_0144?",0,"No, because res_0144 is not governed by any political entity (pol) that is valid in context",1,1.0,0.8,23757.320099975914,False,tog1,0
oa_3426,"At time 112 in context ctx_00, can u_0183 access res_0004?",0,"No, because res_0004 is not governed by any of the political entities (pol_018",1,1.0,0.8,17921.849000034854,False,tog1,0
oa_3435,"At time 174 in context ctx_06, can u_0218 access res_0030?",0,No,1,1.0,0.8,18759.179099928588,False,tog1,0
oa_3438,"At time 185 in context ctx_01, can u_0329 access res_0125?",0,"No, because res_0125 is not governed by pol_033, and pol_03",1,1.0,0.8,18277.666999958456,False,tog1,0
oa_3441,"At time 173 in context ctx_05, can u_0159 access res_0149?",0,"No, because the reasoning chain provided does not indicate any connection between res_0149 and the other variables (",1,1.0,0.8,3186.26520014368,False,tog1,0
oa_3445,"At time 140 in context ctx_04, can u_0419 access res_0038?",0,"No, because res_0138 is governed by pol_000 in ctx_04, and",1,1.0,0.8,18653.75669999048,False,tog1,0
oa_3454,"At time 97 in context ctx_01, can u_0125 access res_0196?",0,"No, because the reasoning does not provide any information about u_0125's access to res_01",1,1.0,0.8,18188.865900039673,False,tog1,0
oa_3457,"At time 148 in context ctx_04, can u_0494 access res_0164?",0,"No, because there is no information provided about the relationship between res_0164 and u_049",1,1.0,0.8,2828.3706000074744,False,tog1,0
oa_3458,"At time 161 in context ctx_01, can u_0121 access res_0180?",0,"No, because res_0180 is not governed by any political entity that is valid in context ctx_0",1,1.0,0.8,18789.121500216424,False,tog1,0
oa_3465,"At time 157 in context ctx_05, can u_0296 access res_0132?",0,"No, because based on the given reasoning chain, res_0132 is not governed by any of the political",1,1.0,0.8,18903.19580002688,False,tog1,0
oa_3467,"At time 137 in context ctx_01, can u_0133 access res_0185?",0,"No, because based on the given reasoning chain, res_0185 is not governed by either pol_0",1,1.0,0.8,18906.28580003977,False,tog1,0
oa_3475,"At time 96 in context ctx_00, can u_0453 access res_0104?",0,No,1,1.0,0.8,18608.647800050676,False,tog1,0
oa_3486,"At time 64 in context ctx_00, can u_0005 access res_0065?",0,No,1,1.0,0.8,18359.296599868685,False,tog1,0
oa_3489,"At time 110 in context ctx_06, can u_0146 access res_0199?",0,"No, because none of the political rules (pol_009, pol_016, pol_0",1,1.0,0.8,18893.23060004972,False,tog1,0
oa_3490,"At time 171 in context ctx_03, can u_0318 access res_0179?",0,No,1,1.0,0.8,18367.63449991122,False,tog1,0
oa_3492,"At time 86 in context ctx_06, can u_0035 access res_0076?",0,"No, because the reasoning chain shows that res_0076 is not governed by any of the political entities (",1,1.0,0.8,18572.431900072843,False,tog1,0
oa_3494,"At time 176 in context ctx_00, can u_0448 access res_0176?",0,"No, because based on the given reasoning chain, res_0176 is not governed by any of the political",1,1.0,0.8,18664.361299946904,False,tog1,0
oa_3531,"At time 78 in context ctx_06, can u_0075 access res_0034?",0,"No, because there is no information provided about res_0034 or its governance within context ctx_06",1,1.0,0.8,18695.77049999498,False,tog1,0
oa_3532,"At time 98 in context ctx_02, can u_0220 access res_0055?",0,No,1,1.0,0.8,18424.979500006884,False,tog1,0
oa_3536,"At time 187 in context ctx_03, can u_0263 access res_0036?",0,"No, because none of the political rules (pol_009, pol_016, pol_0",1,1.0,0.8,18575.54200012237,False,tog1,0
oa_3556,"At time 90 in context ctx_02, can u_0392 access res_0155?",0,No,1,1.0,0.8,18922.393899876624,False,tog1,0
oa_3567,"At time 158 in context ctx_06, can u_0332 access res_0082?",0,"To determine if u_0332 can access res_0082 at time 158,",0,0.0,0.8,2816.6082000825554,False,tog1,0
oa_3615,"At time 98 in context ctx_02, can u_0314 access res_0191?",0,"No, because based on the given reasoning chain, res_0191 is not governed by any of the political",1,1.0,0.8,19243.391199968755,False,tog1,0
oa_3623,"At time 143 in context ctx_07, can u_0366 access res_0090?",0,"No, because based on the given reasoning chain, res_0090 is not governed by pol_00",1,1.0,0.8,18632.887799991295,False,tog1,0
oa_3626,"At time 80 in context ctx_00, can u_0090 access res_0066?",0,"No, because based on the given reasoning chain, res_0066 is not governed by any of the political",1,1.0,0.8,18545.87999987416,False,tog1,0
oa_3637,"At time 146 in context ctx_02, can u_0013 access res_0148?",0,"No, because there is no information provided about the relationship between res_0148 and the other variables at time",1,1.0,0.8,11002.695799805224,False,tog1,0
oa_3641,"At time 98 in context ctx_02, can u_0405 access res_0053?",0,"No, because res_0053 is not governed by any political entity valid in context ctx_02.",1,1.0,0.8,18546.56479996629,False,tog1,0
oa_3642,"At time 136 in context ctx_00, can u_0046 access res_0026?",0,"No, because res_0026 is not governed by any of the political entities (pol_043",1,1.0,0.8,18606.14599986002,False,tog1,0
oa_3643,"At time 95 in context ctx_07, can u_0236 access res_0045?",0,"No, because the reasoning provided does not indicate any direct connection between u_0236, res_00",1,1.0,0.8,18411.28890006803,False,tog1,0
oa_3645,"At time 184 in context ctx_00, can u_0282 access res_0181?",0,No.,1,1.0,0.8,18665.59710004367,False,tog1,0
oa_3648,"At time 189 in context ctx_05, can u_0028 access res_0190?",0,"No, because based on the given reasoning chain, res_0190 is only governed by pol_01",1,1.0,0.8,18791.281699901447,False,tog1,0
oa_3654,"At time 196 in context ctx_04, can u_0475 access res_0054?",0,"No, because res_0054 is not governed by pol_044, which is valid in context",1,1.0,0.8,18741.770500084385,False,tog1,0
oa_3656,"At time 153 in context ctx_01, can u_0094 access res_0092?",0,"To determine if u_0094 can access res_0092 at time 153,",0,0.0,0.8,2819.8323999531567,False,tog1,0
oa_3659,"At time 120 in context ctx_00, can u_0326 access res_0072?",0,"No, because res_0072 is not governed by any of the political entities (pol_043",1,1.0,0.8,19041.740300133824,False,tog1,0
oa_3669,"At time 72 in context ctx_00, can u_0371 access res_0144?",0,"No, because based on the given reasoning chain, res_0144 is not governed by pol_00",1,1.0,0.8,18843.408799963072,False,tog1,0
oa_3671,"At time 139 in context ctx_03, can u_0150 access res_0041?",0,No,1,1.0,0.8,17964.472400024533,False,tog1,0
oa_3674,"At time 89 in context ctx_01, can u_0446 access res_0031?",0,"No, because res_0031 is not governed by any political entity valid in context ctx_01.",1,1.0,0.8,19374.24150016159,False,tog1,0
oa_3691,"At time 162 in context ctx_02, can u_0071 access res_0121?",0,No,1,1.0,0.8,18915.97199998796,False,tog1,0
oa_3699,"At time 168 in context ctx_00, can u_0407 access res_0067?",0,"No, because there is no direct or indirect link between res_0067 and u_0407",1,1.0,0.8,18951.328600058332,False,tog1,0
oa_3710,"At time 64 in context ctx_00, can u_0485 access res_0064?",0,"No, because the only valid political status for accessing res_0064 is pol_002, which",1,1.0,0.8,19113.00060013309,False,tog1,0
oa_3714,"At time 159 in context ctx_07, can u_0142 access res_0119?",0,"No, because the reasoning provided does not indicate any governance or validity of res_0119 under context ctx_",1,1.0,0.8,18909.1471999418,False,tog1,0
oa_3719,"At time 139 in context ctx_03, can u_0204 access res_0026?",0,No,1,1.0,0.8,18551.94819997996,False,tog1,0
oa_3731,"At time 94 in context ctx_06, can u_0418 access res_0018?",0,"No, because there is no direct or indirect link between res_0018 and u_0418",1,1.0,0.8,19168.309400090948,False,tog1,0
oa_3751,"At time 89 in context ctx_01, can u_0269 access res_0048?",0,"No, because res_0048 is not governed by any political entity that is valid in context ctx_0",1,1.0,0.8,18890.144699951634,False,tog1,0
oa_3755,"At time 89 in context ctx_01, can u_0402 access res_0075?",0,"No, because the reasoning does not provide any information about u_0402's governance or access to resources within",1,1.0,0.8,18742.96010006219,False,tog1,0
oa_3757,"At time 95 in context ctx_07, can u_0038 access res_0097?",0,"No, because based on the given reasoning chain, res_0097 is not governed by pol_00",1,1.0,0.8,18270.528399851173,False,tog1,0
oa_3759,"At time 123 in context ctx_03, can u_0322 access res_0169?",0,"No, because res_0169 is not governed by any political entity (pol) that is valid in context",1,1.0,0.8,19267.523700138554,False,tog1,0
oa_3774,"At time 159 in context ctx_07, can u_0228 access res_0114?",0,"No, because res_0114 is governed by pol_027, which is valid in context ctx",1,1.0,0.8,18621.621999889612,False,tog1,0
oa_3788,"At time 95 in context ctx_07, can u_0304 access res_0116?",0,"No, because res_0116 is only governed by pol_009 which is not valid in context",1,1.0,0.8,18346.117499982938,False,tog1,0
oa_3819,"At time 96 in context ctx_00, can u_0174 access res_0068?",0,"No, because based on the given reasoning chain, res_0068 is not governed by any of the political",1,1.0,0.8,19022.583900019526,False,tog1,0
oa_3824,"At time 169 in context ctx_01, can u_0413 access res_0157?",0,"No, because res_0157 is not governed by any of the political entities (pol_006",1,1.0,0.8,18860.813799779862,False,tog1,0
oa_3826,"At time 126 in context ctx_06, can u_0180 access res_0040?",0,"No, because res_0180 is only governed by pol_001 within ctx_06,",1,1.0,0.8,18269.751999992877,False,tog1,0
oa_3827,"At time 106 in context ctx_02, can u_0185 access res_0137?",0,"No, because the reasoning provided does not indicate any governance or access rules for res_0137 by u_",1,1.0,0.8,19318.24510009028,False,tog1,0
oa_3833,"At time 168 in context ctx_00, can u_0126 access res_0043?",0,"No, because res_0043 is governed by pol_043, which is only valid in contexts",1,1.0,0.8,18758.48580012098,False,tog1,0
oa_3852,"At time 75 in context ctx_03, can u_0177 access res_0054?",0,"No, because the reasoning provided does not indicate any direct connection between res_0054 and the contexts or governing",1,1.0,0.8,18781.88809985295,False,tog1,0
oa_3857,"At time 143 in context ctx_07, can u_0254 access res_0183?",0,"No, because based on the given reasoning chain, res_0183 is only governed by pol_00",1,1.0,0.8,18464.378900127485,False,tog1,0
oa_3861,"At time 163 in context ctx_03, can u_0145 access res_0115?",0,"No, u_0145 cannot access res_0115 at time 163 in context",1,1.0,0.8,19008.000900037587,False,tog1,0
oa_3862,"At time 139 in context ctx_03, can u_0045 access res_0170?",0,No,1,1.0,0.8,18275.410800008103,False,tog1,0
oa_3863,"At time 196 in context ctx_04, can u_0393 access res_0171?",0,"No, because res_0171 is only governed by pol_000 which is valid in context ctx",1,1.0,0.8,18757.666599936783,False,tog1,0
oa_3867,"At time 198 in context ctx_06, can u_0413 access res_0027?",0,"No, because res_0127 is only valid in contexts ctx_00 and ctx_04,",1,1.0,0.8,18872.992100194097,False,tog1,0
oa_3872,"At time 184 in context ctx_00, can u_0422 access res_0030?",0,"No, because res_0030 is not governed by any of the political entities (pol_001",1,1.0,0.8,18970.711999805644,False,tog1,0
oa_3877,"At time 75 in context ctx_03, can u_0369 access res_0116?",0,"No, because res_0116 is governed by pol_016, and pol_016",1,1.0,0.8,17934.111800044775,False,tog1,0
oa_3883,"At time 181 in context ctx_05, can u_0160 access res_0121?",0,"No, u_0160 cannot access res_0121 at time 181 in context",1,1.0,0.8,18958.50669988431,False,tog1,0
oa_3896,"At time 76 in context ctx_04, can u_0030 access res_0049?",0,No.,1,1.0,0.8,19830.32549987547,False,tog1,0
oa_3903,"At time 77 in context ctx_05, can u_0026 access res_0096?",0,"No, because there is no information provided about u_0026's governance or access to res_00",1,1.0,0.8,18671.47050006315,False,tog1,0
oa_3904,"At time 149 in context ctx_05, can u_0340 access res_0059?",0,"To determine if u_0340 can access res_0059 at time 149,",0,0.0,0.8,3101.3702999334782,False,tog1,0
oa_3905,"At time 175 in context ctx_07, can u_0470 access res_0158?",0,"No, because based on the given reasoning chain, res_0158 is only governed by pol_00",1,1.0,0.8,18595.703899860382,False,tog1,0
oa_3907,"At time 170 in context ctx_02, can u_0372 access res_0044?",0,No,1,1.0,0.8,18449.36400000006,False,tog1,0
oa_3916,"At time 182 in context ctx_06, can u_0432 access res_0028?",0,"No, because based on the given reasoning chain, res_0028 is not governed by pol_03",1,1.0,0.8,18966.491599800065,False,tog1,0
oa_3924,"At time 79 in context ctx_07, can u_0069 access res_0077?",0,"No, because there is no direct or indirect connection between res_0077 and any of the contexts (ctx",1,1.0,0.8,18314.031299902126,False,tog1,0
oa_3925,"At time 68 in context ctx_04, can u_0248 access res_0124?",0,"No, u_0248 cannot access res_0124 at time 68 in context ctx",1,1.0,0.8,18708.277400117368,False,tog1,0
oa_3941,"At time 178 in context ctx_02, can u_0069 access res_0073?",0,No,1,1.0,0.8,19006.497299997136,False,tog1,0
oa_3943,"At time 186 in context ctx_02, can u_0140 access res_0013?",0,"No, because res_0013 is not governed by any of the political entities (pol_019",1,1.0,0.8,18679.4187000487,False,tog1,0
oa_3950,"At time 108 in context ctx_04, can u_0350 access res_0021?",0,"No, because based on the given reasoning chain, res_0021 is not governed by any of the political",1,1.0,0.8,17861.02330009453,False,tog1,0
oa_3959,"At time 114 in context ctx_02, can u_0226 access res_0132?",0,"No, because res_0132 is only valid in context ctx_02 and it is governed by pol",1,1.0,0.8,19034.00840004906,False,tog1,0
oa_3980,"At time 70 in context ctx_06, can u_0042 access res_0089?",0,"No, because res_0089 is not governed by pol_044, and pol_04",1,1.0,0.8,18831.562200095505,False,tog1,0
oa_3982,"At time 83 in context ctx_03, can u_0031 access res_0051?",0,No,1,1.0,0.8,18419.110300019383,False,tog1,0
oa_3984,"At time 171 in context ctx_03, can u_0106 access res_0070?",0,No,1,1.0,0.8,18760.66630007699,False,tog1,0
oa_3991,"At time 79 in context ctx_07, can u_0030 access res_0150?",0,"No, because there is no information provided about u_0030's governance or access to res_01",1,1.0,0.8,18728.871200000867,False,tog1,0
oa_3996,"At time 196 in context ctx_04, can u_0224 access res_0067?",0,"No, because res_0067 is not governed by any political entity that is valid in context ctx_0",1,1.0,0.8,18502.192199928686,False,tog1,0
oa_4002,"At time 106 in context ctx_02, can u_0242 access res_0105?",0,"No, because res_0105 is only governed by pol_009, which is valid in context",1,1.0,0.8,18443.701199954376,False,tog1,0
oa_4004,"At time 146 in context ctx_02, can u_0103 access res_0004?",0,"No, because res_0014 is governed by pol_019 and pol_019 is",1,1.0,0.8,19613.944899989292,False,tog1,0
oa_4016,"At time 82 in context ctx_02, can u_0176 access res_0078?",0,"No, because res_0078 is governed by pol_047, and pol_047",1,1.0,0.8,18699.368599802256,False,tog1,0
oa_4029,"At time 116 in context ctx_04, can u_0450 access res_0121?",0,No,1,1.0,0.8,18286.896399920806,False,tog1,0
oa_4035,"At time 143 in context ctx_07, can u_0014 access res_0059?",0,"To determine if u_0014 can access res_0059 at time 143,",0,0.0,0.8,2824.917299905792,False,tog1,0
oa_4036,"At time 156 in context ctx_04, can u_0473 access res_0180?",0,"No, u_0473 cannot access res_0180 at time 156 in context",1,1.0,0.8,19067.97520001419,False,tog1,0
oa_4042,"At time 109 in context ctx_05, can u_0430 access res_0141?",0,"Based on the given reasoning chain, res_0141 is governed by pol_016, and pol",0,0.0,0.8,18708.311199909076,False,tog1,0
oa_4043,"At time 171 in context ctx_03, can u_0246 access res_0142?",0,No,1,1.0,0.8,18779.05929996632,False,tog1,0
oa_4050,"At time 153 in context ctx_01, can u_0452 access res_0077?",0,"To determine if u_0452 can access res_0077 at time 153,",0,0.0,0.8,2914.850699948147,False,tog1,0
oa_4051,"At time 186 in context ctx_02, can u_0074 access res_0041?",0,"No, because there is no information provided about u_0074's governance or access to res_00",1,1.0,0.8,18060.562799917534,False,tog1,0
oa_4058,"At time 162 in context ctx_02, can u_0397 access res_0066?",0,No,1,1.0,0.8,19165.162000106648,False,tog1,0
oa_4059,"At time 125 in context ctx_05, can u_0319 access res_0111?",0,"No, because res_0111 is not governed by any policy that is valid in context ctx_05",1,1.0,0.8,18535.426100017503,False,tog1,0
oa_4068,"At time 68 in context ctx_04, can u_0031 access res_0017?",0,"No, u_0031 cannot access res_0017 at time 68 in context ctx",1,1.0,0.8,18892.025499837473,False,tog1,0
oa_4072,"At time 107 in context ctx_03, can u_0118 access res_0119?",0,"No, because there is no direct or indirect link between res_0119 and any of the contexts (ctx",1,1.0,0.8,17895.019700052217,False,tog1,0
oa_4076,"At time 131 in context ctx_03, can u_0115 access res_0098?",0,No,1,1.0,0.8,18935.286700027063,False,tog1,0
oa_4077,"At time 101 in context ctx_05, can u_0406 access res_0009?",0,"No, because res_0009 is not governed by any political entity valid in context ctx_05.",1,1.0,0.8,18339.27039988339,False,tog1,0
oa_4083,"At time 128 in context ctx_00, can u_0499 access res_0013?",0,"No, because none of the political rules (pol_009, pol_016, pol_0",1,1.0,0.8,18762.714199954644,False,tog1,0
oa_4084,"At time 160 in context ctx_00, can u_0059 access res_0142?",0,"No, because res_0142 is only valid in context ctx_02 at time 160",1,1.0,0.8,18634.282800136134,False,tog1,0
oa_4108,"At time 194 in context ctx_02, can u_0346 access res_0069?",0,"No, because based on the given reasoning chain, res_0069 is not governed by pol_00",1,1.0,0.8,18753.674099920318,False,tog1,0
oa_4115,"At time 162 in context ctx_02, can u_0284 access res_0095?",0,"No, because res_0095 is not governed by any political entity valid in context ctx_02.",1,1.0,0.8,18136.39729982242,False,tog1,0
oa_4125,"At time 103 in context ctx_07, can u_0483 access res_0079?",0,"No, because based on the given reasoning chain, res_0079 is not governed by pol_00",1,1.0,0.8,18939.711999846622,False,tog1,0
oa_4134,"At time 154 in context ctx_02, can u_0119 access res_0064?",0,No,1,1.0,0.8,18769.649099791422,False,tog1,0
oa_4136,"At time 106 in context ctx_02, can u_0436 access res_0155?",0,"No, because none of the political rules (pol_009, pol_016, pol_0",1,1.0,0.8,18319.36309998855,False,tog1,0
oa_4152,"At time 118 in context ctx_06, can u_0393 access res_0102?",0,"No, because res_0102 is not governed by pol_043, and pol_04",1,1.0,0.8,18978.39629999362,False,tog1,0
oa_4154,"At time 154 in context ctx_02, can u_0482 access res_0136?",0,No,1,1.0,0.8,18625.433000037447,False,tog1,0
oa_4161,"At time 143 in context ctx_07, can u_0051 access res_0024?",0,"No, u_0051 cannot access res_0024 at time 143 in context",1,1.0,0.8,19120.955900056288,False,tog1,0
oa_4164,"At time 71 in context ctx_07, can u_0359 access res_0100?",0,"No, because based on the given reasoning chain, res_0100 is only governed by pol_00",1,1.0,0.8,18722.446199972183,False,tog1,0
oa_4166,"At time 197 in context ctx_05, can u_0129 access res_0038?",0,"No, because the reasoning chain shows that res_0124 is governed by pol_025, which",1,1.0,0.8,19717.587900115177,False,tog1,0
oa_4188,"At time 177 in context ctx_01, can u_0057 access res_0143?",0,No,1,1.0,0.8,18655.44130001217,False,tog1,0
oa_4231,"At time 142 in context ctx_06, can u_0159 access res_0021?",0,"No, because res_0160 is governed by pol_038 in ctx_06, and",1,1.0,0.8,18381.759599782526,False,tog1,0
oa_4243,"At time 67 in context ctx_03, can u_0468 access res_0075?",0,"No, because there is no direct or indirect link between res_0075 and any of the contexts (ctx",1,1.0,0.8,19079.747800016776,False,tog1,0
oa_4251,"At time 137 in context ctx_01, can u_0320 access res_0070?",0,"To determine if u_0320 can access res_0070 at time 137,",0,0.0,0.8,3046.6334000229836,False,tog1,0
oa_4260,"At time 76 in context ctx_04, can u_0369 access res_0059?",0,"No, because there is no direct or indirect link between res_0059 and any of the contexts (ctx",1,1.0,0.8,18581.357899820432,False,tog1,0
oa_4266,"At time 135 in context ctx_07, can u_0096 access res_0090?",0,"No, because the only contexts where pol_000 is valid are ctx_04, ctx_07",1,1.0,0.8,18666.415400104597,False,tog1,0
oa_4269,"At time 198 in context ctx_06, can u_0214 access res_0180?",0,"No, u_0214 cannot access res_0180 at time 198 in context",1,1.0,0.8,18523.653500014916,False,tog1,0
oa_4274,"At time 163 in context ctx_03, can u_0264 access res_0194?",0,No,1,1.0,0.8,18569.036100059748,False,tog1,0
oa_4284,"At time 64 in context ctx_00, can u_0391 access res_0010?",0,"No, u_0391 cannot access res_0010 at time 64 in context ctx",1,1.0,0.8,19050.08259997703,False,tog1,0
oa_4287,"At time 152 in context ctx_00, can u_0478 access res_0076?",0,"To determine if u_0478 can access res_0076 at time 152,",0,0.0,0.8,2827.573899878189,False,tog1,0
oa_4290,"At time 108 in context ctx_04, can u_0029 access res_0017?",0,"No, u_0029 cannot access res_0017 at time 108 in context",1,1.0,0.8,18845.57930007577,False,tog1,0
oa_4297,"At time 185 in context ctx_01, can u_0202 access res_0096?",0,No,1,1.0,0.8,18645.105300005525,False,tog1,0
oa_4301,"At time 142 in context ctx_06, can u_0269 access res_0105?",0,"No, because res_0105 is not governed by pol_044 and thus cannot be valid in",1,1.0,0.8,18560.415900079533,False,tog1,0
oa_4307,"At time 147 in context ctx_03, can u_0196 access res_0190?",0,"No, based on the given reasoning chain, res_0190 is not governed by any of the political entities",1,1.0,0.8,18844.796000048518,False,tog1,0
oa_4309,"At time 179 in context ctx_03, can u_0108 access res_0043?",0,No,1,1.0,0.8,18753.064499935135,False,tog1,0
oa_4321,"At time 143 in context ctx_07, can u_0006 access res_0046?",0,"No, because based on the given reasoning chain, res_0046 is not governed by pol_00",1,1.0,0.8,18812.99789994955,False,tog1,0
oa_4328,"At time 95 in context ctx_07, can u_0383 access res_0115?",0,"No, u_0383 cannot access res_0115 at time 95 in context ctx",1,1.0,0.8,18977.286600042135,False,tog1,0
oa_4335,"At time 160 in context ctx_00, can u_0126 access res_0008?",0,No.,1,1.0,0.8,18846.386099932715,False,tog1,0
oa_4337,"At time 158 in context ctx_06, can u_0479 access res_0045?",0,"No, because there is no direct or indirect link between res_0045 and any of the contexts (ctx",1,1.0,0.8,17875.764299882576,False,tog1,0
oa_4340,"At time 134 in context ctx_06, can u_0091 access res_0168?",0,"No, because res_0168 is not governed by any of the political entities (pol_009",1,1.0,0.8,19099.228100152686,False,tog1,0
oa_4343,"At time 192 in context ctx_00, can u_0413 access res_0068?",0,No.,1,1.0,0.8,18381.1987999361,False,tog1,0
oa_4362,"At time 125 in context ctx_05, can u_0052 access res_0114?",0,No,1,1.0,0.8,18334.210500121117,False,tog1,0
oa_4368,"At time 166 in context ctx_06, can u_0432 access res_0177?",0,"No, because res_0177 is not governed by any political entity (pol) that is valid in context",1,1.0,0.8,19072.655100142583,False,tog1,0
oa_4376,"At time 143 in context ctx_07, can u_0345 access res_0092?",0,"No, because based on the given reasoning chain, res_0092 is not governed by pol_00",1,1.0,0.8,19087.775399908423,False,tog1,0
oa_4386,"At time 196 in context ctx_04, can u_0268 access res_0012?",0,"No, because res_0012 is not governed by any political entity that is valid in context ctx_0",1,1.0,0.8,18246.225400129333,False,tog1,0
oa_4406,"At time 134 in context ctx_06, can u_0296 access res_0192?",0,"No, because res_0192 is not governed by any of the political entities (pol_009",1,1.0,0.8,18591.162299970165,False,tog1,0
oa_4420,"At time 123 in context ctx_03, can u_0379 access res_0015?",0,"No, u_0379 cannot access res_0015 at time 123 in context",1,1.0,0.8,18624.855699948967,False,tog1,0
oa_4426,"At time 175 in context ctx_07, can u_0084 access res_0055?",0,"No, because based on the given reasoning chain, res_0055 is not governed by pol_00",1,1.0,0.8,18703.2562000677,False,tog1,0
oa_4428,"At time 123 in context ctx_03, can u_0037 access res_0026?",0,"No, because the reasoning provided does not indicate that pol_025 is valid in context ctx_03.",1,1.0,0.8,18578.576399944723,False,tog1,0
oa_4435,"At time 73 in context ctx_01, can u_0078 access res_0098?",0,"No, because res_0098 is not governed by pol_001, and thus cannot be valid",1,1.0,0.8,2982.243800070137,False,tog1,0
oa_4446,"At time 78 in context ctx_06, can u_0101 access res_0134?",0,No,1,1.0,0.8,18436.751399887726,False,tog1,0
oa_4448,"At time 171 in context ctx_03, can u_0072 access res_0058?",0,"No, because there is no information provided about u_0072's governance or access rights to res_0",1,1.0,0.8,18816.42289995216,False,tog1,0
oa_4456,"At time 80 in context ctx_00, can u_0228 access res_0039?",0,"No, because res_0185 is valid in ctx_06 and res_0180 is",1,1.0,0.8,18230.807200074196,False,tog1,0
oa_4459,"At time 119 in context ctx_07, can u_0045 access res_0019?",0,"Yes, at time 119 in context ctx_07, u_0045 can access res",0,0.0,0.8,19335.056000156328,False,tog1,0
oa_4476,"At time 113 in context ctx_01, can u_0183 access res_0132?",0,"No, because res_0132 is only governed by pol_040, which is valid in context",1,1.0,0.8,18672.177999978885,False,tog1,0
oa_4482,"At time 196 in context ctx_04, can u_0290 access res_0009?",0,No,1,1.0,0.8,18656.75379987806,False,tog1,0
oa_4484,"At time 136 in context ctx_00, can u_0259 access res_0058?",0,"To determine if u_0259 can access res_0058 at time 136,",0,0.0,0.8,2965.467300033197,False,tog1,0
oa_4493,"At time 180 in context ctx_04, can u_0126 access res_0110?",0,No,1,1.0,0.8,18347.046700073406,False,tog1,0
oa_4494,"At time 74 in context ctx_02, can u_0392 access res_0038?",0,"No, u_0392 cannot access res_0038 at time 74 in context ctx",1,1.0,0.8,18653.59989996068,False,tog1,0
oa_4495,"At time 154 in context ctx_02, can u_0153 access res_0078?",0,"No, because res_0078 is not governed by any political entity valid in context ctx_02.",1,1.0,0.8,18904.019499896094,False,tog1,0
oa_4498,"At time 103 in context ctx_07, can u_0379 access res_0147?",0,"No, because based on the given reasoning chain, res_0147 is only governed by pol_00",1,1.0,0.8,18567.859000060707,False,tog1,0
oa_4506,"At time 194 in context ctx_02, can u_0431 access res_0060?",0,"No, because none of the political rules (pol*) listed are valid in context ctx_02. The reasoning is",1,1.0,0.8,18307.07719991915,False,tog1,0
oa_4512,"At time 74 in context ctx_02, can u_0421 access res_0186?",0,"No, because res_0186 is not governed by any of the political entities (pol_001",1,1.0,0.8,18747.701699845493,False,tog1,0
oa_4515,"At time 172 in context ctx_04, can u_0449 access res_0045?",0,"To determine if u_0449 can access res_0045 at time 172,",0,0.0,0.8,2918.6675001401454,False,tog1,0
oa_4521,"At time 74 in context ctx_02, can u_0078 access res_0042?",0,"Based on the given reasoning chain, there is no direct link between ctx_02 and the contexts (ctx_0",0,0.1,0.8,18663.863100111485,False,tog1,0
oa_4526,"At time 82 in context ctx_02, can u_0025 access res_0168?",0,"No, because res_0168 is not governed by any political entity (pol) that is valid in context",1,1.0,0.8,17908.290599938482,False,tog1,0
oa_4558,"At time 168 in context ctx_00, can u_0499 access res_0032?",0,"Based on the given reasoning chain, we know that pol_014 governs res_0032 and",0,0.0,0.8,2969.9959999416023,False,tog1,0
oa_4561,"At time 180 in context ctx_04, can u_0287 access res_0003?",0,"No, because the only contexts where res_0012 is valid are ctx_06 and ctx_0",1,1.0,0.8,18462.54949993454,False,tog1,0
oa_4573,"At time 191 in context ctx_07, can u_0276 access res_0008?",0,"No, because based on the given reasoning chain, res_0008 is not governed by any political entity (",1,1.0,0.8,18492.85180005245,False,tog1,0
oa_4574,"At time 142 in context ctx_06, can u_0312 access res_0068?",0,"No, because there is no direct or indirect link between res_0068 and the contexts or political entities that",1,1.0,0.8,18505.542600061744,False,tog1,0
oa_4585,"At time 148 in context ctx_04, can u_0345 access res_0190?",0,No,1,1.0,0.8,18480.396300088614,False,tog1,0
oa_4594,"At time 74 in context ctx_02, can u_0215 access res_0014?",0,"No, because based on the given reasoning chain, res_0014 is not governed by any of the political",1,1.0,0.8,18892.75260013528,False,tog1,0
oa_4599,"At time 181 in context ctx_05, can u_0204 access res_0124?",0,No,1,1.0,0.8,18544.265699805692,False,tog1,0
oa_4605,"At time 190 in context ctx_06, can u_0074 access res_0121?",0,No,1,1.0,0.8,19901.712199905887,False,tog1,0
oa_4617,"At time 71 in context ctx_07, can u_0464 access res_0010?",0,"No, because based on the given reasoning chain, res_0010 is not governed by pol_04",1,1.0,0.8,18957.76790007949,False,tog1,0
oa_4624,"At time 160 in context ctx_00, can u_0463 access res_0077?",0,"No, because the reasoning does not provide any information about u_0463's governance or access to res_",1,1.0,0.8,18703.04729999043,False,tog1,0
oa_4638,"At time 158 in context ctx_06, can u_0461 access res_0093?",0,"No, because res_0093 is not governed by any of the political entities (pol_016",1,1.0,0.8,18036.94439982064,False,tog1,0
oa_4640,"At time 124 in context ctx_04, can u_0344 access res_0028?",0,"No, because res_0028 is not governed by any of the political entities (pol_044",1,1.0,0.8,18442.878700094298,False,tog1,0
oa_4642,"At time 187 in context ctx_03, can u_0201 access res_0181?",0,No,1,1.0,0.8,18907.070899847895,False,tog1,0
oa_4648,"At time 173 in context ctx_05, can u_0295 access res_0012?",0,"No, because based on the given reasoning chain, res_0012 is not governed by any of the political",1,1.0,0.8,18665.33560003154,False,tog1,0
oa_4649,"At time 188 in context ctx_04, can u_0227 access res_0087?",0,"No, based on the given reasoning chain, there is no direct or indirect link that indicates u_0227",1,1.0,0.8,18269.973800051957,False,tog1,0
oa_4654,"At time 165 in context ctx_05, can u_0162 access res_0137?",0,"No, because res_0137 is not governed by pol_016, which is not valid in",1,1.0,0.8,18692.143300082535,False,tog1,0
oa_4656,"At time 153 in context ctx_01, can u_0417 access res_0072?",0,"No, because based on the given reasoning chain, res_0072 is not governed by pol_00",1,1.0,0.8,18486.162200104445,False,tog1,0
oa_4662,"At time 165 in context ctx_05, can u_0346 access res_0035?",0,"No, because the reasoning provided does not indicate any governance or access permissions for res_0035 within context ctx",1,1.0,0.8,18082.996799843386,False,tog1,0
oa_4663,"At time 77 in context ctx_05, can u_0289 access res_0000?",0,"No, u_0289 cannot access res_0017 at time 77 in context ctx",1,1.0,0.8,18899.7638002038,False,tog1,0
oa_4677,"At time 191 in context ctx_07, can u_0180 access res_0045?",0,No,1,1.0,0.8,18650.365500012413,False,tog1,0
oa_4701,"At time 94 in context ctx_06, can u_0185 access res_0164?",0,"No, because res_0185 is only valid in context ctx_06 and not in ctx_0",1,1.0,0.8,18337.9482999444,False,tog1,0
oa_4704,"At time 197 in context ctx_05, can u_0163 access res_0181?",0,"No, because res_0181 is not governed by pol_016, which is not valid in",1,1.0,0.8,18479.70909997821,False,tog1,0
oa_4705,"At time 178 in context ctx_02, can u_0474 access res_0177?",0,"No, because res_0177 is not valid in context ctx_02. Based on the given reasoning",1,1.0,0.8,18377.09360010922,False,tog1,0
oa_4709,"At time 187 in context ctx_03, can u_0364 access res_0109?",0,No,1,1.0,0.8,18408.548000035807,False,tog1,0
oa_4713,"At time 191 in context ctx_07, can u_0241 access res_0011?",0,"No, because based on the given reasoning chain, res_0011 is not governed by any of the political",1,1.0,0.8,18536.896700039506,False,tog1,0
oa_4715,"At time 188 in context ctx_04, can u_0107 access res_0094?",0,No,1,1.0,0.8,19192.759699886665,False,tog1,0
oa_4718,"At time 187 in context ctx_03, can u_0128 access res_0185?",0,"No, u_0128 cannot access res_0185 at time 187 in context",1,1.0,0.8,18433.532000053674,False,tog1,0
oa_4725,"At time 89 in context ctx_01, can u_0250 access res_0064?",0,"No, because res_0064 is not governed by any political entity that is valid in context ctx_0",1,1.0,0.8,18451.38660003431,False,tog1,0
oa_4729,"At time 117 in context ctx_05, can u_0340 access res_0025?",0,"No, because res_0025 is not governed by any of the political entities (pol_005",1,1.0,0.8,18898.33420002833,False,tog1,0
oa_4734,"At time 186 in context ctx_02, can u_0333 access res_0116?",0,"No, because res_0116 is governed by pol_016, and pol_016",1,1.0,0.8,18651.739499997348,False,tog1,0
oa_4743,"At time 130 in context ctx_02, can u_0323 access res_0035?",0,"No, because res_0124 is governed by pol_025, which is valid in context ctx",1,1.0,0.8,18051.92660004832,False,tog1,0
oa_4748,"At time 124 in context ctx_04, can u_0140 access res_0096?",0,"No, because there is no information provided about the relationship between res_0096 and the other entities (pol",1,1.0,0.8,2802.854700013995,False,tog1,0
oa_4754,"At time 185 in context ctx_01, can u_0317 access res_0173?",0,No,1,1.0,0.8,18732.484200038016,False,tog1,0
oa_4756,"At time 196 in context ctx_04, can u_0147 access res_0111?",0,"No, because there is no direct or indirect link between u_0147, res_0111",1,1.0,0.8,18917.53360000439,False,tog1,0
oa_4758,"At time 171 in context ctx_03, can u_0412 access res_0075?",0,No,1,1.0,0.8,18299.332099966705,False,tog1,0
oa_4772,"At time 162 in context ctx_02, can u_0425 access res_0117?",0,No,1,1.0,0.8,18917.590300086886,False,tog1,0
oa_4779,"At time 155 in context ctx_03, can u_0320 access res_0178?",0,"No, because the reasoning chain shows that res_0115 is governed by pol_023, which",1,1.0,0.8,18368.59850003384,False,tog1,0
oa_4781,"At time 80 in context ctx_00, can u_0211 access res_0026?",0,"No, because res_0185 is valid in ctx_06 and res_0180 is",1,1.0,0.8,18249.036900000647,False,tog1,0
oa_4791,"At time 139 in context ctx_03, can u_0043 access res_0063?",0,No,1,1.0,0.8,18966.83369996026,False,tog1,0
oa_4809,"At time 154 in context ctx_02, can u_0107 access res_0198?",0,"No, because res_0198 is not governed by any political entity valid in context ctx_02.",1,1.0,0.8,18537.128400057554,False,tog1,0
oa_4811,"At time 97 in context ctx_01, can u_0217 access res_0163?",0,"No, because based on the given reasoning chain, res_0163 is only governed by pol_00",1,1.0,0.8,18421.147600049153,False,tog1,0
oa_4813,"At time 118 in context ctx_06, can u_0459 access res_0041?",0,"To determine if u_0459 can access res_0041 at time 118,",0,0.0,0.8,2925.042000133544,False,tog1,0
oa_4820,"At time 157 in context ctx_05, can u_0054 access res_0107?",0,"No, because res_0107 is not governed by any political entity valid in context ctx_05.",1,1.0,0.8,18301.50180007331,False,tog1,0
oa_4831,"At time 138 in context ctx_02, can u_0151 access res_0047?",0,"No, because the reasoning provided does not indicate any direct connection between res_0047 and the contexts or governing",1,1.0,0.8,18741.280399961397,False,tog1,0
oa_4840,"At time 196 in context ctx_04, can u_0456 access res_0107?",0,No,1,1.0,0.8,18516.530000139028,False,tog1,0
oa_4849,"At time 156 in context ctx_04, can u_0466 access res_0146?",0,No,1,1.0,0.8,18409.77399982512,False,tog1,0
oa_4853,"At time 100 in context ctx_04, can u_0290 access res_0052?",0,"No, because res_0052 is not governed by pol_042, and pol_04",1,1.0,0.8,18802.49650008045,False,tog1,0
oa_4859,"At time 186 in context ctx_02, can u_0145 access res_0166?",0,"No, because res_0166 is governed by pol_025, which is valid in context ctx",1,1.0,0.8,19727.36470005475,False,tog1,0
oa_4861,"At time 133 in context ctx_05, can u_0093 access res_0132?",0,"No, because res_0132 is not governed by pol_043, and thus does not fall",1,1.0,0.8,10357.2070999071,False,tog1,0
oa_4869,"At time 85 in context ctx_05, can u_0452 access res_0051?",0,"No, u_0452 cannot access res_0051 at time 85 in context ctx",1,1.0,0.8,20765.50199999474,False,tog1,0
oa_4874,"At time 101 in context ctx_05, can u_0122 access res_0032?",0,"No, because res_0032 is not governed by any political entity valid in context ctx_05.",1,1.0,0.8,19710.07449994795,False,tog1,0
oa_4875,"At time 109 in context ctx_05, can u_0123 access res_0051?",0,"No, u_0123 cannot access res_0051 at time 109 in context",1,1.0,0.8,18513.789699878544,False,tog1,0
oa_4884,"At time 141 in context ctx_05, can u_0471 access res_0033?",0,"No, because there is no information provided about res_0033 or its governance within context ctx_05",1,1.0,0.8,18766.82610018179,False,tog1,0
oa_4906,"At time 119 in context ctx_07, can u_0075 access res_0193?",0,"No, because based on the given reasoning chain, res_0193 is only governed by pol_02",1,1.0,0.8,22709.193899994716,False,tog1,0
oa_4907,"At time 76 in context ctx_04, can u_0097 access res_0155?",0,"No, because res_0155 is not governed by any political entity valid in context ctx_04.",1,1.0,0.8,18746.67270015925,False,tog1,0
oa_4911,"At time 198 in context ctx_06, can u_0260 access res_0131?",0,"No, because res_0131 is not governed by any political entity valid in context ctx_06.",1,1.0,0.8,18946.048100013286,False,tog1,0
oa_4919,"At time 147 in context ctx_03, can u_0419 access res_0009?",0,"No, because none of the political rules (pol_009, pol_016, pol_0",1,1.0,0.8,18604.18519983068,False,tog1,0
oa_4930,"At time 93 in context ctx_05, can u_0161 access res_0159?",0,"No, because res_0159 is not governed by pol_009 and pol_016",1,1.0,0.8,18339.860499836504,False,tog1,0
oa_4933,"At time 176 in context ctx_00, can u_0062 access res_0033?",0,No,1,1.0,0.8,18843.044799985364,False,tog1,0
oa_4936,"At time 86 in context ctx_06, can u_0442 access res_0163?",0,No,1,1.0,0.8,18926.806299947202,False,tog1,0
oa_4946,"At time 106 in context ctx_02, can u_0490 access res_0124?",0,"No, because none of the political rules (pol_009, pol_016, pol_0",1,1.0,0.8,18182.804400101304,False,tog1,0
oa_4947,"At time 193 in context ctx_01, can u_0389 access res_0108?",0,"No, because there is no direct or indirect connection between res_0108 and u_0389",1,1.0,0.8,18625.78979996033,False,tog1,0
oa_4952,"At time 112 in context ctx_00, can u_0084 access res_0117?",0,"No, because the reasoning chain shows that res_0117 is governed by pol_001, and",1,1.0,0.8,18893.987599993125,False,tog1,0
oa_4962,"At time 133 in context ctx_05, can u_0379 access res_0066?",0,"No, because res_0066 is not governed by any of the political entities (pol) that are valid",1,1.0,0.8,18506.00910000503,False,tog1,0
oa_4969,"At time 142 in context ctx_06, can u_0130 access res_0132?",0,"No, u_0130 cannot access res_0132 at time 142 in context",1,1.0,0.8,18342.142299981788,False,tog1,0
oa_4972,"At time 135 in context ctx_07, can u_0449 access res_0049?",0,"No, because the reasoning chain provided does not indicate any connection between ctx_07 and the other contexts or entities.",1,1.0,0.8,2723.376100184396,False,tog1,0
oa_4979,"At time 157 in context ctx_05, can u_0350 access res_0148?",0,"No, because there is no information provided about u_0350's governance or access to resources at time",1,1.0,0.8,3338.287399848923,False,tog1,0
