qid,question,gold,prediction,em,f1,confidence,latency_ms,abstained,x_method,x_rank
WebQTest-0,what does jamaican people speak,Jamaican English,Jamaican people primarily speak Jamaican Creole English.,0,0.6486486486486486,0.8,8753.196511999704,False,tog1,0
WebQTest-1,what did james k polk do before he was president,United States Representative,"The given information does not directly state what James K. Polk did before becoming president. However, based on the provided",0,0.11111111111111112,0.8,9739.418769000622,False,tog1,0
WebQTest-3,who plays ken barlow in coronation street,William Roache,The information provided does not specify who plays Ken Barlow in Coronation Street. The chain of reasoning gives details about Ken,0,0.0,0.8,9367.659908995847,False,tog1,0
WebQTest-6,where is jamarcus russell from,Mobile,Louisiana State University,0,0.0,0.8,9403.77914399869,False,tog1,0
WebQTest-7,where was george washington carver from,Diamond,"The information provided does not specify George Washington Carver's place of origin. The chain focuses on places named after him,",0,0.0,0.8,9548.852587999136,False,tog1,0
WebQTest-8,what else did ben franklin invent,Lightning rod,The given chain does not provide information about other inventions by Benjamin Franklin. It mentions his famous kite experiment related to electricity but,0,0.08,0.8,8663.398142001824,False,tog1,0
WebQTest-9,who was richard nixon married to,Pat Nixon,"The information provided does not specify who Richard Nixon was married to; it only discusses his relationship with Spiro Agnew,",0,0.09090909090909091,0.8,6366.991089998919,False,tog1,0
WebQTest-12,who is governor of ohio 2011,John Kasich,The information provided does not contain any details about the Governor of Ohio in 2011. The given chain focuses,0,0.0,0.8,9325.727027004177,False,tog1,0
WebQTest-13,who was vice president after kennedy died,Lyndon B. Johnson,Lyndon B. Johnson was the Vice President after Kennedy died.,0,0.4615384615384615,0.8,9398.200268995424,False,tog1,2
WebQTest-14,where is the fukushima daiichi nuclear plant located,Japan,The Fukushima Daiichi Nuclear Power Plant is located in m.0clv1h_. Based on the geolocation information,0,0.0,0.8,9404.423690997646,False,tog1,0
WebQTest-16,what countries are part of the uk,Wales,"The United Kingdom itself is a country, and it includes dependencies and territories such as Anguilla. However, not all",0,0.0,0.8,9427.396036000573,False,tog1,0
WebQTest-19,what is my timezone in louisiana,Central Time Zone,"To determine your timezone in Louisiana, we need to consider the typical time zones associated with the state. Louisiana spans two time",0,0.14285714285714288,0.8,9301.550441996369,False,tog1,0
WebQTest-20,what did st augustine do,Writer,"St. Augustine influenced thinkers like Johannes Scotus Eriugena and is known for quotes such as ""Pray as",0,0.0,0.8,9475.634553004056,False,tog1,0
WebQTest-21,who is keyshia cole dad,Sal Gibson,The information provided in the reasoning chain does not contain any details about Keyshia Cole's father. The chain focuses on,0,0.08695652173913042,0.8,9533.292630003416,False,tog1,0
WebQTest-22,what kind government does egypt have,Semi-presidential system,"The provided information does not specify the exact type of government Egypt has. To determine the kind of government, we would need",0,0.15384615384615385,0.8,9415.23998699995,False,tog1,0
WebQTest-23,what town was martin luther king assassinated in,Memphis,Memphis,1,1.0,0.8,9450.33583399345,False,tog1,2
WebQTest-24,where did edgar allan poe died,Baltimore,"The information provided does not specify the location where Edgar Allan Poe died. To answer the question accurately, we would need additional",0,0.0,0.8,9559.561975998804,False,tog1,0
WebQTest-26,what to do today in atlanta with kids,Fox Theatre,"Visiting the Georgia Aquarium, exploring the Atlanta Botanical Garden, or enjoying the Georgia Museum of Art could be fun activities",0,0.2608695652173913,0.8,9496.865444001742,False,tog1,0
WebQTest-28,what electorate does anna bligh represent,Electoral district of South Brisbane,"The given information does not specify which electorate Anna Bligh represents. The details provided are about her education, political positions,",0,0.0,0.8,9418.658820999553,False,tog1,0
WebQTest-31,where did andy murray started playing tennis,2005,The information provided does not specify where Andy Murray started playing tennis. It only mentions his nationality (United Kingdom) and some,0,0.0,0.8,9590.96396300447,False,tog1,0
WebQTest-32,what is the australian dollar called,AUD,"The Australian dollar is referred to as ""m.09knr56"" in the OpenCyc ontology,",0,0.0,0.8,9529.028655997536,False,tog1,0
WebQTest-33,what timezone is sweden,Central European Time Zone,Central European Time Zone,1,1.0,0.8,9372.123395005474,False,tog1,0
WebQTest-34,who did cam newton sign with,Carolina Panthers,"Based on the given chain, Cam Newton played for the team associated with ""m.0hpgnsj"", which",0,0.0,0.8,9370.73002300167,False,tog1,0
WebQTest-35,what county is frederick md in,Frederick County,Frederick County is located in Maryland and the population data for Frederick County is sourced from the United States Census Bureau.,0,0.32,0.8,5514.810890999797,False,tog1,0
WebQTest-36,what highschool did harper lee go to,Monroe County High School,"The information provided does not specify which high school Harper Lee attended. Based on the given data, her education is listed as",0,0.15384615384615385,0.8,9563.370617004693,False,tog1,0
WebQTest-37,what timezone is utah in,Mountain Time Zone,"The given information does not provide a direct link to Utah's timezone. To determine Utah's timezone, we would need additional",0,0.0,0.8,9456.730227000662,False,tog1,0
WebQTest-38,who did george w. bush run against for the second term,John Kerry,The given information does not contain any details about George W. Bush or his election for a second term. The provided chain,0,0.0,0.8,9539.71705299773,False,tog1,0
WebQTest-39,who is niall ferguson 's wife,Ayaan Hirsi Ali,"The information provided in the reasoning chain does not contain any details about Niall Ferguson or his wife. Therefore, I",0,0.0,0.8,9355.629477002367,False,tog1,0
WebQTest-41,where is the galapagos islands located on a world map,Ecuador,"The Galapagos Islands are not mentioned in the provided reasoning chain. Based on the information given, the Cocos (",0,0.0,0.8,9611.793852993287,False,tog1,0
WebQTest-42,what are the songs that justin bieber wrote,Somebody to Love,"The given information does not provide specific song titles written by Justin Bieber. To answer this question accurately, we would need additional",0,0.08,0.8,9492.396777997783,False,tog1,0
WebQTest-43,what did george clemenceau do,Physician,The given chain does not provide any information about George Clemenceau or his actions. The chain is primarily about William C,0,0.0,0.8,9366.542545998527,False,tog1,0
WebQTest-44,what is the state flower of arizona,Saguaro,The state flower of Arizona is the Scarlet Carnation.,0,0.0,0.8,9319.030541002576,False,tog1,0
WebQTest-45,where was rihanna born and raised,Saint Michael Parish,The given information does not provide any details about Rihanna's birthplace or where she was raised. The provided facts are related,0,0.0,0.8,9441.828333998274,False,tog1,0
WebQTest-46,what year did president william henry harrison take office,1841-03-04,"The given information does not specify the year William Henry Harrison took office as president. To answer this question, we would need",0,0.0,0.8,9403.583937004441,False,tog1,0
WebQTest-47,where george lopez was born,Mission Hills,The information provided in the reasoning chain does not contain any details about George Lopez's birthplace. The chain focuses on Jennifer,0,0.0,0.8,9492.438877001405,False,tog1,0
WebQTest-48,where are samsung based,Suwon,"The information provided does not specify where Samsung is based. The given chain describes administrative divisions and population data for Mobile County,",0,0.0,0.8,9463.341859998764,False,tog1,0
WebQTest-49,what did the islamic people believe in,Ṭūbā,"The Islamic people believe in the oneness of Allah and the teachings of the Prophet Muhammad. This includes following the Quran,",0,0.22222222222222224,0.8,1449.9835060050827,False,tog1,0
WebQTest-51,who will play mr gray in the film,Jamie Dornan,"The given information does not provide any details about casting for a film. Therefore, it is impossible to determine who will play",0,0.0,0.8,9399.003951999475,False,tog1,0
WebQTest-52,what did george orwell died of,Tuberculosis,The given information does not specify the cause of George Orwell's death. It only provides details about his place of death (,0,0.0,0.8,9407.072581001557,False,tog1,0
WebQTest-54,what country did adolf hitler control,Nazi Germany,Germany,0,0.6666666666666666,0.8,9561.989706999157,False,tog1,0
WebQTest-55,who is michael buble,Actor,The information provided in the reasoning chain does not contain any details about Michael Bublé. The chain focuses on Edward Bur,0,0.0,0.8,9361.460765998345,False,tog1,0
WebQTest-56,what county is kansas city kansas,Wyandotte County,"The information provided does not specify the county of Kansas City, Kansas. To accurately answer this question, additional data about the",0,0.08695652173913042,0.8,9508.629973002826,False,tog1,0
WebQTest-58,who did jackie robinson first play for,UCLA Bruins football,The given information does not provide any details about Jackie Robinson or his first team. The chain of reasoning only contains information about,0,0.0,0.8,9432.044153996685,False,tog1,0
WebQTest-59,when did annie open,1976-08-10,"Annie opened on Broadway on December 7, 1977.",0,0.0,0.8,1455.2674279984785,False,tog1,0
WebQTest-60,where did eleanor roosevelt die,Manhattan,"The given chain does not provide information about where Eleanor Roosevelt died. To answer the question, additional data is required.",0,0.0,0.8,9476.500541997666,False,tog1,0
WebQTest-61,what are the religions practiced in indonesia,Catholicism,"The given chain does not provide specific information about religions practiced in Indonesia. To answer the question, additional data about Indonesian religious",0,0.0,0.8,9297.752614002093,False,tog1,0
WebQTest-62,what was jesse james killed with,Firearm,The given reasoning chain does not contain information about Jesse James or the weapon used to kill him. The chain focuses on William,0,0.0,0.8,9509.569305999321,False,tog1,0
WebQTest-63,who was vp for lincoln,Hannibal Hamlin,The given information does not provide any details about Abraham Lincoln's vice president. The provided chain focuses on Abraham Lincoln's date,0,0.0,0.8,9476.312605998828,False,tog1,0
WebQTest-64,what other books did charles dickens write,A Christmas Carol (Chrysalis Children's Classics Series),"The given reasoning chain does not provide information about other books Charles Dickens wrote. To answer the question, additional data about Charles",0,0.16216216216216214,0.8,9502.839030996256,False,tog1,0
WebQTest-65,who was the first dictator of the soviet union,Vladimir Lenin,The reasoning chain provided does not contain any information about the first dictator of the Soviet Union. The chain focuses on events related,0,0.0,0.8,9475.935627997387,False,tog1,0
WebQTest-66,what is the currency of puerto rico called,United States Dollar,The currency of Puerto Rico is called the United States dollar (USD).,0,0.4,0.8,9541.833563002001,False,tog1,0
WebQTest-67,what kind of cancer did carl wilson have,Lung cancer,The given information does not provide any details about Carl Wilson or his type of cancer. The chain of reasoning only contains information,0,0.08,0.8,9500.92081400362,False,tog1,0
WebQTest-68,who plays the voice of kitt in knight rider,William Daniels,The voice of KITT in Knight Rider is provided by actor William Daniels. He voiced the role for the original series and,0,0.16666666666666669,0.8,1450.143118003325,False,tog1,0
WebQTest-69,what county is brentwood tennessee in,Williamson County,"To determine which county Brentwood, Tennessee is in, let's analyze the given information:",0,0.125,0.8,9378.459537998424,False,tog1,0
WebQTest-71,who did michael j fox marry,Tracy Pollan,The given information does not provide any details about Michael J. Fox's marital status or spouse. The provided chain is about,0,0.0,0.8,9344.124739000108,False,tog1,0
WebQTest-72,what battles did stonewall jackson fight in,Manassas Station Operations,The given chain does not provide information about the battles Stonewall Jackson fought in. It only provides details about his ethnicity,0,0.08,0.8,9417.691180002294,False,tog1,0
WebQTest-73,what language do the maasai tribe speak,Maasai Language,The information provided does not include details about the Maasai tribe's language. The chain focuses on Afroasiatic languages,0,0.1904761904761905,0.8,9331.289722998918,False,tog1,0
WebQTest-74,who did benjamin franklin get married to,Deborah Read,The information provided does not specify who Benjamin Franklin married. The given data mentions his affiliation with a political party (m.,0,0.0,0.8,7391.494698000315,False,tog1,0
WebQTest-75,what disease did patrick swayze died from,Pancreatic cancer,"The question appears to contain an error, as there is no mention of Patrick Swayze in the provided reasoning chain.",0,0.0,0.8,6689.616441995895,False,tog1,0
WebQTest-76,what works of art did leonardo da vinci produce,g.121wt37c,The given information does not provide any details about Leonardo da Vinci's works of art. The chain focuses on the influences and,0,0.27586206896551724,0.8,9424.272215997917,False,tog1,0
WebQTest-77,what capital of austria,Vienna,"The reasoning chain provided does not contain information about the capital of Austria. Based on general knowledge, the capital of Austria is",0,0.0,0.8,9597.118768004293,False,tog1,0
WebQTest-78,what type of cancer did eva peron have,Cervical cancer,The given information does not specify what type of cancer Eva Peron had. The provided chain includes details about ovarian cancer and,0,0.15384615384615385,0.8,9356.113019995973,False,tog1,0
WebQTest-79,what country did buddha come from,Nepal,"Based on the given chain, there is no direct information about the country Gautama Buddha came from. The chain focuses on",0,0.0,0.8,9531.90801099845,False,tog1,0
WebQTest-80,what county is greeley colorado in,Weld County,"The reasoning chain provided does not contain any information about Greeley, Colorado. The given chain is about County Fermanagh",0,0.09523809523809525,0.8,9426.162369003578,False,tog1,0
WebQTest-82,what did peter tchaikovsky do,Musician,The information provided does not mention Peter Tchaikovsky. The text is about Igor Stravinsky attending a dinner party,0,0.0,0.8,9378.245466003136,False,tog1,0
WebQTest-83,which countries speak german officially,Belgium,"Germany and Canada. Based on the given reasoning chain, the countries that speak German officially are Germany and Canada. The chain",0,0.17391304347826084,0.8,9509.796814993024,False,tog1,0
WebQTest-84,what type of music did john lennon sing,Rock music,"The given information does not specify the type of music John Lennon sang. To answer this question, we would need additional data",0,0.08333333333333334,0.8,9499.21777399868,False,tog1,0
WebQTest-85,who are the colorado representatives,Mark Udall,"Based on the given information, the Colorado representatives are CRHOME and B'nai B'rith District Grand Lodge 2",0,0.0,0.8,9354.810740995163,False,tog1,0
WebQTest-86,which country does greenland belong to,Denmark,"Greenland does not belong to any of the countries mentioned in the reasoning chain (Finland, Denmark, or Sweden). Greenland",0,0.1,0.8,9549.974543995631,False,tog1,2
WebQTest-87,what the zip code for seattle washington,98185,"The chain of information provided does not directly contain the specific zip code for Seattle, Washington. To find the zip code for",0,0.0,0.8,9370.734647003701,False,tog1,0
WebQTest-88,who is willow smith mom name,Jada Pinkett Smith,The given information does not provide any details about Willow Smith's mother's name. The provided chain of facts is about Tay,0,0.07692307692307691,0.8,8984.592454995436,False,tog1,0
WebQTest-89,what do you call the chinese writing system,Simplified Chinese character,"The Chinese writing system is called Chinese characters or Hanzi. However, based on the given reasoning chain, there's no",0,0.2608695652173913,0.8,9321.112215999165,False,tog1,0
WebQTest-90,who played on the jeffersons,Damon Evans,"The reasoning chain provided does not contain any information about who played in the TV show ""The Jeffersons."" The chain focuses",0,0.0,0.8,9532.332016999135,False,tog1,0
WebQTest-91,what is the name of the san francisco newspaper,Synapse,"The given information does not provide the name of the San Francisco newspaper. To answer this question, we would need additional data",0,0.34883720930232553,0.8,9362.645291999797,False,tog1,0
WebQTest-93,what continent does armenia belong to,Europe,Asia,0,0.0,0.8,9373.393429996213,False,tog1,0
WebQTest-94,what did randy savage died of,heart attack,The information provided in the reasoning chain does not contain any details about Randy Savage or the cause of his death. The chain,0,0.0,0.8,9404.595009997138,False,tog1,0
WebQTest-95,what was the title of the book charles darwin wrote,On evolution,The given chain does not provide information about Charles Darwin or any books he wrote. The chain is about the fictional character Professor,0,0.3191489361702128,0.8,6089.607273999718,False,tog1,0
WebQTest-96,where did richard nixon die,New York City,"Based on the given chain, Richard Nixon was interred at the Richard Nixon Library & Birthplace, so he died there",0,0.0,0.8,9554.494541000167,False,tog1,0
WebQTest-97,what songs does smokey robinson sing,Just to See Her,The given information does not provide any details about Smokey Robinson's songs. The provided data is about Gerald Robinson's,0,0.3225806451612903,0.8,9327.853923001385,False,tog1,0
WebQTest-98,who was vice president when jfk was president,Lyndon B. Johnson,Lyndon B. Johnson was the Vice President when JFK was President.,0,0.42857142857142855,0.8,9495.364259004418,False,tog1,2
WebQTest-99,what is serbian language called,Serbian language,"The question does not match the provided reasoning chain, which discusses the Polish language and its relation to Poland and Canada. There",0,0.08333333333333334,0.8,9443.547627000953,False,tog1,0
WebQTest-100,what language is spoken in haiti today,Haitian Creole,"Haitian Creole and French are spoken in Haiti today. Haitian Creole is the primary language, while French is",0,0.3636363636363636,0.8,9555.680457997369,False,tog1,0
WebQTest-102,who played barbara gordon batgirl,Melinda McGraw,The given information does not provide any details about Barbara Gordon or Batgirl. The reasoning chain focuses on Rebecca Levy as a,0,0.0,0.8,9352.673030000005,False,tog1,0
WebQTest-103,what basketball teams has shaq played for,Miami Heat,The given reasoning chain does not provide information about which basketball teams Shaquille O'Neal (Shaq) played for,0,0.08695652173913045,0.8,9604.047829998308,False,tog1,0
WebQTest-104,where is jay leno from,New Rochelle,Jay Leno is from the United States of America. His place of birth and country of nationality are both associated with the,0,0.0,0.8,9366.015492996667,False,tog1,0
WebQTest-105,what language do people from thailand speak,Mon Language,"The given chain does not provide information about the languages spoken in Thailand. To answer the question, we would need data related",0,0.0,0.8,9305.369702000462,False,tog1,0
WebQTest-106,who did armie hammer play in the social network,Cameron Winklevoss,Frederick Hammersley did not participate in the events of The Social Network or have any known connection to that film. The,0,0.0,0.8,6079.90493500256,False,tog1,0
WebQTest-107,what was thomas jefferson role in the declaration of independence,Lawyer,Thomas Jefferson was the primary author of the Declaration of Independence. The provided reasoning chain does not directly address his role in the,0,0.08333333333333333,0.8,9400.44646000024,False,tog1,0
WebQTest-108,what was the book written by charles darwin,On evolution,The book was not written by Charles Darwin. It was written by Edgar Allan Poe in 1838 with the,0,0.3116883116883116,0.8,9453.55185399967,False,tog1,0
WebQTest-109,who did tim tebow play college football for,Florida Gators football,"The given information does not provide Tim Tebow's college football team. To answer the question, we would need additional data",0,0.08333333333333333,0.8,2513.7278149995836,False,tog1,0
WebQTest-110,who does peyton manning play football for,Denver Broncos,"To answer the question ""Who does Peyton Manning play football for?"", we need to follow the information provided in the reasoning chain",0,0.0,0.8,6244.373588997405,False,tog1,0
WebQTest-111,where is the carpathian mountain range located,Europe,"The Carpathian mountain range is located in a location that has published information and falls under the topic category. However,",0,0.0,0.8,9369.047291002062,False,tog1,0
WebQTest-112,what was robert burns,Bard,The given chain does not provide information about Robert Burns. It contains information about Ambrose Burnside and the United States of,0,0.0,0.8,9370.212257003004,False,tog1,0
WebQTest-114,who did the voice of darth vader in episode 3,Hayden Christensen,The information provided does not contain any details about the voice actor for Darth Vader in Episode 3 of Star Wars. The,0,0.0,0.8,9273.952477997227,False,tog1,0
WebQTest-115,what super bowl did peyton manning win,Super Bowl XLI,"The reasoning chain provided does not contain any information about Peyton Manning or Super Bowls. Therefore, based on the given information",0,0.08333333333333333,0.8,6939.709637001215,False,tog1,0
WebQTest-116,which country was justin bieber born in,Canada,To determine Justin Bieber's birth country from the given information:,0,0.0,0.8,9496.12435799645,False,tog1,0
WebQTest-118,who fought in the gulf war 1991,France,"The United Kingdom fought in the Gulf War in 1991, based on the given information.",0,0.23529411764705882,0.8,9491.947950002213,False,tog1,0
WebQTest-119,who plays london tipton in suite life on deck,Brenda Song,"The information provided does not contain any details about London Tipton from ""The Suite Life on Deck."" The given chain",0,0.0,0.8,5810.588077001739,False,tog1,0
WebQTest-121,what team did david beckham play for in 2011,LA Galaxy,The provided reasoning chain does not contain information about which team David Beckham played for in 2011. To answer,0,0.0,0.8,9421.368452000024,False,tog1,0
WebQTest-122,where did francisco coronado come from,Salamanca,The information provided does not contain any details about Francisco Coronado. It only mentions Luis B. Carranco and his nationality,0,0.0,0.8,9120.592384999327,False,tog1,0
WebQTest-123,what all does google now do,Google Glass,"Google's activities and services span a wide range of areas including search engines, online advertising, cloud computing, Android operating system",0,0.15384615384615385,0.8,5398.473035005736,False,tog1,0
WebQTest-124,what language does egyptian people speak,Modern Standard Arabic,"The primary language spoken by Egyptian people is Modern Standard Arabic, which is used in formal settings and education. However, the",0,0.25,0.8,9432.678404002218,False,tog1,0
WebQTest-125,what are abraham sons names,Midian,The provided reasoning chain does not contain any information about Abraham Lincoln's sons. It only provides details about his date of death,0,0.0,0.8,9456.037102994742,False,tog1,0
WebQTest-126,who wrote the jana gana mana,Ram Singh Thakur,"The information provided does not specify who wrote ""Jana Gana Mana."" Lili Haydn is mentioned as an American",0,0.0,0.8,9360.244728995895,False,tog1,0
WebQTest-127,what type of cancer did gilda radner die of,Ovarian cancer,The given information does not contain any details about Gilda Radner's cause of death or the type of cancer she died,0,0.08333333333333334,0.8,9430.677382995782,False,tog1,0
WebQTest-128,who plays juni cortez,Daryl Sabara,The given information does not provide any details about who plays Juni Cortez. The provided chain of facts is about Sarah Jar,0,0.0,0.8,9355.11764200055,False,tog1,0
WebQTest-129,what was lucille ball,Actor,"Based on the given information, Lucille Ball is not directly mentioned or described. The provided chain focuses on Jackie, Eth",0,0.0,0.8,9294.117092998931,False,tog1,0
WebQTest-131,who inspired obama,Nipsey Russell,"Based on the given information, it is not directly stated who inspired Barack Obama. The provided chain mentions books he has written",0,0.0,0.8,9636.415230001148,False,tog1,0
WebQTest-132,who is michael j fox wife,Tracy Pollan,The given information does not provide any details about Michael J. Fox's wife. The provided chain of facts is about William,0,0.0,0.8,9349.35681499337,False,tog1,0
WebQTest-133,where did dolly parton grow up,Sevierville,The information provided does not specify where Dolly Parton grew up. It only gives details about her ethnicity (Scotch,0,0.0,0.8,9471.023203994264,False,tog1,0
WebQTest-134,what type of books did agatha christie wrote,Writer,"Based on the given information, Agatha Christie is a Poet and a Writer. However, the specific types of books",0,0.1,0.8,9414.851481000369,False,tog1,4
WebQTest-138,what are the four main languages spoken in spain,Catalan language,The given chain does not provide information about the four main languages spoken in Spain. The chain focuses on the Spanish language and,0,0.16,0.8,9540.49932199996,False,tog1,0
WebQTest-139,where is the nra headquarters located,Fairfax,"The information provided in the reasoning chain does not specify the location of the NRA's headquarters. To answer the question, additional",0,0.0,0.8,9236.614927001938,False,tog1,0
WebQTest-141,who is gimli 's father in the hobbit,Gloin,The reasoning chain provided does not contain any information about Gimli's father in The Hobbit. The chain focuses on various,0,0.0,0.8,9387.38593400194,False,tog1,0
WebQTest-142,who developed the tcp ip reference model,Vint Cerf,The TCP/IP reference model was developed by Vint Cerf and Bob Kahn in the 1970s.,0,0.2222222222222222,0.8,1450.8940070008975,False,tog1,0
WebQTest-145,what college did albert einstein go to,ETH Zurich,The information provided in the reasoning chain does not include any details about the college that Albert Einstein attended. To answer the question,0,0.0,0.8,9553.231166995829,False,tog1,0
WebQTest-146,what team does jordan own,Jordan national football team,"Based on the given information, Jordan participated in the 2008 Summer Olympics, but there is no indication that",0,0.0909090909090909,0.8,9178.825943999982,False,tog1,0
WebQTest-147,who is the state governor of tennessee,William Haslam,James K. Polk,0,0.0,0.8,9566.788813994208,False,tog1,0
WebQTest-149,what do portuguese people speak,Portuguese Language,"The reasoning chain indicates that in Brazil, where many Portuguese people live, the official language is Portuguese. Therefore, Portuguese people",0,0.33333333333333337,0.8,9301.745206001215,False,tog1,5
WebQTest-150,what language does cuba speak,Haitian Creole,The language spoken in Cuba is Spanish.,0,0.4444444444444445,0.8,9576.88498999778,False,tog1,0
WebQTest-153,what are the sights to see in madrid,Madrid Arena,The chain of information provided does not directly address specific sights to see in Madrid. To answer the question about sights to see,0,0.14814814814814817,0.8,9523.03893899807,False,tog1,0
WebQTest-154,what instruments did louis armstrong play,Cornet,"The information provided does not contain any details about Louis Armstrong or his musical instruments. The given chain is about John Armstrong,",0,0.0,0.8,9506.432661997678,False,tog1,0
WebQTest-155,what year was george w bush elected,2000-11-07,The information provided does not contain any details about George W. Bush's election year. The chain focuses on George W.,0,0.0,0.8,9512.711966999632,False,tog1,0
WebQTest-156,what time zone am i in california,Pacific Time Zone,Pacific Time Zone,1,1.0,0.8,9194.293767999625,False,tog1,0
WebQTest-157,where is mission san buenaventura located,Ventura County,The information provided does not specify the location of Mission San Buenaventura. The given chain focuses on San Francisco and,0,0.0,0.8,9369.24376499519,False,tog1,0
WebQTest-159,what time in hilo hawaii,Hawaii-Aleutian Time Zone,"To determine the time in Hilo, Hawaii, we need to focus on the relevant information provided:",0,0.2,0.8,9460.977114998968,False,tog1,0
WebQTest-160,where did rudolf virchow conduct his research,Humboldt University of Berlin,The given information does not provide any details about Rudolf Virchow or his research locations. The chain of reasoning only,0,0.08695652173913045,0.8,9576.914477001992,False,tog1,0
WebQTest-161,what university did gordon brown attend,University of Edinburgh,The information provided in the reasoning chain does not contain any details about Gordon Brown's education or the universities he attended. The,0,0.0,0.8,9423.574841996015,False,tog1,0
WebQTest-162,what countries does greece share borders with,Albania,The information provided in the reasoning chain does not contain any data about the countries that Greece shares borders with. It only provides,0,0.0,0.8,9515.05468400137,False,tog1,0
WebQTest-163,what year did the seahawks win the superbowl,Super Bowl XLVIII,The provided chain does not contain any information about the Seattle Seahawks winning the Super Bowl or any related details. The chain is,0,0.15384615384615383,0.8,5319.7193759988295,False,tog1,0
WebQTest-164,what did stephen hawking become famous for,Cosmologist,The given reasoning chain does not contain any information about Stephen Hawking or his fame. The chain is about Stephen King and,0,0.0,0.8,9521.915342003922,False,tog1,0
WebQTest-165,who plays donna noble,Catherine Tate,The information provided in the reasoning chain does not contain any details about Donna Noble or her actor. The chain is about Donna,0,0.0,0.8,9436.203876997752,False,tog1,0
WebQTest-166,what was dr seuss education,"Lincoln College, Oxford",The information provided in the reasoning chain does not contain any details about Dr. Seuss's education. The chain is focused,0,0.0,0.8,6304.787453002064,False,tog1,0
WebQTest-167,where did queensland get its name from,Queen Victoria,The given information does not provide the origin of Queensland's name.,0,0.0,0.8,9508.45143100014,False,tog1,0
WebQTest-168,what document did james madison write,"The Papers of James Madison, Secretary of State Series, Vol. 2","The given information does not specify which document James Madison wrote. Based on the provided chain, we know that James Madison was",0,0.3529411764705882,0.8,9405.56437500345,False,tog1,0
WebQTest-169,what are the three official languages of belgium,Dutch Language,"Flemish, French, and German are the three official languages of Belgium.",0,0.16666666666666669,0.8,9496.971205997397,False,tog1,0
WebQTest-170,who played bilbo in lord of the rings,Norman Bird,"The information provided does not contain any details about who played Bilbo Baggins in ""The Lord of the Rings""",0,0.0,0.8,9549.294962998829,False,tog1,0
WebQTest-171,what airport do you fly into to get to destin fl,Destin–Fort Walton Beach Airport,"To determine the specific airport in Destin, FL, we would need additional information or data not provided in the given reasoning",0,0.16666666666666666,0.8,9246.470131998649,False,tog1,0
WebQTest-172,what do you call members of the senate,Senator,Members of the Senate are called United States Senators.,0,0.46153846153846156,0.8,9386.737496999558,False,tog1,0
WebQTest-173,what countries are part of the baltic,Latvia,"Based on the given information, Russia is partially contained by and contains parts of the Euroregion Baltic, which indicates Russia is",0,0.0,0.8,9515.878268997767,False,tog1,0
WebQTest-174,what team does colin kaepernick play for,San Francisco 49ers,"The given information does not contain any data related to Colin Kaepernick or his current team. Therefore, it's impossible to answer",0,0.0,0.8,9454.526695000823,False,tog1,0
WebQTest-175,where did joe flacco attend college,University of Delaware,"The information provided does not specify that Joe Flacco attended John F. Kennedy College or any other college. Therefore, based",0,0.0,0.8,9409.570182004245,False,tog1,0
WebQTest-176,who is emma stone father,Jeff Stone,The given information does not provide the name of Emma Stone's father. It only mentions that Emma Kennedy's parents are Rex,0,0.08,0.8,9400.399079000636,False,tog1,0
WebQTest-177,where was theodore roosevelt buried,Youngs Memorial Cemetery,"Theodore Roosevelt's burial information is not directly provided in the given chain. Based on the available information, we can only determine",0,0.0,0.8,9460.373843001435,False,tog1,0
WebQTest-178,who was the leader of the us during wwii,Franklin D. Roosevelt,Franklin D. Roosevelt was the President of the United States during World War II.,0,0.35294117647058826,0.8,9549.844353998196,False,tog1,0
WebQTest-179,what artistic movement did henri matisse belong to,Neo-impressionism,The given chain does not provide information about Henri Matisse or the artistic movements he belonged to. The chain focuses on,0,0.0,0.8,9481.761144998018,False,tog1,0
WebQTest-180,where the missouri river ends,Mississippi River,The reasoning chain provided does not contain information about the Missouri River or its endpoint. The chain focuses on administrative divisions and time,0,0.08,0.8,9527.57325499988,False,tog1,0
WebQTest-181,what type of currency do they use in thailand,Thai baht,"To determine the type of currency used in Thailand, we need to follow the given reasoning chain:",0,0.0,0.8,9392.231649995665,False,tog1,0
WebQTest-182,who is khloe kardashian 's husband,Lamar Odom,The information provided in the reasoning chain does not contain any details about Khloe Kardashian or her husband. The chain is about,0,0.0,0.8,9405.069879998337,False,tog1,0
WebQTest-184,what state does romney live in,Massachusetts,The given information does not specify which state George W. Romney lives in.,0,0.0,0.8,9534.906173001218,False,tog1,0
WebQTest-185,what type of government does france use,Semi-presidential system,"The French Third Republic had a republican form of government. However, based on the given chain, France (in general)",0,0.09523809523809525,0.8,9322.371066002233,False,tog1,0
WebQTest-186,who rules denmark right now,Helle Thorning-Schmidt,"The current ruler of Denmark is King Frederik IX, represented by his son, King Christian X. However, it's",0,0.17391304347826086,0.8,9442.025117001322,False,tog1,0
WebQTest-187,what did stephen hawking study,Physics,The given chain does not contain any information about Stephen Hawking or his studies. The chain is about Edgar Allan Poe and,0,0.0,0.8,9597.825371005456,False,tog1,0
WebQTest-188,where did bristol palin go to school,West Anchorage High School,"The information provided does not specify Bristol Palin's school. The given details are about Riverdale Country School, which is a",0,0.14814814814814814,0.8,5317.501331002859,False,tog1,0
WebQTest-189,what region of the world is egypt associated with,Middle East,Africa,0,0.0,0.8,7072.589592004078,False,tog1,0
WebQTest-190,what did dr. seuss do,Visual Artist,The given chain does not provide any information about Dr. Seuss or his actions. The chain focuses on Josiah and,0,0.0,0.8,9555.220280002686,False,tog1,0
WebQTest-191,where did drew brees go to college wikianswers,Stanford Graduate School of Business,"The information provided in the reasoning chain does not contain any details about Drew Brees or his college education. Therefore, I",0,0.0,0.8,9476.588193996577,False,tog1,0
WebQTest-193,what school did ben roethlisberger go to,Miami University,The information provided in the reasoning chain does not contain any details about Ben Roethlisberger or his educational background. Therefore,0,0.0,0.8,9378.341656003613,False,tog1,0
WebQTest-194,where did the iroquois indians come from,Québec,"The Iroquois Indians, part of the Indigenous peoples of the Northeastern Woodlands, came from regions in northeastern",0,0.0,0.8,9329.931514999771,False,tog1,0
WebQTest-195,what kind of guitar did george harrison use,Rickenbacker 360/12,The given information does not provide any details about George Harrison or his guitar usage. The provided chain focuses on William Henry Harrison,0,0.0,0.8,9389.544543999364,False,tog1,0
WebQTest-196,what language do navajo people speak,Navajo Language,"The reasoning chain provided does not contain any information about the Navajo people or their language. Therefore, based on the given",0,0.17391304347826084,0.8,9386.368288003723,False,tog1,0
WebQTest-197,what places make up new england,New Hampshire,The places that make up New England include Connecticut and other regions that are part of the New England area. Based on the,0,0.14814814814814817,0.8,9412.434493999172,False,tog1,0
WebQTest-199,what type of government does iraq have now,Parliamentary system,"The information provided does not specify Iraq's current form of government. To answer this question accurately, we would need additional data",0,0.0,0.8,9430.464730001404,False,tog1,0
WebQTest-200,where was the vietnam war location,Vietnam,"The Vietnam War took place in Vietnam. Based on the provided reasoning chain, Vietnam is identified as the location for both the",0,0.24000000000000002,0.8,9383.666710004036,False,tog1,0
WebQTest-201,who did gerald ford select as his vice president when he became president,Nelson Rockefeller,"The reasoning chain provided does not contain information about Gerald Ford selecting a vice president. Instead, it states that Gerald Ford succeeded",0,0.0,0.8,9620.192499998666,False,tog1,0
WebQTest-202,what is the currency used in italy,Euro,"The reasoning chain provided does not directly state the currency used in Italy. However, based on general knowledge, the currency used",0,0.0,0.8,9288.801299000625,False,tog1,0
WebQTest-204,what is the capital of modern egypt,Cairo,The reasoning chain provided does not contain information about the capital of modern Egypt. To answer the question directly:,0,0.0,0.8,9604.66511699633,False,tog1,0
WebQTest-205,what school did sir ernest rutherford go to,University of Cambridge,The given information does not provide any details about the schools Sir Ernest Rutherford attended. The provided chain focuses on Ernest Wilson,0,0.0,0.8,9353.847671998665,False,tog1,0
WebQTest-206,what position does brandon roy play,Small forward,The given chain does not provide any information about Brandon Roy or his positions. The chain is about Roy LeCraw and,0,0.0,0.8,9369.2258939991,False,tog1,0
WebQTest-207,where is harvard university,United States of America,Harvard University is located in Cambridge.,0,0.2857142857142857,0.8,9383.0561950017,False,tog1,5
WebQTest-209,where is laos in world map,Southeast Asia,"Laos is not mentioned in the given reasoning chain and the information provided is about Asia, Japan, and time zones. To",0,0.08695652173913042,0.8,9467.287282001053,False,tog1,0
WebQTest-210,where is tyrese gibson from,Watts,"The information provided does not specify Tyrese Gibson's country of nationality directly. However, based on the given chain, we",0,0.0,0.8,9445.0923100012,False,tog1,0
WebQTest-211,what countries are near italy,Slovenia,The information provided does not include any details about countries near Italy. The given chain focuses on Italy's involvement with the Triple,0,0.0,0.8,9513.018802004808,False,tog1,0
WebQTest-212,which states does the colorado river run through,Arizona,The given information does not provide details about which states the Colorado River runs through. The provided chain focuses on time zones and,0,0.08333333333333333,0.8,9476.536413996655,False,tog1,0
WebQTest-213,who did scarlett johansson date,Patrick Wilson,The given information does not provide any details about Scarlett Johansson's dating history. The reasoning chain is about Ingemar,0,0.0,0.8,9355.557012000645,False,tog1,0
WebQTest-214,which continents were part of the roman empire,Europe,"The given information does not directly state which continents were part of the Roman Empire. However, based on historical knowledge, the",0,0.0,0.8,9385.380104999058,False,tog1,0
WebQTest-215,where was elvis costello born,Paddington,"The question appears to contain a discrepancy, as Elvis Costello is not mentioned in the provided reasoning chain. However, based",0,0.0,0.8,8899.505415996828,False,tog1,0
WebQTest-216,where are the gobi desert located on a map,Mongolia,"The Gobi Desert is not directly addressed in the provided reasoning chain. However, based on typical geographical knowledge, the G",0,0.0,0.8,9266.15147600387,False,tog1,0
WebQTest-217,what type of government does the us follow,Presidential system,The United States follows a federal government system.,0,0.2,0.8,9430.655609001406,False,tog1,0
WebQTest-218,in which continent is germany,Europe,Europe,1,1.0,0.8,9452.960855000129,False,tog1,0
WebQTest-220,what language turkey people speak,Ladino Language,The primary language spoken in Turkey is Turkish.,0,0.4,0.8,9570.294610006385,False,tog1,0
WebQTest-221,who does jeremy lin play for,Los Angeles Lakers,"The information provided in the reasoning chain does not contain any details about Jeremy Lin or his professional affiliations. Therefore, it",0,0.0,0.8,9368.535109999357,False,tog1,0
WebQTest-222,where is the seychelles on world map,Africa,"The Seychelles is an archipelago in the Indian Ocean, east of Madagascar.",0,0.0,0.8,9565.74205999641,False,tog1,0
WebQTest-224,where did william morris go to college,"Exeter College, Oxford","The information provided does not contain any details about William Morris or his college education. Therefore, it's not possible to determine",0,0.08,0.8,9460.901033999107,False,tog1,0
WebQTest-225,what state is mount st. helens in,Washington,The given chain does not contain information about Mount St. Helens or its state. The chain focuses on the Saint Elias,0,0.0,0.8,5763.14819700201,False,tog1,0
WebQTest-226,who is jimmy savile,Disc jockey,The given reasoning chain does not contain any information about Jimmy Savile. The chain is about Jimmy Wales and the United,0,0.0,0.8,9454.63503600331,False,tog1,0
WebQTest-227,where were the seneca indians located,New York,The reasoning chain does not provide information about Seneca Indians. There is no connection between Seneca the Younger and any,0,0.0,0.8,9450.883124998654,False,tog1,0
WebQTest-231,when did florida marlins join mlb,1994 Major League Baseball Season,The given information does not provide any details about the Florida Marlins joining MLB. The chain focuses on the Atlanta Braves and Atlanta,0,0.0,0.8,9475.232513002993,False,tog1,0
WebQTest-232,what countries have spanish as the national language,Equatorial Guinea,"Based on the given reasoning chain, Spanish is an official language in the United States of America (specifically Puerto Rico),",0,0.33333333333333337,0.8,9538.986369996564,False,tog1,0
WebQTest-233,what to see in phoenix arizona,Pueblo Grande Ruin,"The given chain does not provide specific information about what to see in Phoenix, Arizona. To answer the question accurately, we",0,0.08333333333333333,0.8,9446.283037003013,False,tog1,0
WebQTest-234,what countries does the panama canal go through,Panama,The Panama Canal goes through Panama.,0,0.5,0.8,9545.1491529966,False,tog1,0
WebQTest-235,what is charlie chaplin famous for,Actor,The given chain does not provide information about Charlie Chaplin or his fame. The chain focuses on Harold and Hannah Nixon and,0,0.0,0.8,9520.926750003127,False,tog1,0
WebQTest-237,what did fred durst do,Actor,"Fred Durst is an American musician, rapper, and record producer. He is best known as the lead singer of the",0,0.09523809523809523,0.8,1455.0260259929928,False,tog1,0
WebQTest-239,where do american bulldogs originate from,United States of America,American Bulldogs originated from the United States.,0,0.36363636363636365,0.8,9518.539074000728,False,tog1,0
WebQTest-240,what colleges did albert einstein teach at,ETH Zurich,The information provided in the reasoning chain does not include any details about the colleges or universities where Albert Einstein taught. To answer,0,0.07407407407407408,0.8,9531.698790997325,False,tog1,0
WebQTest-241,who plays the voice of brian on family guy,Seth MacFarlane,The given information does not provide any details about the voice actor for Brian on Family Guy. The chain of reasoning is about,0,0.0,0.8,9445.076001997222,False,tog1,0
WebQTest-243,where did george w bush live as a child,New Haven,The information provided does not contain any details about George W. Bush's childhood residence. The given facts are about Prescott Bush,0,0.0,0.8,9475.458328997775,False,tog1,0
WebQTest-245,what year was the first miss america pageant held,1921-09,"The given chain does not provide information about the first Miss America pageant year. The chain is about Miss Marple,",0,0.0,0.8,5970.002788002603,False,tog1,0
WebQTest-246,what was nikola tesla inventions,Wireless telegraphy,"Nikola Tesla's notable inventions include alternating current (AC) systems, induction motors, and wireless technology.",0,0.23529411764705882,0.8,9590.585425001336,False,tog1,0
WebQTest-247,where did flemish people come from,France,"The given information does not directly address the origin of Flemish people. However, based on the context provided, we can",0,0.08333333333333334,0.8,9494.107751001138,False,tog1,4
WebQTest-248,what state new york city belong to,New York,"The given information does not specify which state New York City belongs to. Based on the provided data, New York City is",0,0.3076923076923077,0.8,9533.103626999946,False,tog1,0
WebQTest-249,what was the cause of death for bruce lee,Cerebral edema,The given information does not specify the cause of death for Bruce Lee. It only mentions that his date of death is reviewed,0,0.0,0.8,9250.887547001184,False,tog1,0
WebQTest-250,what type of government does usa follow,Presidential system,The USA follows a federal government system.,0,0.22222222222222224,0.8,9424.816168997495,False,tog1,0
WebQTest-251,what type of currency do they use in england,Pound sterling,"To determine the type of currency used in England, we need to follow the given reasoning chain:",0,0.0,0.8,9301.759207999567,False,tog1,0
WebQTest-252,where was benjamin franklin educated,Boston Latin School,The information provided does not include details about Benjamin Franklin's education.,0,0.0,0.8,9554.39596799988,False,tog1,0
WebQTest-253,what countries included in the uk,Wales,"The United Kingdom itself is included, along with its dependencies and territories such as Anguilla. However, not all countries",0,0.0,0.8,9499.619755006279,False,tog1,0
WebQTest-254,what countries in the world speak chinese,Vietnam,"Based on the given information, we can't definitively state which countries speak Chinese. The provided chain only mentions that """,0,0.0,0.8,9296.39438099548,False,tog1,0
WebQTest-255,where obama went to school,Occidental College,The information provided in the reasoning chain does not contain any details about where Barack Obama went to school. The chain focuses on,0,0.08,0.8,9640.105858001334,False,tog1,0
WebQTest-256,what is the primary language of china,Standard Chinese,The primary language of China is Mandarin Chinese.,0,0.2,0.8,9272.167119001097,False,tog1,0
WebQTest-257,who was the soviet leader during world war ii,Leonid Brezhnev,"The reasoning chain provided does not contain information about the Soviet leader during World War II. Based on historical facts, the primary",0,0.0,0.8,9420.068458995956,False,tog1,0
WebQTest-258,which of the following does australia export the most,Energy industry,"The given information does not provide data on Australia's exports, so it is not possible to determine which product Australia exports the",0,0.0,0.8,9561.192850000225,False,tog1,0
WebQTest-260,where was the city of david,Jerusalem,"The given information does not provide any details about the location of a city named ""David."" The chain of reasoning focuses on",0,0.0,0.8,9379.440173004696,False,tog1,0
WebQTest-261,what is cindy sherman known for,Visual Artist,Hurricane Cindy is not known for anything specific in the given context; it is noted as a tropical cyclone that affected areas,0,0.0,0.8,9443.400684998778,False,tog1,0
WebQTest-262,what tv shows did shawnee smith play in,All is Forgiven,"The provided reasoning chain does not contain any information about Shawnee Smith or her TV show appearances. Therefore, I cannot answer",0,0.16666666666666666,0.8,9276.025885999843,False,tog1,0
WebQTest-264,what does australia use for currency,Australian dollar,Australia uses the Australian dollar as its currency.,0,0.4,0.8,9517.148860999441,False,tog1,4
WebQTest-265,which airport to fly into rome,Ciampino–G. B. Pastine International Airport,"To determine which airport to fly into Rome, we need to identify the relevant airport that serves Rome. The given information about",0,0.13333333333333333,0.8,9197.44705100311,False,tog1,0
WebQTest-266,what is there to do for fun in kansas city,Negro Leagues Baseball Museum,The given information does not provide details about fun activities in Kansas City. It primarily focuses on the location of Kansas City within,0,0.27586206896551724,0.8,9446.650585006864,False,tog1,0
WebQTest-267,where was martin luther king jr raised,Atlanta,The provided information does not specify where Martin Luther King Jr. was raised. The given data pertains to the location and,0,0.0,0.8,5546.956406004028,False,tog1,0
WebQTest-268,what year was lebron james rookie season,2003–04 NBA season,The given information does not mention LeBron James or his rookie season. The provided chain is about the NFL Honors - AP,0,0.08333333333333333,0.8,6395.038010996359,False,tog1,0
WebQTest-269,where does delaware river start,West Branch Delaware River,The provided reasoning chain does not contain information about the Delaware River's starting point. The chain focuses on organizational scopes and events,0,0.14814814814814817,0.8,9433.128500000748,False,tog1,0
WebQTest-270,what kind of monarchy does japan have,Parliamentary system,Constitutional monarchy,1,1.0,0.8,9388.036159994954,False,tog1,0
WebQTest-271,where did mitt romney 's parents come from,Detroit,The information provided does not contain any details about Mitt Romney's parents or their origins. The chain focuses on George W.,0,0.0,0.8,9394.080120997387,False,tog1,0
WebQTest-273,when did michael jordan return to the nba,1984,The given information does not provide any details about Michael Jordan's return to the NBA. The provided chain focuses on Jordan's,0,0.0,0.8,9420.120722003048,False,tog1,0
WebQTest-276,where was mission san rafael located,94901,The information provided does not specify the location of Mission San Rafael. The given chain focuses on Mission San Paolo and related details,0,0.0,0.8,6538.721447002899,False,tog1,0
WebQTest-277,who was esther 's husband,Ahasuerus,The given information does not provide any details about Esther Bloom's husband. The provided reasoning chain only includes information about Esther Bloom,0,0.0,0.8,9352.597567005432,False,tog1,0
WebQTest-278,who 's dating claire danes,Hugh Dancy,"The information provided does not mention anyone dating Claire Danes. It only contains information about Claire McCardell, including her",0,0.0,0.8,9403.299511002842,False,tog1,0
WebQTest-279,what county is st paul va in,Wise County,"To determine the county that St. Paul, VA is in, we need to identify the specific location of St. Paul",0,0.09090909090909091,0.8,1450.7076589943608,False,tog1,0
WebQTest-281,what type of sports do japanese play,Japan women's national handball team,The given chain does not provide information about which sports Japanese people play. It only describes the relationship between Sports Team and Sport,0,0.07407407407407408,0.8,9172.435091997613,False,tog1,0
WebQTest-282,which countries share a border with russia,Latvia,"Based on the given information, Sweden shares a border with Russia, as indicated by the Ingrian War occurring in both Russia",0,0.0,0.8,9440.078294996056,False,tog1,0
WebQTest-284,where did the latin language originate from,Indo-European languages,The Latin language originated in the Roman Empire.,0,0.0,0.8,5326.3340150006115,False,tog1,0
WebQTest-286,what school did karl benz go to,Karlsruhe Institute of Technology,The information provided does not contain any details about Karl Benz or the school he attended. The given chain is about John F,0,0.0,0.8,9539.632397994865,False,tog1,0
WebQTest-287,what movies has carmen electra been in,We Are Family,The given information does not provide any details about Carmen Electra's movie career. The chain of facts is about Hurricane Carmen,0,0.26666666666666666,0.8,8315.781860997959,False,tog1,0
WebQTest-289,when do world war ii end,1945-09-02,World War II ended in 1945.,0,0.2222222222222222,0.8,9423.932840996713,False,tog1,0
WebQTest-291,where did morgan freeman graduate,Pasadena Playhouse,The information provided does not contain any details about Morgan Freeman or his graduation place. It only mentions Brian James Freeman's place,0,0.0,0.8,9444.956218001607,False,tog1,0
WebQTest-294,who was carolus linnaeus,Scientist,Carus Linnaeus is not mentioned in the given reasoning chain. The chain primarily discusses works by Augustine of Hippo,0,0.0,0.8,9565.86786799744,False,tog1,0
WebQTest-295,what type of government does germany have now,Representative democracy,Germany currently has a federal parliamentary republic form of government.,0,0.33333333333333337,0.8,9295.862926999689,False,tog1,0
WebQTest-296,what kind of government does libya have today,Parliamentary republic,"The reasoning chain provided does not contain information about Libya's current government. To answer the question, we would need relevant data",0,0.08333333333333334,0.8,9458.037171003525,False,tog1,0
WebQTest-297,what time zone is anaheim california,Pacific Time Zone,"Anaheim, California is in the Pacific Time Zone. The reasoning chain confirms that the Pacific Time Zone has specific days for Day",0,0.42857142857142855,0.8,9278.394602995832,False,tog1,0
WebQTest-298,what year did the orioles go to the world series,1970 World Series,The information provided does not mention the Baltimore Orioles or their World Series appearances. The chain focuses on the Atlanta Braves and their,0,0.15384615384615383,0.8,9309.063469001558,False,tog1,0
WebQTest-300,who is sir francis bacon,Author,"Sir Francis Bacon was an English philosopher, statesman, scientist, lawyer, jurist, and author. He is known",0,0.11764705882352941,0.8,9472.425083004055,False,tog1,3
WebQTest-301,what were amelia earhart 's achievements,Pilot,The given information does not contain any details about Amelia Earhart or her achievements. The provided chain of facts is about Amelia,0,0.0,0.8,9407.327039996744,False,tog1,0
WebQTest-302,what are the official colors of the dallas cowboys,White,"The given information does not provide any details about the official colors of the Dallas Cowboys. Therefore, I cannot answer the question",0,0.0,0.8,9498.2972269936,False,tog1,0
WebQTest-303,where did margaret hoover go to college,Bryn Mawr College,The information provided does not contain any details about Margaret Hoover's education or where she went to college. The given chain focuses,0,0.08,0.8,9401.832138995815,False,tog1,0
WebQTest-304,what is jamie oliver children names,Poppy Honey Rosie Oliver,The given information does not provide any details about Jamie Oliver's children or their names. The provided chain of facts is about,0,0.07407407407407408,0.8,9393.765450004139,False,tog1,0
WebQTest-305,where does bradley walsh live,Los Angeles,The information provided does not contain any details about Bradley Walsh's residence. The given chain of reasoning pertains to locations and,0,0.0,0.8,9428.946801002894,False,tog1,0
WebQTest-306,who is the head coach of inter milan,Walter Mazzarri,The information provided in the reasoning chain does not specify the identity or current role of the head coach of Inter Milan. The,0,0.0,0.8,9308.430196004338,False,tog1,0
WebQTest-308,who did reese witherspoon get married to,Jim Toth,The information provided does not contain any details about Reese Witherspoon's marriage. The given chain of sentences is about John,0,0.0,0.8,6000.554069003556,False,tog1,0
WebQTest-310,what kind of money should i take to costa rica,Costa Rican colón,"The reasoning chain provided does not contain information about currency in Costa Rica. To answer your question, you should take Costa Rican",0,0.22641509433962262,0.8,9406.966855000064,False,tog1,0
WebQTest-311,where is the ufc headquarters,Las Vegas,The information provided in the reasoning chain does not specify the location of the UFC (Ultimate Fighting Championship) headquarters. The,0,0.0,0.8,9229.680559001281,False,tog1,0
WebQTest-312,who plays captain kirk in star trek,William Shatner,The information provided does not specify who plays Captain Kirk in Star Trek. The given chain includes actors Chris Free and Michael P,0,0.0,0.8,9211.744593994808,False,tog1,0
WebQTest-313,who does albert pujols play for 2012,Scottsdale Scorpions,The given information does not provide any details about Albert Pujols or his team in 2012. The,0,0.0,0.8,9471.250287999283,False,tog1,0
WebQTest-314,what kind of government is sweden,Parliamentary system,Sweden has a parliamentary representative democratic monarchy form of government.,0,0.16666666666666669,0.8,9504.936809003993,False,tog1,0
WebQTest-315,where was country singer george jones born,Saratoga,The given information does not provide any details about George Jones or his place of birth. It only contains information about George Jackson,0,0.0,0.8,9422.022455000842,False,tog1,0
WebQTest-316,what did shakespeare become famous for,Author,"William Shakespeare became famous for his plays and poetry. To directly answer the question based on the provided reasoning chain, the information",0,0.0,0.8,9479.750943995896,False,tog1,0
WebQTest-317,where does russia import from,Uzbekistan,The information provided in the reasoning chain does not contain any details about Russia's imports. The chain focuses on the location and,0,0.0,0.8,9419.65200100094,False,tog1,0
WebQTest-318,what is the money of switzerland called,Swiss franc,"The information provided in the reasoning chain does not include details about the currency of Switzerland. To accurately answer the question, we",0,0.0,0.8,9557.814127998427,False,tog1,0
WebQTest-321,what do people in australia speak,Esperanto Language,People in Australia primarily speak English.,0,0.25,0.8,9467.379964997235,False,tog1,0
WebQTest-322,what has ian somerhalder acted in,Pulse,"Based on the given information, Ian Somerhalder has acted in ""Vampire Diaries."" The chain of reasoning",0,0.2727272727272727,0.8,5328.69756299624,False,tog1,0
WebQTest-323,what movies did ron howard director,The Da Vinci Code,The given information does not provide any details about movies directed by Ron Howard. The provided chain focuses on Robert E. Howard,0,0.15384615384615385,0.8,9521.783602998767,False,tog1,0
WebQTest-326,what did gerald r ford die from,Cardiovascular disease,"The given chain does not provide information about how Gerald R. Ford died. To answer the question, we would need additional",0,0.0,0.8,9456.158182998479,False,tog1,0
WebQTest-327,what two continents is turkey on,Europe,Turkey is located primarily on two continents: Asia and Europe.,0,0.18181818181818182,0.8,9578.683739004191,False,tog1,0
WebQTest-328,where did kevin love go to college,"University of California, Los Angeles","The information provided does not include any details about Kevin Love's college education. To answer this question accurately, we would need",0,0.0,0.8,9425.697589002084,False,tog1,0
WebQTest-329,what type of government was formed when italy unified,Unitary state,The reasoning chain does not provide information about Italy's government type during unification. The chain focuses on languages spoken in certain,0,0.0,0.8,9572.675898998568,False,tog1,0
WebQTest-331,where was the temple of karnak built,Luxor Governorate,The given information does not provide any details about the Temple of Karnak or its location. The chain of reasoning focuses on,0,0.0,0.8,9534.771620994434,False,tog1,0
WebQTest-333,what movies did morgan freeman star in,High Crimes,The given information does not provide any details about Morgan Freeman's movies. The chain focuses on Brian James Freeman and his connections,0,0.17910447761194026,0.8,9473.881359001098,False,tog1,0
WebQTest-334,who did john kennedy have affairs with,Marilyn Monroe,The information provided in the reasoning chain does not contain any details about John F. Kennedy's personal affairs or relationships. It,0,0.0,0.8,9398.639909995836,False,tog1,0
WebQTest-335,what type of money to take to cuba,Cuban peso,"The question about the type of money to take to Cuba is not related to the given reasoning chain, which discusses cyclones",0,0.0,0.8,9572.4170540052,False,tog1,0
WebQTest-336,what currency should you take to morocco,Moroccan dirham,"To determine the appropriate currency to take to Morocco, we need to consider the primary currency used in the country. Based on",0,0.0,0.8,9274.706660005904,False,tog1,0
WebQTest-337,who is mary mcleod bethune for kids,Educator,Mary McLeod Bethune was an American educator and civil rights leader who founded the Daytona Normal and Industrial School for Negro Girls,0,0.08695652173913045,0.8,1450.0758349968237,False,tog1,0
WebQTest-338,what do they call money in japan,Japanese yen,Yen,0,0.6666666666666666,0.8,9553.258988999005,False,tog1,0
WebQTest-339,what nationality is mother teresa,Ottoman Empire,"Mother Teresa was of Albanian and Indian nationality. She was born in Skopje, which was then part of the",0,0.0,0.8,1450.915310997516,False,tog1,0
WebQTest-340,who is richard pryor son,Steven Pryor,The given information does not provide any details about Richard Pryor's son. The provided chain of reasoning focuses on films starring,0,0.16,0.8,9385.776872994029,False,tog1,0
WebQTest-341,what countries share borders with spain,France,The given information does not provide details about countries that share borders with Spain. The provided chain of facts is related to Spain,0,0.0,0.8,9590.128042997094,False,tog1,0
WebQTest-342,what countries have english as their official language,Sudan,The provided reasoning chain does not contain information about countries and their official languages. It primarily discusses properties related to the `Person,0,0.20338983050847456,0.8,9276.482456996746,False,tog1,0
WebQTest-343,what international organizations is china part of,G-20 major economies,The provided chain does not directly address China's membership in international organizations. It discusses topics related to countries and mentions opening up,0,0.0,0.8,9287.058647001686,False,tog1,0
WebQTest-344,what county is west st paul in,Dakota County,"The question appears to be about the location of West St Paul, but the provided reasoning chain does not contain any information about",0,0.0,0.8,9431.775338998705,False,tog1,0
WebQTest-346,who does donnie wahlberg play in the sixth sense,Vincent Grey,The given information does not provide details about Donnie Wahlberg or his role in The Sixth Sense. The reasoning chain focuses,0,0.0,0.8,5448.422934001428,False,tog1,0
WebQTest-347,what did baron de montesquie influence,William Blackstone,Baron de Montesquieu influenced Thomas Paine and Jean-Jacques Rousseau.,0,0.4615384615384615,0.8,9223.201427994354,False,tog1,0
WebQTest-349,who did carlos boozer play for,Cleveland Cavaliers,The given reasoning chain does not contain any information about Carlos Boozer or his playing teams. The chain is about Juan Carlos,0,0.0,0.8,9573.488089998136,False,tog1,0
WebQTest-351,who owns the portland press herald,"Blethen Maine Newspapers, Inc.",The information provided in the reasoning chain does not contain any details about the ownership of the Portland Press Herald. The chain only,0,0.0,0.8,9435.970500999247,False,tog1,0
WebQTest-352,what did albert speer design,Deutsches Stadion,"The given chain does not provide information about Albert Speer or his designs. The chain focuses on Oswald Spengler,",0,0.0,0.8,9482.045090997417,False,tog1,0
WebQTest-354,what art movement did leonardo da vinci belong to,High Renaissance,The given chain does not provide information about Leonardo da Vinci or his art movement. The chain focuses on Leonardo Polo and various,0,0.08,0.8,9377.924018997874,False,tog1,0
WebQTest-356,what airport is near arlington tx,Arlington Municipal Airport,"The given information does not specify an airport near Arlington, TX. Arlington is in Texas, but the provided facts are about",0,0.23529411764705882,0.8,9485.516847002145,False,tog1,0
WebQTest-359,what team does heskey play for,Aston Villa F.C.,The given information does not contain any details about a player named Heskey or his team. The provided chain is about,0,0.0,0.8,9508.534760003386,False,tog1,0
WebQTest-360,where did emperor hirohito live,"Aoyama, Minato, Tokyo","Based on the given information, Emperor Hirohito would have lived in Japan. While the chain doesn't directly state his",0,0.0,0.8,9354.066988998966,False,tog1,0
WebQTest-361,what to do and see in vienna austria,Liechtenstein Museum,"The provided reasoning chain does not directly address what to do and see in Vienna, Austria. Based on the information given,",0,0.08695652173913042,0.8,9609.130456003186,False,tog1,0
WebQTest-362,when did conflict start in ireland,Irish Confederate Wars,The reasoning chain provided does not contain information about when the conflict in Ireland started. The chain focuses on geographical and administrative details,0,0.1714285714285714,0.8,9376.768558999174,False,tog1,0
WebQTest-365,what is there to do in peoria illinois,John C. Flanagan House Museum,"The given information does not provide specific activities or attractions in Peoria, Illinois. To answer the question about what to do",0,0.08695652173913042,0.8,9519.675473995449,False,tog1,0
WebQTest-366,what language do british speak,Esperanto Language,British people primarily speak English. The given reasoning chain focuses on British Sign Language and its classification as a human language in Europe,0,0.3571428571428571,0.8,9356.22214099567,False,tog1,0
WebQTest-367,what makes elvis presley famous,Musician,"Elvis Presley became famous for his distinctive musical style that blended country, rock and roll, and R&B, which capt",0,0.0,0.8,9502.307038994331,False,tog1,0
WebQTest-370,what language do people speak in the netherlands,Dutch Language,Dutch,0,0.6666666666666666,0.8,9583.709874001215,False,tog1,0
WebQTest-371,what are the major languages spoken in greece,Greek Language,The reasoning chain provided does not contain information about the major languages spoken in Greece. To answer the question directly based on common,0,0.0,0.8,9484.121435998532,False,tog1,0
WebQTest-374,what type of artist is henri matisse,Painting,The given chain does not provide information about Henri Matisse or his artistic type. The chain focuses on Claude Henri de,0,0.0,0.8,9487.783830998524,False,tog1,0
WebQTest-375,what was the first book charles dickens wrote,Oliver Twist,"The information provided does not specify the first book Charles Dickens wrote. To answer this question, details about the chronology of",0,0.0,0.8,9548.143601001357,False,tog1,0
WebQTest-376,what books did agatha christie wrote,Death On The Nile (Hercule Poirot Mysteries (Paperback)),"The given information does not provide a list of books written by Agatha Christie. To answer the question about her books,",0,0.36363636363636365,0.8,9419.156257004943,False,tog1,0
WebQTest-377,what school did michael jordan attend,University of North Carolina at Chapel Hill,The information provided in the reasoning chain does not contain any details about Michael Jordan's education or the schools he attended. The,0,0.0,0.8,9484.759658000257,False,tog1,0
WebQTest-379,what year does hitler die,1945-04-30,"The provided reasoning chain does not contain any information about the year Hitler died. The chain focuses on the Weimar Republic,",0,0.0,0.8,9314.65150800068,False,tog1,0
WebQTest-380,where is mount st helens volcano,North America,The given information does not provide any details about Mount St. Helens volcano. The chain of reasoning focuses on the Saint,0,0.08,0.8,5922.438087996852,False,tog1,0
WebQTest-381,what shows are shot in new york,Trial Heat,"The given information does not provide any details about which shows are shot in New York. To answer this question, we would",0,0.08333333333333334,0.8,9516.218088996538,False,tog1,0
WebQTest-382,what book did tupac write,The Rose That Grew from Concrete,The given information does not mention any book that Tupac Shakur wrote. The provided reasoning chain focuses on Tupac's,0,0.20689655172413793,0.8,9410.698729996511,False,tog1,0
WebQTest-383,what language do chinese people write in,Simplified Chinese character,"Chinese people primarily write in Chinese languages, such as Mandarin or Cantonese. While many Chinese Americans speak English, they use",0,0.23076923076923075,0.8,9337.339687001077,False,tog1,0
WebQTest-384,what was robert burns famous for,Bard,"The information provided does not contain details about Robert Burns. It primarily discusses William Safire and Jacob Burnet, and mentions",0,0.0,0.8,9279.375083999184,False,tog1,0
WebQTest-385,when did william mckinley died,1901-09-14,"William McKinley died on September 14, 1901.",0,0.4,0.8,9397.271776004345,False,tog1,0
WebQTest-386,how deep is lake merritt oakland,3.048,"The information provided does not contain the depth of Lake Merritt in Oakland. To answer the question, we would need specific",0,0.0,0.8,9413.140255004691,False,tog1,0
WebQTest-388,what are the important holidays of islam,Mawlid,The important holidays in Islam are Eid al-Fitr and Eid al-Adha.,0,0.5555555555555556,0.8,1453.3263269986492,False,tog1,0
WebQTest-389,what type of music did claude debussy play,Incidental music,"Based on the given chain, the type of music Claude Debussy played is impressionist music. However, this information is",0,0.17391304347826086,0.8,9483.187113997701,False,tog1,0
WebQTest-390,when was the last time the toronto maple leafs were in the stanley cup finals,1967 Stanley Cup Finals,"The provided reasoning chain does not contain any information about the Toronto Maple Leafs or their Stanley Cup Finals appearances. Therefore, I",0,0.23076923076923075,0.8,9310.981117996562,False,tog1,0
WebQTest-392,what team is hank baskett on 2010,Indianapolis Colts,The information provided does not contain details about Hank Baskett's team in 2010. The given chain,0,0.0,0.8,2640.9151469997596,False,tog1,0
WebQTest-393,what are the two official languages of paraguay,Spanish Language,The given information does not provide details about the official languages of Paraguay. The chain focuses on the Spanish language and its,0,0.16666666666666669,0.8,9403.558158002852,False,tog1,0
WebQTest-395,what state is the steelers from,Pittsburgh,"Based on the given reasoning chain, the Steelers are from Pennsylvania, which is the state that includes Pittsburgh. However, the",0,0.09523809523809523,0.8,9405.646441002318,False,tog1,1
WebQTest-396,what college did sir isaac newton go to,"Trinity College, Cambridge","The given chain of influences does not provide information about which college Isaac Newton attended. Based on historical records, Isaac Newton attended",0,0.08,0.8,9516.110049000417,False,tog1,0
WebQTest-397,what are the school colors for harvard university,Crimson,"The provided reasoning chain does not contain information about Harvard University's school colors. To answer the question, we would need additional",0,0.0,0.8,9365.986796998186,False,tog1,0
WebQTest-398,where is the university of the rockies located,Colorado,"The reasoning chain does not provide specific information about the location of the University of the Rockies. Based on the given information,",0,0.13333333333333333,0.8,9475.251224997919,False,tog1,0
WebQTest-399,what disease does robin roberts have,Breast cancer,The information provided does not specify which diseases Robin Roberts has. It only states that females are at risk for multiple sclerosis and,0,0.0,0.8,9371.352954003669,False,tog1,0
WebQTest-400,what was the capital city of the east roman empire,Constantinople,Constantinople,1,1.0,0.8,9417.166764003923,False,tog1,0
WebQTest-401,who plays edward scissorhands,Johnny Depp,The information provided in the reasoning chain does not contain any details about Edward Scissorhands or the character played by Johnny De,0,0.08333333333333334,0.8,9412.527724001848,False,tog1,0
WebQTest-402,what does joey jordison play in slipknot,Drums,The given information does not provide any details about Joey Jordison or his role in Slipknot. The chain of reasoning,0,0.0,0.8,9447.37314699887,False,tog1,0
WebQTest-403,what kind of language does turkey speak,Ladino Language,"The given chain does not provide information about the language spoken in Turkey. Based on general knowledge, Turkey primarily speaks Turkish.",0,0.17391304347826084,0.8,9577.262056001928,False,tog1,0
WebQTest-404,what was lebron james first team,Cleveland Cavaliers,The given reasoning chain does not provide any information about Lebron James or his first team. The chain is about an author,0,0.0,0.8,9497.06128500111,False,tog1,0
WebQTest-405,who fought the battle of gettysburg,Confederate States of America,The 10th Louisiana Infantry and the 15th Louisiana Infantry Regiment fought in the Battle of Gettys,0,0.1,0.8,9536.933235998731,False,tog1,0
WebQTest-406,who is the coach of the sf giants,Bill Hayes,"The given reasoning chain does not provide specific information about the coach of the San Francisco Giants. To answer the question accurately,",0,0.0,0.8,9341.763084004924,False,tog1,0
WebQTest-408,who was the first president of the afl,Bud Adams,The given chain does not provide information about the first president of the AFL. The chain discusses general concepts related to American football,0,0.0,0.8,9480.647876000148,False,tog1,0
WebQTest-409,where did giuliana rancic grow up,Naples,Giuliana Rancic grew up in New York City.,0,0.0,0.8,1468.9621289944625,False,tog1,0
WebQTest-410,what are the major cities in ukraine,Kiev,The given reasoning chain does not provide information about major cities in Ukraine. It only contains data related to Moscow and Lithuania.,0,0.0,0.8,9356.969646003563,False,tog1,0
WebQTest-414,who does brian dawkins play for 2011,Denver Broncos,The information provided in the reasoning chain does not contain any details about Brian Dawkins or his team in 201,0,0.0,0.8,9508.378036996874,False,tog1,0
WebQTest-415,what movies did tupac star in,Juice,The given reasoning chain does not provide information about the movies Tupac Shakur starred in. It only confirms that Tupac,0,0.15384615384615383,0.8,9439.810733994818,False,tog1,0
WebQTest-416,what form of currency does china have,Renminbi,The given chain does not provide information about China's currency. It only describes that the Republic of China is a country and,0,0.0,0.8,5412.339274997066,False,tog1,0
WebQTest-417,who plays kenneth,Jack McBrayer,"The question ""who plays Kenneth"" cannot be directly answered from the given information. The provided chain describes relationships and attributes of",0,0.0,0.8,9364.649581999402,False,tog1,0
WebQTest-418,what league are the indianapolis colts in,AFC South,The Indianapolis Colts are in the National Football League (NFL).,0,0.4615384615384615,0.8,1451.0496020011487,False,tog1,0
WebQTest-419,what country did magellan represent,Kingdom of Portugal,"The information provided in the reasoning chain does not contain any details about Magellan or the country he represented. Therefore, I",0,0.0,0.8,9522.679866000544,False,tog1,0
WebQTest-420,where is perpignan located,France,The given chain does not provide information about Perpignan's location. The chain only contains information about Ponchatou,0,0.0,0.8,9390.052167997055,False,tog1,0
WebQTest-421,who did kim richards marry,G. Monty Brinson,The information provided does not mention Kim Richards or her spouse. It only mentions Kim Sears and that she is married to someone,0,0.0,0.8,9336.687530994823,False,tog1,0
WebQTest-422,what happened in bosnia in the 90s,Foča massacres,The given information does not relate to Bosnia in the 90s. The provided data is about the 20,0,0.16666666666666666,0.8,9456.621903002087,False,tog1,0
WebQTest-423,when 's the last time the steelers won the superbowl,Super Bowl XLIII,"The last time the Steelers won the Super Bowl was in 2008 (Super Bowl XLIII). However,",0,0.47619047619047616,0.8,9378.549155000655,False,tog1,0
WebQTest-425,where english is spoken,Nigeria,English is spoken in Honduras and the Cayman Islands.,0,0.3636363636363636,0.8,9462.349410998286,False,tog1,0
WebQTest-426,where is giza pyramids located,Egypt,"Giza Governorate, which is part of Egypt in North Africa, contains the Giza Pyramids.",0,0.25,0.8,9327.188779003336,False,tog1,3
WebQTest-427,what is the zip code for midland tx,79701,"The provided chain does not contain information about Midland, TX or its zip code. The chain only contains information about",0,0.0,0.8,9354.082392004784,False,tog1,0
WebQTest-428,what states make up the midwest us,Ohio,"The Midwestern United States typically includes states such as Ohio, along with others like Illinois, Indiana, Iowa, Kansas,",0,0.15384615384615383,0.8,9530.489994001982,False,tog1,2
WebQTest-430,what instruments does justin bieber use,Vocals,The given information does not provide details about the specific instruments Justin Bieber uses. The provided chain focuses on his profession as a,0,0.0,0.8,9414.670926002145,False,tog1,0
WebQTest-431,what language does australians speak,Esperanto Language,English Language,1,1.0,0.8,9441.8282359984,False,tog1,0
WebQTest-432,who did annie oakley married,Frank E. Butler,The given information does not contain any details about Annie Oakley's marital status or spouse. The provided chain focuses on Marilyn,0,0.0,0.8,9421.651824006403,False,tog1,0
WebQTest-433,who has played lex luthor,Kevin Spacey,"Based on the given reasoning chain, there's no direct information about who has played Lex Luthor. The chain primarily discusses",0,0.0,0.8,9228.822119999677,False,tog1,0
WebQTest-434,where does the zambezi river start,Mwinilunga,The information provided does not contain any details about the Zambezi River or its starting point. The given chain focuses on,0,0.0,0.8,9408.740828999726,False,tog1,0
WebQTest-436,what is the nigeria time,West Africa Time Zone,"The given chain does not provide information about Nigeria's time zone. To answer the question, additional data about Nigeria's time",0,0.21428571428571427,0.8,9359.99369500496,False,tog1,0
WebQTest-437,where did they find jenni rivera 's body,Iturbide,The information provided in the reasoning chain does not contain any details about Jenni Rivera or the location of her body. The,0,0.0,0.8,9488.311442997656,False,tog1,0
WebQTest-438,what university did romney graduated from,Brigham Young University,The information provided in the reasoning chain does not include any details about George W. Romney's educational background or the university he,0,0.07692307692307691,0.8,9393.104554001184,False,tog1,0
WebQTest-439,where is the time zone line in south dakota,Mountain Time Zone,"The information provided does not specify the exact location of time zone lines in South Dakota. To find this information, you would",0,0.16,0.8,9334.225438004069,False,tog1,0
WebQTest-440,where is jason mraz from,Mechanicsville,"The information provided does not specify Jason Mraz's origin. The identifier ""m.05csddw"" is",0,0.0,0.8,9427.925281997886,False,tog1,0
WebQTest-441,what killed john bonham,Inhalation of vomit,"The question is about John Bonham, the drummer for the rock band Led Zeppelin, and the provided information is about",0,0.0,0.8,9391.252333996817,False,tog1,0
WebQTest-442,what industry does walmart operate in,Retail,"The provided reasoning chain does not contain any information about Walmart or its industry. Therefore, based on the given information, it",0,0.0,0.8,9440.870202000951,False,tog1,0
WebQTest-443,what county is texarkana arkansas in,Miller County,"Texarkana, Arkansas is in Texarkana, Arkansas. The place itself does not belong to another county but is",0,0.10526315789473684,0.8,9489.471998997033,False,tog1,0
WebQTest-446,what music period did beethoven live in,Opera,"Beethoven lived during the Classical period of music. Given the information provided and focusing on Beethoven's era, he is",0,0.18181818181818182,0.8,9450.980091001838,False,tog1,0
WebQTest-447,what did laura ingalls wilder wrote,Going West (My First Little Houe Books),The given information does not provide any details about Laura Ingalls Wilder or her writings. The chain of reasoning focuses on,0,0.31249999999999994,0.8,9386.409025995818,False,tog1,0
WebQTest-448,what type of government system does italy have,Unitary state,"The reasoning chain provided does not contain information about Italy's government system. It discusses the Italian language, countries where Italian is",0,0.0,0.8,9557.595847996708,False,tog1,0
WebQTest-449,what did john irving wrote,A Prayer for Owen Meany,The given information does not provide any details about John Irving or what he wrote. The provided chain focuses on Irving Ben Cooper,0,0.13793103448275862,0.8,9524.047678001807,False,tog1,0
WebQTest-450,what is the national flower of hawaii,Hawaiian hibiscus,The reasoning chain provided does not contain information about Hawaii's national flower. It mentions Ohio's state flower (Scarlet Carn,0,0.0,0.8,9424.430304999987,False,tog1,0
WebQTest-451,what did alice paul accomplish,Organization founder,The provided chain does not contain information about Alice Paul or her accomplishments. The chain is focused on Paul the Apostle and conferences,0,0.0,0.8,9380.55409899971,False,tog1,0
WebQTest-453,what languages do they speak in costa rica,Bribri Language,"Based on the given reasoning chain, Jamaican Creole English Language is listed as one of the languages spoken in Costa Rica",0,0.32,0.8,9424.209493998205,False,tog1,0
WebQTest-454,where did hank marvin come from,Newcastle upon Tyne,"The information provided does not mention Hank Marvin. However, Marvin Dixon is stated to have a nationality of Jamaica.",0,0.0,0.8,9509.582471997419,False,tog1,0
WebQTest-455,when did chipper jones get drafted,1990 Major League Baseball Draft,The given information does not contain any details about Donell Jones' draft or Chipper Jones. There is no connection between,0,0.08000000000000002,0.8,9448.71595800214,False,tog1,0
WebQTest-456,what part did winona ryder play in star trek,Amanda Grayson,The given information does not provide any details about Winona Ryder or her role in Star Trek. The reasoning chain focuses on,0,0.0,0.8,9369.117500005814,False,tog1,0
WebQTest-459,where did jovan belcher kill himself,Kansas City,The given chain does not provide information about Jovan Belcher or his suicide. The chain is related to Martin Luther King,0,0.0,0.8,9401.13859900157,False,tog1,0
WebQTest-461,where did clay matthews go to school,University of Southern California,The information provided does not contain any details about Clay Matthews or his educational background. The given chain focuses on Stanley Matthews and,0,0.0,0.8,9363.012771995272,False,tog1,0
WebQTest-462,what time is it in texas houston right now,Central Time Zone,"The given information does not provide the current time in Houston, Texas. To find the current time, you would need to",0,0.14814814814814814,0.8,9363.119433997781,False,tog1,0
WebQTest-463,who is princess leia in star wars,Carrie Fisher,"Princess Leia Organa is a fictional character in the Star Wars franchise, not related to the Battle of Maida or any",0,0.0,0.8,6480.456759003573,False,tog1,0
WebQTest-464,what is the political structure of china,Single-party state,"The reasoning chain provided focuses on Richard Nixon and his roles as a lawyer and politician, particularly in relation to opening up relations",0,0.0,0.8,5527.928251998674,False,tog1,0
WebQTest-465,what is new york city airport,Newark Liberty International Airport,"New York City Airport is a location and topic, but specific information about it, such as time zones, is not provided",0,0.08695652173913042,0.8,9357.143483000982,False,tog1,0
WebQTest-466,what language brazil speak,Brazilian Portuguese,The primary language spoken in Brazil is Portuguese.,0,0.4,0.8,9375.421502998506,False,tog1,0
WebQTest-467,who played obi wan in episode 2,Ewan McGregor,"The given information does not specify who played Obi Wan in Episode 2 of Star Wars. To answer this question,",0,0.0,0.8,9210.364680999191,False,tog1,0
WebQTest-468,where did venus williams come from,Lynwood,The information provided does not contain any details about Venus Williams. The given chain is about Tennessee Williams and various attributes related to,0,0.0,0.8,9434.623132001434,False,tog1,0
WebQTest-469,what currency is used in panama,Panamanian balboa,"To determine the currency used in Panama, we need to follow the logical connections provided in the reasoning chain:",0,0.0,0.8,9269.74170399626,False,tog1,0
WebQTest-470,where does the zambezi river originate,Mwinilunga,The information provided does not contain any details about the Zambezi River or its origin. The given chain focuses on the,0,0.0,0.8,9398.108694003895,False,tog1,0
WebQTest-472,what team did ronaldo play for in 2003,Real Madrid C.F.,The given information does not contain any details about Ronaldo or his teams. The provided chain focuses on Ronald Kelly and Ray Brad,0,0.0,0.8,9454.939657000068,False,tog1,0
WebQTest-473,where does robin williams live 2011,San Francisco,The information provided does not specify Robin Williams' place of residence in 2011. The chain only mentions Robin,0,0.0,0.8,9419.067424998502,False,tog1,0
WebQTest-474,who played jacob black in twilight,Taylor Lautner,The reasoning chain does not provide specific information about who played Jacob Black in Twilight. It mentions the 'Twilight' cast,0,0.0,0.8,9414.033190005284,False,tog1,0
WebQTest-477,which airport to fly into in buenos aires,Aeroparque Jorge Newbery,"The reasoning chain does not provide specific information about which airport to fly into in Buenos Aires. Based on the given information,",0,0.08,0.8,9348.981623996224,False,tog1,0
WebQTest-479,what team did adrian peterson play for in college,University of Oklahoma,The information provided does not include details about Adrian Peterson or his college team. The chain focuses on Cam Newton and his teams,0,0.0,0.8,7273.337251004705,False,tog1,0
WebQTest-480,where does name pennsylvania come from,William Penn,"The term ""Pennsylvania"" comes from the name of its founder, William Penn, who was given the land by the",0,0.1904761904761905,0.8,9529.168589993787,False,tog1,0
WebQTest-481,what kind of money do they use in germany,Euro,"To determine the kind of money used in Germany, we need to follow the given reasoning chain and identify the relevant information:",0,0.0,0.8,9380.167770003027,False,tog1,0
WebQTest-482,who plays blaine in batman,Tom Hardy,Blaine is not a character in Batman.,0,0.0,0.8,1453.6927099979948,False,tog1,0
WebQTest-484,what language does australia use,Esperanto Language,"The given information does not specify the language used in Australia. To answer the question about the language used in Australia, we",0,0.15384615384615385,0.8,9441.572096002346,False,tog1,0
WebQTest-487,who did veronica lake mary,Joseph A. McCarthy,"The question appears to be incorrectly phrased or contains a typo, as there is no mention of ""Veronica Lake",0,0.09090909090909091,0.8,9558.664502997999,False,tog1,0
WebQTest-488,who did sir francis drake marry,Elizabeth Sydenham,The information provided does not directly state that Sir Francis Drake is Francis A. Nixon. The details given are about a person,0,0.0,0.8,5476.470415000222,False,tog1,0
WebQTest-489,who plays stephanie plum in one for the money,Katherine Heigl,"Stephanie Mills does not play Stephanie Plum in ""One For The Money."" Stephanie Mills is a singer known for her work on",0,0.0,0.8,9480.144797998946,False,tog1,0
WebQTest-490,what did the ancient romans speak,Latin Language,The ancient Romans spoke Latin.,0,0.28571428571428575,0.8,5311.2736380062415,False,tog1,2
WebQTest-491,what does ringo sing,Love Me Do,The given information does not provide any details about Ringo's singing. The chain of reasoning focuses on John Lennon and some,0,0.21428571428571427,0.8,9524.378171001445,False,tog1,0
WebQTest-492,where was st. lucy born,Syracuse,"The information provided does not specify St. Lucy's place of birth. The details given are about Aleen Bailey, who",0,0.0,0.8,9506.396730997949,False,tog1,0
WebQTest-493,what type of government does australia have,Parliamentary system,"The given chain does not provide information about Australia's government type. To accurately answer the question, additional data would be required",0,0.0,0.8,9436.726496001938,False,tog1,0
WebQTest-497,who was the father of king george vi,George V,The given information does not provide any details about the father of King George VI. The provided chain focuses on George R.,0,0.15384615384615385,0.8,9488.821281003766,False,tog1,0
WebQTest-500,what is the zip code for trenton,08607,"To provide the zip code for Trenton, I would need specific data not given in the provided reasoning chain. The chain",0,0.0,0.8,9392.3333940038,False,tog1,0
WebQTest-501,what has ashley greene been in,King of California,The given information does not provide any details about Ashley Greene or her work. The reasoning chain is about Vivian Green and,0,0.15384615384615385,0.8,9475.889283996366,False,tog1,0
WebQTest-502,where did al qaeda attack,September 11 attacks,Ras Burqa,0,0.0,0.8,9402.311046003888,False,tog1,0
WebQTest-503,what language is spoken in switzerland,French,French is one of the languages spoken in Switzerland.,0,0.19999999999999998,0.8,9562.436430998787,False,tog1,1
WebQTest-504,who was philip in acts chapter 8,Apostle Philip,"In the context of the Book of Acts, Philip is not directly related to the works mentioned in the given reasoning chain.",0,0.08333333333333334,0.8,9486.293563997606,False,tog1,0
WebQTest-506,what the time zone in england,Greenwich Mean Time Zone,"To determine the time zone in England, we need to focus on the relevant information from the given reasoning chain. The key",0,0.15384615384615385,0.8,9171.537270005501,False,tog1,0
WebQTest-508,what is the best currency to take to turkey,Turkish lira,The best currency to take to Turkey is the Turkish Lira (TRY). While it's advisable to also have some local,0,0.17391304347826084,0.8,9577.239675003511,False,tog1,0
WebQTest-509,what system of government is practiced in nigeria,Presidential system,The given chain does not provide information about Nigeria's system of government. It only mentions that Nigeria speaks English and has An,0,0.08,0.8,9474.432059003448,False,tog1,0
WebQTest-512,who were mary shelley,Author,Mary Shelley was an author associated with the Romanticism movement and is noted for her place of death and country of nationality.,0,0.08695652173913045,0.8,9309.07684200065,False,tog1,0
WebQTest-513,what language do most australians speak,Esperanto Language,Most Australians speak English.,0,0.3333333333333333,0.8,9440.17539700144,False,tog1,0
WebQTest-514,where is denmark situated,Scandinavia,Denmark is situated in the Nordic countries.,0,0.4444444444444445,0.8,9436.985740998352,False,tog1,0
WebQTest-515,where was teddy roosevelt 's house,"Washington, D.C.","The information provided does not specify the location of Theodore Roosevelt's house. To answer the question accurately, details about his residences",0,0.0,0.8,9483.967092004605,False,tog1,0
WebQTest-516,what is the government system of malaysia,Parliamentary system,"The reasoning chain does not directly provide information about Malaysia's government system. However, based on the given chain, we can",0,0.08695652173913042,0.8,9437.612393994641,False,tog1,0
WebQTest-517,what do people speak in canada,Lojban,"People in Canada speak Canadian English. Based on the given reasoning chain, Canadian English is spoken in Canada. Therefore, people",0,0.33333333333333337,0.8,9372.019055001147,False,tog1,0
WebQTest-518,what type of money do they use in costa rica,Costa Rican colón,"The reasoning chain provided does not contain information about the currency used in Costa Rica. To answer the question, we would need",0,0.08,0.8,9381.513045998872,False,tog1,0
WebQTest-519,what timezone is nashville tn,Central Time Zone,"The given information does not provide the timezone for Nashville, TN. To answer the question, additional data about Nashville's timezone",0,0.0,0.8,9420.42715199932,False,tog1,0
WebQTest-521,who was anakin skywalker,Ted Bracewell,The given information does not provide any details about Anakin Skywalker. The chain of reasoning focuses on Mel Gibson and his organizations,0,0.0,0.8,9339.675543997146,False,tog1,0
WebQTest-522,where did adolf hitler die,Berlin,"To answer the question ""Where did Adolf Hitler die?"" based on the given reasoning chain, the information provided does not specify",0,0.0,0.8,9395.35020999756,False,tog1,2
WebQTest-523,what is the largest nation in europe,Russia,"The information provided does not specify the largest nation in Europe. To determine the largest nation by area, we would need additional",0,0.0,0.8,9523.389277994283,False,tog1,0
WebQTest-524,where was the first gulf war fought,Israel,The reasoning chain provided does not contain information about the location of the First Gulf War. The chain focuses on the Gulf War,0,0.14814814814814817,0.8,9456.745445000706,False,tog1,0
WebQTest-525,who are the senators of virginia 2013,Jim Webb,The information provided in the reasoning chain does not contain any data about the senators of Virginia in 2013.,0,0.0,0.8,9542.335958998592,False,tog1,0
WebQTest-526,what band was george clinton in,Funkadellic,"Based on the given information, George Clinton was not in a band as a regular performer. He is primarily known as a",0,0.15384615384615385,0.8,9493.299775000196,False,tog1,0
WebQTest-527,what country borders slovakia,Ukraine,The given information does not provide any details about countries bordering Slovakia. The provided facts are about Hungary's organizations and events,0,0.08695652173913045,0.8,9513.169393998396,False,tog1,0
WebQTest-528,what was james garfield most known for,US President,"The given chain does not contain any information about James Garfield. The chain is about Henry James and Norman Mailer,",0,0.0,0.8,9488.611891996698,False,tog1,0
WebQTest-529,where did paula deen go to school,Albany High School,Paula Deen did not attend college. She received her education through culinary training and experience in the restaurant industry.,0,0.0,0.8,1450.1743470027577,False,tog1,0
WebQTest-530,where does robert irvine come from,Salisbury,The information provided in the reasoning chain does not contain any data related to Robert Irvine or his place of origin. The,0,0.0,0.8,7749.047573997814,False,tog1,0
WebQTest-531,what style of music does michael jackson perform,Post-disco,"Based on the given information, Michael Jackson performs R&B and 80s pop music. The chain indicates his content",0,0.1904761904761905,0.8,9478.526308004803,False,tog1,0
WebQTest-532,what does david beckham play,Football,"The given chain does not provide information about what sport or instrument David Beckham plays. It only gives details about his nationality,",0,0.0,0.8,9431.168005998188,False,tog1,0
WebQTest-533,what does julian lennon do,Actor,The given information does not provide any details about Julian Lennon's occupation or activities. The provided chain focuses on John Lennon and,0,0.0,0.8,9506.621788998018,False,tog1,0
WebQTest-534,what is the milwaukee brewers mascot,Bonnie Brewer,The Milwaukee Brewers' mascot is Bubba the Blue Bopper.,0,0.0,0.8,1453.4350720059592,False,tog1,0
WebQTest-535,what is the second biggest state in the united states,Texas,"To determine the second biggest state in the United States, we need to look at the area or land size of each state",0,0.0,0.8,9432.105437997961,False,tog1,0
WebQTest-537,what has charlie hunnam been in,Children of Men,The given information does not specify any film or television appearances by Charlie Hunnam. The provided chain focuses on Charlie Hoyland,0,0.16,0.8,9392.124783000327,False,tog1,0
WebQTest-538,what are all the movies taylor swift has been in,Valentine's Day,The provided information does not contain any data about movies that Taylor Swift has been in. The given facts are related to Elizabeth,0,0.14814814814814817,0.8,9355.29189099907,False,tog1,0
WebQTest-540,what college did brett favre,University of Southern Mississippi,The given information does not provide any details about Brett Favre or his college education. The reasoning chain only discusses John F,0,0.0,0.8,9471.32129000238,False,tog1,0
WebQTest-542,where did alex chilton die,New Orleans,The information provided in the reasoning chain does not contain any details about Àlex Corretja's place of death. The,0,0.0,0.8,9037.304187993868,False,tog1,0
WebQTest-543,what college did martin luther king jr go to,Morehouse College,The information provided does not include details about which college Martin Luther King Jr. attended. The given chain focuses on the location,0,0.08333333333333334,0.8,9593.982878002862,False,tog1,0
WebQTest-545,what kind of cancer did farrah fawcett die of,Anal cancer,Farrah Fawcett died of ovarian cancer.,0,0.25,0.8,9452.218365993758,False,tog1,0
WebQTest-546,who is michael j fox 's wife,Tracy Pollan,The given information does not provide any details about Michael J. Fox's wife. The provided chain of facts is about William,0,0.0,0.8,9350.594646995887,False,tog1,0
WebQTest-547,what money do i use in costa rica,Costa Rican colón,The reasoning chain provided does not contain information about the currency used in Costa Rica. To answer the question directly: In Costa,0,0.14285714285714288,0.8,9354.630405003263,False,tog1,0
WebQTest-548,what guitar did joe walsh play,Fender Stratocaster,Joe Walsh played a Gibson Les Paul guitar.,0,0.0,0.8,1451.7155879948405,False,tog1,0
WebQTest-549,what are the official languages of the eu,Swedish Language,The given reasoning chain does not provide information about the official languages of the EU. It discusses properties related to films and their,0,0.0,0.8,6457.298820001597,False,tog1,0
WebQTest-550,what is ryan seacrest radio show,American Top 40,"Ryan Seacrest's radio show is ""Live Big with Ryan Seacrest."" It is a talk radio program that",0,0.37974683544303794,0.8,1449.4018210025388,False,tog1,0
WebQTest-552,what language do most italians speak,Italian Language,Most Italians speak Italian.,0,0.3333333333333333,0.8,9581.458437001857,False,tog1,0
WebQTest-554,what money do they use in spain,Euro,The reasoning chain provided does not contain information about currency used in Spain. To answer the question directly: The primary currency used,0,0.0,0.8,9538.617157995759,False,tog1,0
WebQTest-555,what did drew barrymore go to rehab for,Cocaine,The given information does not contain any details about Drew Barrymore or her reasons for going to rehab. The provided chain is,0,0.0,0.8,9483.837646999746,False,tog1,0
WebQTest-556,when is saint george day celebrated,April 23,"The given information does not provide a specific date for Saint George's Day. To answer the question accurately, we would need",0,0.0,0.8,9459.336309002538,False,tog1,0
WebQTest-557,what government did the roman empire have,Autocracy,"The reasoning chain provided does not directly state the type of government the Roman Empire had. Based on historical knowledge, the Roman",0,0.0,0.8,9419.457736003096,False,tog1,0
WebQTest-559,what instrument did robin gibb play,Vocals,The given information does not contain any details about Robin Gibb or his musical instruments. The provided chain is about Robin Roberts,0,0.0,0.8,9369.361535995267,False,tog1,0
WebQTest-560,who voiced darth vader,Matt Lanter,The given information does not provide any details about who voiced Darth Vader. The reasoning chain focuses on the character Lucas Scott and,0,0.0,0.8,5967.006790997402,False,tog1,0
WebQTest-561,when was abe lincoln president,Abraham Lincoln 1861 presidential inauguration,"The provided reasoning chain does not directly contain information about when Abraham Lincoln was president. To answer the question ""When was Abe",0,0.14814814814814814,0.8,9512.20623900008,False,tog1,0
WebQTest-562,where are the texas rangers playing,Rangers Ballpark in Arlington,The information provided does not contain any details about where the Texas Rangers are playing. The given chain of facts is about Dallas,0,0.07407407407407408,0.8,9447.949025001435,False,tog1,0
WebQTest-564,what is arkansas state capitol,Little Rock,"The reasoning chain provided does not contain specific information about Arkansas's state capital. Based on the given information, we can infer",0,0.0,0.8,9532.507270996575,False,tog1,0
WebQTest-567,what is the zip code for nogales az,85621,"The provided information does not contain any data related to Nogales, AZ or its zip code. The details given are",0,0.0,0.8,9450.346215002355,False,tog1,0
WebQTest-568,when did michael vick start playing for the eagles,2009,The given information does not provide any details about Michael Vick or his playing history with the Eagles. The chain of reasoning is,0,0.0,0.8,5328.477548995579,False,tog1,0
WebQTest-570,what is william taft famous for,Lawyer,"The given chain does not provide information about William Taft. It only contains information about Robert A. Taft, including",0,0.0,0.8,9425.042941998981,False,tog1,0
WebQTest-572,where did robin cook die,Inverness,The information provided does not include any details about where Robin Cook died. The chain of information only mentions that Robin is a,0,0.0,0.8,9470.386345004954,False,tog1,0
WebQTest-573,where did melba beals live,Arkansas,"The given reasoning chain does not provide any information about Melba Beals or her place of residence. Therefore, it is",0,0.0,0.8,8884.02098199731,False,tog1,0
WebQTest-575,who is louisiana state senator,Alexander Barrow,The information provided does not specify individual names but indicates that members of the Louisiana State Senate are part of a governmental body.,0,0.07692307692307691,0.8,9454.432341000938,False,tog1,0
WebQTest-576,what are the 7 countries that are part of central america,Panama,"The given information does not list all 7 countries of Central America. To provide the correct answer, the chain should include",0,0.0,0.8,9420.778229999996,False,tog1,0
WebQTest-577,where did derek fisher go to college,University of Arkansas at Little Rock,The given information does not specify where Derek Fisher went to college. The provided chain only details his location within the United States,0,0.0,0.8,9366.881337002269,False,tog1,0
WebQTest-578,who was kobe bryant drafted by,Charlotte Hornets,"To answer the question ""Who was Kobe Bryant drafted by?"", the given reasoning chain does not provide specific information about Kobe Bryant",0,0.0,0.8,9402.636664002785,False,tog1,0
WebQTest-579,where are the new orleans hornets moving to,Charlotte,"The information provided does not contain any details about the New Orleans Hornets moving to another location. To answer this question accurately,",0,0.0,0.8,9510.755650000647,False,tog1,0
WebQTest-580,what language does algerian people speak,French,"Arabic is widely spoken in Algeria, along with Berber languages. The official language is Arabic.",0,0.33333333333333337,0.8,9438.881725000101,False,tog1,0
WebQTest-581,where was anne boleyn executed,Tower of London,"Anne Boleyn was executed at the Tower Green within the Tower of London on May 19, 15",0,0.38095238095238093,0.8,1455.9559670015005,False,tog1,0
WebQTest-582,what did galileo do to become famous,Mathematician,"Based on the given reasoning chain, we cannot determine specifically what Galileo did to become famous. The chain only provides general",0,0.0,0.8,9274.089005994028,False,tog1,0
WebQTest-583,what school did martin luther king jr received his doctorate degree from,Boston University,"The given information does not specify which school Martin Luther King, Jr. received his doctorate degree from. The provided data",0,0.0,0.8,5533.767565000744,False,tog1,0
WebQTest-584,where buddha come from,Kapilavastu,"The information provided does not directly state Buddha's origin. However, based on the given chain, we can infer that Ash",0,0.0,0.8,9492.819387000054,False,tog1,0
WebQTest-585,what did king henry viii rule,England,King Henry VIII ruled England.,0,0.33333333333333337,0.8,9389.553871005774,False,tog1,0
WebQTest-586,what type of cancer did larry hagman have,Leukemia,"Based on the given reasoning chain, the specific type of cancer Larry Hagman had is not directly provided. The chain mentions",0,0.08,0.8,9401.877397001954,False,tog1,0
WebQTest-588,what wars did robert e lee served in,Battle of South Mountain,The provided reasoning chain does not contain any information about Robert E. Lee or the wars he served in. The chain is,0,0.23529411764705885,0.8,9257.179123000242,False,tog1,0
WebQTest-589,what russian language called,Russian Language,The question asks about the Russian language but the provided reasoning chain is about the Polish language. There is no information given about,0,0.23076923076923078,0.8,9427.313031999802,False,tog1,0
WebQTest-590,who is in charge of libya now,Abdullah al-Thani,"The current leader of Libya is Abdul Hamid Dbeibah, serving as the Prime Minister under a UN-backed government",0,0.0,0.8,9446.136854996439,False,tog1,0
WebQTest-592,when did shays rebellion start,1786,"The information provided does not specify the start date of Shays' Rebellion. To answer the question accurately, additional historical context",0,0.0,0.8,9362.887983996188,False,tog1,0
WebQTest-593,what kind of disease does montel williams have,Multiple sclerosis,Montel Williams has Parkinson's disease.,0,0.0,0.8,1450.300768003217,False,tog1,0
WebQTest-595,when is the last time the ravens won a superbowl,Super Bowl XLVII,The provided chain does not contain any information about the Baltimore Ravens winning the Super Bowl. The chain is related to the NFL,0,0.15384615384615383,0.8,5326.719837001292,False,tog1,0
WebQTest-596,where did kansas city royals come from,Kansas City,"The Kansas City Royals came from Kansas City, Missouri, which is part of the Kansas City metropolitan area. However, the",0,0.4615384615384615,0.8,9432.137508003507,False,tog1,0
WebQTest-597,what style of music does john mayer play,Acoustic music,"John Mayer plays rock music. Based on the given reasoning chain, it is clear that John Mayer's profession includes being a",0,0.16666666666666669,0.8,9471.623494006053,False,tog1,0
WebQTest-599,what inventions did thomas edison invent list,Carbon microphone,The given information does not provide a specific list of inventions created by Thomas Edison. The provided reasoning chain only gives general information,0,0.0,0.8,9577.071196996258,False,tog1,0
WebQTest-600,where did djokovic come from,Serbia,"The given information does not directly state where Novak Djokovic came from, but it indicates his country of nationality through",0,0.0,0.8,9310.68940499972,False,tog1,0
WebQTest-602,what part of the country is new england,Northeastern United States,"New England is located in the northeastern part of the United States. Based on the given information, it is contained by the",0,0.24000000000000002,0.8,9415.309916003025,False,tog1,0
WebQTest-603,what money to take to turkey,Turkish lira,"The question ""what money to take to turkey"" is not directly related to the given reasoning chain. However, for traveling",0,0.0,0.8,9568.027745001018,False,tog1,0
WebQTest-604,what kind of music did jimi hendrix play,Psychedelic rock,Rock music.,1,1.0,0.8,5441.413132997695,False,tog1,0
WebQTest-605,what degrees did obama get in college,Juris Doctor,The given information does not provide any details about Barack Obama's college degrees. The reasoning chain focuses on books related to his,0,0.0,0.8,9609.120811001048,False,tog1,0
WebQTest-606,who were alexander graham bell 's siblings,Edward Charles Bell,The given information does not provide any details about Alexander Graham Bell's siblings. The provided chain is about David E. Bell,0,0.14285714285714288,0.8,9375.546058996406,False,tog1,0
WebQTest-608,when did liverpool fc last win the champions league,2012 Football League Cup Final,"The given chain does not provide information about Liverpool FC or their Champions League victories. To answer the question ""When did Liverpool",0,0.07407407407407407,0.8,9393.912501996965,False,tog1,0
WebQTest-609,who played jeannie,Barbara Eden,Jean Harlow,0,0.0,0.8,9338.140776999353,False,tog1,0
WebQTest-611,where was st peter killed,Rome,"To determine where St. Peter was killed, we need to consider historical and religious accounts.",0,0.0,0.8,1450.2781670016702,False,tog1,0
WebQTest-612,who does jeremy shockey play for in 2012,Carolina Panthers,"Based on the given information, we cannot determine who Jeremy Shockey plays for in 2012. The provided",0,0.0,0.8,9676.328456000192,False,tog1,0
WebQTest-613,what college did deion sanders jr go to,Florida State University,The given information does not provide any details about which college Deion Sanders Jr. attended.,0,0.0,0.8,9368.443147002836,False,tog1,0
WebQTest-614,when did the battle of alamo start,1836-02-23,The reasoning chain provided does not contain any information about the Battle of the Alamo or its start date. The chain is,0,0.0,0.8,6279.622774003656,False,tog1,0
WebQTest-615,what were the names of henry viii 's three children,"Henry, Duke of Cornwall","The question about Henry VIII's children does not match the provided reasoning chain, which discusses Edward VIII and some medical conditions associated",0,0.12903225806451613,0.8,9512.058006002917,False,tog1,0
WebQTest-616,what was queen elizabeth ii childhood nickname,Elizabeth II,The given information does not provide any details about Queen Elizabeth II's childhood nickname. The provided data focuses on her roles as,0,0.16,0.8,9529.46109399636,False,tog1,0
WebQTest-617,where did tim tebow grow up,Makati,"Tim Tebow grew up in Spring, Texas.",0,0.0,0.8,1455.5949659988983,False,tog1,0
WebQTest-618,where is chesapeake bay bridge,Anne Arundel County,The given chain does not contain information about the Chesapeake Bay Bridge. The chain only provides details about the Lincoln Memorial Bridge,0,0.0,0.8,9407.254733996524,False,tog1,0
WebQTest-619,who played victoria barkley,Barbara Stanwyck,"The statement ""who played victoria barkley"" is incorrect. Victoria Beckham's profession is listed as an actor, but",0,0.0,0.8,9309.919045997958,False,tog1,0
WebQTest-620,where did kennedy 's inaugural address take place,United States Capitol,"The location of Kennedy's inaugural address is not directly provided in the given chain. However, based on historical records, John",0,0.0,0.8,9302.55333900277,False,tog1,0
WebQTest-621,what countries have german as the official language,Belgium,"Based on the given reasoning chain, Germany and Canada have German as an officially spoken language. The chain specifically mentions Germany and",0,0.16666666666666669,0.8,9518.348088000494,False,tog1,0
WebQTest-622,where did the taliban began,Afghanistan,The given information does not specify where the Taliban began. The chain of reasoning focuses on general information about Afghanistan and the War,0,0.08333333333333333,0.8,9255.038848001277,False,tog1,4
WebQTest-624,who plays elena gilbert on vampire diaries,Nina Dobrev,The information provided in the reasoning chain does not contain any details about the actress who plays Elena Gilbert on Vampire Diaries.,0,0.0,0.8,9477.361909004685,False,tog1,0
WebQTest-626,what does the missouri river bisect,South Dakota,"The Missouri River bisects North Dakota and Montana, but this information is not directly supported by the given reasoning chain.",0,0.18181818181818182,0.8,9527.577670000028,False,tog1,0
WebQTest-627,what nationality is taylor lautner jacob black,United States of America,Taylor Lautner and Richard Taylor are different individuals. There is no information provided about Richard Taylor's nationality in the given,0,0.0,0.8,9380.664395001077,False,tog1,5
WebQTest-628,what animal represents california,California grizzly bear,The given information does not provide any details about an animal representing California. The chain of reasoning focuses on geographical and organizational aspects,0,0.07692307692307691,0.8,9395.487096997385,False,tog1,0
WebQTest-629,what company does nike own,NIKE IHM Inc,"Nike owns several companies and brands. One of its notable owned entities is Hurley International LLC, a clothing brand known for",0,0.25,0.8,1471.7537870019441,False,tog1,0
WebQTest-630,what language do colombian people speak,Cuiba language,"The reasoning chain provided does not contain information about Colombia or its languages. Based on the given chain, we can only infer",0,0.0,0.8,9482.76439399342,False,tog1,0
WebQTest-631,what year did ray allen join the nba,1996,The given information does not contain any details about Ray Allen joining the NBA or any specific years. The provided chain focuses on,0,0.0,0.8,9375.216234002437,False,tog1,0
WebQTest-633,what is claire danes famous for,Voice Actor,"The information provided does not mention Claire Danes or her fame. The person discussed is Claire McCardell, an American",0,0.0,0.8,9365.325168000709,False,tog1,0
WebQTest-634,what county is san antonio in,Medina County,"The given information does not specify which county San Antonio is in. To accurately answer this question, we would need additional data",0,0.08333333333333334,0.8,9370.771268004319,False,tog1,0
WebQTest-635,what characters does matt stone do,Terrance Henry Stoot,"Matt Stone is not mentioned in the given reasoning chain. The chain refers to Oliver Stone, who is a film director and",0,0.13333333333333333,0.8,9405.033254995942,False,tog1,0
WebQTest-636,what timezone is the state of michigan and,UTC−05:00,The state of Michigan is in the Eastern Time Zone (ET) and possibly the Central Time Zone (CT) depending on,0,0.4,0.8,9306.347520003328,False,tog1,0
WebQTest-637,what type of government did soviet union have,Soviet democracy,Marxist-Leninist government,0,0.0,0.8,9409.250026001246,False,tog1,0
WebQTest-638,what languages are there in japan,Esperanto Language,"The given chain of information does not provide details about languages spoken in Japan. To answer the question about languages in Japan,",0,0.0,0.8,9544.222860997252,False,tog1,0
WebQTest-639,what year did the bulls get rodman,1995,The given information does not provide any details about the Chicago Bulls or when Julius Rodman was acquired by the team. The,0,0.0,0.8,9478.228791005677,False,tog1,0
WebQTest-640,who was saint paul the apostle,Missionary,"Saint Paul the Apostle was a male figure in Christianity. He is known for his works related to identity, memory, and",0,0.0,0.8,9513.97905700287,False,tog1,0
WebQTest-642,where did vince scully go to college,Fordham University,"The information provided does not contain any details about Vince Scully or his college education. Therefore, it is not possible to",0,0.0,0.8,9415.31222499907,False,tog1,0
WebQTest-643,where does princess leia live,Alderaan,The given information does not provide any details about Princess Leia's residence. The chain of reasoning focuses on Palmyra At,0,0.0,0.8,9391.586800004006,False,tog1,0
WebQTest-644,what famous people are from el salvador,Mario Wilfredo Contreras,The given chain does not provide information about famous people from El Salvador. It only gives details about El Salvador being a country,0,0.13793103448275862,0.8,9478.236161994573,False,tog1,0
WebQTest-645,what type of art did leonardo da vinci make,Painting,The given chain does not provide information about Leonardo da Vinci or the types of art he made. The chain focuses on Leonardo,0,0.0,0.8,9413.40446799586,False,tog1,0
WebQTest-646,where did mary bell live,Newcastle upon Tyne,The information provided does not specify where Mary Bell lived. The given chain contains details about locations like Belltown and Polk,0,0.0,0.8,9395.997920997615,False,tog1,0
WebQTest-648,who did kimberly williams marry,Brad Paisley,The information provided does not specify who Kimberly Williams married. The given data only states that Amanda Williams is a sibling of Kimberly,0,0.0,0.8,9524.416777996521,False,tog1,0
WebQTest-649,what other movies has ryan gosling been in,Lars and the Real Girl,"The given information does not provide any details about Ryan Gosling's movies. To answer the question, information specific to Ryan",0,0.16666666666666666,0.8,9200.88126900373,False,tog1,0
WebQTest-650,what political party does julia gillard belong to,Australian Labor Party,The given information does not provide any details about Julia Gillard's political party. The provided chain focuses on Julia Ward Howe,0,0.08,0.8,8398.29902099882,False,tog1,0
WebQTest-651,what is the currency of germany now,Euro,"To determine the current currency of Germany, we need to follow a logical path based on the given reasoning chain. However,",0,0.0,0.8,9271.108599998115,False,tog1,0
WebQTest-652,what kind of hispanic is selena gomez,Italian American,"The information provided does not specify a particular Hispanic ethnicity for Selena Gomez. To accurately answer this question, we would need",0,0.0,0.8,9178.530523000518,False,tog1,0
WebQTest-653,who did denise van outen married,Lee Mead,Denise Van Outen is married to Matthew Murray.,0,0.0,0.8,1450.682801005314,False,tog1,0
WebQTest-654,what are egyptian money called,Egyptian pound,Egyptian money is called Egyptian pounds.,0,0.4,0.8,9506.726134997734,False,tog1,0
WebQTest-655,what is the zip code for wyoming michigan,49509,"The given information does not provide specific details about zip codes in Wyoming, Michigan. To find the correct zip code, additional",0,0.0,0.8,9516.535356000531,False,tog1,0
WebQTest-656,who is the president of costa rica in 2012,Laura Chinchilla,The given information does not provide any details about the president of Costa Rica in 2012. To answer this,0,0.0,0.8,9488.687387995014,False,tog1,0
WebQTest-657,where did martin luther king got shot at,Memphis,Memphis,1,1.0,0.8,9438.234633998945,False,tog1,2
WebQTest-658,who wrote the gospel according to john,John the Evangelist,The Gospel of John was not written by Augustine of Hippo. Augustine of Hippo wrote Tractates on the Gospel,0,0.25531914893617025,0.8,9410.721282998566,False,tog1,0
WebQTest-659,what form of government is the uk,Parliamentary system,The UK has a parliamentary democracy.,0,0.25,0.8,9393.318438000279,False,tog1,0
WebQTest-661,who did nasri play for before arsenal,Olympique de Marseille,The given information does not contain any details about Nasri playing for any team before Arsenal. The provided chain focuses on Nas,0,0.0,0.8,9430.078217999835,False,tog1,0
WebQTest-662,what currency does the czech republic use now,Czech koruna,Czech Koruna,1,1.0,0.8,9477.907220003544,False,tog1,0
WebQTest-663,what age did william penn get married,1672-04-04,The given information does not provide any details about William Penn's age at marriage. The text focuses on Benjamin Franklin's interactions,0,0.0,0.8,9499.706532005803,False,tog1,0
WebQTest-664,what was firefox programmed in,JavaScript,The given reasoning chain does not provide any information about Firefox or its programming language. The chain is about TV programs and their,0,0.0,0.8,9191.106020000007,False,tog1,0
WebQTest-665,what government does new zealand have,Parliamentary system,"The information provided in the reasoning chain does not directly state the current form of government of New Zealand. However, based on",0,0.08333333333333334,0.8,9518.734664001386,False,tog1,0
WebQTest-666,where is isthmus of panama located on the map,South America,"The Isthmus of Panama is located between North and South America on a map, connecting these two continents. It is",0,0.18181818181818182,0.8,9596.856814001512,False,tog1,0
WebQTest-667,what is the capital of republic of ireland,Dublin,"The reasoning chain provided does not contain information about the capital of the Republic of Ireland. Based on general knowledge, the capital",0,0.0,0.8,9506.99264499417,False,tog1,0
WebQTest-668,what has kristen stewart acted in,The Flintstones in Viva Rock Vegas,"Based on the given chain, Kristen Stewart has acted in ""The Yellow Handkerchief,"" as indicated by the reference to",0,0.4166666666666667,0.8,9347.465971004567,False,tog1,0
WebQTest-669,what did dr josef mengele do,Physician,The provided reasoning chain does not contain any information about Dr. Josef Mengele. The chain focuses on Mário Fer,0,0.0,0.8,9594.500263003283,False,tog1,0
WebQTest-670,what kind of language does egypt speak,Modern Standard Arabic,The Egyptian language is a human language spoken in Africa and uses the Arabic alphabet for writing. It belongs to the class of,0,0.07692307692307691,0.8,9434.793657004775,False,tog1,0
WebQTest-671,who are the senators of hawaii 2012,Mazie Hirono,"To provide the specific senators for Hawaii in 2012, we would need to look up historical records. Based",0,0.0,0.8,9363.66327900032,False,tog1,0
WebQTest-672,what form of government does north korea have,Single-party state,"The provided reasoning chain does not contain information about North Korea's form of government. It focuses on the Korean War, commanders",0,0.0,0.8,9328.833542000211,False,tog1,0
WebQTest-673,where did robert kardashian go to college,University of San Diego School of Law,The information provided does not contain any details about Robert Kardashian's college attendance. The given chain is about John F. Kennedy,0,0.0,0.8,9496.481859001506,False,tog1,0
WebQTest-675,what county is st james city fl in,Lee County,"The information provided does not specify which county St. James City, FL is located in. To answer this question, additional",0,0.09090909090909091,0.8,9519.447724000202,False,tog1,0
WebQTest-676,what did the akkadian empire include,Akkad,The given information does not directly describe the territories of the Akkadian Empire but provides details about the geographical and linguistic context,0,0.0,0.8,9360.032368997054,False,tog1,0
WebQTest-677,after how many years are the olympic games held,Quadrennial,The Olympic Games are held every four years.,0,0.0,0.8,9530.54472200165,False,tog1,0
WebQTest-678,what system of government does guyana have,Semi-presidential system,"The information provided does not include details about Guyana's system of government. Based on the given chain, we know that",0,0.08333333333333333,0.8,9542.654953002057,False,tog1,0
WebQTest-680,what team did aguero play for,Manchester City F.C.,The information provided in the reasoning chain does not contain any data related to Sergio Aguero or his team affiliations. Therefore,0,0.08,0.8,9440.733786999772,False,tog1,0
WebQTest-681,who is the president of the european union 2012,Jerzy Buzek,The given information does not provide any details about the presidency of the European Union in 2012. To answer,0,0.0,0.8,9470.606080001744,False,tog1,0
WebQTest-683,what year was kenya moore crowned miss usa,Miss USA 1993,The given reasoning chain does not provide any information about Kenya Moore or her coronation as Miss USA. The chain focuses on,0,0.16,0.8,9414.153156998509,False,tog1,0
WebQTest-684,what sort of government does nigeria have,Presidential system,"The given chain does not provide information about Nigeria's government type. To answer the question, we would need additional data linking",0,0.0,0.8,9387.98227100051,False,tog1,0
WebQTest-685,where does chef ina garten live,Brooklyn,"The given information does not provide any details about where Chef Ina Garten lives. To answer the question, additional data would",0,0.0,0.8,9342.34854499664,False,tog1,0
WebQTest-686,when the atlanta braves won the world series,1995 World Series,"The given information does not provide details about when the Atlanta Braves won the World Series. To answer this question, we would",0,0.16,0.8,9359.580043004826,False,tog1,0
WebQTest-688,what kind of language do they speak in iran,Pashto language,"The primary language spoken in Iran is Persian (Farsi), which is not directly mentioned in the given chain but is implied",0,0.17391304347826084,0.8,9401.019335004094,False,tog1,0
WebQTest-689,what was the first language spoken in spain,Spanish Language,The reasoning chain provided does not contain information about the first language spoken in Spain. The chain focuses on the Spanish language and,0,0.23076923076923078,0.8,9543.305905004672,False,tog1,0
WebQTest-690,what did scott joplin play,Jazz piano,The given chain does not provide information about what Scott Joplin played. The chain focuses on geographical and temporal details about,0,0.0,0.8,9400.477559996943,False,tog1,0
WebQTest-691,what school did miley cyrus,Heritage Elementary School,"The given information does not provide any details about Miley Cyrus's schooling. Therefore, based on the provided reasoning chain,",0,0.0,0.8,9468.79808799713,False,tog1,0
WebQTest-693,what language do most people speak in afghanistan,"Farsi, Eastern Language","The reasoning chain provided does not contain information about the languages spoken in Afghanistan. To answer the question, we would need data",0,0.0,0.8,9293.650960004015,False,tog1,0
WebQTest-694,who is the prime minister of jamaica west indies,Portia Simpson-Miller,Portia Simpson-Miller,1,1.0,0.8,9369.927886000369,False,tog1,5
WebQTest-695,what role did paul mccartney play in the beatles,Bass,Paul McCartney was a member of The Beatles. He played bass guitar and sang lead vocals on several songs. He was also,0,0.16666666666666669,0.8,1450.899877003394,False,tog1,0
WebQTest-696,when did juventus win the champions league,1996 UEFA Champions League Final,The given chain does not provide information about Juventus or the UEFA Champions League. The chain focuses on the 201,0,0.24,0.8,9406.20683200541,False,tog1,0
WebQTest-698,who is robin roberts father,Lawrence E. Roberts,"The given information does not provide any details about Robin Roberts' father. The provided data focuses on Robin Roberts' gender,",0,0.15384615384615383,0.8,9399.291116002132,False,tog1,0
WebQTest-699,what is the capital of australia victoria state,Melbourne,The reasoning chain provided does not contain information about the capital of Victoria State in Australia. It only mentions the Australian Capital Territory,0,0.0,0.8,9497.043852003117,False,tog1,0
WebQTest-700,where is french spoken most,Equatorial Guinea,"Based on the given information, French is spoken most in France and also in parts of Canada, Louisiana (United States),",0,0.09523809523809523,0.8,9531.282511001336,False,tog1,0
WebQTest-701,what team is reggie bush on 2011,Miami Dolphins,The information provided does not contain any details about Reggie Bush or his team in 2011. To answer this,0,0.0,0.8,9374.259500997141,False,tog1,0
WebQTest-702,what highschool did emily osment go to,Flintridge Preparatory School,"The information provided in the reasoning chain does not contain any details about Emily Osment or her high school. Therefore, it",0,0.08333333333333333,0.8,8545.104848999472,False,tog1,0
WebQTest-703,what currency should i take to mexico,Mexican peso,"To determine the appropriate currency to take to Mexico, consider using Mexican Pesos (MXN) or having access to U",0,0.09523809523809525,0.8,9268.414794998534,False,tog1,0
WebQTest-704,who is thor heyerdahl,Ethnographer,The information provided in the reasoning chain does not contain any details about Thor Heyerdahl. The chain only contains information about,0,0.0,0.8,9378.904292003426,False,tog1,0
WebQTest-706,where did troy aikman play football,Dallas Cowboys,"Based on the given information, Troy Aikman's location details suggest he was from Ohio, United States of America.",0,0.0,0.8,9385.520133997488,False,tog1,0
WebQTest-707,who played cletus hogg,Jack Polick,The given information does not provide any details about who played Cletus Hogg. The reasoning chain focuses on William Hog,0,0.0,0.8,9398.227970996231,False,tog1,0
WebQTest-708,who won fa cup 1976,Southampton F.C.,The information provided in the reasoning chain does not contain any details about the winner of the 1976 FA Cup,0,0.0,0.8,3992.5514819988166,False,tog1,0
WebQTest-709,what did general robert e lee die from,Pneumonia,The given reasoning chain does not contain information about General Robert E. Lee or the cause of his death. The chain is,0,0.0,0.8,9249.906841003394,False,tog1,0
WebQTest-710,what style of art did henri matisse do,Neo-impressionism,The given chain does not provide information about Henri Matisse or his art style. The chain focuses on Claude Henri de,0,0.08695652173913042,0.8,9477.378111005237,False,tog1,0
WebQTest-711,who plays chuck bass in gossip girl,Ed Westwick,"The information provided does not contain any details about Chuck Bass or his actor in Gossip Girl. Therefore, I cannot answer",0,0.0,0.8,9366.989982001542,False,tog1,0
WebQTest-712,what countries have territories in oceania,Wallis and Futuna,"Oceania contains Australia, Melanesia, and Kiribati. Therefore, these countries have territories in Oce",0,0.14285714285714288,0.8,9457.351712997479,False,tog1,0
WebQTest-713,what county is st. louis park in,Hennepin County,"The given information does not specify which county ""St. Louis Park"" is in. It only provides details about St.",0,0.09523809523809525,0.8,9454.984137002612,False,tog1,0
WebQTest-714,what is the political system of south africa,Parliamentary republic,"The reasoning chain provided does not contain information about South Africa's political system. To answer the question, additional data would be",0,0.0,0.8,9494.771007994132,False,tog1,0
WebQTest-716,what language group does germany belong to,Indo-European languages,"The German Language belongs to the Indo-European language family, and Germany is a main country where this language is spoken.",0,0.16666666666666666,0.8,9327.134906001447,False,tog1,0
WebQTest-717,what timezone is tucson arizona in right now,Mountain Time Zone,"Tucson, Arizona is typically in the Mountain Time Zone (MT). To provide the current time, you would need to check",0,0.33333333333333337,0.8,9164.927773999807,False,tog1,0
WebQTest-718,when was lucy lawless born,1968-03-29,The given information does not provide Lucy Lawless's birth date. The chain of reasoning is about Louisa May Alcott,0,0.0,0.8,9512.277590001759,False,tog1,0
WebQTest-719,which political party does barack obama represent,Democratic Party,"The information provided in the reasoning chain does not specify which political party Barack Obama represents. To answer this question accurately, additional",0,0.08333333333333334,0.8,9641.540720003832,False,tog1,0
WebQTest-721,what kind of leukemia did jill clayburgh have,Leukemia,The information provided in the reasoning chain does not contain any details about Jill Clayburgh or her leukemia. The chain focuses on,0,0.08695652173913045,0.8,9407.26976699807,False,tog1,0
WebQTest-723,what is there to see in sydney australia,Sydney Markets,"There are many notable sights and attractions in Sydney, Australia, such as the Sydney Opera House, Harbour Bridge, and various",0,0.33333333333333337,0.8,9461.245126003632,False,tog1,0
WebQTest-724,where was marilyn monroe found dead,Brentwood,"The information provided in the reasoning chain does not contain details about Marilyn Monroe's death. The chain focuses on the film """,0,0.0,0.8,9505.798286001664,False,tog1,0
WebQTest-725,what states does the sierra nevada run through,Nevada,"The reasoning chain provided does not contain information about the Sierra Nevada mountain range or the states it runs through. Therefore, based",0,0.08695652173913045,0.8,9522.616176000156,False,tog1,0
WebQTest-726,what language is spoken in greek,Albanian language,American English,0,0.0,0.8,9235.622695006896,False,tog1,0
WebQTest-728,what is the name of the speaker of the house of representatives now 2011,Nancy Pelosi,"John Boehner was the Speaker of the House of Representatives in 2011. However, for a precise and concise",0,0.19999999999999998,0.8,9210.866437999357,False,tog1,0
WebQTest-729,who plays stanley hudson,Leslie David Baker,The information provided does not specify who plays Stanley Hudson. The details given are about Mr Hudson's profession as a record producer,0,0.0,0.8,9496.582125000714,False,tog1,0
WebQTest-730,what record label is kelly clarkson signed with,Sony Music Entertainment,The provided reasoning chain does not contain information about Kelly Clarkson's record label. It only provides details about Kelly Price's birth,0,0.0,0.8,9427.75936700491,False,tog1,0
WebQTest-731,where does tim roth come from,Dulwich,"Based on the given reasoning chain, Tim Roth's place of birth is not directly stated. The chain mentions his works but",0,0.0,0.8,9497.024602998863,False,tog1,0
WebQTest-733,what currency should you take to vietnam,Vietnamese dong,Vietnamese Dong,1,1.0,0.8,9270.410504999745,False,tog1,0
WebQTest-734,who did roger federer married,Mirka Federer,The given information does not contain any details about Roger Federer's marital status or spouse. The provided chain focuses on his,0,0.08333333333333334,0.8,9393.447848000505,False,tog1,0
WebQTest-735,what kind of money do i need in costa rica,Costa Rican colón,"The given information does not specify the type of currency used in Costa Rica. However, in Costa Rica, you would need",0,0.14814814814814814,0.8,9391.971225995803,False,tog1,0
WebQTest-737,what is the name of the capital of belgium,City of Brussels,"The reasoning chain provided does not contain information about the capital of Belgium. To answer the question, we would need additional information",0,0.08,0.8,9491.742664002231,False,tog1,0
WebQTest-738,what kind of government does japan have now,Parliamentary system,The given chain describes administrative divisions within Japan but does not specify the current form of Japanese government. Japan has a parliamentary representative,0,0.08,0.8,9548.406634996354,False,tog1,0
WebQTest-739,what pieces of music did claude debussy compose,La Flûte de Pan,The given reasoning chain does not provide information about the pieces of music Claude Debussy composed. It only gives details about his,0,0.20689655172413793,0.8,9479.54526200192,False,tog1,0
WebQTest-740,who was selena gomez in barney and friends,Gianna,"Selena Gomez was not in Barney and Friends. She is an American actress, singer, and songwriter, while Barney and",0,0.0,0.8,9410.860711002897,False,tog1,0
WebQTest-741,who plays caesar flickerman in the hunger games,Stanley Tucci,The information provided does not contain any details about Caesar Flickerman or his actor in The Hunger Games. The given chain,0,0.0,0.8,9421.865777003404,False,tog1,0
WebQTest-742,where did the gettysburg address,Gettysburg,"The Gettysburg Address was delivered at the Gettysburg Cemetery Ceremony on November 19, 1",0,0.25,0.8,9476.79601299751,False,tog1,0
WebQTest-743,what was the name of jfk 's brothers,"Joseph P. Kennedy, Jr.","The reasoning chain provided does not contain any information about JFK's brothers. Therefore, I cannot answer the question ""What was",0,0.0,0.8,9491.416471995763,False,tog1,0
WebQTest-744,who was tupac signed to,Death Row Records,The provided reasoning chain does not contain information about Tupac Shakur's record label. The chain focuses on Tupac's,0,0.0,0.8,9405.533290002495,False,tog1,0
WebQTest-745,what was augustus caesar famous for,Politician,The given reasoning chain does not provide information about Augustus Caesar. It contains details about William Augustus Bowles and the,0,0.0,0.8,9515.610950002156,False,tog1,0
WebQTest-747,what language does colombia,Cuiba language,"The question appears to be incomplete or incorrectly phrased. Based on the information provided in the reasoning chain, Colombia is",0,0.0,0.8,9533.227079002245,False,tog1,0
WebQTest-748,what is the zip code for schenectady new york,12305,"The provided information does not contain any data related to zip codes or Schenectady, New York. Therefore, it",0,0.0,0.8,9438.573432002158,False,tog1,0
WebQTest-749,who was president in 1988 in the united states,Ronald Reagan,The reasoning chain provided does not contain information about the U.S. President in 1988. It only mentions,0,0.0,0.8,9522.796577999543,False,tog1,0
WebQTest-751,who owns google 2012,David Drummond,The information provided in the reasoning chain does not contain any details about the ownership of Google in 2012.,0,0.0,0.8,1904.23640699737,False,tog1,0
WebQTest-752,what drink did john pemberton create,Coca-Cola,The given information does not provide any details about John Pemberton or his creation of a drink. The chain of reasoning focuses,0,0.0,0.8,9355.008425998676,False,tog1,0
WebQTest-753,what position did stanley matthews play,Outside forward,"The given information does not specify the position Stanley Matthews played. The provided details include his place of birth (Cincinnati),",0,0.0,0.8,9495.476244999736,False,tog1,0
WebQTest-755,what was bonnie prince charlie full name,Charles Edward Stuart,The given information does not provide Bonnie Prince Charlie's full name. The provided data is about an individual named Charlie who is,0,0.0,0.8,9441.191203004564,False,tog1,0
WebQTest-756,who makes the voice of stewie griffin,Seth MacFarlane,The information provided does not contain any details about the voice actor for Stewie Griffin. The chain of facts mentions Eddie,0,0.0,0.8,9400.745902996277,False,tog1,0
WebQTest-757,who is angelina jolie mom and dad,Jon Voight,The given information does not provide Angelina Jolie's parents. To answer the question about Angelina Jolie's parents,0,0.0,0.8,9368.991964998713,False,tog1,0
WebQTest-758,who is the governor of indiana 2009,Mitch Daniels,The provided information does not contain any details about the governor of Indiana in 2009. The given chain focuses,0,0.0,0.8,9464.27249199769,False,tog1,0
WebQTest-759,who brad pitt has dated,Robin Givens,The given information does not provide any details about Brad Pitt's dating history. The provided chain focuses on his nationality and a,0,0.0,0.8,9371.86305400246,False,tog1,0
WebQTest-760,what party does barack obama belong to,Democratic Party,"The information provided in the reasoning chain does not specify which political party Barack Obama belongs to. To answer this question accurately,",0,0.08333333333333334,0.8,9645.060071001353,False,tog1,0
WebQTest-761,what is san francisco zip code,94122,94109,1,1.0,0.8,9364.622640001471,False,tog1,0
WebQTest-762,who has stephen ireland played for,Aston Villa F.C.,The given information does not provide any details about Lawrence Stephen's career or the teams he may have played for. The provided,0,0.0,0.8,9370.795376999013,False,tog1,0
WebQTest-764,where did john mayer go to college,Berklee College of Music,"The given information does not provide any details about John Mayer's college education. Based on the provided reasoning chain, we can",0,0.07692307692307693,0.8,9460.115353998845,False,tog1,0
WebQTest-765,what celebrities has brody jenner dated,Haylie Duff,"The information provided in the reasoning chain does not contain any data about Brody Jenner or his dating history. Therefore, I",0,0.0,0.8,9410.731064002903,False,tog1,0
WebQTest-766,what is malaysian currency,Malaysian ringgit,"The reasoning chain does not directly provide information about Malaysian currency. Based on the given chain, we can infer that Currency is",0,0.08333333333333334,0.8,9425.602807998075,False,tog1,0
WebQTest-768,who owns volkswagen car company,Volkswagen Group,The given information does not provide any details about the ownership of the Volkswagen car company. The provided chain is related to Hear,0,0.08,0.8,5877.219488997071,False,tog1,0
WebQTest-769,which is the main train station in rome,Roma Termini railway station,"Minami-Kesennuma Station is not in Rome; it's in Japan. Based on the given information, there",0,0.09523809523809523,0.8,9393.37548599724,False,tog1,0
WebQTest-770,what did steve mcnair died from,Ballistic trauma,"To determine how Steve McNair died, we need to consider the available information about his death.",0,0.0,0.8,1449.999229000241,False,tog1,0
WebQTest-771,who is the newly elected governor of california,Arnold Schwarzenegger,The information provided does not specify who the newly elected governor of California is. It only mentions that in 196,0,0.0,0.8,9529.123628999514,False,tog1,0
WebQTest-772,who plays roxanne in ghost rider,Eva Mendes,"To determine who plays Roxanne in Ghost Rider, we need to identify the actress assigned to this role in the film.",0,0.0,0.8,1450.53564599948,False,tog1,0
WebQTest-773,where is the sony ericsson company,Minato,The information provided does not specify the location of Sony Ericsson. The chain gives details about the Swedish Patent and Registration Office,0,0.0,0.8,9413.927752997552,False,tog1,0
WebQTest-774,what kind of currency does the dominican republic have,Dominican peso,The reasoning chain provided does not contain information about the Dominican Republic's currency. It only mentions that the Dominican Republic is located,0,0.14814814814814817,0.8,9462.971227003436,False,tog1,0
WebQTest-775,what to do this weekend in manchester with kids,Whitworth Art Gallery,"Visiting museums, parks, or attending family-friendly events at The Gateway newspaper could be fun activities for the weekend in Manchester",0,0.21052631578947364,0.8,9446.227567997994,False,tog1,0
WebQTest-776,what sport is popular in italy,Italy national handball team,"Based on the given reasoning chain, there is no direct information about popular sports in Italy. The chain mentions a participation in",0,0.07692307692307693,0.8,9512.715381999442,False,tog1,0
WebQTest-777,where is the main headquarters of google,Mountain View,The given information does not specify the main headquarters of Google. The provided details are about an organization and a Georgia World Congress,0,0.0,0.8,9475.483034999343,False,tog1,0
WebQTest-778,what was jesse owens education,East Technical High School,"The given information does not provide specific details about Jesse Owens' education. To answer this question accurately, additional historical or bi",0,0.0,0.8,9273.08265100146,False,tog1,0
WebQTest-779,where does carlos santana live,Jalisco,The information provided in the reasoning chain does not contain any details about Carlos Santana's place of residence. The chain only mentions,0,0.0,0.8,9398.327609000262,False,tog1,0
WebQTest-780,what is the new movie john carter about,Action Film,"The information provided does not contain any details about a movie called ""John Carter."" The chain of reasoning focuses on Jimmy Carter",0,0.0,0.8,9491.451582005539,False,tog1,0
WebQTest-782,what countries does nafta include,United States of America,"The reasoning chain provided does not contain information about NAFTA or its member countries. Therefore, based on the given information, I",0,0.0,0.8,9378.195507000783,False,tog1,0
WebQTest-783,what county is houston tx in,Montgomery County,"The reasoning chain provided does not contain information about Houston, Texas. Therefore, I cannot determine which county Houston, TX is",0,0.09090909090909091,0.8,9467.99999599898,False,tog1,0
WebQTest-784,where do the seattle seahawks play,CenturyLink Field,The information provided in the reasoning chain does not contain any details about the Seattle Seahawks or their playing location. To answer the,0,0.0,0.8,9383.40854600392,False,tog1,0
WebQTest-785,who does michael keaton play in cars,Chick Hicks,"The given chain of information does not provide any details about Michael Keaton or his role in the movie ""Cars."" The",0,0.0,0.8,9464.425958001812,False,tog1,0
WebQTest-787,where is the riviera casino,Las Vegas,The reasoning chain indicates that Las Vegas is in the United States of America and is located in the Pacific Time Zone. However,0,0.16,0.8,9359.448253002483,False,tog1,0
WebQTest-788,what is the holy book of the buddhist religion,Gangōji Garan Engi,"The reasoning chain provided does not contain information about the holy book of the Buddhist religion. To answer the question, we would",0,0.08,0.8,9413.600264997513,False,tog1,0
WebQTest-789,who became president when henry harrison died,John Tyler,John Tyler became president upon William Henry Harrison's death in 1841.,0,0.2857142857142857,0.8,9401.02826799557,False,tog1,0
WebQTest-790,where did richard arkwright grow up,"Preston, Lancashire","The given information does not specify where Richard Wright (assuming ""Arkwright"" is a typo) grew up. It",0,0.0,0.8,9570.251763994747,False,tog1,0
WebQTest-791,what other books did louis sachar write,Sixth Grade Secrets,The given chain does not provide information about books written by Louis Sachar. The chain is about characters from a fictional universe,0,0.1764705882352941,0.8,9262.051896999765,False,tog1,0
WebQTest-792,when did roth ira originate,"William V. Roth, Jr.",The information provided does not contain any details about when Philip Roth's IRA (Individual Retirement Account) originated. The given chain,0,0.08,0.8,9491.919492997113,False,tog1,0
WebQTest-794,who does the voice for darth vader,James Earl Jones,The given information does not provide any details about who does the voice for Darth Vader. The reasoning chain focuses on the character,0,0.0,0.8,5973.1503640068695,False,tog1,0
WebQTest-796,what did thomas malthus do,Scientist,The given chain does not provide information about Thomas Malthus or his actions. The chain focuses on Thomas Jefferson's connections,0,0.0,0.8,9344.344422999711,False,tog1,0
WebQTest-797,what is the zip code for newark california,94560,"To find the zip code for Newark, California, we would need to look up the specific postal code associated with that city",0,0.0,0.8,9393.995621001523,False,tog1,0
WebQTest-798,what states share a border with tennessee,Georgia,"Based on the given information, the chain does not directly provide the states that share a border with Tennessee. The provided facts",0,0.0,0.8,9523.765418998664,False,tog1,0
WebQTest-800,what war did the us lose the most soldiers,World War II,The provided reasoning chain does not contain information about which war the U.S. lost the most soldiers in. The chain focuses,0,0.08,0.8,9374.344690004364,False,tog1,0
WebQTest-801,what kind of government is egypt,Semi-presidential system,"The reasoning chain indicates that Egypt has a government, specifically referred to as the ""Government of Egypt."" However, the chain",0,0.16666666666666669,0.8,9418.569435998506,False,tog1,0
WebQTest-802,what musical instruments does justin bieber play,Vocals,"The given information does not specify which musical instruments Justin Bieber plays. To answer this question, we would need additional information about",0,0.0,0.8,9488.2143979994,False,tog1,0
WebQTest-805,where do john lennon die,New York City,"The given information does not specify where John Lennon died. To answer the question, we would need additional details about the location",0,0.0,0.8,9505.139029999555,False,tog1,0
WebQTest-809,what is the current time in bangalore india,India Time Zone,"To determine the current time in Bangalore, India, you would need to know Bangalore's time zone and then check the current",0,0.3076923076923077,0.8,9173.55572100496,False,tog1,0
WebQTest-810,what language do people from greece speak,Albanian language,The people from Greece speak Greek.,0,0.25,0.8,9519.557526000426,False,tog1,0
WebQTest-811,where is the phillies spring training stadium,Bright House Field,"The Philadelphia Phillies' spring training stadium is located in Clearwater, Florida.",0,0.0,0.8,1450.1832489986555,False,tog1,0
WebQTest-812,what movies does matt dallas play in,Naughty or Nice,"Matt Dallas is an actor who has appeared in several movies. Some of the movies he plays in include ""The Expend",0,0.22222222222222224,0.8,1450.7280760008143,False,tog1,0
WebQTest-813,who was john f kennedy 's family,John F. Kennedy Jr.,"John F. Kennedy's family included Patricia Kennedy Lawford and Rosemary Kennedy, among other members.",0,0.5,0.8,9538.225431999308,False,tog1,2
WebQTest-814,where is harley davidson corporate headquarters,Milwaukee,"Windsor Heights, Iowa",0,0.0,0.8,9395.347968005808,False,tog1,0
WebQTest-818,where was the ottoman empire based,Near East,"The Ottoman Empire was based in Konya, as evidenced by the mention of the Battle of Konya in the",0,0.0,0.8,9355.049615005555,False,tog1,0
WebQTest-819,where was bin laden found and killed,Abbottabad,The information provided in the reasoning chain does not contain any details about Bin Laden's location or fate. The chain discusses the,0,0.0,0.8,9463.185066000733,False,tog1,0
WebQTest-820,what are the names of harry potter movies in order,Harry Potter and the Order of the Phoenix,The given information does not provide the names or release order of Harry Potter movies. The chain focuses on Harry LeGore,0,0.5052631578947369,0.8,9396.372896000685,False,tog1,0
WebQTest-821,what did pamela courson die from,Heroin overdose,The given information does not provide any details about Pamela Courson or her cause of death. The provided chain only mentions Pamela,0,0.0,0.8,9390.821014996618,False,tog1,0
WebQTest-822,what did dr jack kevorkian do,Assisted suicide,The given chain does not provide information about Dr. Jack Kevorkian. It only contains information about Jack Ketch,0,0.0,0.8,9557.682760998432,False,tog1,0
WebQTest-823,what does bolivia border,Peru,"The given chain does not provide information about Bolivia's borders. The chain focuses on Peru and the United States, including time",0,0.08695652173913045,0.8,9463.816061994294,False,tog1,2
WebQTest-825,who does nolan ryan play for,Houston Astros,The information provided does not match Errol Nolan with Nolan Ryan. There seems to be a name confusion. Based on the,0,0.0,0.8,6012.001513998257,False,tog1,0
WebQTest-827,what country does justin bieber come from,Canada,"To determine Justin Bieber's country of nationality, we need to follow the given chain:",0,0.0,0.8,9493.128260000958,False,tog1,0
WebQTest-828,what is the head judge of the supreme court called,Chief Justice of the United States,The head judge of the Supreme Court is called the Chief Justice of the United States.,0,0.7692307692307693,0.8,9424.371676999726,False,tog1,6
WebQTest-829,who was frida kahlo influenced by,Diego Rivera,"The given information does not provide any details about Frida Kahlo's influences. Therefore, it is not possible to determine",0,0.0,0.8,9511.761574998673,False,tog1,0
WebQTest-830,where is taylor swift from,Reading,"The information provided about Elizabeth Taylor does not pertain to Taylor Swift. Based on the given data, Elizabeth Taylor was from",0,0.0,0.8,9360.397268996167,False,tog1,0
WebQTest-831,what type of religion does argentina have,Judaism,The provided reasoning chain does not contain information about Argentina's religion. It only provides details about the official language (Spanish),0,0.0,0.8,9351.394915000128,False,tog1,0
WebQTest-832,when is the last time the giants won the world series,2014 World Series,The given information does not contain any details about the San Francisco Giants or their World Series victories. The provided facts are about,0,0.15384615384615383,0.8,9300.861026000348,False,tog1,0
WebQTest-833,what is the main language used in china,Standard Chinese,The given chain does not provide information about the main language used in China. It only describes that the Republic of China is,0,0.0,0.8,5422.186161005811,False,tog1,0
WebQTest-834,where did the battle of waterloo occur,Waterloo,The Battle of Waterloo occurred in Belgium.,0,0.25,0.8,9397.173109995492,False,tog1,0
WebQTest-836,who did vladimir lenin marry,Nadezhda Krupskaya,The given chain does not provide information about Vladimir Lenin's marriage. The chain focuses on Nikita Khrushchev,0,0.0,0.8,9506.6716729998,False,tog1,0
WebQTest-837,what year did the baltimore ravens win superbowl,Super Bowl XXXV,The information provided in the reasoning chain does not contain any details about the Baltimore Ravens or their Super Bowl victories. The chain,0,0.15384615384615383,0.8,5321.918020999874,False,tog1,0
WebQTest-838,what team does cristiano ronaldo play for 2011,Real Madrid C.F.,The given information does not provide any details about Cristiano Ronaldo or his team in 2011. The provided chain,0,0.08695652173913043,0.8,9403.373125998769,False,tog1,0
WebQTest-841,what is money called in italy,Euro,"The question asks about the term for ""money"" in Italian, which is not addressed in the provided reasoning chain. Based",0,0.0,0.8,9566.186028998345,False,tog1,0
WebQTest-843,where did theodor schwann study,Humboldt University of Berlin,The information provided in the reasoning chain does not contain any details about Theodor Schwann's studies or education. The chain,0,0.0,0.8,9619.910282999626,False,tog1,0
WebQTest-845,who are the virginia senators 2013,Jim Webb,The information provided in the reasoning chain does not contain any data about Virginia senators in 2013. The chain,0,0.0,0.8,9542.323225003202,False,tog1,0
WebQTest-846,what was dr seuss 's real name,Theodor Seuss Geisel,The given chain does not provide any information about Dr. Seuss's real name. The chain is about Josiah and,0,0.08695652173913045,0.8,9554.519431003428,False,tog1,0
WebQTest-847,what countries are members of the security council,Vietnam,The United Kingdom is a member of the United Nations Security Council.,0,0.4,0.8,9407.76100900257,False,tog1,0
WebQTest-848,where are the nordic countries,Faroe Islands,"The Nordic countries are located in Scandinavia, which contains Finland and Denmark.",0,0.15384615384615385,0.8,9445.684239995899,False,tog1,0
WebQTest-849,what country sponsored ferdinand magellan,Kingdom of Portugal,The given reasoning chain does not provide information about Ferdinand Magellan or any country sponsoring him. The chain is about Philip Johnson,0,0.0,0.8,9474.608051998075,False,tog1,0
WebQTest-850,what did vera ellen die from,Cancer,"The given information does not include any details about Vera West's cause of death. Therefore, it is not possible to determine",0,0.0,0.8,9307.823609997286,False,tog1,0
WebQTest-851,what is the capital of modern day egypt,Cairo,The reasoning chain provided does not contain information about the capital of modern-day Egypt. To answer the question directly:,0,0.0,0.8,9597.97933200025,False,tog1,0
WebQTest-852,what province is toronto in ( 7 letters ),Ontario,Ontario,1,1.0,0.8,9411.779504000151,False,tog1,0
WebQTest-855,what is the currency of brazil now,Brazilian real,"To determine Brazil's current currency, we need to follow the logical steps provided in the reasoning chain:",0,0.0,0.8,9267.55418000539,False,tog1,0
WebQTest-856,what types of art did andy warhol do,Modern art,"Based on the given chain, Andy Warhol is primarily associated with visual arts, specifically pop art. However, the chain",0,0.1904761904761905,0.8,9459.15671500552,False,tog1,0
WebQTest-857,what other states border florida,Alabama,"Based on the given information, South Carolina borders Florida. The chain of reasoning does not provide any other specific states that border",0,0.0,0.8,9517.001781001454,False,tog1,0
WebQTest-859,what are the predominant religions in russia,Islam,"The information provided does not specify the predominant religions in Russia. To answer this question accurately, we would need additional data on",0,0.0,0.8,9343.701974001306,False,tog1,0
WebQTest-861,who will coach carolina panthers in 2013,Ron Rivera,"To answer the question ""Who will coach Carolina Panthers in 2013?"", the given reasoning chain does not provide",0,0.0,0.8,9339.147397004126,False,tog1,0
WebQTest-862,where did louis sachar grow up,East Meadow,The information provided does not include any details about Louis Sachar or his place of upbringing. The chain of reasoning focuses on,0,0.0,0.8,9266.27635400655,False,tog1,0
WebQTest-865,what to do for fun in houston,The Galleria,The given chain does not provide specific information about activities or places to have fun in Houston. To find suggestions for fun activities,0,0.08,0.8,9369.31229900074,False,tog1,0
WebQTest-866,where did otto frank go to college,Heidelberg University,The given information does not provide any details about Otto Frank's college education. The reasoning chain focuses on David Franks and,0,0.0,0.8,8572.34880499891,False,tog1,0
WebQTest-867,what else has jennifer lawrence played in,X-Men: Days of Future Past,The provided information does not mention any works or roles played by Jennifer Lawrence. The chain of reasoning focuses on Jennifer Lopez and,0,0.2,0.8,9404.818271003023,False,tog1,0
WebQTest-868,who is the governor of pennsylvania state now,Tom Corbett,The information provided does not specify the current governor of Pennsylvania. Benjamin Franklin held the position of President of the Supreme Executive Council,0,0.0,0.8,9543.087764002848,False,tog1,0
WebQTest-869,where is ancient phoenician,Lebanon,"The question ""where is ancient Phoenician"" cannot be directly answered from the given information, as it does not specify",0,0.0,0.8,9400.831621001998,False,tog1,0
WebQTest-870,where does the celtics practice,TD Garden,The information provided does not specify where the Celtics practice. The given facts are about Boston and Massachusetts locations and do not mention,0,0.0,0.8,9399.855944997398,False,tog1,0
WebQTest-872,where bin laden got killed,Abbottabad,The information provided in the reasoning chain does not contain any details about Osama Bin Laden or his location of death. The chain,0,0.0,0.8,9494.46549899585,False,tog1,0
WebQTest-873,where does toronto get its water from,Ashbridges Bay Wastewater Treatment Plant,The given information does not provide any details about Toronto's water sources. The provided chain of reasoning focuses on the country-level,0,0.0,0.8,9378.49751199974,False,tog1,0
WebQTest-874,what language do people from bosnia speak,Bosnian language,"The information provided does not include details about the languages spoken in Bosnia. Based on the given chain, we can only confirm",0,0.0,0.8,9416.912325999874,False,tog1,0
WebQTest-875,where did hugo chavez go to school,Bolivarian Military University of Venezuela,"The given information does not provide any details about Hugo Chavez or his schooling. The reasoning chain focuses on Cesar Chavez,",0,0.0,0.8,9502.22189699707,False,tog1,0
WebQTest-876,who does japan import from,Sudan,The given information does not provide details about who Japan imports from. The chain of statements describes administrative divisions within Japan and their,0,0.07407407407407408,0.8,9413.777096997364,False,tog1,0
WebQTest-877,what is the name of sonia gandhi daughter,Priyanka Gandhi,The information provided in the reasoning chain does not contain any details about Sonia Gandhi's daughter. The chain focuses on Mahat,0,0.08333333333333334,0.8,9571.589021004911,False,tog1,0
WebQTest-878,who do islamic people pray to,Ramdev Pir,Islamic people pray to Allah. The reasoning chain provided gives information about the Islamic Party and its relation to Islamism and Egypt,0,0.08695652173913045,0.8,9362.495882000076,False,tog1,0
WebQTest-879,where was mary todd lincoln from,Lexington,The information provided in the reasoning chain does not contain any details about Mary Todd Lincoln or her place of origin. The chain,0,0.0,0.8,9358.426699996926,False,tog1,0
WebQTest-880,where did charles darwin die,Down House,The information provided in the reasoning chain does not contain any details about Charles Darwin or his place of death. The chain is,0,0.0,0.8,9555.769622995285,False,tog1,0
WebQTest-881,what movies does nick cannon play in,Garfield: The Movie,"The information provided in the reasoning chain does not contain any details about Nick Cannon or his movie roles. Therefore, based on",0,0.22641509433962262,0.8,9193.696059999638,False,tog1,0
WebQTest-882,when did the big earthquake hit san francisco,1906-04-18,"The reasoning chain does not provide a specific date for the earthquake that hit San Francisco. It only indicates that the book """,0,0.0,0.8,9474.515167996287,False,tog1,0
WebQTest-883,who was king george vi married to,Queen Elizabeth The Queen Mother,The information provided does not contain any details about King George VI or his spouse. The given chain is about George R.,0,0.12500000000000003,0.8,9460.430346000066,False,tog1,0
WebQTest-884,where was jesus after he died on the cross,Judea,"According to the given reasoning chain, the information provided does not contain any details about Jesus or his burial place. The chain",0,0.0,0.8,9392.755533001036,False,tog1,0
WebQTest-885,who is sir james dyson,Designer,The information provided in the reasoning chain does not contain any details about Sir James Dyson. The chain focuses on William James,0,0.0,0.8,9500.450447005278,False,tog1,0
WebQTest-886,who voiced darth vader in the original star wars movies,James Earl Jones,The information provided does not contain any details about the voice actor for Darth Vader in the original Star Wars movies. The chain,0,0.0,0.8,5974.211231005029,False,tog1,0
WebQTest-887,what high school did maya angelou go to,George Washington High School,The given reasoning chain does not provide information about Maya Angelou's high school. The chain focuses on her country of nationality,0,0.15384615384615385,0.8,9407.901235004829,False,tog1,0
WebQTest-888,what 5 countries border switzerland,France,The given information does not provide the names of the countries that border Switzerland. The provided chain focuses on languages spoken in and,0,0.0,0.8,9566.70720299735,False,tog1,3
WebQTest-889,what country did benito mussolini govern,Italy,Benito Mussolini governed Italy.,0,0.4,0.8,9601.326724994578,False,tog1,0
WebQTest-891,who was the leader of the first communist party of china,Mao Zedong,Mao Zedong,1,1.0,0.8,9470.780958996329,False,tog1,0
WebQTest-892,what did miles davis died of,Stroke,The given reasoning chain does not provide information about Miles Davis or the cause of his death. The chain focuses on Jefferson Davis,0,0.0,0.8,8799.103707999166,False,tog1,0
WebQTest-893,what is the zip code for azle texas,76098,"The provided information does not contain any data related to the zip code for Azle, Texas. To answer this question accurately",0,0.0,0.8,9357.880296003714,False,tog1,0
WebQTest-894,what date did sally pearson won gold,The London 2012 Summer Olympics,"The provided chain does not contain any information about Sally Pearson or her winning a gold medal. The chain discusses Sally Buck,",0,0.12500000000000003,0.8,9342.65730399784,False,tog1,0
WebQTest-895,when did the detroit pistons last win the championship,2004 NBA Finals,The given information does not provide any details about the Detroit Pistons or their championships. The reasoning chain focuses on Gordon Drummond,0,0.0,0.8,9447.580424995977,False,tog1,0
WebQTest-896,when did the philadelphia flyers win the cup,1974 Stanley Cup Finals,The given chain does not provide information about when the Philadelphia Flyers won the Stanley Cup. The chain only contains general information about,0,0.14814814814814817,0.8,9480.256900002132,False,tog1,0
WebQTest-898,what county is st paul nc in,Robeson County,"The question seems to mix up locations. Paul Strathern is associated with the United Kingdom, not St. Paul,",0,0.0,0.8,9383.495077003317,False,tog1,0
WebQTest-899,where is olympic national park wa,Jefferson County,"The question seems to be about Olympic National Park in Washington, but the provided reasoning chain is about Centennial Olympic Park in",0,0.08695652173913045,0.8,9468.438500000047,False,tog1,0
WebQTest-900,where did nat turner 1831 rebellion occur,Southampton County,The information provided in the reasoning chain does not contain any details about Nat Turner's 1831 rebellion or its,0,0.0,0.8,9307.77742700593,False,tog1,0
WebQTest-901,who would play luke skywalker,Mark Hamill,The given information does not provide any details about who would play Luke Skywalker. The reasoning chain describes characteristics of a fictional character,0,0.0,0.8,9327.48243399692,False,tog1,0
WebQTest-903,where turkish people originate,Bulgaria,The given information does not provide details about the origin of Turkish people. The provided facts are related to Turkey's participation in,0,0.08333333333333333,0.8,9566.374666996126,False,tog1,0
WebQTest-904,what state is barack obama from,Hawaii,"The information provided does not specify Barack Obama's state of origin. Based on the given chain, we can confirm he is",0,0.0,0.8,9637.033156002872,False,tog1,0
WebQTest-905,what years did joe montana win super bowl,1982-01-24,The given chain does not provide information about Joe Montana winning Super Bowls or the years of his victories. The chain is,0,0.0,0.8,9252.899873994465,False,tog1,0
WebQTest-908,what awards gary paulsen won,Margaret Edwards Award,The provided chain does not specify any particular awards won by Gary Paulsen. It only describes general properties related to award-winning,0,0.08,0.8,9296.038936001423,False,tog1,0
WebQTest-910,where did alexander graham bell die,"Beinn Bhreagh, Nova Scotia",The given information does not provide any details about Alexander Graham Bell's place of death. The chain of reasoning focuses on David,0,0.0,0.8,9383.050127005845,False,tog1,0
WebQTest-911,what year did the golden state warriors win their first nba championship,1975 NBA Finals,"To determine the year the Golden State Warriors won their first NBA championship, we need to look at their history. The Golden",0,0.08,0.8,1451.9583090004744,False,tog1,0
WebQTest-912,what currency should i take to turkey,Turkish lira,"The given information does not provide details about Turkey's currency. To travel to Turkey, you should take Turkish Lira (",0,0.18181818181818182,0.8,9584.93692400225,False,tog1,0
WebQTest-914,what countries are in the uk yahoo,Wales,"The given information does not list specific countries within the UK. The United Kingdom itself is a single country, and the provided",0,0.0,0.8,9582.008147001034,False,tog1,0
WebQTest-915,what superbowl did the baltimore ravens win,Super Bowl XXXV,The Baltimore Ravens won Super Bowl XLVII in 2013.,0,0.5,0.8,9407.631883004797,False,tog1,0
WebQTest-916,what is the language of russia s spoken,Erzya Language,"The information provided does not contain details about the languages spoken in Russia. Based on the given chain, we can only confirm",0,0.0,0.8,9423.959810999804,False,tog1,0
WebQTest-918,who is the king of cambodia now,Norodom Sihamoni,"The reasoning chain provided does not contain any information about the current king of Cambodia. The chain focuses on the United Kingdom,",0,0.0,0.8,9410.737840997172,False,tog1,0
WebQTest-919,who are serena williams parents,Oracene Price,The given information does not provide any details about Serena Williams' parents.,0,0.14285714285714285,0.8,9519.515489999321,False,tog1,0
WebQTest-920,what schools did sir isaac newton go to,"Trinity College, Cambridge",The given information does not provide details about the schools Sir Isaac Newton attended. The chain of influences only indicates that Isaac Newton,0,0.15789473684210528,0.8,9510.927067000011,False,tog1,0
WebQTest-921,what was the cause of death for huell howser,Prostate cancer,"To answer the question ""What was the cause of death for Huell Howser?"", we would need specific information about Hu",0,0.0,0.8,9192.564791002951,False,tog1,0
WebQTest-922,what books are written by suzanne collins,Gregor the Overlander,"The given reasoning chain does not provide information about Suzanne Collins or her books. Therefore, based on the provided chain, it",0,0.14814814814814814,0.8,9595.581387002312,False,tog1,0
WebQTest-923,what countries does england border,Wales,"England does not border any other countries; it is part of the United Kingdom, which is an island nation surrounded by the",0,0.0,0.8,9483.396055999037,False,tog1,0
WebQTest-924,what team did messi play for in 2010,FC Barcelona,"The given information does not contain any data related to Lionel Messi or his teams. Therefore, it's impossible to determine which",0,0.0,0.8,9608.272311998007,False,tog1,0
WebQTest-925,what time zone is greensburg indiana,Eastern Time Zone,"Greensburg, Indiana is in the Central Time Zone. The reasoning chain confirms that the Central Time Zone has specific characteristics and",0,0.2962962962962963,0.8,9228.791456000181,False,tog1,0
WebQTest-927,who plays voldemort,Richard Bremmer,The information provided in the reasoning chain does not contain any details about who plays Voldemort. The chain is about John A.,0,0.0,0.8,9397.74066300015,False,tog1,0
WebQTest-928,what colleges did harper lee attend,University of Alabama,m.0lwxmyl,0,0.0,0.8,9568.072957001277,False,tog1,0
WebQTest-929,who founded the kkk,James R. Crowe,The information provided in the reasoning chain does not contain any details about the founding of the KKK (Ku Klux,0,0.0,0.8,9291.789228002017,False,tog1,0
WebQTest-931,what jobs did john adams have before he was president,United States Ambassador to the United Kingdom,The given information does not provide details about John Adams's jobs before he became president. The provided chain focuses on his religion,0,0.18750000000000003,0.8,9485.93444799917,False,tog1,0
WebQTest-932,what year did super mario bros 2 come out,1988-10,Super Mario Bros. 2 was released in Japan in 1988 and in North America in 19,0,0.1111111111111111,0.8,1452.9968700007885,False,tog1,0
WebQTest-933,what political party did andrew johnson belong to,National Union Party,"The given chain does not provide information about Andrew Johnson's political party. Based on the provided information, Andrew Johnson was a",0,0.08333333333333334,0.8,9402.710763999494,False,tog1,0
WebQTest-935,where was osama bin laden killed,Abbottabad,The information provided does not contain details about Osama Bin Laden's location at his death. The chain describes the Ras Burqa,0,0.0,0.8,9432.694424998772,False,tog1,0
WebQTest-936,where were greek temples built,Shahhat,The information provided does not specify where Greek temples were built. It only indicates that Greece is located in Europe and that UNESCO,0,0.0,0.8,9474.812740998459,False,tog1,0
WebQTest-937,where are people who speak arabic from,Jordan,"People who speak Arabic are from countries such as Iraq and Saudi Arabia, among others where Arabic is spoken.",0,0.1904761904761905,0.8,9475.837403995683,False,tog1,0
WebQTest-938,who was queen elizabeth ii mom,Queen Elizabeth The Queen Mother,The reasoning chain provided does not contain information about Queen Elizabeth II's mother. It only mentions her as a monarch of Jamaica,0,0.29629629629629634,0.8,9525.860993002425,False,tog1,0
WebQTest-939,what type of art did pablo picasso paint,Picasso's African Period,"To answer the question ""What type of art did Pablo Picasso paint?"", we need to focus on the types of art Pablo",0,0.15384615384615385,0.8,5308.58403199818,False,tog1,0
WebQTest-941,what is ella fitzgerald parents name,William Fitzgerald,The information provided does not mention Ella Fitzgerald's parents. It only provides details about characters named Ella Richardson and Mandy Richardson,0,0.08333333333333334,0.8,9347.855971995159,False,tog1,0
WebQTest-942,who is anne hathaway parents,Gerald Hathaway,The given information does not provide any details about Anne Hathaway's parents. The provided chain focuses on the influences and relationships,0,0.08333333333333334,0.8,9391.771669004811,False,tog1,0
WebQTest-943,who does don draper gets engaged to,Betty Draper,The information provided in the reasoning chain does not contain any details about Don Draper or his engagements. The chain is about,0,0.08333333333333334,0.8,9470.447865001915,False,tog1,0
WebQTest-944,what was van halen first album,Ain't Talkin' 'Bout Love,"To answer the question ""What was Van Halen's first album?"", the provided reasoning chain does not contain specific information about",0,0.0,0.8,9177.905787000782,False,tog1,0
WebQTest-945,what political system did spain have,Monarchy,"The information provided does not specify Spain's political system. The given chain only indicates that Spain is a sovereign state, which",0,0.08333333333333334,0.8,9610.978651995538,False,tog1,0
WebQTest-948,what are the supreme court cases,League of United Latin American Citizens v. Perry,The given chain does not provide specific information about individual Supreme Court cases. It only describes the jurisdiction and relationships between the Supreme,0,0.2823529411764706,0.8,9460.491728001216,False,tog1,0
WebQTest-949,what is penn state 's main campus,University Park,The given information does not directly provide details about Penn State's main campus. The provided chain focuses on the University of Pennsylvania,0,0.08,0.8,9351.386007001565,False,tog1,0
WebQTest-952,what country does alaska belong to,United States of America,"Alaska belongs to the United States of America. To determine this, we can follow the logical connections provided in the reasoning chain",0,0.3076923076923077,0.8,9523.283028996957,False,tog1,1
WebQTest-953,where is kansas city,Platte County,"Kansas City is located in the state of Kansas, which is within the United States of America. The country's time zone",0,0.0,0.8,9425.944593996974,False,tog1,0
WebQTest-954,what was pink floyd 's first album,Psychedelic Session-compilation album,The provided reasoning chain does not specify Pink Floyd or their first album. To answer the question about Pink Floyd's first album,0,0.12903225806451613,0.8,9207.233859000553,False,tog1,0
WebQTest-955,who did granville t. woods married,Loretta Woods,The information provided in the reasoning chain does not contain any details about Granville T. Woods' marital status or spouse.,0,0.09090909090909091,0.8,9351.62033400411,False,tog1,0
WebQTest-957,what language did the sioux indians speak,Sioux language,"The reasoning chain provided does not contain information about the languages spoken by the Sioux Indians. Therefore, I cannot answer the question",0,0.08333333333333334,0.8,9419.812458996603,False,tog1,0
WebQTest-958,what are some famous people from el salvador,Mario Wilfredo Contreras,"The given chain does not provide information about famous people from El Salvador. It only provides details about the country's currency,",0,0.08,0.8,9377.520247995562,False,tog1,0
WebQTest-959,who did brett gardner play for in 2008,New York Yankees,"The given information does not contain any details about Brett Gardner or his playing history, so it's impossible to determine who he",0,0.0,0.8,6064.474713995878,False,tog1,0
WebQTest-960,who plays dwight in the office,Rainn Wilson,"The question ""who plays Dwight in The Office"" does not match the provided reasoning chain, which discusses Dwight D. Eisenhower",0,0.0,0.8,9528.649537998717,False,tog1,0
WebQTest-962,what county is san diego ca,San Diego County,"San Diego is in San Diego County. To directly answer your question based on the information provided in the reasoning chain, it",0,0.37037037037037035,0.8,9336.425507994136,False,tog1,0
WebQTest-963,who is the miami dolphins quarterback,Ryan Tannehill,"To determine the Miami Dolphins' quarterback, we need to follow the given information and make logical inferences:",0,0.0,0.8,9351.191578003636,False,tog1,0
WebQTest-965,where did anne frank go to school,Montessori Lyceum Amsterdam,The information provided does not specify Anne Frank's school. The chain of reasoning focuses on Martin Luther King High School and does,0,0.0,0.8,9376.517119999335,False,tog1,0
WebQTest-966,what basketball player is married to monica,Shannon Brown,"The given information does not mention any basketball player being married to Monica. Therefore, the answer cannot be determined from the provided",0,0.0,0.8,9435.749892996682,False,tog1,0
WebQTest-967,what did hitler use to kill himself,Ballistic trauma,Hitler used cyanide and his pistol to kill himself. The reasoning chain provided is not directly relevant to answering the question about,0,0.0,0.8,5972.476575996552,False,tog1,0
WebQTest-968,what do people speak in germany,Low German,"The primary language spoken in Germany is German. Based on the given information, German is spoken in Germany and is the main",0,0.24000000000000002,0.8,9364.099975995487,False,tog1,0
WebQTest-969,when is the last time the denver broncos won the superbowl,Super Bowl XXXIII,"The Denver Broncos last won the Super Bowl in Super Bowl XXXIII. This game was played on January 26,",0,0.4166666666666667,0.8,1457.0649250017595,False,tog1,0
WebQTest-970,where was caesar when he was stabbed,Theatre of Pompey,"The question appears to be about Caesar and his location at the time of his assassination, but the provided reasoning chain is about",0,0.07692307692307691,0.8,9457.436862001487,False,tog1,0
WebQTest-971,what style of music did bessie smith perform,Blues,The given chain does not provide information about Bessie Smith's music style. The chain is focused on Aretha Franklin,0,0.0,0.8,9456.75991600001,False,tog1,0
WebQTest-972,what team did jackie robinson,Los Angeles Bulldogs,The given information does not provide any details about Jackie Robinson or his team. The reasoning chain focuses on Gerald Robinson's place,0,0.0,0.8,9430.599300998438,False,tog1,0
WebQTest-973,what time zone is chicago in right now,Central Time Zone,"Chicago is typically in the Central Time Zone (CT). To provide the current time, you would need to check the local",0,0.32,0.8,9304.07506699703,False,tog1,0
WebQTest-975,who was the vice president under ronald reagan,George H. W. Bush,"To determine the vice president under Ronald Reagan, we need to identify the specific individual who held that office during his presidency.",0,0.0,0.8,9334.140580001986,False,tog1,0
WebQTest-976,where do the chicago white sox play home games,Comiskey Park,The information provided in the reasoning chain does not specify where the Chicago White Sox play their home games. The chain confirms that,0,0.0,0.8,9393.521318997955,False,tog1,0
WebQTest-977,what part did jeff conaway play in grease,Kenickie Murdoch,The given chain does not provide information about Jeff Conaway or his role in Grease. The chain is about Tyler Perry,0,0.0,0.8,1901.3282710002386,False,tog1,0
WebQTest-978,what book did benjamin franklin published,The Drinker's Dictionary,"Based on the given information, there is no explicit mention of a book that Benjamin Franklin published. The provided details include an",0,0.3818181818181818,0.8,9519.107783002255,False,tog1,0
WebQTest-979,what currency to take to barbados,Barbadian dollar,"To determine the currency to take to Barbados, we need to identify the primary currency used there. While the given chain",0,0.0,0.8,9408.388503004971,False,tog1,0
WebQTest-980,where did they get the name stanley cup,"Frederick Stanley, 16th Earl of Derby",The information provided in the reasoning chain does not contain any details about the origin of the Stanley Cup name. The chain focuses,0,0.13793103448275862,0.8,9578.269017998537,False,tog1,0
WebQTest-982,what is the zip code of syracuse ny,13220,"The provided information does not contain the zip code for Syracuse, NY. To answer the question, additional data about Syracuse,",0,0.0,0.8,9371.187536002253,False,tog1,0
WebQTest-983,where did tennessee williams go to college,University of Missouri,"The information provided does not include details about Tennessee Williams' college education. Based on the given chain, we know his nationality",0,0.14814814814814814,0.8,9480.631339996762,False,tog1,0
WebQTest-984,what is the name of airport in new york,John F. Kennedy International Airport,The information provided does not specify the name of any particular airport in New York. The given chain describes types and properties related,0,0.07142857142857142,0.8,9242.6042579973,False,tog1,0
WebQTest-985,who was queen victoria 's husband,"Albert, Prince Consort",Prince Albert,0,0.8,0.8,9392.297371996392,False,tog1,0
WebQTest-986,where did benjamin franklin work,United States Postal Service,"Based on the information provided, it is not explicitly stated where Benjamin Franklin worked. However, we can infer that he worked",0,0.08695652173913042,0.8,9663.805915995908,False,tog1,0
WebQTest-987,what does barbara bush do for work,First Lady,"The given information does not specify Barbara Bush's occupation or work. The details provided are about her ethnicity, place of birth",0,0.0,0.8,9436.970949005627,False,tog1,0
WebQTest-988,who is jacob latimore,Actor,"The information provided does not contain any details about a person named Jacob Latimore. It only mentions Kenny Lattimore,",0,0.0,0.8,9508.773180001299,False,tog1,2
WebQTest-989,what happened to dunkirk during ww2,Siege of Dunkirk,"During World War II, the Battle of Dunkirk occurred, involving the French Third Republic and primarily the United Kingdom, under",0,0.2608695652173913,0.8,9401.626152000972,False,tog1,0
WebQTest-990,what was scottie pippen good at,Basketball,"The given chain does not provide any information about Scottie Pippen or his skills. Therefore, it is not possible to",0,0.0,0.8,9330.571569000313,False,tog1,0
WebQTest-991,who played donna on west wing,Janel Moloney,The given information does not mention anyone named Donna playing a role in West Wing. The provided chain is about Donna Tartt,0,0.0,0.8,9435.26906799525,False,tog1,0
WebQTest-993,who played meg in season 1 of family guy,Lacey Chabert,"The information provided does not contain any details about ""Meg"" from ""Family Guy"" or her appearance in Season 1",0,0.0,0.8,8528.52319199883,False,tog1,0
WebQTest-994,when was the last time the dallas cowboys won the superbowl,Super Bowl XXX,The given information does not provide any details about the Dallas Cowboys or their Super Bowl victories. The chain of facts focuses on,0,0.15384615384615383,0.8,9490.814699005568,False,tog1,0
WebQTest-996,where do ireland play rugby union,Aviva Stadium,"The given information does not directly provide the location where Ireland plays rugby union. To answer this question accurately, we would need",0,0.0,0.8,9390.72685100109,False,tog1,0
WebQTest-997,who killed lee harvey oswald shot,Jack Ruby,The given chain does not provide information about who killed Lee Harvey Oswald. It only states that Lee Harvey Oswald allegedly assassinated,0,0.0,0.8,9548.68617199827,False,tog1,0
WebQTest-998,when was the last time knicks won the championship,1973 NBA Finals,The New York Knicks last won the NBA championship in 1973.,0,0.28571428571428575,0.8,1450.5813810028485,False,tog1,0
WebQTest-999,when did celtics win the championship,1968 NBA Finals,The given chain does not contain any information about the Boston Celtics winning a championship. The provided text is about John F.,0,0.0,0.8,6314.048783002363,False,tog1,0
WebQTest-1000,what countries included in oceania,Vanuatu,"Kiribati, Tuvalu, and Melanesia.",0,0.4,0.8,9431.326448000618,False,tog1,0
WebQTest-1001,what country is nicki minaj from,United States of America,"The given information does not specify Nicki Minaj's country of origin. Based on the provided data, we can only",0,0.08333333333333334,0.8,9522.550524001417,False,tog1,0
WebQTest-1002,who played harry potter dumbledore actor,Toby Regbo,The given information does not specify who played Harry Potter's Dumbledore. The chain of reasoning provided includes actors like Chris Free and,0,0.0,0.8,9303.003811000963,False,tog1,0
WebQTest-1003,who was the prime minister of pakistan in 1999,Nawaz Sharif,The information provided does not contain any details about the prime minister of Pakistan in 1999. The given data,0,0.0,0.8,9366.615832004754,False,tog1,0
WebQTest-1004,what movies did christopher plummer play in,The Night of the Generals,The information provided does not contain any details about Christopher Plummer or his movies. The given chain focuses on Christopher Hitchens,0,0.16,0.8,9512.283037998714,False,tog1,0
WebQTest-1005,what is capital city of morocco,Rabat,The information provided does not contain details about the capital city of Morocco. The given chain focuses on Pinnacle House in an,0,0.0,0.8,9407.503739996173,False,tog1,0
WebQTest-1006,what movies is omar epps in,Major League II,The given information does not provide details about Omar Epps's movies. The chain of information is about Mike Epps hosting,0,0.16,0.8,2266.4475019992096,False,tog1,0
WebQTest-1007,what district does nancy pelosi represent,California’s 8th congressional district,The information provided in the reasoning chain does not contain any data about Nancy Pelosi or her district representation. The chain specifically refers,0,0.07407407407407408,0.8,9293.499213003088,False,tog1,0
WebQTest-1008,where is walton indiana,Indiana,"The information provided does not specify Walton, Indiana. It mentions Indiana but does not include details about a place named Walton.",0,0.17391304347826084,0.8,9448.22278599895,False,tog1,5
WebQTest-1009,where did george herbert walker bush go to college,University Yale,The given information does not provide any details about George Herbert Walker Bush's college education. The provided chain focuses on medical risk,0,0.0,0.8,9359.106297997641,False,tog1,0
WebQTest-1010,what did bruce jenner win gold medal for,Athletics at the 1976 Summer Olympics - Men's Decathlon,The given information does not contain any details about Bruce Jenner winning a gold medal. The provided facts are about Bruce Golding,0,0.09999999999999999,0.8,9358.769783000753,False,tog1,0
WebQTest-1011,where do they speak tibetan,Tibet,"The given chain does not provide any information about Tibetan language or culture. Therefore, based on the provided information, it is",0,0.0,0.8,9516.57890000206,False,tog1,0
WebQTest-1012,what to do in hollywood ca this weekend,TCL Chinese Theatre,"The given chain does not provide specific information about events or activities in Hollywood, CA for the current weekend. It contains details",0,0.08333333333333334,0.8,9478.005703997042,False,tog1,0
WebQTest-1014,where did kim kardashian come from,Los Angeles,The given chain does not contain any information about Kim Kardashian's origin. The chain is about Lil' Kim and an artist,0,0.0,0.8,9466.024714995001,False,tog1,0
WebQTest-1015,what town did justin bieber grew up in,Stratford,"The given information does not provide Justin Bieber's hometown. To answer the question, we would need additional data about his place",0,0.0,0.8,9493.01910900249,False,tog1,0
WebQTest-1017,who plays charlie in the santa clause movies,Eric Lloyd,The information provided does not specify who plays Charlie in the Santa Clause movies. The given chain of facts pertains to Charlie,0,0.0,0.8,9411.048469999514,False,tog1,0
WebQTest-1020,what highschool did r. kelly attend,Kenwood Academy,"The provided reasoning chain does not contain any information about R. Kelly's high school attendance. Therefore, based on the given",0,0.0,0.8,9454.424552001,False,tog1,0
WebQTest-1021,what happened at benghazi,2013 Benghazi conflict,"The information provided does not mention any event or incident in Benghazi. To accurately answer your question, I would need specific details",0,0.08,0.8,9459.249927997007,False,tog1,0
WebQTest-1022,what country is nike based in,United States of America,"The reasoning chain provided does not directly contain information about Nike's country of origin. To answer the question, we would need",0,0.07692307692307693,0.8,9311.308928998187,False,tog1,0
WebQTest-1024,what kind of money do i bring to mexico,Mexican peso,The given chain does not provide information about currency or money to bring to Mexico. It only mentions Mexico's participation in certain,0,0.0,0.8,9589.056143995549,False,tog1,0
WebQTest-1025,who did steve spurrier play pro football for,San Francisco 49ers,"The given chain does not provide specific information about Steve Spurrier's professional football team. To answer the question, additional",0,0.0,0.8,9471.320042997831,False,tog1,0
WebQTest-1027,where do the blackhawks play,United Center,"The question seems to have a mismatch with the team name provided in the context. Based on the given information, the Atlanta",0,0.0,0.8,9378.118576001725,False,tog1,0
WebQTest-1028,who plays john connor,Christian Bale,"The information provided does not specify who plays John Connor. The given chain focuses on Rob O'Connor and his children, Finn",0,0.0,0.8,9256.457668998337,False,tog1,0
WebQTest-1029,what is the main language spoken in mexico,"Tlapanec, Azoyú Language","The reasoning chain provided does not contain information about Mexico or its main language. Therefore, based on the given chain, we",0,0.08695652173913042,0.8,9528.593461000128,False,tog1,0
WebQTest-1030,what are italians classified as,Latin European peoples,Ethnicity,0,0.0,0.8,9426.376270996116,False,tog1,0
WebQTest-1031,what has angelina jolie accomplished,Voice Actor,Angelina Jolie is a renowned actress who has won the SFX Award for Best Actress. She is also associated with,0,0.0,0.8,5474.261615003343,False,tog1,0
WebQTest-1032,who played captain kirk in star trek movie,William Shatner,"The given information does not specify who played Captain Kirk in Star Trek movies. To answer this question, we would need additional",0,0.0,0.8,9193.545779999113,False,tog1,0
WebQTest-1033,who played dana scully in x files,Gillian Anderson,The given chain does not provide information about the actor who played Dana Scully in The X-Files. The chain focuses,0,0.0,0.8,9022.55510899704,False,tog1,0
WebQTest-1035,what was f. scott fitzgerald,Writer,The information provided does not contain any details about F. Scott Fitzgerald. The given chain is about John F. Fitzgerald and,0,0.0,0.8,9445.192351005971,False,tog1,0
WebQTest-1036,what is the dominant language spoken in jamaica,Jamaican English,"The dominant language spoken in Jamaica is Jamaican Creole English. Based on the provided information, it is explicitly stated that",0,0.18181818181818182,0.8,9486.526225002308,False,tog1,0
WebQTest-1037,who is the coach for the new york knicks,Derek Fisher,The given reasoning chain does not provide specific information about the coach of the New York Knicks. The chain describes general relationships between,0,0.0,0.8,9436.337038001511,False,tog1,0
WebQTest-1038,who was wesley snipes,Actor,The given chain of reasoning does not provide information about Wesley Snipes. The chain discusses Wesley's Chapel and its relation to,0,0.0,0.8,5450.050962994283,False,tog1,0
WebQTest-1039,where does sherrod brown live,Avon,Sherrod Brown lives in the United States of America.,0,0.0,0.8,5927.780052996241,False,tog1,0
WebQTest-1040,what kind of language does colombia speak,Cuiba language,"The information provided in the reasoning chain does not contain any details about the languages spoken in Colombia. Therefore, it is not",0,0.0,0.8,9534.245579998242,False,tog1,0
WebQTest-1041,what currency does england use now,Pound sterling,"To determine the current currency used in England, we need to follow the logical steps provided by the reasoning chain:",0,0.0,0.8,9279.371978002018,False,tog1,0
WebQTest-1042,who was the original voice of meg griffin on family guy,Lacey Chabert,The given information does not provide any details about the original voice of Meg Griffin on Family Guy. The chain of information is,0,0.0,0.8,9404.375253994658,False,tog1,0
WebQTest-1043,what kind of government is mali,Semi-presidential system,The provided information does not contain details about Mali's government. The chain focuses on Egypt and its governmental agencies and political parties,0,0.0,0.8,8072.616208002728,False,tog1,0
WebQTest-1044,who did cristiano ronaldo play for in 2010,Real Madrid C.F.,The information provided does not contain any details about Cristiano Ronaldo or his playing history. The given chain is about Ronald N.,0,0.0,0.8,9408.18846399634,False,tog1,0
WebQTest-1045,what is the zip code for morgantown wv,26504,"The provided reasoning chain does not contain information about Morgantown, West Virginia or any zip codes. Therefore, I cannot",0,0.0,0.8,9356.972748995759,False,tog1,0
WebQTest-1046,what is jacksonville fl timezone,Eastern Time Zone,"To determine Jacksonville, FL's time zone, we need to follow the provided reasoning chain and understand its implications:",0,0.18181818181818182,0.8,9165.103250001266,False,tog1,0
WebQTest-1047,who does amy stiller play in dodgeball,Keno Waitress,The given information does not provide any details about Anya Jenkins playing a character named Amy Stiller in Dodgeball. The,0,0.0,0.8,5522.451468001236,False,tog1,0
WebQTest-1048,who were king henry vii children,"Arthur, Prince of Wales",The given chain does not provide information about King Henry VII's children. The chain is about Edward VIII and some medical conditions,0,0.14814814814814817,0.8,9480.566821999673,False,tog1,0
WebQTest-1050,who does mila kunis play on family guy,Meg Griffin,The information provided in the reasoning chain does not contain any details about Mila Kunis or her roles on Family Guy.,0,0.0,0.8,9411.37208299915,False,tog1,0
WebQTest-1051,when did the san francisco earthquake occur,1906-04-18,The reasoning chain does not provide a specific date for the San Francisco earthquake. It only indicates that the earthquake is related to,0,0.0,0.8,9473.020798999642,False,tog1,0
WebQTest-1052,who played damien in the omen 2006,Seamus Davey-Fitzpatrick,The given information does not provide any details about who played Damien in The Omen 2006. The provided,0,0.0,0.8,9496.979381998244,False,tog1,0
WebQTest-1054,who played denver in four christmases,Jon Favreau filmography,"The information provided does not contain any details about the cast of ""Four Christmases"" or who played the character Denver",0,0.0,0.8,9356.991173001006,False,tog1,0
WebQTest-1055,what to do with kids in essex,Cudmore Grove Country Park,The given reasoning chain does not provide information on how to deal with kids in Essex. It only describes properties and types related,0,0.0,0.8,9297.599779005395,False,tog1,0
WebQTest-1056,who did the cleveland cavaliers draft,Dion Waiters,The Cleveland Cavaliers are not involved in the given draft pick information. The draft pick mentioned is for the Oakland Raiders and involves,0,0.0,0.8,9416.258720993937,False,tog1,0
WebQTest-1057,what concentration camp did anne frank died in,Bergen-Belsen concentration camp,The given information does not contain any details about Anne Frank or concentration camps. The provided chain focuses on influences between literary figures,0,0.07407407407407408,0.8,9400.304287002655,False,tog1,0
WebQTest-1059,what language does east timor speak,Tukudede Language,"The information provided does not specify the language spoken in East Timor. Based on the given chain, we can only determine",0,0.08695652173913042,0.8,9321.825977000117,False,tog1,0
WebQTest-1060,what is the currency in italy,Euro,"The reasoning chain provided does not contain information about the currency in Italy. Based on the given information, we cannot determine the",0,0.0,0.8,9488.548861001618,False,tog1,0
WebQTest-1061,where does greek language come from,Attic Group,"The Greek language is not specifically tied to a single country mentioned in the chain, but it is spoken in countries like South",0,0.0,0.8,9331.915204005782,False,tog1,0
WebQTest-1062,what is the name of the currency used in italy,Euro,"The reasoning chain provided does not directly address the currency used in Italy. However, based on the information given and general knowledge",0,0.0,0.8,9299.765331001254,False,tog1,0
WebQTest-1063,where is audrey hepburn from,Ixelles,The information provided does not specify Audrey Hepburn's place of origin. The given data pertains to an internet video series,0,0.0,0.8,9380.511853996722,False,tog1,0
WebQTest-1065,who does darth vaders voice,James Earl Jones,The information provided in the reasoning chain does not contain any data related to Darth Vader's voice. The chain focuses on Kevin,0,0.0,0.8,9306.870483000239,False,tog1,0
WebQTest-1067,what school did douglas macarthur go to,TMI — The Episcopal School of Texas,"The given information does not include any details about the schools Douglas MacArthur attended. Therefore, based on the provided chain,",0,0.14634146341463414,0.8,9552.223776001483,False,tog1,0
WebQTest-1068,what famous people are from barbados,Shawn Terry Cox,"The given information does not provide any specific details about famous people from Barbados. To answer the question accurately, additional data",0,0.0,0.8,9445.935084004304,False,tog1,0
WebQTest-1069,what is the name of the currency used in china,Renminbi,"To determine the name of the currency used in China, we need to follow the logical connections provided in the reasoning chain:",0,0.0,0.8,9282.619860998238,False,tog1,0
WebQTest-1070,what are the names of michael jackson 's 3 children,"Michael Joseph Jackson, Jr.",The information provided in the reasoning chain does not contain any details about Michael Jackson's children. The chain focuses on his broadcast,0,0.14814814814814817,0.8,9485.98821899941,False,tog1,0
WebQTest-1072,who is the current governor of arizona 2010,Jan Brewer,The given information does not provide the name of the current governor of Arizona in 2010. To answer this,0,0.0,0.8,9398.776072004694,False,tog1,0
WebQTest-1074,who is lamar odom playing for this year,Saski Baskonia,The given information does not provide any details about Howard R. Lamar's current team or his profession as related to sports.,0,0.0,0.8,9338.340448004601,False,tog1,0
WebQTest-1075,where were the great pyramids of giza built,Giza Plateau,"The Great Pyramids of Giza were built in the Giza Governorate, which is an Egyptian governorate located in",0,0.1818181818181818,0.8,9337.444021999545,False,tog1,0
WebQTest-1077,what language do the russian speak,Erzya Language,"The given reasoning chain does not provide information about the Russian language or Russian-speaking countries. Therefore, based on the provided chain",0,0.24000000000000002,0.8,9436.24820599507,False,tog1,0
WebQTest-1078,what language do australia people speak,Esperanto Language,English Language,1,1.0,0.8,9467.934601001616,False,tog1,0
WebQTest-1079,what country was king tut 's tomb found,Egypt,Egypt,1,1.0,0.8,9480.070202000206,False,tog1,2
WebQTest-1080,where did abraham and his descendants live,Canaan,The given reasoning chain does not provide information about where Abraham Lincoln and his descendants lived. It only contains data about Abraham Lincoln,0,0.0,0.8,9536.976069997763,False,tog1,0
WebQTest-1081,where did george washington carver go to collage,Simpson College,"Based on the given information, George Washington Carver did not attend any college as the provided facts only mention schools named after",0,0.08333333333333334,0.8,9550.853091001045,False,tog1,0
WebQTest-1082,what are the sports in spain,CB 1939 Canarias,"The given information does not directly state the sports in Spain. However, it mentions that bobsleigh was a sport in",0,0.08333333333333334,0.8,9534.877391000919,False,tog1,0
WebQTest-1083,where president obama was born,Honolulu,"The information provided in the reasoning chain does not contain details about President Obama's birthplace. To answer the question accurately,",0,0.0,0.8,9617.575438998756,False,tog1,0
WebQTest-1084,what sports do people play in poland,Turów Zgorzelec,The given chain does not provide information about sports played in Poland. It only gives details about the official and spoken languages in,0,0.07407407407407408,0.8,9494.464969000546,False,tog1,0
WebQTest-1085,who was demi lovato dating,Cody Linley,The given information does not provide any details about Demi Lovato's dating history. The reasoning chain is about Stefan Lö,0,0.0,0.8,9455.153201997746,False,tog1,0
WebQTest-1087,what films has scarlett johansson been in,Ghost World,The information provided does not include any details about Scarlett Johansson's filmography. The given chain of reasoning only lists genre,0,0.21052631578947364,0.8,9419.394775999535,False,tog1,0
WebQTest-1088,who originally voiced meg on family guy,Lacey Chabert,The information provided in the reasoning chain does not contain any details about who originally voiced Meg on Family Guy. The chain focuses,0,0.0,0.8,1898.2893040010822,False,tog1,0
WebQTest-1089,who played amy squirrel in bad teacher,Lucy Punch,"The given information does not contain any details about Amy Squirrel or the TV show ""Bad Teacher."" Therefore, I cannot",0,0.0,0.8,9197.654687995964,False,tog1,0
WebQTest-1090,where are boeing headquarters,Chicago,The information provided in the reasoning chain does not directly state the location of Boeing's headquarters. It describes properties related to the,0,0.0,0.8,9232.734897996124,False,tog1,0
WebQTest-1091,what type of religions are in the united states,Hinduism,The given information does not specify the types of religions present in the United States. It only indicates that religions are categorized as,0,0.0,0.8,5315.212446999794,False,tog1,0
WebQTest-1092,who did viggo mortensen play in lord of the rings,Aragorn,Aragorn,1,1.0,0.8,9531.473169998208,False,tog1,0
WebQTest-1094,who was isaac newton and what did he do,Chemist,"Isaac Newton was an influential scientist and mathematician who formulated the laws of motion and universal gravitation, among other contributions to",0,0.0909090909090909,0.8,9517.243096001039,False,tog1,0
WebQTest-1095,who did william shakespeare marry,Anne Hathaway,The given reasoning chain does not provide information about William Shakespeare's spouse. The chain focuses on his nationality and the nature of,0,0.0,0.8,9511.21639199846,False,tog1,0
WebQTest-1096,what movies queen latifah is in,We Are Family,The given chain does not provide any information about movies Queen Latifah is in. The chain is about Jean Lafitte,0,0.20689655172413793,0.8,9380.611040003714,False,tog1,0
WebQTest-1097,where did michelle obama graduated from,Princeton University,The information provided in the reasoning chain does not contain any details about Michelle Obama's educational background or the institution she graduated from,0,0.0,0.8,9597.628431001795,False,tog1,0
WebQTest-1098,what kind of music did franz liszt compose,Romantic music,"Based on the given information, the specific type of music Franz Liszt composed is not directly stated. However, as a",0,0.09090909090909091,0.8,9500.36306099355,False,tog1,0
WebQTest-1099,what country does david luiz play for,Brazil national football team,The information provided in the reasoning chain does not contain any details about David Luiz or his nationality or the team he plays,0,0.07407407407407408,0.8,9548.20025400113,False,tog1,0
WebQTest-1100,what document did thomas jefferson wrote,The Literary Bible of Thomas Jefferson,The given reasoning chain does not provide information about the documents Thomas Jefferson wrote. It only contains details about his place of birth,0,0.34188034188034183,0.8,9404.004190997512,False,tog1,0
WebQTest-1101,who is martin luther king jr facts,Writer,"Martin Luther King Jr. was a notable figure in the American civil rights movement, and his autobiography is a significant book that",0,0.16,0.8,9285.364675997698,False,tog1,0
WebQTest-1102,where is victoria british columbia,British Columbia,Victoria is not in British Columbia; it is in Australia.,0,0.33333333333333337,0.8,9478.186312000616,False,tog1,0
WebQTest-1103,how many mary mary sisters,Tina Campbell,"The given information does not specify the number of sisters in Mary Mary. To answer this question, we would need additional bi",0,0.0,0.8,9347.480889999133,False,tog1,0
WebQTest-1104,what do we call the currency of france,CFP franc,"The currency of France is the Euro. Based on the given reasoning chain, the Euro is used in France among other countries",0,0.16666666666666669,0.8,9495.796074996179,False,tog1,0
WebQTest-1106,what team does david beckham play for in 2012,LA Galaxy,The provided reasoning chain does not contain any information about which team David Beckham played for in 2012. The,0,0.0,0.8,9154.965196998091,False,tog1,0
WebQTest-1107,what movies did nick cannon star in,Garfield: The Movie,The given information does not provide any details about Nick Cannon's movies. The provided chain of facts is about film actors and,0,0.20689655172413793,0.8,9191.32088799961,False,tog1,0
WebQTest-1108,what radio station is npr on in nyc,WNYC,"To determine the NPR station in NYC, we need to identify the specific NPR affiliate in the New York City area. In",0,0.0,0.8,1455.8503369989921,False,tog1,0
WebQTest-1109,who did tom landry play for,New York Yankees,"The information provided in the reasoning chain does not contain any details about Tom Landry or his professional affiliations. Therefore,",0,0.0,0.8,8064.444800998899,False,tog1,0
WebQTest-1110,where was john jay born,New York City,"The given information does not provide any details about John Jay's birthplace. The provided chain focuses on Jay-Z, a",0,0.0,0.8,9422.638238000218,False,tog1,0
WebQTest-1111,where is mount fuji located,Japan,"Mount Fuji is located in Japan. While the provided reasoning chain does not directly mention Mount Fuji, it indicates that Japanese prefect",0,0.12500000000000003,0.8,9438.741118996404,False,tog1,1
WebQTest-1113,where was toussaint l'ouverture born,Saint-Domingue,The given reasoning chain does not provide information about Toussaint L'Ouverture's birthplace. The chain focuses on,0,0.0,0.8,9406.10878199368,False,tog1,0
WebQTest-1114,what countries makes up the uk,Wales,"The UK is made up of four constituent countries: England, Northern Ireland, Scotland, and Wales. The provided reasoning chain",0,0.1904761904761905,0.8,9483.836929000972,False,tog1,0
WebQTest-1115,what is lawton ok zip code,73507,"The given chain does not provide information about Lawton, OK or its zip code. The chain focuses on Ecton",0,0.0,0.8,9317.270771003678,False,tog1,0
WebQTest-1116,what is the capital city of spain wiki answers,Madrid,The reasoning chain provided does not contain information about the capital city of Spain. To answer the question directly based on common knowledge,0,0.0,0.8,9540.782430995023,False,tog1,0
WebQTest-1117,where do they speak german,Second Polish Republic,"German is spoken in Germany and Canada. In Germany, it is particularly prominent in regions like North Rhine-Westphalia",0,0.1904761904761905,0.8,9360.322848995565,False,tog1,0
WebQTest-1118,when did mark mcgwire retired,2001 Major League Baseball Season,The given information does not contain any details about Mark McGwire's retirement date. The provided chain focuses on geographical locations and,0,0.0,0.8,6208.429554993927,False,tog1,0
WebQTest-1119,what is colorado technical university,College/University,The given information does not provide any details about Colorado Technical University. The provided chain focuses on geographical and temporal aspects of Colorado,0,0.08,0.8,9527.923392000957,False,tog1,0
WebQTest-1120,what was the currency used in france before the euro,French franc,"Before the Euro, France used the French Franc as its currency.",0,0.3076923076923077,0.8,9359.979419998126,False,tog1,0
WebQTest-1121,what is kentucky state slogan,"United we stand, divided we fall","The reasoning chain provided does not contain information about Kentucky's state slogan. To answer the question, we would need additional data",0,0.08,0.8,9534.479522997572,False,tog1,0
WebQTest-1124,who played samantha stephens in bewitched,Elizabeth Montgomery,The information provided in the reasoning chain does not contain any details about who played Samantha Stephens in Bewitched. The chain focuses,0,0.0,0.8,9542.988412998966,False,tog1,0
WebQTest-1125,what area of science did sir isaac newton study,Chemist,"Sir Isaac Newton studied physics and mathematics. Based on the given chain, we can infer that Isaac Newton was a prominent figure",0,0.0,0.8,9515.252102006343,False,tog1,0
WebQTest-1126,what county is san diego in,San Diego County,"San Diego is in San Diego County. The information provided does not directly link San Diego to a specific county, but based",0,0.5333333333333333,0.8,9307.563319001929,False,tog1,0
WebQTest-1127,which country in north america is divided into provinces,Canada,The given information does not specify any country in North America that is divided into provinces. The chain of reasoning only mentions the,0,0.0,0.8,9422.276420002163,False,tog1,0
WebQTest-1130,what is real name of santa claus,Saint Nicholas,The given reasoning chain does not provide information about Santa Claus or his real name. The chain is about Rudolph Valentino,0,0.0,0.8,9442.605871001433,False,tog1,0
WebQTest-1131,when did kelly slater go pro,1990,The information provided does not contain any details about Kelly Slater or his professional debut. The chain focuses on Kelly Price and her,0,0.0,0.8,9445.836382998095,False,tog1,0
WebQTest-1132,what did coretta scott king died from,Respiratory failure,The given chain does not provide information about how or from what Coretta Scott King died. It only gives details about,0,0.0,0.8,9563.981854000303,False,tog1,0
WebQTest-1133,what does wh smith stand for,WHSmith,"The given information does not provide any details about what ""Wh Smith"" stands for. The chain of reasoning is about Samuel",0,0.0,0.8,9417.336434999015,False,tog1,0
WebQTest-1135,who was vp for nixon,Spiro Agnew,"The given information does not provide any details about Nixon's vice president. To answer the question, we would need additional data",0,0.0,0.8,9513.150243998098,False,tog1,0
WebQTest-1136,what religion did adolf hitler follow,Catholicism,"Based on the given reasoning chain, there is no direct information about Adolf Hitler's specific religious affiliation. The chain focuses on",0,0.0,0.8,9322.184125994681,False,tog1,2
WebQTest-1137,where is the illinois river on a map,United States of America,"The information provided does not specify the exact location of the Illinois River on a map. However, it can be inferred that",0,0.08695652173913045,0.8,9502.288647003297,False,tog1,2
WebQTest-1138,where honduras in the world,Americas,Honduras is located in North America and is an administrative area of Earth.,0,0.2666666666666667,0.8,9564.84489399736,False,tog1,0
WebQTest-1142,who does ronaldinho play for now 2011,Clube de Regatas do Flamengo,"Based on the given reasoning chain, there is no information provided about Ronaldinho's current team in 2011",0,0.0909090909090909,0.8,9393.830533001164,False,tog1,0
WebQTest-1143,what galileo galilei was famous for,Heliocentrism,"Galileo Galilei was famous for his contributions to astronomy and physics, including the improvement of the telescope and supporting hel",0,0.0,0.8,9415.306993003469,False,tog1,0
WebQTest-1144,what are the major trading partners of germany,Scotland,The provided reasoning chain does not contain information about Germany's major trading partners. It discusses the Atlantic Partnership and a book written,0,0.07692307692307691,0.8,9366.531620995374,False,tog1,0
WebQTest-1145,where did romney graduated college,Brigham Young University,The information provided in the reasoning chain does not include any details about George W. Romney's education or where he graduated college,0,0.0,0.8,9433.528460998787,False,tog1,0
WebQTest-1146,who did johnny depp play in corpse bride,Victor Van Dort,"The information provided does not contain any details about Johnny Depp or the movie ""Corpse Bride."" The given chain is",0,0.0,0.8,9473.23312899971,False,tog1,0
WebQTest-1147,what is the zip code for jonesboro ar,72402,"The provided information does not contain any data about the zip code for Jonesboro, AR. The given chain focuses on Jones",0,0.0,0.8,9375.314258002618,False,tog1,0
WebQTest-1148,what college did se hinton go,University of Tulsa,The given information does not provide any details about Se Hinton or their college. The chain of reasoning focuses on the University,0,0.16,0.8,9454.610528999183,False,tog1,0
WebQTest-1149,when was taylor swift fearless tour,2009-04-23,"The information provided does not contain any details about Taylor Swift or her tours. Therefore, I cannot answer when Taylor Swift's",0,0.0,0.8,9386.802941000497,False,tog1,0
WebQTest-1151,where did charles darwin and his wife live,London,The information provided does not contain any details about Charles Darwin or his wife's place of residence. The given chain is about,0,0.0,0.8,9569.302799995057,False,tog1,0
WebQTest-1152,who is the voice of kitt,William Daniels,"The voice of KITT from the show ""Knight Rider"" was provided by actor William Daniels. He voiced the car's",0,0.18181818181818182,0.8,1456.250829003693,False,tog1,0
WebQTest-1153,what is eminem 's real full name,Marshall Bruce Mathers III,"The given information does not include Eminem's real full name. To answer the question, additional data about Eminem's",0,0.0,0.8,9519.404448001296,False,tog1,0
WebQTest-1154,who is amy grant 's first husband,Gary Chapman,"The given information does not provide any details about Amy Grant or her marital history. Therefore, it's not possible to determine",0,0.0,0.8,9382.408028002828,False,tog1,0
WebQTest-1155,what are the seven nations of central america,Panama,"The given information does not provide a list of the seven nations of Central America. To answer this question accurately, the chain",0,0.0,0.8,9423.475932999281,False,tog1,0
WebQTest-1156,what is jamie spears baby name,Maddie Briann Aldridge,"The question seems to mix up characters. Jamie Callender is the fictional character, not Jamie Spears' baby. Based on",0,0.0,0.8,9499.976489998517,False,tog1,0
WebQTest-1160,who is the mother of prince michael jackson,Katherine Jackson,"The information provided in the reasoning chain does not contain any details about the family relationships of Michael Jackson, including his mother.",0,0.08333333333333334,0.8,9477.960251002514,False,tog1,0
WebQTest-1161,what is the clemson mascot name,Clemson University The Tiger,"The information provided does not include details about Clemson University's mascot. The chain focuses on Auburn University and its sports teams,",0,0.34883720930232553,0.8,9264.959615000407,False,tog1,0
WebQTest-1163,what rainforest is in south america,Amazon rainforest,The reasoning chain provided does not contain specific information about rainforests in South America. It only mentions South America in relation,0,0.0,0.8,9370.381897002517,False,tog1,0
WebQTest-1164,what type of art does claude monet do,Modern art,"The given chain does not provide information about Claude Monet or his art. The chain is about Matt Moniz, who",0,0.09090909090909091,0.8,9516.962820998742,False,tog1,0
WebQTest-1166,when did we start war with iraq,2003-03-20,The 2003 invasion of Iraq started the war with Iraq.,0,0.15384615384615383,0.8,9386.72577199759,False,tog1,0
WebQTest-1168,what guitar did kurt cobain,Fender Jag-Stang,"The question about Kurt Cobain and his guitar is not directly related to the given reasoning chain, which focuses on the relationship",0,0.0,0.8,5422.8703120024875,False,tog1,0
WebQTest-1169,who did jennifer lawrence play in x men,Raven / Mystique,"Jennifer Lawrence portrayed Professor Charles Xavier in X-Men films, based on the information provided.",0,0.0,0.8,9414.920988005179,False,tog1,0
WebQTest-1170,who is the governor of virginia 2011,Bob McDonnell,The information provided in the reasoning chain does not contain any data about the governor of Virginia in 2011.,0,0.0,0.8,9544.458553995355,False,tog1,0
WebQTest-1171,who did darth vaders voice,James Earl Jones,The given information does not provide any details about who voiced Darth Vader. The chain of statements is about Mel Gibson's organizations,0,0.0,0.8,9251.71611400583,False,tog1,0
WebQTest-1173,where is walton county ga,Georgia,"The information provided does not contain details about Walton County, Georgia. The given chain focuses on Macon County, Alabama,",0,0.1,0.8,9489.214412002184,False,tog1,0
WebQTest-1174,what cancer did jackie kennedy die of,Lymphoma,"The given information does not provide any details about the cancer that Jackie Kennedy died from. To answer the question accurately, additional",0,0.0,0.8,9490.584902996488,False,tog1,0
WebQTest-1175,what does lauren conrad major in,Fashion design,The given information does not provide any details about Lauren Conrad's major. The provided chain of facts is about Conrad Black and,0,0.0,0.8,9450.934330001473,False,tog1,0
WebQTest-1176,what time zone is pennsylvania in right now,UTC−05:00,"The reasoning chain indicates that Philadelphia, which contains the University of Pennsylvania (where The Daily Pennsylvanian is based),",0,0.0,0.8,9457.681769003102,False,tog1,0
WebQTest-1177,where did mario lopez go to school,Chula Vista High School,The information provided does not include any details about Juan López Moctezuma's education or where he went to school.,0,0.08333333333333334,0.8,8575.487693000468,False,tog1,0
WebQTest-1178,where is tupac from originally,East Harlem,The given reasoning chain does not provide information about Tupac Shakur's place of origin. It only mentions his profession as,0,0.0,0.8,9403.993265004829,False,tog1,0
WebQTest-1179,what role did george lucas play in star wars,Baron Papanoida,The given information does not provide any details about George Lucas's role in Star Wars. The provided chain is about a fictional,0,0.0,0.8,9408.880456998304,False,tog1,0
WebQTest-1180,what sarah dessen books are movies,How to Deal,The information provided does not specify which Sarah Jarosz books have been made into movies. The chain mentions Sarah Jaros,0,0.0,0.8,9398.492676999012,False,tog1,0
WebQTest-1181,what is the current time in kauai hawaii,Hawaii-Aleutian Time Zone,"The current time in Kauai, Hawaii is in the Pacific Time Zone. To get the exact time, you would",0,0.38961038961038963,0.8,9418.157277999853,False,tog1,0
WebQTest-1183,where was farrah fawcett buried,Westwood Village Memorial Park Cemetery,The information provided in the reasoning chain does not contain any details about Farrah Fawcett or her burial place.,0,0.0,0.8,9479.533075995278,False,tog1,0
WebQTest-1185,what inspired steinbeck,Thomas Malory,Elizabeth Engstrom inspired John Steinbeck.,0,0.0,0.8,9391.094922000775,False,tog1,0
WebQTest-1186,what kind of government does cuba have today,Semi-presidential system,Cuba has a socialist government with a single-party system dominated by the Communist Party of Cuba. The country is officially known as,0,0.08,0.8,9584.270292005385,False,tog1,0
WebQTest-1187,where are english speakers distributed,Nigeria,"The question does not align with the provided reasoning chain, which focuses on events and locations related to the American Revolutionary War and",0,0.28169014084507044,0.8,9525.767322003958,False,tog1,0
WebQTest-1189,what is the capital of italy today,Rome,The capital of Italy today is Rome.,0,0.25,0.8,9507.061238997267,False,tog1,0
WebQTest-1191,what language do people speak in the bahamas,English Language,The information provided does not include details about languages spoken in the Bahamas. The given chain focuses on Jamaican Creole English,0,0.24,0.8,9616.92058799963,False,tog1,0
WebQTest-1192,where did george michael go to school,Bushey Meads School,"The information provided does not include any details about George Michael's (assuming ""George Jackson"" is meant to be ""George",0,0.0,0.8,9504.458725001314,False,tog1,0
WebQTest-1194,what club does cristiano ronaldo play for in 2010,Real Madrid C.F.,The provided reasoning chain does not contain specific information about Cristiano Ronaldo or his club in 2010. To answer,0,0.0,0.8,9399.862101003237,False,tog1,0
WebQTest-1195,what time zone is in the bahamas,UTC−05:00,"The reasoning chain does not provide direct information about the time zone of the Bahamas. Based on the given information, we can",0,0.16,0.8,9591.157399998337,False,tog1,0
WebQTest-1197,what language do people speak in brazil,Brazilian Portuguese,"The reasoning chain indicates that Portuguese is spoken in Brazil. Therefore, people in Brazil speak Portuguese.",0,0.2,0.8,9347.87098599918,False,tog1,0
WebQTest-1198,who influenced samuel taylor coleridge,Immanuel Kant,"Based on the given reasoning chain, there is no information about who was influenced by Samuel Taylor Coleridge. The chain",0,0.0,0.8,9523.90029199887,False,tog1,0
WebQTest-1199,what does kim kardashian work as,Actor,The given chain does not provide information about Kim Kardashian's occupation. The chain is about Lil' Kim and an artist named,0,0.0,0.8,9485.442418001185,False,tog1,0
WebQTest-1200,where did the mississippi river end,Gulf of Mexico,The Mississippi River ends in the Gulf of Mexico.,0,0.5,0.8,9509.966748002626,False,tog1,0
WebQTest-1201,who played carlton lassiter on psych,Timothy Omundson,"The information provided does not match the question. Carlton Molesworth is mentioned as a baseball player, but there is no",0,0.0,0.8,5928.253930003848,False,tog1,0
WebQTest-1203,who is president of israel,Reuven Rivlin,"The given chain does not provide information about the president of Israel. The chain focuses on the location, administrative areas, review",0,0.0,0.8,9517.183383999509,False,tog1,0
WebQTest-1204,where did the anasazi indians live,Four Corners,The given information does not contain any data related to the Anasazi Indians. The chain of reasoning is about Anamb,0,0.0,0.8,9418.862512000487,False,tog1,0
WebQTest-1205,who plays harley quinn,Mia Sara,"Answering your question directly without the given reasoning chain, the character of Harley Quinn is played by various actresses in different media",0,0.0,0.8,5333.271326002432,False,tog1,0
WebQTest-1206,what was francis bacon contributions,Author,"Based on the given reasoning chain, Francis Bacon's contributions include being an author and influencing Claude Henri de Rouvroy,",0,0.09523809523809523,0.8,9489.964936998149,False,tog1,3
WebQTest-1209,when does ziva start on ncis,NCIS - Season 3,The given information does not contain any details about Ziva starting on NCIS. The chain of reasoning provided is about famous,0,0.08333333333333333,0.8,9372.305079996295,False,tog1,0
WebQTest-1210,what is the name of the national anthem of canada ( 2 words ),O Canada,O Canada,1,1.0,0.8,9343.38597599708,False,tog1,0
WebQTest-1212,what did mark zuckerberg study,Psychology,The given chain does not provide any information about Mark Zuckerberg or his studies. The chain is about Rudolf Svedberg,0,0.0,0.8,9413.084824001999,False,tog1,0
WebQTest-1213,which country was michael jackson born,United States of America,"The information provided in the reasoning chain does not contain any details about Michael Jackson's place of birth or nationality. Therefore,",0,0.07692307692307693,0.8,9473.382953001419,False,tog1,0
WebQTest-1215,who was stephen r covey,Author,"The information provided does not contain any details about Stephen R. Covey. The given chain is about Stephen Melton,",0,0.0,0.8,9467.730398995627,False,tog1,0
WebQTest-1216,what country was stalin in charge of,Soviet Union,"The reasoning chain provided does not directly mention Stalin or specify which country he was in charge of. However, based on the",0,0.0,0.8,9527.640350999718,False,tog1,0
WebQTest-1217,what is monta ellis career high points,NBA Most Improved Player Award,The given information does not provide details about Monta Ellis's career high points. The provided chain focuses on Warren Ellis's,0,0.0,0.8,9548.844998003915,False,tog1,0
WebQTest-1219,what nationality is rihanna,Barbados,The given information does not provide any details about Rihanna's nationality. The provided facts are about her musical genres and a radio,0,0.0,0.8,9438.069144998735,False,tog1,0
WebQTest-1220,what has shannen doherty played in,Another Day,The given chain does not provide information about Shannen Doherty or her roles. The chain focuses on Trafford Leigh,0,0.1935483870967742,0.8,9420.735259001958,False,tog1,0
WebQTest-1221,what college did joakim noah,University of Florida,"The given information does not specify which college Joakim Noah attended. Based on the provided facts, we only know that",0,0.0,0.8,9581.338322001102,False,tog1,0
WebQTest-1223,who plays billy elliot,Jamie Bell,The information provided in the reasoning chain does not contain any details about who plays Billy Elliot. The chain only mentions Michael Elliot,0,0.0,0.8,9294.625940005062,False,tog1,0
WebQTest-1225,what kourtney kardashian boyfriends name,Scott Disick,The given information does not contain any details about Kourtney Kardashian or her boyfriends. The provided reasoning chain is about,0,0.0,0.8,9529.773993002891,False,tog1,0
WebQTest-1226,what form of government does australia use,Parliamentary system,"The given information does not specify the form of government used in Australia. To provide an accurate answer, additional data about Australia",0,0.0,0.8,9438.619081003708,False,tog1,0
WebQTest-1227,what team did howie long,Oakland Raiders,"The question appears to be about ""Huey Long"" but uses a misspelling (""Howie"" instead of",0,0.0,0.8,9499.636656000803,False,tog1,0
WebQTest-1228,where did the greek alphabet come from,Phoenician alphabet,The information provided does not directly address the origin of the Greek alphabet. The given chain focuses on the countries where Greek is,0,0.08,0.8,9361.71707900212,False,tog1,0
WebQTest-1229,what timezone is elizabethtown kentucky,Eastern Time Zone,Central Time Zone,0,0.6666666666666666,0.8,9190.520026997547,False,tog1,0
WebQTest-1230,what to see in christchurch new zealand,Air Force Museum of New Zealand,"The given chain of information does not provide specific attractions or things to see in Christchurch, New Zealand. It only confirms",0,0.22222222222222224,0.8,9572.45955899998,False,tog1,0
WebQTest-1231,where is chris paul from,United States of America,"The information provided does not specify Chris Paul's location. The chain of reasoning pertains to Paul the Apostle, who was",0,0.08,0.8,5488.842434002436,False,tog1,0
WebQTest-1232,what year was albert pujols rookie year,2001 Major League Baseball Season,The information provided does not specify Albert Pujols' rookie year. The chain mentions Albert S. D'Agost,0,0.0,0.8,9484.190252005646,False,tog1,0
WebQTest-1233,what are the colors of the ny giants,Red,"The New York Giants, the NFL football team, have the colors orange and black.",0,0.0,0.8,1453.4030669965432,False,tog1,0
WebQTest-1234,what business did andrew carnegie dominate,financier,The given information does not provide details about the business Andrew Carnegie dominated. The chain focuses on Carnegie Porter beer and its characteristics,0,0.0,0.8,5333.251281001139,False,tog1,0
WebQTest-1235,what was sir isaac newton 's inventions,Pet door,The given information does not specify any of Isaac Newton's inventions. The chain describes influences and connections between thinkers but does not,0,0.0,0.8,9512.11633800267,False,tog1,0
WebQTest-1237,who did shaq first play for,Orlando Magic,The given information does not provide any details about Shaq (presumably Shaquille O'Neal) or his playing,0,0.0,0.8,9445.940574005363,False,tog1,0
WebQTest-1238,who was the artist of mickey mouse,Ub Iwerks,The given information does not provide any details about the artist of Mickey Mouse. The reasoning chain focuses on Jim Bowie's ethnicity,0,0.0,0.8,9487.032601995452,False,tog1,0
WebQTest-1239,what is the zip code for concord,94518,"The given information does not provide a specific zip code for Concord. To determine the zip code for Concord, additional data would",0,0.0,0.8,6545.103948999895,False,tog1,0
WebQTest-1240,what football team is michael vick on,New York Jets,"Based on the given reasoning chain, it does not provide specific information about which football team Michael Vick is currently on. The",0,0.0,0.8,9352.06509300042,False,tog1,0
WebQTest-1241,where does the columbia river start,Columbia Lake,The information provided in the reasoning chain does not contain any details about the Columbia River or its starting point. The chain focuses,0,0.08,0.8,9584.911992002162,False,tog1,0
WebQTest-1242,what are all the names of the harry potter books,Harry Potter and the Chamber of Secrets,"The provided chain does not contain information about Harry Potter books. It discusses ""Books on film -- which do you want to",0,0.22222222222222224,0.8,5321.142579996376,False,tog1,0
WebQTest-1244,who was sir walter raleigh and what did he do,Courtier,"Sir Walter Raleigh was an English explorer, writer, and courtier during the Elizabethan era. He is known for his",0,0.1,0.8,9383.164899001713,False,tog1,0
WebQTest-1245,what countries are in the euro dollar,Kingdom of the Netherlands,"Greece, France, and Belgium use the Euro. Based on the given reasoning chain, the countries that use the Euro are",0,0.22222222222222224,0.8,9383.40021300246,False,tog1,0
WebQTest-1246,what currency can you use in barbados,Barbadian dollar,"Barbados uses the Barbadian dollar as its currency. The reasoning is not fully provided in the chain, but based on",0,0.18181818181818182,0.8,9353.760003999923,False,tog1,0
WebQTest-1247,who is angelina jolie,Voice Actor,The given information does not provide any details about Angelina Jolie. The chain of reasoning only contains information about Brad Pitt,0,0.0,0.8,9370.038856002793,False,tog1,0
WebQTest-1248,where is nineveh city,Iraq,The given chain does not specify Nineveh City directly. It provides general information about German cities but does not mention Nineveh,0,0.16,0.8,9325.626277000993,False,tog1,0
WebQTest-1249,what is the state flower of new mexico,Yucca flower,The state flower of New Mexico is the Scarlet Carnation.,0,0.16666666666666669,0.8,9476.827152000624,False,tog1,0
WebQTest-1250,where is the national ffa foundation located today,Alexandria,The information provided in the reasoning chain does not specify the location of the National FFA Foundation. The chain only mentions the,0,0.0,0.8,9334.735032003664,False,tog1,0
WebQTest-1251,which countries speak germanic languages,Belgium,Germany and South Africa speak Germanic languages. The reasoning is based on the given data that German is spoken in Germany and,0,0.16666666666666669,0.8,9360.08813600347,False,tog1,0
WebQTest-1252,who plays eowyn in lord of the rings,Miranda Otto,The information provided does not contain any details about who plays Eowyn in The Lord of the Rings. The given chain,0,0.0,0.8,9557.688085995323,False,tog1,0
WebQTest-1254,where is augusta masters 2012,Augusta National Golf Course,The information provided does not contain details about the Augusta Masters or the 2012 tournament. The given chain focuses,0,0.08695652173913043,0.8,5914.847458996519,False,tog1,0
WebQTest-1255,what type of cancer did eva peron die from,Cervical cancer,The given information does not provide any details about Eva Peron's cause of death or the type of cancer she died from,0,0.08333333333333333,0.8,9379.958035002346,False,tog1,0
WebQTest-1256,who did terrell owens play for in 2010,Cincinnati Bengals,The given information does not contain any details about Terrell Owens or his playing history in 2010. Therefore,0,0.0,0.8,9526.806617002876,False,tog1,0
WebQTest-1257,where is denmark south carolina,Bamberg County,"The question ""where is Denmark South Carolina"" is not directly related to the given reasoning chain, which focuses on cyclones",0,0.18181818181818182,0.8,9557.267867996416,False,tog1,0
WebQTest-1259,what books did ernest hemingway write,"Ernest Hemingway, selected letters, 1917-1961","Based on the given reasoning chain, the information provided does not list any specific books written by Ernest Hemingway. The",0,0.35294117647058826,0.8,9573.192994001147,False,tog1,0
WebQTest-1260,what year did baltimore ravens win super bowl,Super Bowl XXXV,The given information does not provide any details about the Baltimore Ravens winning a Super Bowl or any connection to Baltimore. The chain,0,0.15384615384615383,0.8,9416.547655004251,False,tog1,0
WebQTest-1261,where did the battle of passchendaele happen,Flanders,"The Battle of Passchendaele took place in Flanders, Belgium.",0,0.19999999999999998,0.8,9459.881062997738,False,tog1,0
WebQTest-1262,what part of the country is ohio considered,Midwestern United States,"Ohio is considered to be in the Midwest region of the United States. However, based on the given reasoning chain, it",0,0.16666666666666666,0.8,9528.328387001238,False,tog1,0
