qid,question,gold,prediction,em,f1,confidence,latency_ms,abstained,x_method,x_rank
WebQTest-0,what does jamaican people speak,Jamaican English,Jamaican people speak Jamaican Creole English Language.,0,0.8333333333333333,0.8,9476.825558005658,False,tog2,0
WebQTest-1,what did james k polk do before he was president,United States Representative,"The given information does not directly state what James K. Polk did before becoming president. However, based on the provided",0,0.11111111111111112,0.8,9736.38277399732,False,tog2,0
WebQTest-3,who plays ken barlow in coronation street,William Roache,The information provided does not specify who plays Ken Barlow in Coronation Street. The chain of reasoning gives details about Ken,0,0.0,0.8,9377.512551996915,False,tog2,0
WebQTest-6,where is jamarcus russell from,Mobile,Louisiana State University,0,0.0,0.8,9468.864390000817,False,tog2,0
WebQTest-7,where was george washington carver from,Diamond,"The information provided does not specify George Washington Carver's place of origin. The chain focuses on places named after him,",0,0.0,0.8,9561.168101005023,False,tog2,0
WebQTest-8,what else did ben franklin invent,Lightning rod,"The given information does not explicitly state other inventions by Benjamin Franklin. However, based on historical records, Benjamin Franklin is known",0,0.16,0.8,9650.667312998849,False,tog2,0
WebQTest-9,who was richard nixon married to,Pat Nixon,The information provided does not specify Richard Nixon's spouse. The text describes a book about his relationship with Spiro Agnew,0,0.08695652173913042,0.8,9321.023005002644,False,tog2,0
WebQTest-12,who is governor of ohio 2011,John Kasich,The information provided does not contain any details about the Governor of Ohio in 2011. The given chain focuses,0,0.0,0.8,9320.693485999072,False,tog2,0
WebQTest-13,who was vice president after kennedy died,Lyndon B. Johnson,Lyndon B. Johnson was the Vice President after Kennedy died.,0,0.4615384615384615,0.8,9447.411933004332,False,tog2,2
WebQTest-14,where is the fukushima daiichi nuclear plant located,Japan,"The Fukushima Daiichi Nuclear Power Plant is located at m.0clv1h_. Based on the provided information,",0,0.0,0.8,9467.581052005698,False,tog2,0
WebQTest-16,what countries are part of the uk,Wales,"The United Kingdom itself is a country, and it includes dependencies and territories such as Anguilla. However, not all",0,0.0,0.8,9448.571472996264,False,tog2,0
WebQTest-19,what is my timezone in louisiana,Central Time Zone,"To determine your timezone in Louisiana, we need to know the time zones that cover Louisiana. The state of Louisiana spans two",0,0.08,0.8,9304.124547998072,False,tog2,0
WebQTest-20,what did st augustine do,Writer,"St. Augustine influenced thinkers like Johannes Scotus Eriugena and is known for quotes such as ""Pray as",0,0.0,0.8,9468.5327660045,False,tog2,0
WebQTest-21,who is keyshia cole dad,Sal Gibson,The information provided in the reasoning chain does not contain any details about Keyshia Cole's father. The chain focuses on,0,0.08695652173913042,0.8,9553.982824996638,False,tog2,0
WebQTest-22,what kind government does egypt have,Semi-presidential system,The provided chain does not directly specify the type of government Egypt has. It mentions the Government of Egypt and the Parliament of,0,0.14814814814814817,0.8,9402.044496993767,False,tog2,0
WebQTest-23,what town was martin luther king assassinated in,Memphis,Memphis,1,1.0,0.8,9492.037721996894,False,tog2,2
WebQTest-24,where did edgar allan poe died,Baltimore,"The information provided does not specify the location where Edgar Allan Poe died. To answer the question accurately, we would need additional",0,0.0,0.8,9575.712530997407,False,tog2,0
WebQTest-26,what to do today in atlanta with kids,Fox Theatre,"Visiting the Georgia Aquarium, exploring the Atlanta Botanical Garden, or enjoying the Georgia Museum of Art could be fun activities",0,0.2608695652173913,0.8,9508.50807900133,False,tog2,0
WebQTest-28,what electorate does anna bligh represent,Electoral district of South Brisbane,"The given information does not specify which electorate Anna Bligh represents. The details provided are about her education, political positions,",0,0.0,0.8,9410.390566998103,False,tog2,0
WebQTest-31,where did andy murray started playing tennis,2005,The information provided does not specify where Andy Murray started playing tennis. It only mentions his nationality (United Kingdom) and some,0,0.0,0.8,9598.174106999068,False,tog2,0
WebQTest-32,what is the australian dollar called,AUD,"The Australian dollar is referred to as ""m.09knr56"" in the OpenCyc ontology,",0,0.0,0.8,9568.160701004672,False,tog2,0
WebQTest-33,what timezone is sweden,Central European Time Zone,Central European Time Zone,1,1.0,0.8,9382.349318999331,False,tog2,0
WebQTest-34,who did cam newton sign with,Carolina Panthers,"Based on the given chain, Cam Newton played for the team associated with ""m.0hpgnsj"", which",0,0.0,0.8,9377.937940000265,False,tog2,0
WebQTest-35,what county is frederick md in,Frederick County,Frederick County is located in Maryland and the population data for Frederick County is sourced from the United States Census Bureau.,0,0.32,0.8,9369.936114002485,False,tog2,0
WebQTest-36,what highschool did harper lee go to,Monroe County High School,"The information provided does not specify which high school Harper Lee attended. Based on the given data, her education is listed as",0,0.15384615384615385,0.8,9599.395772995194,False,tog2,0
WebQTest-37,what timezone is utah in,Mountain Time Zone,"The given information does not provide a direct link to Utah's timezone. To determine Utah's timezone, we would need additional",0,0.0,0.8,9467.204371001571,False,tog2,0
WebQTest-38,who did george w. bush run against for the second term,John Kerry,The given information does not contain any details about George W. Bush or his election for a second term. The provided chain,0,0.0,0.8,9548.585846998321,False,tog2,0
WebQTest-39,who is niall ferguson 's wife,Ayaan Hirsi Ali,"The information provided in the reasoning chain does not contain any details about Niall Ferguson or his wife. Therefore, based",0,0.0,0.8,9374.570549000055,False,tog2,0
WebQTest-41,where is the galapagos islands located on a world map,Ecuador,"The Galapagos Islands are not mentioned in the provided reasoning chain. Based on the information given, the Cocos (",0,0.0,0.8,9623.461970004428,False,tog2,0
WebQTest-42,what are the songs that justin bieber wrote,Somebody to Love,"The given information does not provide specific song titles written by Justin Bieber. To answer this question accurately, we would need additional",0,0.08,0.8,9503.695904000779,False,tog2,0
WebQTest-43,what did george clemenceau do,Physician,The given chain does not provide information about George Clemenceau. The chain is about William C. C. Claib,0,0.0,0.8,9379.762680997374,False,tog2,0
WebQTest-44,what is the state flower of arizona,Saguaro,"The state flower of Arizona is not directly provided in the given chain. However, based on the information given, we know",0,0.0,0.8,9505.607466999209,False,tog2,0
WebQTest-45,where was rihanna born and raised,Saint Michael Parish,The given information does not provide any details about Rihanna's birthplace or where she was raised. The provided facts are related,0,0.0,0.8,9451.315750004142,False,tog2,0
WebQTest-46,what year did president william henry harrison take office,1841-03-04,The given information does not specify the year William Henry Harrison took office as President. It only provides details about his death place,0,0.0,0.8,9411.961963996873,False,tog2,0
WebQTest-47,where george lopez was born,Mission Hills,The information provided in the reasoning chain does not contain any details about George Lopez's birthplace. The chain focuses on Jennifer,0,0.0,0.8,9533.113714998763,False,tog2,0
WebQTest-48,where are samsung based,Suwon,"The information provided does not specify where Samsung is based. The given chain describes administrative divisions and population data for Mobile County,",0,0.0,0.8,9488.28526899888,False,tog2,0
WebQTest-49,what did the islamic people believe in,Ṭūbā,"The Islamic people believe in the oneness of Allah and the teachings of the Prophet Muhammad. This includes following the Quran,",0,0.22222222222222224,0.8,1451.0513830027776,False,tog2,0
WebQTest-51,who will play mr gray in the film,Jamie Dornan,"The given information does not provide any details about casting for a film. Therefore, it is impossible to determine who will play",0,0.0,0.8,9396.696683004848,False,tog2,0
WebQTest-52,what did george orwell died of,Tuberculosis,The given information does not specify the cause of George Orwell's death. It only provides details about his religion (Athe,0,0.0,0.8,9444.920273999742,False,tog2,0
WebQTest-54,what country did adolf hitler control,Nazi Germany,Germany,0,0.6666666666666666,0.8,9583.044390004943,False,tog2,0
WebQTest-55,who is michael buble,Actor,The information provided does not contain any details about Michael Bublé. The given chain focuses on Edward Burd and his,0,0.0,0.8,9361.80091999995,False,tog2,0
WebQTest-56,what county is kansas city kansas,Wyandotte County,"The information provided does not specify the county of Kansas City, Kansas. To accurately answer this question, additional data about the",0,0.08695652173913042,0.8,9549.019866994058,False,tog2,0
WebQTest-58,who did jackie robinson first play for,UCLA Bruins football,The given information does not provide any details about Jackie Robinson or his first team. The chain of reasoning only contains information about,0,0.0,0.8,9443.248981995566,False,tog2,0
WebQTest-59,when did annie open,1976-08-10,"Annie opened on Broadway on December 7, 1977.",0,0.0,0.8,1450.8186720049707,False,tog2,0
WebQTest-60,where did eleanor roosevelt die,Manhattan,"The given chain does not provide information about where Eleanor Roosevelt died. To answer the question, additional data is required.",0,0.0,0.8,9491.363050998189,False,tog2,0
WebQTest-61,what are the religions practiced in indonesia,Catholicism,"The given chain does not provide specific information about religions practiced in Indonesia. To answer the question, additional data about Indonesian religious",0,0.0,0.8,9308.652372004872,False,tog2,0
WebQTest-62,what was jesse james killed with,Firearm,The given reasoning chain does not contain information about Jesse James or the weapon used to kill him. The chain focuses on William,0,0.0,0.8,9516.136140002345,False,tog2,0
WebQTest-63,who was vp for lincoln,Hannibal Hamlin,The given information does not provide any details about Abraham Lincoln's vice president. The provided chain focuses on Abraham Lincoln's date,0,0.0,0.8,9500.45918700198,False,tog2,0
WebQTest-64,what other books did charles dickens write,A Christmas Carol (Chrysalis Children's Classics Series),"The information provided does not include a list of other books written by Charles Dickens. To answer this question accurately, additional data",0,0.26666666666666666,0.8,9575.377901994216,False,tog2,0
WebQTest-65,who was the first dictator of the soviet union,Vladimir Lenin,The reasoning chain provided does not contain information about the first dictator of the Soviet Union. The chain focuses on Richard Nixon's,0,0.0,0.8,9552.782074999413,False,tog2,0
WebQTest-66,what is the currency of puerto rico called,United States Dollar,"The reasoning chain provided does not contain information about Puerto Rico's currency. Therefore, based on the given information, I cannot",0,0.0,0.8,9553.249869997671,False,tog2,0
WebQTest-67,what kind of cancer did carl wilson have,Lung cancer,The given information does not provide any details about Carl Wilson or his type of cancer. The chain of reasoning only contains information,0,0.08,0.8,9526.915158996417,False,tog2,0
WebQTest-68,who plays the voice of kitt in knight rider,William Daniels,The voice of KITT in Knight Rider is provided by actor William Daniels. He voiced the role for the original series and,0,0.16666666666666669,0.8,1451.435903996753,False,tog2,0
WebQTest-69,what county is brentwood tennessee in,Williamson County,"Based on the given information, Brentwood, Tennessee is in Jennings County.",0,0.15384615384615385,0.8,9031.961567001417,False,tog2,0
WebQTest-71,who did michael j fox marry,Tracy Pollan,The given information does not provide any details about Michael J. Fox's marital status or spouse. The provided chain is about,0,0.0,0.8,9373.591609997675,False,tog2,0
WebQTest-72,what battles did stonewall jackson fight in,Manassas Station Operations,The given chain does not provide information about the battles Stonewall Jackson fought in. It only provides details about his ethnicity,0,0.08,0.8,9402.738726996176,False,tog2,0
WebQTest-73,what language do the maasai tribe speak,Maasai Language,"The information provided does not specify the language spoken by the Maasai tribe. To accurately answer this question, we would",0,0.18181818181818182,0.8,9310.96908300242,False,tog2,0
WebQTest-74,who did benjamin franklin get married to,Deborah Read,"The given information does not mention Benjamin Franklin's marriage. Therefore, based on the provided reasoning chain, we cannot determine who",0,0.0,0.8,9452.315736001765,False,tog2,0
WebQTest-75,what disease did patrick swayze died from,Pancreatic cancer,Patrick Swayze died from Amyotrophic lateral sclerosis (ALS).,0,0.0,0.8,9376.581708005688,False,tog2,0
WebQTest-76,what works of art did leonardo da vinci produce,g.121wt37c,The given information does not provide any details about Leonardo da Vinci's works of art. The chain focuses on the influences and,0,0.27586206896551724,0.8,9413.73475400178,False,tog2,0
WebQTest-77,what capital of austria,Vienna,"The reasoning chain provided does not contain information about the capital of Austria. Based on general knowledge, the capital of Austria is",0,0.0,0.8,9614.316721002979,False,tog2,0
WebQTest-78,what type of cancer did eva peron have,Cervical cancer,The given information does not provide any details about Eva Peron's type of cancer. The provided facts are about Eva Fab,0,0.08333333333333334,0.8,9436.043510999298,False,tog2,0
WebQTest-79,what country did buddha come from,Nepal,"Based on the given chain, there is no direct information about the country Gautama Buddha came from. The chain focuses on",0,0.0,0.8,9551.309656999365,False,tog2,0
WebQTest-80,what county is greeley colorado in,Weld County,"The reasoning chain provided does not contain any information about Greeley, Colorado. The given chain is about County Fermanagh",0,0.09523809523809525,0.8,9451.813760002551,False,tog2,0
WebQTest-82,what did peter tchaikovsky do,Musician,The information provided does not contain any details about Peter Tchaikovsky. The chain of reasoning focuses on John F.,0,0.0,0.8,9558.939720001945,False,tog2,0
WebQTest-83,which countries speak german officially,Belgium,"Germany and Canada. Based on the given reasoning chain, the countries that speak German officially are Germany and Canada. The chain",0,0.17391304347826084,0.8,9553.49016400578,False,tog2,0
WebQTest-84,what type of music did john lennon sing,Rock music,"The given information does not specify the type of music John Lennon sang. To answer this question, we would need additional data",0,0.08333333333333334,0.8,9515.687672996137,False,tog2,0
WebQTest-85,who are the colorado representatives,Mark Udall,"The provided information does not include details about Colorado's representatives. The given facts are related to Colorado's location, time zones",0,0.0,0.8,9462.161202005518,False,tog2,0
WebQTest-86,which country does greenland belong to,Denmark,"Greenland does not belong to any of the countries mentioned in the reasoning chain (Finland, Denmark, or Sweden). Greenland",0,0.1,0.8,9595.011587000045,False,tog2,2
WebQTest-87,what the zip code for seattle washington,98185,"The chain of reasoning provided does not directly contain the specific zip code for Seattle, Washington. To find the zip code for",0,0.0,0.8,9374.823534002644,False,tog2,0
WebQTest-88,who is willow smith mom name,Jada Pinkett Smith,The given information does not provide any details about Willow Smith's mother's name. The provided chain of facts is about Tay,0,0.07692307692307691,0.8,9475.292390001414,False,tog2,0
WebQTest-89,what do you call the chinese writing system,Simplified Chinese character,"The Chinese writing system is called Chinese characters or Hanzi. However, based on the given reasoning chain, there's no",0,0.2608695652173913,0.8,9330.678610000177,False,tog2,0
WebQTest-90,who played on the jeffersons,Damon Evans,"The reasoning chain provided does not contain any information about who played in the TV show ""The Jeffersons."" The chain focuses",0,0.0,0.8,9540.555234001658,False,tog2,0
WebQTest-91,what is the name of the san francisco newspaper,Synapse,"The given information does not provide the name of the San Francisco newspaper. To answer this question, we would need additional data",0,0.34883720930232553,0.8,9373.667680003564,False,tog2,0
WebQTest-93,what continent does armenia belong to,Europe,Asia,0,0.0,0.8,9406.865596996795,False,tog2,0
WebQTest-94,what did randy savage died of,heart attack,The information provided in the reasoning chain does not contain any details about Randy Savage or the cause of his death. The chain,0,0.0,0.8,9419.30524300551,False,tog2,0
WebQTest-95,what was the title of the book charles darwin wrote,On evolution,The given chain does not provide information about Charles Darwin or any books he wrote. The chain is about the fictional character Professor,0,0.3191489361702128,0.8,9392.34636999754,False,tog2,0
WebQTest-96,where did richard nixon die,New York City,"Based on the given chain, Richard Nixon was interred at the Richard Nixon Library & Birthplace, so he died there",0,0.0,0.8,9570.33312600106,False,tog2,0
WebQTest-97,what songs does smokey robinson sing,Just to See Her,The given information does not provide any details about Smokey Robinson's songs. The provided data is about Gerald Robinson's,0,0.3225806451612903,0.8,9346.511441995972,False,tog2,0
WebQTest-98,who was vice president when jfk was president,Lyndon B. Johnson,Lyndon B. Johnson was the Vice President when JFK was President.,0,0.42857142857142855,0.8,9514.98913600517,False,tog2,2
WebQTest-99,what is serbian language called,Serbian language,"The question does not match the provided reasoning chain, which discusses the Polish language and its relation to Poland and Canada. There",0,0.08333333333333334,0.8,9457.518638999318,False,tog2,0
WebQTest-100,what language is spoken in haiti today,Haitian Creole,"Haitian Creole and French are spoken in Haiti today. Haitian Creole is the primary language, while French is",0,0.3636363636363636,0.8,9571.519639001053,False,tog2,0
WebQTest-102,who played barbara gordon batgirl,Melinda McGraw,The given information does not provide any details about Barbara Gordon or Batgirl. The reasoning chain focuses on Rebecca Levy as a,0,0.0,0.8,9355.975425001816,False,tog2,0
WebQTest-103,what basketball teams has shaq played for,Miami Heat,The given reasoning chain does not provide information about which basketball teams Shaquille O'Neal (Shaq) played for,0,0.08695652173913045,0.8,9617.020676996617,False,tog2,0
WebQTest-104,where is jay leno from,New Rochelle,"The information provided does not specify Jay Leno's place of origin. Based on the given chain, we know that Jay",0,0.0,0.8,9318.421179996221,False,tog2,0
WebQTest-105,what language do people from thailand speak,Mon Language,"The given information does not directly provide the language spoken in Thailand. To answer the question, we would need a fact linking",0,0.08333333333333334,0.8,9314.460244000657,False,tog2,0
WebQTest-106,who did armie hammer play in the social network,Cameron Winklevoss,Frederick Hammersley did not participate in the events of The Social Network or have any known connection to that film. The,0,0.0,0.8,9375.604964996455,False,tog2,0
WebQTest-107,what was thomas jefferson role in the declaration of independence,Lawyer,Thomas Jefferson was the primary author of the Declaration of Independence. The provided reasoning chain does not directly address his role in the,0,0.08333333333333333,0.8,9401.979943002516,False,tog2,0
WebQTest-108,what was the book written by charles darwin,On evolution,"The given chain does not mention any book written by Charles Darwin. The text discusses Edgar Allan Poe and his publication ""The",0,0.3529411764705882,0.8,9575.041374002467,False,tog2,0
WebQTest-109,who did tim tebow play college football for,Florida Gators football,"The given information does not provide Tim Tebow's college football team. To answer the question, we would need additional data",0,0.08333333333333333,0.8,9177.914769999916,False,tog2,0
WebQTest-110,who does peyton manning play football for,Denver Broncos,"To answer the question ""Who does Peyton Manning play football for?"", we need more specific information about Peyton Manning's current or",0,0.0,0.8,9295.852154995373,False,tog2,0
WebQTest-111,where is the carpathian mountain range located,Europe,"The Carpathian mountain range is located within a location. Given the provided information, it can be inferred that the Car",0,0.0,0.8,9390.882831001363,False,tog2,0
WebQTest-112,what was robert burns,Bard,The given chain does not provide information about Robert Burns. It contains information about Ambrose Burnside and the United States of,0,0.0,0.8,9382.732534999377,False,tog2,0
WebQTest-114,who did the voice of darth vader in episode 3,Hayden Christensen,"The information provided does not specify who voiced Darth Vader in Episode 3. To answer this question, we would need additional",0,0.0,0.8,9295.435687999998,False,tog2,0
WebQTest-115,what super bowl did peyton manning win,Super Bowl XLI,"The reasoning chain provided does not contain any information about Peyton Manning or Super Bowls. Therefore, based on the given information",0,0.08333333333333333,0.8,9328.197464994446,False,tog2,0
WebQTest-116,which country was justin bieber born in,Canada,To determine Justin Bieber's birth country from the given information:,0,0.0,0.8,9514.46786699671,False,tog2,0
WebQTest-118,who fought in the gulf war 1991,France,"The United Kingdom fought in the Gulf War in 1991, based on the given information.",0,0.23529411764705882,0.8,9477.11190499831,False,tog2,0
WebQTest-119,who plays london tipton in suite life on deck,Brenda Song,"The information provided does not contain any details about London Tipton from ""The Suite Life on Deck."" The given chain",0,0.0,0.8,9347.153880997212,False,tog2,0
WebQTest-121,what team did david beckham play for in 2011,LA Galaxy,The provided reasoning chain does not contain information about which team David Beckham played for in 2011. To answer,0,0.0,0.8,9443.955427996116,False,tog2,0
WebQTest-122,where did francisco coronado come from,Salamanca,The information provided does not contain any details about Francisco Coronado. It only mentions Luis B. Carranco and his nationality,0,0.0,0.8,9374.77411999862,False,tog2,0
WebQTest-123,what all does google now do,Google Glass,"Google's activities and services span a wide range of areas including search engines, online advertising, cloud computing, Android operating system",0,0.15384615384615385,0.8,9274.884627004212,False,tog2,0
WebQTest-124,what language does egyptian people speak,Modern Standard Arabic,"The primary language spoken by Egyptian people is Modern Standard Arabic, which is used in formal settings and education. However, the",0,0.25,0.8,9421.534219000023,False,tog2,0
WebQTest-125,what are abraham sons names,Midian,The provided reasoning chain does not contain any information about Abraham Lincoln's sons. It only provides details about his date of death,0,0.0,0.8,9476.989157999924,False,tog2,0
WebQTest-126,who wrote the jana gana mana,Ram Singh Thakur,"The information provided does not specify who wrote ""Jana Gana Mana."" Lili Haydn is mentioned as an American",0,0.0,0.8,9363.354610999522,False,tog2,0
WebQTest-127,what type of cancer did gilda radner die of,Ovarian cancer,The given information does not provide any details about Gilda Radner's cause of death or any information related to cancer.,0,0.08695652173913042,0.8,9421.925878996262,False,tog2,0
WebQTest-128,who plays juni cortez,Daryl Sabara,The given information does not provide any details about who plays Juni Cortez. The provided chain of facts is about Sarah Jar,0,0.0,0.8,9374.906045006355,False,tog2,0
WebQTest-129,what was lucille ball,Actor,"Based on the given information, Lucille Ball is not directly mentioned or inferred. The provided chain focuses on Jackie, Eth",0,0.0,0.8,9295.98783399706,False,tog2,0
WebQTest-131,who inspired obama,Nipsey Russell,"Based on the given information, it is not directly stated who inspired Barack Obama. The provided chain mentions books he has written",0,0.0,0.8,9644.106751002255,False,tog2,0
WebQTest-132,who is michael j fox wife,Tracy Pollan,The given information does not provide any details about Michael J. Fox's wife. The provided chain focuses on William Fox and,0,0.0,0.8,9359.891924999829,False,tog2,0
WebQTest-133,where did dolly parton grow up,Sevierville,The information provided does not specify where Dolly Parton grew up. It only gives details about her ethnicity (Scotch,0,0.0,0.8,9477.51622999931,False,tog2,0
WebQTest-134,what type of books did agatha christie wrote,Writer,"Based on the given information, Agatha Christie is a Poet and a Writer. However, the specific types of books",0,0.1,0.8,9404.898397006036,False,tog2,4
WebQTest-138,what are the four main languages spoken in spain,Catalan language,The given chain does not provide information about the four main languages spoken in Spain. The chain focuses on the Spanish language and,0,0.16,0.8,9568.092213005002,False,tog2,0
WebQTest-139,where is the nra headquarters located,Fairfax,"The information provided in the reasoning chain does not specify the location of the NRA's headquarters. To answer the question, additional",0,0.0,0.8,9205.243491996953,False,tog2,0
WebQTest-141,who is gimli 's father in the hobbit,Gloin,"In the ""Hobbit,"" there is no mention of Gimli having a father. The character Gimli is an",0,0.0,0.8,9371.891417998995,False,tog2,0
WebQTest-142,who developed the tcp ip reference model,Vint Cerf,The TCP/IP reference model was developed by Vint Cerf and Bob Kahn in the 1970s.,0,0.2222222222222222,0.8,1450.5112929982715,False,tog2,0
WebQTest-145,what college did albert einstein go to,ETH Zurich,The information provided in the reasoning chain does not include any details about the college that Albert Einstein attended. To answer the question,0,0.0,0.8,9563.05489600345,False,tog2,0
WebQTest-146,what team does jordan own,Jordan national football team,The given information does not specify a team that Jordan owns. It only mentions that Jordan is a sovereign state and is part,0,0.20689655172413793,0.8,9388.923575002991,False,tog2,0
WebQTest-147,who is the state governor of tennessee,William Haslam,"The reasoning chain indicates that the Governor of Tennessee is an office holder, and a specific individual (m.04j",0,0.0,0.8,9578.791822001222,False,tog2,0
WebQTest-149,what do portuguese people speak,Portuguese Language,"The reasoning chain indicates that Portuguese people primarily speak Portuguese. This is directly supported by the fact that in Brazil, the official",0,0.15384615384615385,0.8,9328.503459997592,False,tog2,5
WebQTest-150,what language does cuba speak,Haitian Creole,The language spoken in Cuba is Spanish.,0,0.4444444444444445,0.8,9604.042887003743,False,tog2,0
WebQTest-153,what are the sights to see in madrid,Madrid Arena,The chain of information provided does not directly address specific sights to see in Madrid. To answer the question about sights to see,0,0.14814814814814817,0.8,9530.221295004594,False,tog2,0
WebQTest-154,what instruments did louis armstrong play,Cornet,"The information provided does not contain any details about Louis Armstrong or his musical instruments. The given chain is about John Armstrong,",0,0.0,0.8,9527.101284998935,False,tog2,0
WebQTest-155,what year was george w bush elected,2000-11-07,"The given information does not provide the specific year George W. Bush was elected. To answer this question, additional data about",0,0.0,0.8,9533.822735997092,False,tog2,0
WebQTest-156,what time zone am i in california,Pacific Time Zone,Pacific Time Zone,1,1.0,0.8,9248.854937999567,False,tog2,0
WebQTest-157,where is mission san buenaventura located,Ventura County,"The information provided does not specify the location of Mission San Buenaventura. The given chain focuses on San Francisco,",0,0.0,0.8,9422.459852998145,False,tog2,0
WebQTest-159,what time in hilo hawaii,Hawaii-Aleutian Time Zone,"To determine the time in Hilo, Hawaii, we need to focus on the relevant information provided:",0,0.2,0.8,9472.363619999669,False,tog2,0
WebQTest-160,where did rudolf virchow conduct his research,Humboldt University of Berlin,The given information does not provide any details about Rudolf Virchow or his research locations. The chain of reasoning only,0,0.08695652173913045,0.8,9601.163535000524,False,tog2,0
WebQTest-161,what university did gordon brown attend,University of Edinburgh,The information provided in the reasoning chain does not contain any details about Gordon Brown's education or the universities he attended. The,0,0.0,0.8,9433.108793004067,False,tog2,0
WebQTest-162,what countries does greece share borders with,Albania,The information provided in the reasoning chain does not contain any data about the countries that Greece shares borders with. It only provides,0,0.0,0.8,9532.1571079985,False,tog2,0
WebQTest-163,what year did the seahawks win the superbowl,Super Bowl XLVIII,The provided chain does not contain any information about the Seattle Seahawks winning the Super Bowl or any related details. The chain is,0,0.15384615384615383,0.8,9176.618778001284,False,tog2,0
WebQTest-164,what did stephen hawking become famous for,Cosmologist,The given reasoning chain does not contain any information about Stephen Hawking or his fame. The chain is about Stephen King and,0,0.0,0.8,9525.986659995397,False,tog2,0
WebQTest-165,who plays donna noble,Catherine Tate,"The information provided does not contain any details about Donna Noble or her actor. Therefore, based on the given chain, it",0,0.0,0.8,9540.073174997815,False,tog2,0
WebQTest-166,what was dr seuss education,"Lincoln College, Oxford",The information provided in the reasoning chain does not contain any details about Dr. Seuss's education. The chain is focused,0,0.0,0.8,9394.083533996309,False,tog2,0
WebQTest-167,where did queensland get its name from,Queen Victoria,"The information provided in the reasoning chain does not contain any details about the origin of the name ""Queensland."" The",0,0.0,0.8,9394.654849995277,False,tog2,0
WebQTest-168,what document did james madison write,"The Papers of James Madison, Secretary of State Series, Vol. 2","The given information does not specify which document James Madison wrote. Based on the provided chain, we know that James Madison was",0,0.3529411764705882,0.8,9400.40783999575,False,tog2,0
WebQTest-169,what are the three official languages of belgium,Dutch Language,"Flemish, French, and German are the three official languages of Belgium.",0,0.16666666666666669,0.8,9505.906662998314,False,tog2,0
WebQTest-170,who played bilbo in lord of the rings,Norman Bird,"The information provided does not contain any details about who played Bilbo Baggins in ""The Lord of the Rings""",0,0.0,0.8,9565.74253099825,False,tog2,0
WebQTest-171,what airport do you fly into to get to destin fl,Destin–Fort Walton Beach Airport,"To determine the specific airport in Destin, FL, we would need additional information or data not provided in the given reasoning",0,0.16666666666666666,0.8,9343.429280001146,False,tog2,0
WebQTest-172,what do you call members of the senate,Senator,Members of the Senate are called United States Senators.,0,0.46153846153846156,0.8,9383.862438997312,False,tog2,0
WebQTest-173,what countries are part of the baltic,Latvia,"Based on the given information, Russia is partially contained by and contains parts of the Euroregion Baltic, which indicates Russia is",0,0.0,0.8,9553.226655996696,False,tog2,0
WebQTest-174,what team does colin kaepernick play for,San Francisco 49ers,"The given information does not contain any data related to Colin Kaepernick or his current team. Therefore, it's impossible to answer",0,0.0,0.8,9464.499089001038,False,tog2,0
WebQTest-175,where did joe flacco attend college,University of Delaware,"The information provided does not specify that Joe Flacco attended John F. Kennedy College or any other college. Therefore, based",0,0.0,0.8,9390.977407994797,False,tog2,0
WebQTest-176,who is emma stone father,Jeff Stone,The given information does not provide the name of Emma Stone's father. It only mentions that Emma Kennedy's parents are Rex,0,0.08,0.8,9412.117897001735,False,tog2,0
WebQTest-177,where was theodore roosevelt buried,Youngs Memorial Cemetery,Theodore Roosevelt was not buried in Arlington National Cemetery with an eternal flame. The information provided pertains to John F. Kennedy,0,0.08333333333333333,0.8,9482.822872996621,False,tog2,0
WebQTest-178,who was the leader of the us during wwii,Franklin D. Roosevelt,Franklin D. Roosevelt was the President of the United States during World War II.,0,0.35294117647058826,0.8,9651.165087998379,False,tog2,0
WebQTest-179,what artistic movement did henri matisse belong to,Neo-impressionism,The given chain does not provide information about Henri Matisse or the artistic movements he belonged to. The chain focuses on,0,0.0,0.8,9533.29973899963,False,tog2,0
WebQTest-180,where the missouri river ends,Mississippi River,The reasoning chain provided does not contain information about the Missouri River or its endpoint. The chain focuses on administrative divisions and time,0,0.08,0.8,9539.90537700156,False,tog2,0
WebQTest-181,what type of currency do they use in thailand,Thai baht,Thai Baht,1,1.0,0.8,9412.700549000874,False,tog2,0
WebQTest-182,who is khloe kardashian 's husband,Lamar Odom,The information provided in the reasoning chain does not contain any details about Khloe Kardashian or her husband. The chain is about,0,0.0,0.8,9405.299207995995,False,tog2,0
WebQTest-184,what state does romney live in,Massachusetts,The given information does not specify which state George W. Romney lives in.,0,0.0,0.8,9564.86551299895,False,tog2,0
WebQTest-185,what type of government does france use,Semi-presidential system,"The French Third Republic had a republican form of government. However, it's important to note that the given information primarily pert",0,0.08333333333333334,0.8,9249.110523000127,False,tog2,0
WebQTest-186,who rules denmark right now,Helle Thorning-Schmidt,"The current ruler of Denmark is King Frederik V. However, this information is not directly derived from the given reasoning chain",0,0.16,0.8,9489.896056998987,False,tog2,0
WebQTest-187,what did stephen hawking study,Physics,The given chain does not contain any information about Stephen Hawking or his studies. The chain primarily discusses Edgar Allan Poe's,0,0.0,0.8,9610.956345000886,False,tog2,0
WebQTest-188,where did bristol palin go to school,West Anchorage High School,"The information provided does not specify Bristol Palin's school. The given details are about Riverdale Country School, which is a",0,0.14814814814814814,0.8,5325.442168003065,False,tog2,0
WebQTest-189,what region of the world is egypt associated with,Middle East,Africa,0,0.0,0.8,9422.524215995509,False,tog2,0
WebQTest-190,what did dr. seuss do,Visual Artist,The given chain does not provide any information about Dr. Seuss or his actions. The chain focuses on Josiah and,0,0.0,0.8,9580.142760001763,False,tog2,0
WebQTest-191,where did drew brees go to college wikianswers,Stanford Graduate School of Business,"The information provided in the reasoning chain does not contain any details about Drew Brees or his college education. Therefore, I",0,0.0,0.8,9502.44652100082,False,tog2,0
WebQTest-193,what school did ben roethlisberger go to,Miami University,The information provided in the reasoning chain does not contain any details about Ben Roethlisberger or his educational background. Therefore,0,0.0,0.8,9426.667813000677,False,tog2,0
WebQTest-194,where did the iroquois indians come from,Québec,"The Iroquois Indians, part of the Indigenous peoples of the Northeastern Woodlands, came from regions in northeastern",0,0.0,0.8,9348.054469999624,False,tog2,0
WebQTest-195,what kind of guitar did george harrison use,Rickenbacker 360/12,The information provided in the reasoning chain does not contain any details about George Harrison or his guitar usage. The chain is about,0,0.0,0.8,9428.267807001248,False,tog2,0
WebQTest-196,what language do navajo people speak,Navajo Language,"The reasoning chain provided does not contain information about the Navajo people or their language. Therefore, based on the given information",0,0.17391304347826084,0.8,9402.565363001486,False,tog2,0
WebQTest-197,what places make up new england,New Hampshire,"New England is made up of the states of Connecticut, Maine, New Hampshire (not mentioned in the given information), Rhode",0,0.2608695652173913,0.8,9397.772021999117,False,tog2,0
WebQTest-199,what type of government does iraq have now,Parliamentary system,"The information provided does not specify Iraq's current form of government. To answer this question accurately, we would need additional data",0,0.0,0.8,9458.513060002588,False,tog2,0
WebQTest-200,where was the vietnam war location,Vietnam,"The Vietnam War took place in Vietnam. Based on the provided reasoning chain, Vietnam is identified as the location for both the",0,0.24000000000000002,0.8,9409.333053998125,False,tog2,0
WebQTest-201,who did gerald ford select as his vice president when he became president,Nelson Rockefeller,"The reasoning chain provided does not contain information about Gerald Ford selecting a vice president. Instead, it states that Gerald Ford succeeded",0,0.0,0.8,9659.837548999349,False,tog2,0
WebQTest-202,what is the currency used in italy,Euro,"The reasoning chain indicates that the Italian Language is primarily spoken in Italy and that Currency is a Topic. However, it does",0,0.0,0.8,9315.840110000863,False,tog2,0
WebQTest-204,what is the capital of modern egypt,Cairo,The reasoning chain provided does not contain information about the capital of modern Egypt. To answer the question directly:,0,0.0,0.8,9625.097165000625,False,tog2,0
WebQTest-205,what school did sir ernest rutherford go to,University of Cambridge,The given information does not provide any details about the schools Sir Ernest Rutherford attended. The provided chain focuses on Ernest Wilson,0,0.0,0.8,9369.043352999142,False,tog2,0
WebQTest-206,what position does brandon roy play,Small forward,The given chain does not provide any information about Brandon Roy or his positions. The chain is about Roy LeCraw and,0,0.0,0.8,9368.933900004777,False,tog2,0
WebQTest-207,where is harvard university,United States of America,"The given information does not specify the location of Harvard University directly. However, it can be inferred that Harvard University, particularly",0,0.08,0.8,9426.261015003547,False,tog2,5
WebQTest-209,where is laos in world map,Southeast Asia,"Laos is not mentioned in the given reasoning chain and the information provided is about Asia, Japan, and time zones. To",0,0.08695652173913042,0.8,9494.317798002157,False,tog2,0
WebQTest-210,where is tyrese gibson from,Watts,"The information provided does not specify Tyrese Gibson's country of nationality directly. However, based on the given chain, we",0,0.0,0.8,9465.314969995234,False,tog2,0
WebQTest-211,what countries are near italy,Slovenia,The information provided does not include any details about countries near Italy. The given chain focuses on Italy's involvement with the Triple,0,0.0,0.8,9531.902563001495,False,tog2,0
WebQTest-212,which states does the colorado river run through,Arizona,The given information does not provide details about which states the Colorado River runs through. The provided chain focuses on time zones and,0,0.08333333333333333,0.8,9482.811016001506,False,tog2,0
WebQTest-213,who did scarlett johansson date,Patrick Wilson,The given information does not provide any details about Scarlett Johansson's dating history. The reasoning chain is about Ingemar,0,0.0,0.8,9366.188370004238,False,tog2,0
WebQTest-214,which continents were part of the roman empire,Europe,"The given information does not directly state which continents were part of the Roman Empire. However, based on historical knowledge, the",0,0.0,0.8,9396.16169299552,False,tog2,0
WebQTest-215,where was elvis costello born,Paddington,"The question appears to contain a discrepancy, as Elvis Costello is not mentioned in the provided reasoning chain. However, based",0,0.0,0.8,9464.850527001545,False,tog2,0
WebQTest-216,where are the gobi desert located on a map,Mongolia,"The reasoning chain provided does not contain information about the Gobi Desert. Based on the given information, we can only infer",0,0.0,0.8,9368.460346995562,False,tog2,0
WebQTest-217,what type of government does the us follow,Presidential system,The United States follows a federal government system.,0,0.2,0.8,9488.836507000087,False,tog2,0
WebQTest-218,in which continent is germany,Europe,Europe,1,1.0,0.8,9489.47982500249,False,tog2,0
WebQTest-220,what language turkey people speak,Ladino Language,The primary language spoken in Turkey is Turkish.,0,0.4,0.8,9601.417868994758,False,tog2,0
WebQTest-221,who does jeremy lin play for,Los Angeles Lakers,"The information provided in the reasoning chain does not contain any details about Jeremy Lin or his professional affiliations. Therefore, it",0,0.0,0.8,9377.847224997822,False,tog2,0
WebQTest-222,where is the seychelles on world map,Africa,"The Seychelles is an archipelago in the Indian Ocean, east of Madagascar.",0,0.0,0.8,9588.932858998305,False,tog2,0
WebQTest-224,where did william morris go to college,"Exeter College, Oxford",The information provided in the reasoning chain does not contain any details about William Morris or his college education. The chain focuses on,0,0.07692307692307691,0.8,9472.58693099866,False,tog2,0
WebQTest-225,what state is mount st. helens in,Washington,The given chain does not contain information about Mount St. Helens or its state. The chain focuses on the Saint Elias,0,0.0,0.8,9186.62738000421,False,tog2,0
WebQTest-226,who is jimmy savile,Disc jockey,The information provided does not contain any details about Jimmy Savile. The given chain only mentions Jimmy Wales and his connection to,0,0.0,0.8,9407.234772006632,False,tog2,0
WebQTest-227,where were the seneca indians located,New York,"The Seneca Indians were located in North America. Given the provided information, we can infer that since the Seneca are",0,0.0,0.8,9443.312205003167,False,tog2,0
WebQTest-231,when did florida marlins join mlb,1994 Major League Baseball Season,The given information does not provide any details about the Florida Marlins joining MLB. The chain focuses on the Atlanta Braves and Atlanta,0,0.0,0.8,9508.568877994549,False,tog2,0
WebQTest-232,what countries have spanish as the national language,Equatorial Guinea,"Based on the given reasoning chain, Spanish is an official language in the United States of America (specifically Puerto Rico),",0,0.33333333333333337,0.8,9557.860685999913,False,tog2,0
WebQTest-233,what to see in phoenix arizona,Pueblo Grande Ruin,"The given chain does not provide information about attractions or things to see in Phoenix, Arizona. It focuses on the minimum wage",0,0.08,0.8,9313.410427996132,False,tog2,0
WebQTest-234,what countries does the panama canal go through,Panama,The Panama Canal goes through Panama.,0,0.5,0.8,9560.339977993863,False,tog2,0
WebQTest-235,what is charlie chaplin famous for,Actor,The given chain does not provide information about Charlie Chaplin or his fame. The chain focuses on Harold and Hannah Nixon and,0,0.0,0.8,9534.835970000131,False,tog2,0
WebQTest-237,what did fred durst do,Actor,"Fred Durst is an American musician, rapper, and record producer. He is best known as the lead singer of the",0,0.09523809523809523,0.8,1451.6627640041406,False,tog2,0
WebQTest-239,where do american bulldogs originate from,United States of America,American Bulldogs originated from the United States.,0,0.36363636363636365,0.8,9531.546414997138,False,tog2,0
WebQTest-240,what colleges did albert einstein teach at,ETH Zurich,The information provided in the reasoning chain does not include any details about the colleges or universities where Albert Einstein taught. To answer,0,0.07407407407407408,0.8,9547.359021002194,False,tog2,0
WebQTest-241,who plays the voice of brian on family guy,Seth MacFarlane,"The given information does not provide the name of the actor who voices Brian Lane on Family Guy. To answer this question,",0,0.0,0.8,9405.952612003603,False,tog2,0
WebQTest-243,where did george w bush live as a child,New Haven,The information provided does not contain any details about George W. Bush's childhood residence. The given facts are about Prescott Bush,0,0.0,0.8,9492.142162998789,False,tog2,0
WebQTest-245,what year was the first miss america pageant held,1921-09,"The given chain does not provide information about the first Miss America pageant year. The chain is about Miss Marple,",0,0.0,0.8,9380.491263000295,False,tog2,0
WebQTest-246,what was nikola tesla inventions,Wireless telegraphy,"Nikola Tesla's notable inventions include alternating current (AC) systems, induction motors, and wireless technology.",0,0.23529411764705882,0.8,9608.573452998826,False,tog2,0
WebQTest-247,where did flemish people come from,France,"The given information does not directly address the origin of Flemish people. However, based on the context provided, we can",0,0.08333333333333334,0.8,9511.944411999139,False,tog2,4
WebQTest-248,what state new york city belong to,New York,"The given information does not specify which state New York City belongs to. Based on the provided data, New York City is",0,0.3076923076923077,0.8,9557.109879999189,False,tog2,0
WebQTest-249,what was the cause of death for bruce lee,Cerebral edema,The given information does not specify the cause of death for Bruce Lee. It only provides his date of death and gender.,0,0.0,0.8,9297.58922199835,False,tog2,0
WebQTest-250,what type of government does usa follow,Presidential system,The USA follows a federal government system.,0,0.22222222222222224,0.8,9449.7030440034,False,tog2,0
WebQTest-251,what type of currency do they use in england,Pound sterling,Pound sterling,1,1.0,0.8,9316.816566999478,False,tog2,0
WebQTest-252,where was benjamin franklin educated,Boston Latin School,The information provided does not include details about Benjamin Franklin's education.,0,0.0,0.8,9585.148318001302,False,tog2,0
WebQTest-253,what countries included in the uk,Wales,"The United Kingdom itself is included, along with its dependencies and territories such as Anguilla. However, not all countries",0,0.0,0.8,9506.88427699788,False,tog2,0
WebQTest-254,what countries in the world speak chinese,Vietnam,"Based on the given information, we can't definitively state which countries speak Chinese. The provided chain only mentions that """,0,0.0,0.8,9307.85947899858,False,tog2,0
WebQTest-255,where obama went to school,Occidental College,The information provided in the reasoning chain does not contain any details about where Barack Obama went to school. The chain focuses on,0,0.08,0.8,9657.493537000846,False,tog2,0
WebQTest-256,what is the primary language of china,Standard Chinese,The primary language of China is Mandarin Chinese.,0,0.2,0.8,9293.695668995497,False,tog2,0
WebQTest-257,who was the soviet leader during world war ii,Leonid Brezhnev,"The reasoning chain provided does not contain information about the Soviet leader during World War II. Based on historical facts, the primary",0,0.0,0.8,9434.09222199989,False,tog2,0
WebQTest-258,which of the following does australia export the most,Energy industry,"The given information does not provide data on Australia's exports, so it is not possible to determine which product Australia exports the",0,0.0,0.8,9590.221514001314,False,tog2,0
WebQTest-260,where was the city of david,Jerusalem,The information provided does not contain any details about the location of the city of David. The given data is primarily about a,0,0.0,0.8,9424.514792000991,False,tog2,0
WebQTest-261,what is cindy sherman known for,Visual Artist,Hurricane Cindy is not known for anything specific in the given context; it is noted as a tropical cyclone that affected areas,0,0.0,0.8,9479.641111000092,False,tog2,0
WebQTest-262,what tv shows did shawnee smith play in,All is Forgiven,"The provided reasoning chain does not contain any information about Shawnee Smith or her TV show appearances. Therefore, I cannot answer",0,0.16666666666666666,0.8,9302.12102200312,False,tog2,0
WebQTest-264,what does australia use for currency,Australian dollar,Australia uses the Australian dollar as its currency.,0,0.4,0.8,9543.667491998349,False,tog2,4
WebQTest-265,which airport to fly into rome,Ciampino–G. B. Pastine International Airport,"The given information does not specify a particular airport to fly into Rome. Based on the provided chain, we know that Rome",0,0.07692307692307693,0.8,9404.229907995614,False,tog2,0
WebQTest-266,what is there to do for fun in kansas city,Negro Leagues Baseball Museum,The given information does not provide details about fun activities in Kansas City. It primarily focuses on the location of Kansas City within,0,0.27586206896551724,0.8,9499.198147997959,False,tog2,0
WebQTest-267,where was martin luther king jr raised,Atlanta,The provided information does not specify where Martin Luther King Jr. was raised. The given data pertains to the location and,0,0.0,0.8,9398.682564002229,False,tog2,0
WebQTest-268,what year was lebron james rookie season,2003–04 NBA season,The given information does not mention LeBron James or his rookie season. The provided chain is about the NFL Honors - AP,0,0.08333333333333333,0.8,9262.039242996252,False,tog2,0
WebQTest-269,where does delaware river start,West Branch Delaware River,The provided reasoning chain does not contain information about the Delaware River's starting point. The chain focuses on organizational scopes and events,0,0.14814814814814817,0.8,9462.971816996287,False,tog2,0
WebQTest-270,what kind of monarchy does japan have,Parliamentary system,Constitutional monarchy,1,1.0,0.8,9457.701882995025,False,tog2,0
WebQTest-271,where did mitt romney 's parents come from,Detroit,The information provided does not contain any details about Mitt Romney's parents or their origins. The chain focuses on George W.,0,0.0,0.8,9410.716220001632,False,tog2,0
WebQTest-273,when did michael jordan return to the nba,1984,The given information does not provide any details about Michael Jordan's return to the NBA. The provided chain focuses on Jordan's,0,0.0,0.8,9406.803847996343,False,tog2,0
WebQTest-276,where was mission san rafael located,94901,The information provided does not specify the location of Mission San Rafael. The given chain focuses on Mission San Paolo and related details,0,0.0,0.8,9371.022753002762,False,tog2,0
WebQTest-277,who was esther 's husband,Ahasuerus,"Based on the given information, Esther Bloom's husband is not directly mentioned. The provided chain only states her parents (Brian",0,0.0,0.8,9359.580333999475,False,tog2,0
WebQTest-278,who 's dating claire danes,Hugh Dancy,"The information provided does not mention anyone dating Claire Danes. It only contains information about Claire McCardell, including her",0,0.0,0.8,9459.573000000091,False,tog2,0
WebQTest-279,what county is st paul va in,Wise County,"To determine the county that St. Paul, VA is in, we need to identify the specific location of St. Paul",0,0.09090909090909091,0.8,1450.6315309990896,False,tog2,0
WebQTest-281,what type of sports do japanese play,Japan women's national handball team,"The given chain does not provide information about which sports Japanese people play. It only describes relationships between 'Sport', 'Sports",0,0.0,0.8,9175.669830998231,False,tog2,0
WebQTest-282,which countries share a border with russia,Latvia,"Based on the given information, Sweden shares a border with Russia, as indicated by the Ingrian War occurring in both Russia",0,0.0,0.8,9435.977669003478,False,tog2,0
WebQTest-284,where did the latin language originate from,Indo-European languages,"The Latin language originated in the Roman Empire, specifically in Rome, which was the capital of the empire and its official language",0,0.0,0.8,9153.109619001043,False,tog2,0
WebQTest-286,what school did karl benz go to,Karlsruhe Institute of Technology,The information provided does not contain any details about Karl Benz or the school he attended. The given chain is about John F,0,0.0,0.8,9553.180743001576,False,tog2,0
WebQTest-287,what movies has carmen electra been in,We Are Family,The given information does not provide any details about Carmen Electra's movie career. The chain of facts is about Hurricane Carmen,0,0.26666666666666666,0.8,9448.183266998967,False,tog2,0
WebQTest-289,when do world war ii end,1945-09-02,World War II ended in 1945.,0,0.2222222222222222,0.8,9418.42661100236,False,tog2,0
WebQTest-291,where did morgan freeman graduate,Pasadena Playhouse,The information provided does not contain any details about Morgan Freeman or his graduation place. It only mentions Brian James Freeman's place,0,0.0,0.8,9462.165039003594,False,tog2,0
WebQTest-294,who was carolus linnaeus,Scientist,Carus Linnaeus is not mentioned in the given reasoning chain. The chain primarily discusses works by Augustine of Hippo,0,0.0,0.8,9591.70682200056,False,tog2,0
WebQTest-295,what type of government does germany have now,Representative democracy,Germany currently has a federal parliamentary republic form of government.,0,0.33333333333333337,0.8,9305.649787995208,False,tog2,0
WebQTest-296,what kind of government does libya have today,Parliamentary republic,"The reasoning chain provided does not contain information about Libya's current government. To answer the question, we would need relevant data",0,0.08333333333333334,0.8,9486.162118999346,False,tog2,0
WebQTest-297,what time zone is anaheim california,Pacific Time Zone,"Anaheim, California is in the Pacific Time Zone. The reasoning involves identifying key details from the given chain that relate to time",0,0.3076923076923077,0.8,9255.63676800084,False,tog2,0
WebQTest-298,what year did the orioles go to the world series,1970 World Series,The information provided does not mention the Baltimore Orioles or their World Series appearances. The chain focuses on the Atlanta Braves and their,0,0.15384615384615383,0.8,9332.860794995213,False,tog2,0
WebQTest-300,who is sir francis bacon,Author,"Sir Francis Bacon was a male author and scientist. Based on the given information, he is associated with risk factors for diseases",0,0.08695652173913045,0.8,9512.247499995283,False,tog2,2
WebQTest-301,what were amelia earhart 's achievements,Pilot,The given information does not contain any details about Amelia Earhart or her achievements. The provided chain of facts is about Amelia,0,0.0,0.8,9425.919093002449,False,tog2,0
WebQTest-302,what are the official colors of the dallas cowboys,White,"The given information does not provide any details about the official colors of the Dallas Cowboys. Therefore, I cannot answer the question",0,0.0,0.8,9518.160768006055,False,tog2,0
WebQTest-303,where did margaret hoover go to college,Bryn Mawr College,The information provided does not contain any details about Margaret Hoover's education or where she went to college. The given chain focuses,0,0.08,0.8,9426.312648000021,False,tog2,0
WebQTest-304,what is jamie oliver children names,Poppy Honey Rosie Oliver,The given information does not provide any details about Jamie Oliver's children or their names. The provided chain of facts is about,0,0.07407407407407408,0.8,9402.727097003662,False,tog2,0
WebQTest-305,where does bradley walsh live,Los Angeles,The information provided does not contain any details about Bradley Walsh's residence. The given chain of reasoning pertains to locations and,0,0.0,0.8,9418.317396004568,False,tog2,0
WebQTest-306,who is the head coach of inter milan,Walter Mazzarri,The information provided in the reasoning chain does not specify the identity or current role of the head coach of Inter Milan. The,0,0.0,0.8,9337.93256899662,False,tog2,0
WebQTest-308,who did reese witherspoon get married to,Jim Toth,The information provided does not contain any details about Reese Witherspoon's marriage. The given chain focuses on John F.,0,0.0,0.8,9413.056145000155,False,tog2,0
WebQTest-310,what kind of money should i take to costa rica,Costa Rican colón,"The reasoning chain provided does not contain information about currency in Costa Rica. To answer your question, you should take Costa Rican",0,0.22641509433962262,0.8,9439.46340399998,False,tog2,0
WebQTest-311,where is the ufc headquarters,Las Vegas,The information provided in the reasoning chain does not specify the location of the UFC (Ultimate Fighting Championship) headquarters. The,0,0.0,0.8,9207.133577001514,False,tog2,0
WebQTest-312,who plays captain kirk in star trek,William Shatner,The information provided does not specify who plays Captain Kirk in Star Trek. The given chain includes actors Chris Free and Michael P,0,0.0,0.8,9218.445910002629,False,tog2,0
WebQTest-313,who does albert pujols play for 2012,Scottsdale Scorpions,The given information does not provide any details about Albert Pujols or his team in 2012. The,0,0.0,0.8,9476.138142999844,False,tog2,0
WebQTest-314,what kind of government is sweden,Parliamentary system,Sweden has a parliamentary representative democratic monarchy form of government.,0,0.16666666666666669,0.8,9478.763488994446,False,tog2,0
WebQTest-315,where was country singer george jones born,Saratoga,The information provided does not match George Jones with George Jackson. George Jones is not associated with any of the given facts about,0,0.0,0.8,9377.51929100341,False,tog2,0
WebQTest-316,what did shakespeare become famous for,Author,"William Shakespeare became famous for his plays and poetry. To directly answer the question based on the provided reasoning chain, the information",0,0.0,0.8,9487.356984995131,False,tog2,0
WebQTest-317,where does russia import from,Uzbekistan,The information provided in the reasoning chain does not contain any details about Russia's imports. The chain focuses on the location and,0,0.0,0.8,9422.391866006365,False,tog2,0
WebQTest-318,what is the money of switzerland called,Swiss franc,"The information provided in the reasoning chain does not include details about the currency of Switzerland. To accurately answer the question, we",0,0.0,0.8,9581.945231002464,False,tog2,0
WebQTest-321,what do people in australia speak,Esperanto Language,People in Australia primarily speak English.,0,0.25,0.8,9485.64489200362,False,tog2,0
WebQTest-322,what has ian somerhalder acted in,Pulse,"Based on the given information, Ian Somerhalder has acted in ""Vampire Diaries"". The reasoning chain indicates",0,0.2,0.8,9190.930560995184,False,tog2,0
WebQTest-323,what movies did ron howard director,The Da Vinci Code,The given information does not provide any details about movies directed by Ron Howard. The provided chain focuses on Robert E. Howard,0,0.15384615384615385,0.8,9538.439175994426,False,tog2,0
WebQTest-326,what did gerald r ford die from,Cardiovascular disease,"The given chain does not provide information about how Gerald R. Ford died. To answer the question, we would need additional",0,0.0,0.8,9498.7016879968,False,tog2,0
WebQTest-327,what two continents is turkey on,Europe,Turkey is located primarily on two continents: Asia and Europe.,0,0.18181818181818182,0.8,9599.270536993572,False,tog2,0
WebQTest-328,where did kevin love go to college,"University of California, Los Angeles","The information provided does not include any details about Kevin Love's college education. To answer this question accurately, we would need",0,0.0,0.8,9408.194823001395,False,tog2,0
WebQTest-329,what type of government was formed when italy unified,Unitary state,The reasoning chain does not provide information about Italy's government type during unification. The chain focuses on languages spoken in certain,0,0.0,0.8,9609.457456004748,False,tog2,0
WebQTest-331,where was the temple of karnak built,Luxor Governorate,The given information does not provide any details about the Temple of Karnak or its location. The chain of reasoning focuses on,0,0.0,0.8,9541.571187000955,False,tog2,0
WebQTest-333,what movies did morgan freeman star in,High Crimes,The given information does not provide any details about Morgan Freeman's movies. The chain focuses on Brian James Freeman and his connections,0,0.17910447761194026,0.8,9488.20294700272,False,tog2,0
WebQTest-334,who did john kennedy have affairs with,Marilyn Monroe,The information provided in the reasoning chain does not contain any details about John F. Kennedy's personal affairs or relationships. It,0,0.0,0.8,9435.676645000058,False,tog2,0
WebQTest-335,what type of money to take to cuba,Cuban peso,"The question about the type of money to take to Cuba is not related to the given reasoning chain, which discusses cyclones",0,0.0,0.8,9615.237073005119,False,tog2,0
WebQTest-336,what currency should you take to morocco,Moroccan dirham,"To determine the appropriate currency to take to Morocco, we need to consider the primary currency used in the country. Based on",0,0.0,0.8,9291.574235001463,False,tog2,0
WebQTest-337,who is mary mcleod bethune for kids,Educator,Mary McLeod Bethune was an American educator and civil rights leader who founded the Daytona Normal and Industrial School for Negro Girls,0,0.08695652173913045,0.8,1450.5987740049022,False,tog2,0
WebQTest-338,what do they call money in japan,Japanese yen,Yen,0,0.6666666666666666,0.8,9591.88532600092,False,tog2,0
WebQTest-339,what nationality is mother teresa,Ottoman Empire,"Mother Teresa was of Albanian and Indian nationality. She was born in Skopje, which was then part of the",0,0.0,0.8,1468.9918889998808,False,tog2,0
WebQTest-340,who is richard pryor son,Steven Pryor,The given information does not provide any details about Richard Pryor's son. The provided chain of reasoning focuses on films starring,0,0.16,0.8,9392.977688999963,False,tog2,0
WebQTest-341,what countries share borders with spain,France,The given information does not provide details about countries that share borders with Spain. The provided chain of facts is related to Spain,0,0.0,0.8,9609.842089994345,False,tog2,0
WebQTest-342,what countries have english as their official language,Sudan,"Based on the given information, the chain does not explicitly state that these countries have English as their official language. It only",0,0.12500000000000003,0.8,9340.13362800033,False,tog2,0
WebQTest-343,what international organizations is china part of,G-20 major economies,The provided chain does not directly address China's membership in international organizations. It discusses topics related to countries and mentions opening up,0,0.0,0.8,9294.451306006522,False,tog2,0
WebQTest-344,what county is west st paul in,Dakota County,"The question appears to have a mismatch with the provided information. Westmoreland Parish is mentioned, not West St Paul's",0,0.0,0.8,9499.917162000202,False,tog2,0
WebQTest-346,who does donnie wahlberg play in the sixth sense,Vincent Grey,The given information does not provide details about Donnie Wahlberg or his role in The Sixth Sense. The reasoning chain focuses,0,0.0,0.8,9292.911509000987,False,tog2,0
WebQTest-347,what did baron de montesquie influence,William Blackstone,Baron de Montesquieu influenced Thomas Paine and Jean-Jacques Rousseau.,0,0.4615384615384615,0.8,9250.81003500236,False,tog2,0
WebQTest-349,who did carlos boozer play for,Cleveland Cavaliers,The given reasoning chain does not contain any information about Carlos Boozer or his playing teams. The chain is about Juan Carlos,0,0.0,0.8,9616.036240004178,False,tog2,0
WebQTest-351,who owns the portland press herald,"Blethen Maine Newspapers, Inc.",The information provided in the reasoning chain does not contain any details about the ownership of the Portland Press Herald. The chain only,0,0.0,0.8,9448.13420400169,False,tog2,0
WebQTest-352,what did albert speer design,Deutsches Stadion,"The given chain does not provide information about Albert Speer or his designs. The chain focuses on Oswald Spengler,",0,0.0,0.8,9496.542583001428,False,tog2,0
WebQTest-354,what art movement did leonardo da vinci belong to,High Renaissance,The given chain does not provide information about Leonardo da Vinci or his art movement. The chain focuses on Leonardo Polo and various,0,0.08,0.8,9436.846873999457,False,tog2,0
WebQTest-356,what airport is near arlington tx,Arlington Municipal Airport,"The given information does not specify an airport near Arlington, TX. Arlington is in Texas, but the provided facts are about",0,0.23529411764705882,0.8,9523.561825997604,False,tog2,0
WebQTest-359,what team does heskey play for,Aston Villa F.C.,The given information does not contain any details about a player named Heskey or his team. The provided chain is about,0,0.0,0.8,9520.956772998034,False,tog2,0
WebQTest-360,where did emperor hirohito live,"Aoyama, Minato, Tokyo","Based on the given information, Emperor Hirohito lived in Hyōgo Prefecture, which is in Japan. However",0,0.0,0.8,9196.962161993724,False,tog2,0
WebQTest-361,what to do and see in vienna austria,Liechtenstein Museum,"The provided reasoning chain does not directly address what to do and see in Vienna, Austria. Based on the information given,",0,0.08695652173913042,0.8,9634.530775998428,False,tog2,0
WebQTest-362,when did conflict start in ireland,Irish Confederate Wars,The reasoning chain provided does not contain information about when the conflict in Ireland started. The chain focuses on geographical and administrative details,0,0.1714285714285714,0.8,9433.241227001417,False,tog2,0
WebQTest-365,what is there to do in peoria illinois,John C. Flanagan House Museum,"The given information does not provide specific activities or attractions in Peoria, Illinois. To answer the question about what to do",0,0.08695652173913042,0.8,9523.894724996353,False,tog2,0
WebQTest-366,what language do british speak,Esperanto Language,British people primarily speak English. The given reasoning chain focuses on British Sign Language and its classification as a human language in Europe,0,0.3571428571428571,0.8,9354.790222998417,False,tog2,0
WebQTest-367,what makes elvis presley famous,Musician,"Elvis Presley became famous for his distinctive musical style that blended country, rock and roll, and R&B, which capt",0,0.0,0.8,9530.296771001304,False,tog2,0
WebQTest-370,what language do people speak in the netherlands,Dutch Language,Dutch,0,0.6666666666666666,0.8,9596.400675996847,False,tog2,0
WebQTest-371,what are the major languages spoken in greece,Greek Language,"The major languages spoken in Greece are Greek. (Based on the provided reasoning chain, there is no direct information about major",0,0.08695652173913042,0.8,9513.760811998509,False,tog2,0
WebQTest-374,what type of artist is henri matisse,Painting,The given chain does not provide information about Henri Matisse or his artistic type. The chain focuses on Claude Henri de,0,0.0,0.8,9519.826898998872,False,tog2,0
WebQTest-375,what was the first book charles dickens wrote,Oliver Twist,"The information provided does not specify the first book Charles Dickens wrote. To answer this question, details about the chronology of",0,0.0,0.8,9579.925022997486,False,tog2,0
WebQTest-376,what books did agatha christie wrote,Death On The Nile (Hercule Poirot Mysteries (Paperback)),"The given information does not provide a list of books written by Agatha Christie. To answer the question about her books,",0,0.36363636363636365,0.8,9415.765581994492,False,tog2,0
WebQTest-377,what school did michael jordan attend,University of North Carolina at Chapel Hill,The information provided in the reasoning chain does not contain any details about Michael Jordan's education or the schools he attended. The,0,0.0,0.8,9477.598536999722,False,tog2,0
WebQTest-379,what year does hitler die,1945-04-30,"The chain provided does not contain specific information about Adolf Hitler's date of death. To answer the question ""what year does",0,0.0,0.8,9311.185625003418,False,tog2,0
WebQTest-380,where is mount st helens volcano,North America,The given information does not provide any details about Mount St. Helens volcano. The chain of reasoning focuses on the Saint,0,0.08,0.8,9340.585658996133,False,tog2,0
WebQTest-381,what shows are shot in new york,Trial Heat,"The given information does not provide any details about which shows are shot in New York. To answer this question, we would",0,0.08333333333333334,0.8,9525.73828399909,False,tog2,0
WebQTest-382,what book did tupac write,The Rose That Grew from Concrete,The given information does not mention any book that Tupac Shakur wrote. The provided reasoning chain focuses on Tupac's,0,0.20689655172413793,0.8,9455.750957000419,False,tog2,0
WebQTest-383,what language do chinese people write in,Simplified Chinese character,"Chinese people write in Chinese language. Given the provided reasoning chain, we can infer that Chinese people are part of the Asian",0,0.21428571428571427,0.8,9282.667316998413,False,tog2,0
WebQTest-384,what was robert burns famous for,Bard,"The information provided does not contain details about Robert Burns. It primarily discusses William Safire and Jacob Burnet, and mentions",0,0.0,0.8,9315.949538002315,False,tog2,0
WebQTest-385,when did william mckinley died,1901-09-14,"William McKinley died on September 14, 1901.",0,0.4,0.8,9453.535970998928,False,tog2,0
WebQTest-386,how deep is lake merritt oakland,3.048,"The information provided does not contain the depth of Lake Merritt in Oakland. To answer the question, we would need specific",0,0.0,0.8,9419.617933002883,False,tog2,0
WebQTest-388,what are the important holidays of islam,Mawlid,The important holidays in Islam are Eid al-Fitr and Eid al-Adha.,0,0.5555555555555556,0.8,1449.8281909982325,False,tog2,0
WebQTest-389,what type of music did claude debussy play,Incidental music,"Based on the given chain, the type of music Claude Debussy played is impressionist music. However, this information is",0,0.17391304347826086,0.8,9502.924464999523,False,tog2,0
WebQTest-390,when was the last time the toronto maple leafs were in the stanley cup finals,1967 Stanley Cup Finals,"The provided reasoning chain does not contain any information about the Toronto Maple Leafs or their Stanley Cup Finals appearances. Therefore, I",0,0.23076923076923075,0.8,9307.998915995995,False,tog2,0
WebQTest-392,what team is hank baskett on 2010,Indianapolis Colts,The information provided does not contain details about Hank Baskett's team in 2010. The given chain,0,0.0,0.8,5386.966851001489,False,tog2,0
WebQTest-393,what are the two official languages of paraguay,Spanish Language,The given information does not include any details about the official languages of Paraguay. The chain focuses on Spanish-speaking countries and,0,0.08333333333333334,0.8,9407.267768001475,False,tog2,0
WebQTest-395,what state is the steelers from,Pittsburgh,Pennsylvania,0,0.0,0.8,9405.265952002082,False,tog2,1
WebQTest-396,what college did sir isaac newton go to,"Trinity College, Cambridge","The given chain of influences does not provide information about which college Isaac Newton attended. Based on historical records, Isaac Newton attended",0,0.08,0.8,9526.249054004438,False,tog2,0
WebQTest-397,what are the school colors for harvard university,Crimson,"The provided reasoning chain does not contain information about Harvard University's school colors. To answer the question, we would need additional",0,0.0,0.8,9408.903896000993,False,tog2,0
WebQTest-398,where is the university of the rockies located,Colorado,"The reasoning chain does not provide specific information about the location of the University of the Rockies. Based on the given information,",0,0.13333333333333333,0.8,9480.74013400037,False,tog2,0
WebQTest-399,what disease does robin roberts have,Breast cancer,The information provided does not specify which diseases Robin Roberts has. It only states that females are at risk for multiple sclerosis and,0,0.0,0.8,9372.839010000462,False,tog2,0
WebQTest-400,what was the capital city of the east roman empire,Constantinople,Constantinople,1,1.0,0.8,9425.428616996214,False,tog2,0
WebQTest-401,who plays edward scissorhands,Johnny Depp,"The information provided does not contain any details about the character ""Edward Scissorhands"" or the actor who played him.",0,0.0,0.8,9453.596005994768,False,tog2,0
WebQTest-402,what does joey jordison play in slipknot,Drums,The given information does not provide any details about Joey Jordison or his role in Slipknot. The chain focuses on,0,0.0,0.8,9490.537780002342,False,tog2,0
WebQTest-403,what kind of language does turkey speak,Ladino Language,"The given chain does not provide information about the language spoken in Turkey. Based on general knowledge, Turkey primarily speaks Turkish.",0,0.17391304347826084,0.8,9597.330664997571,False,tog2,0
WebQTest-404,what was lebron james first team,Cleveland Cavaliers,The given reasoning chain does not provide any information about Lebron James or his first team. The chain is about an author,0,0.0,0.8,9511.461898000562,False,tog2,0
WebQTest-405,who fought the battle of gettysburg,Confederate States of America,The 10th Louisiana Infantry and the 15th Louisiana Infantry Regiment fought in the Battle of Gettys,0,0.1,0.8,9562.383428004978,False,tog2,0
WebQTest-406,who is the coach of the sf giants,Bill Hayes,The given information does not specify any coach for the SF Giants. The provided reasoning chain only describes the type and profile details,0,0.0,0.8,5322.250380995683,False,tog2,0
WebQTest-408,who was the first president of the afl,Bud Adams,The given chain does not provide information about the first president of the AFL. The chain discusses general concepts related to American football,0,0.0,0.8,9490.574164003192,False,tog2,0
WebQTest-409,where did giuliana rancic grow up,Naples,Giuliana Rancic grew up in New York City.,0,0.0,0.8,1452.0526679989416,False,tog2,0
WebQTest-410,what are the major cities in ukraine,Kiev,The given reasoning chain does not provide information about major cities in Ukraine. It only contains data related to Moscow and Lithuania.,0,0.0,0.8,9371.22908099991,False,tog2,0
WebQTest-414,who does brian dawkins play for 2011,Denver Broncos,The information provided in the reasoning chain does not contain any details about Brian Dawkins or his team in 201,0,0.0,0.8,9530.567198999051,False,tog2,0
WebQTest-415,what movies did tupac star in,Juice,The given reasoning chain does not provide information about the movies Tupac Shakur starred in. It only confirms that Tupac,0,0.15384615384615383,0.8,9472.223668002698,False,tog2,0
WebQTest-416,what form of currency does china have,Renminbi,The given chain does not provide information about China's currency. It only describes that the Republic of China is a country and,0,0.0,0.8,9273.47005300544,False,tog2,0
WebQTest-417,who plays kenneth,Jack McBrayer,"The question ""who plays Kenneth"" cannot be directly answered from the given information. The provided chain describes relationships and attributes of",0,0.0,0.8,9368.788824998774,False,tog2,0
WebQTest-418,what league are the indianapolis colts in,AFC South,The Indianapolis Colts are in the National Football League (NFL).,0,0.4615384615384615,0.8,1449.9454779943335,False,tog2,0
WebQTest-419,what country did magellan represent,Kingdom of Portugal,"The information provided in the reasoning chain does not contain any details about Magellan or the country he represented. Therefore, I",0,0.0,0.8,9539.500812999904,False,tog2,0
WebQTest-420,where is perpignan located,France,"The given chain does not provide information about Perpignan's location. To answer the question, we would need relevant",0,0.0,0.8,9396.979268996802,False,tog2,0
WebQTest-421,who did kim richards marry,G. Monty Brinson,The information provided does not mention Kim Richards or her spouse. It only mentions Kim Sears and that she is married to someone,0,0.0,0.8,9389.958028004912,False,tog2,0
WebQTest-422,what happened in bosnia in the 90s,Foča massacres,The given information does not provide details about events that occurred in Bosnia in the 1990s. The statements,0,0.2222222222222222,0.8,5374.020363997261,False,tog2,0
WebQTest-423,when 's the last time the steelers won the superbowl,Super Bowl XLIII,"The last time the Steelers won the Super Bowl was in 2008 (Super Bowl XLIII). However,",0,0.47619047619047616,0.8,9378.343210999446,False,tog2,0
WebQTest-425,where english is spoken,Nigeria,English is spoken in Honduras and the Cayman Islands.,0,0.3636363636363636,0.8,9503.768669004785,False,tog2,0
WebQTest-426,where is giza pyramids located,Egypt,"The Giza Pyramids are located in Giza Governorate, which is in North Africa and Egypt. They are situated",0,0.19999999999999998,0.8,9328.752651999821,False,tog2,2
WebQTest-427,what is the zip code for midland tx,79701,"The provided information does not contain any data related to the zip code for Midland, TX. The chain of reasoning focuses",0,0.0,0.8,9381.090374998166,False,tog2,0
WebQTest-428,what states make up the midwest us,Ohio,"The Midwestern United States typically includes states such as Ohio, along with others like Illinois, Indiana, Iowa, Kansas,",0,0.15384615384615383,0.8,9551.502763999451,False,tog2,2
WebQTest-430,what instruments does justin bieber use,Vocals,The given information does not provide details about the specific instruments Justin Bieber uses. The provided chain focuses on his profession as a,0,0.0,0.8,9468.785773999116,False,tog2,0
WebQTest-431,what language does australians speak,Esperanto Language,English Language,1,1.0,0.8,9509.808037000766,False,tog2,0
WebQTest-432,who did annie oakley married,Frank E. Butler,The given information does not contain any details about Annie Oakley's marital status or spouse. The provided chain focuses on Marilyn,0,0.0,0.8,9449.962231999962,False,tog2,0
WebQTest-433,who has played lex luthor,Kevin Spacey,"Based on the given reasoning chain, there's no direct information about who has played Lex Luthor. The chain primarily discusses",0,0.0,0.8,9203.99511299911,False,tog2,0
WebQTest-434,where does the zambezi river start,Mwinilunga,The information provided does not contain any details about the Zambezi River or its starting point. The given chain focuses on,0,0.0,0.8,9421.556781002437,False,tog2,0
WebQTest-436,what is the nigeria time,West Africa Time Zone,"The given chain does not provide information about Nigeria's time zone. To answer the question, additional data about Nigeria's time",0,0.21428571428571427,0.8,9393.051049999485,False,tog2,0
WebQTest-437,where did they find jenni rivera 's body,Iturbide,The information provided in the reasoning chain does not contain any details about Jenni Rivera or the location of her body. The,0,0.0,0.8,9537.625368997396,False,tog2,0
WebQTest-438,what university did romney graduated from,Brigham Young University,The information provided in the reasoning chain does not include any details about George W. Romney's educational background or the university he,0,0.07692307692307691,0.8,9459.582634997787,False,tog2,0
WebQTest-439,where is the time zone line in south dakota,Mountain Time Zone,"The information provided does not specify the exact location of time zone lines in South Dakota. To find this information, you would",0,0.16,0.8,9346.947449004801,False,tog2,0
WebQTest-440,where is jason mraz from,Mechanicsville,Jason Mraz is not mentioned in the given reasoning chain. The information provided is about Robert G. Marotz and,0,0.0,0.8,9422.762469999725,False,tog2,0
WebQTest-441,what killed john bonham,Inhalation of vomit,The information provided in the reasoning chain does not contain any details about John Bonham or the cause of his death. The,0,0.08,0.8,9410.20548200322,False,tog2,0
WebQTest-442,what industry does walmart operate in,Retail,"The provided reasoning chain does not contain any information about Walmart or its industry. Therefore, based on the given information, it",0,0.0,0.8,9444.784792001883,False,tog2,0
WebQTest-443,what county is texarkana arkansas in,Miller County,"Texarkana, Arkansas is in Texarkana, Arkansas. The place itself does not belong to another county but is",0,0.10526315789473684,0.8,9523.217442001624,False,tog2,0
WebQTest-446,what music period did beethoven live in,Opera,"Beethoven lived during the Classical period of music. Given the information provided and general historical knowledge, Ludwig van Beethoven is",0,0.18181818181818182,0.8,9459.930747994804,False,tog2,0
WebQTest-447,what did laura ingalls wilder wrote,Going West (My First Little Houe Books),The given information does not provide any details about Laura Ingalls Wilder or her writings. The chain of reasoning focuses on,0,0.31249999999999994,0.8,9403.70156300196,False,tog2,0
WebQTest-448,what type of government system does italy have,Unitary state,"The reasoning chain provided does not contain information about Italy's government system. It discusses the Italian language, countries where Italian is",0,0.0,0.8,9597.665648994735,False,tog2,0
WebQTest-449,what did john irving wrote,A Prayer for Owen Meany,The given information does not provide any details about John Irving or what he wrote. The provided chain focuses on Irving Ben Cooper,0,0.13793103448275862,0.8,9542.785903002368,False,tog2,0
WebQTest-450,what is the national flower of hawaii,Hawaiian hibiscus,The reasoning chain provided does not contain information about Hawaii's national flower. It mentions Ohio's state flower (Scarlet Carn,0,0.0,0.8,9465.98114399967,False,tog2,0
WebQTest-451,what did alice paul accomplish,Organization founder,The given information does not provide any details about Alice Paul's accomplishments. The provided chain of facts is about Alice Lee and,0,0.0,0.8,9364.510052000696,False,tog2,0
WebQTest-453,what languages do they speak in costa rica,Bribri Language,"Based on the given reasoning chain, Jamaican Creole English Language is listed as one of the languages spoken in Costa Rica",0,0.32,0.8,9459.264570999949,False,tog2,0
WebQTest-454,where did hank marvin come from,Newcastle upon Tyne,"The information provided does not mention Hank Marvin. However, Marvin Dixon is stated to have a nationality of Jamaica.",0,0.0,0.8,9514.04163299594,False,tog2,0
WebQTest-455,when did chipper jones get drafted,1990 Major League Baseball Draft,The given information does not contain any details about Donell Jones' draft or Chipper Jones. There is no connection between,0,0.08000000000000002,0.8,9456.64379599475,False,tog2,0
WebQTest-456,what part did winona ryder play in star trek,Amanda Grayson,"The given information does not contain any details about Winona Ryder or her role in Star Trek. Therefore, I cannot answer",0,0.0,0.8,9370.68525399809,False,tog2,0
WebQTest-459,where did jovan belcher kill himself,Kansas City,The information provided does not contain any details about Jovan Belcher or his suicide. The chain focuses on Martin Luther King,0,0.0,0.8,9314.254094002536,False,tog2,0
WebQTest-461,where did clay matthews go to school,University of Southern California,The information provided does not contain any details about Clay Matthews or his educational background. The given chain focuses on Stanley Matthews and,0,0.0,0.8,9380.496469006175,False,tog2,0
WebQTest-462,what time is it in texas houston right now,Central Time Zone,"The given information does not provide the current time in Houston, Texas. To find the current time, you would need to",0,0.14814814814814814,0.8,9370.048173994292,False,tog2,0
WebQTest-463,who is princess leia in star wars,Carrie Fisher,"Princess Leia Organa is a fictional character in the Star Wars franchise, not related to the Battle of Maida or any",0,0.0,0.8,9300.07525900146,False,tog2,0
WebQTest-464,what is the political structure of china,Single-party state,"The reasoning chain provided focuses on Richard Nixon and his roles as a lawyer and politician, particularly in relation to opening up relations",0,0.0,0.8,9384.91157200042,False,tog2,0
WebQTest-465,what is new york city airport,Newark Liberty International Airport,"New York City Airport is a location and topic, but specific information about it, such as time zones, is not provided",0,0.08695652173913042,0.8,9415.578794003522,False,tog2,0
WebQTest-466,what language brazil speak,Brazilian Portuguese,"Brazilian official language is Portuguese. Based on the given reasoning chain, the answer to ""what language does Brazil speak"" is",0,0.2608695652173913,0.8,9367.370261003089,False,tog2,0
WebQTest-467,who played obi wan in episode 2,Ewan McGregor,The reasoning chain provided does not contain information about which actor played Obi-Wan Kenobi in Episode 2 of the,0,0.0,0.8,9196.609069003898,False,tog2,0
WebQTest-468,where did venus williams come from,Lynwood,The information provided does not contain any details about Venus Williams. The given chain is about Tennessee Williams and various attributes related to,0,0.0,0.8,9468.65671100386,False,tog2,0
WebQTest-469,what currency is used in panama,Panamanian balboa,"To determine the currency used in Panama, we need to follow the logical connections provided in the reasoning chain:",0,0.0,0.8,9303.748640006233,False,tog2,0
WebQTest-470,where does the zambezi river originate,Mwinilunga,The information provided does not contain any details about the Zambezi River or its origin. The given chain focuses on the,0,0.0,0.8,9403.675959001703,False,tog2,0
WebQTest-472,what team did ronaldo play for in 2003,Real Madrid C.F.,The given information does not contain any details about Ronaldo or his teams. The provided chain focuses on Ronald Kelly and Ray Brad,0,0.0,0.8,9466.502904993831,False,tog2,0
WebQTest-473,where does robin williams live 2011,San Francisco,The given information does not provide any details about Robin Williams or his place of residence in 2011. The,0,0.0,0.8,9442.317303000891,False,tog2,0
WebQTest-474,who played jacob black in twilight,Taylor Lautner,The reasoning chain does not provide specific information about who played Jacob Black in Twilight. It mentions the 'Twilight' cast,0,0.0,0.8,9474.767672996677,False,tog2,0
WebQTest-477,which airport to fly into in buenos aires,Aeroparque Jorge Newbery,"The reasoning chain does not provide specific information about which airport to fly into in Buenos Aires. Based on the given information,",0,0.08,0.8,9352.346140003647,False,tog2,0
WebQTest-479,what team did adrian peterson play for in college,University of Oklahoma,The information provided does not include details about Adrian Peterson or his college team. The chain focuses on Cam Newton and his teams,0,0.0,0.8,9370.182063001266,False,tog2,0
WebQTest-480,where does name pennsylvania come from,William Penn,"The term ""Pennsylvania"" comes from the name of its founder, William Penn, who was given the land by the",0,0.1904761904761905,0.8,9558.185543995933,False,tog2,0
WebQTest-481,what kind of money do they use in germany,Euro,"To determine the currency used in Germany, we would need to follow the given reasoning chain and identify the relevant information. However",0,0.0,0.8,9420.823130996723,False,tog2,0
WebQTest-482,who plays blaine in batman,Tom Hardy,Blaine is not a character in Batman.,0,0.0,0.8,1451.0645240006852,False,tog2,0
WebQTest-484,what language does australia use,Esperanto Language,"The given chain of reasoning does not provide information about the languages used in Australia. To answer the question, we would need",0,0.0,0.8,9488.55642900162,False,tog2,0
WebQTest-487,who did veronica lake mary,Joseph A. McCarthy,"The question appears to be incorrectly phrased or contains a typo, as there is no mention of ""Veronica Lake",0,0.09090909090909091,0.8,9574.152794004476,False,tog2,0
WebQTest-488,who did sir francis drake marry,Elizabeth Sydenham,The information provided does not directly state that Sir Francis Drake is Francis A. Nixon. The details given are about a person,0,0.0,0.8,5487.91014199378,False,tog2,0
WebQTest-489,who plays stephanie plum in one for the money,Katherine Heigl,"The given information does not provide any details about Stephanie Plum or the movie ""One for the Money."" The reasoning chain focuses",0,0.0,0.8,9560.16852799803,False,tog2,0
WebQTest-490,what did the ancient romans speak,Latin Language,The ancient Romans spoke Latin.,0,0.28571428571428575,0.8,9155.543247994501,False,tog2,2
WebQTest-491,what does ringo sing,Love Me Do,The given information does not provide any details about Ringo's singing. The chain of reasoning focuses on John Lennon and some,0,0.21428571428571427,0.8,9550.967875002243,False,tog2,0
WebQTest-492,where was st. lucy born,Syracuse,"The information provided does not specify St. Lucy's place of birth. The details given are about Aleen Bailey, who",0,0.0,0.8,9522.939843998756,False,tog2,0
WebQTest-493,what type of government does australia have,Parliamentary system,"The given chain does not provide information about Australia's government type. To accurately answer the question, additional data would be required",0,0.0,0.8,9514.264858997194,False,tog2,0
WebQTest-497,who was the father of king george vi,George V,The given information does not provide any details about the father of King George VI. The provided chain is about George R.,0,0.15384615384615385,0.8,9514.861522999126,False,tog2,0
WebQTest-500,what is the zip code for trenton,08607,"The provided information does not contain any data about zip codes for Trenton. The chain of reasoning focuses on area codes,",0,0.0,0.8,9370.932438003365,False,tog2,0
WebQTest-501,what has ashley greene been in,King of California,The given information does not provide any details about Ashley Greene or her work. The reasoning chain is about Vivian Green and,0,0.15384615384615385,0.8,9480.823029996827,False,tog2,0
WebQTest-502,where did al qaeda attack,September 11 attacks,"The Ras Burqa massacre is an event in Egypt related to an Al-Qaeda attack, but the specific location of the attack",0,0.0,0.8,9370.148763999168,False,tog2,0
WebQTest-503,what language is spoken in switzerland,French,French is one of the languages spoken in Switzerland.,0,0.19999999999999998,0.8,9586.41069800069,False,tog2,1
WebQTest-504,who was philip in acts chapter 8,Apostle Philip,"In the context of the Book of Acts, Philip is not directly related to the works mentioned in the given reasoning chain.",0,0.08333333333333334,0.8,9496.500596003898,False,tog2,0
WebQTest-506,what the time zone in england,Greenwich Mean Time Zone,"The primary time zone for England is Greenwich Mean Time (GMT) during standard time and British Summer Time (BST), which",0,0.5185185185185185,0.8,9192.894792999141,False,tog2,0
WebQTest-508,what is the best currency to take to turkey,Turkish lira,The best currency to take to Turkey is the Turkish Lira (TRY). While it's advisable to also have some local,0,0.17391304347826084,0.8,9602.227606002998,False,tog2,0
WebQTest-509,what system of government is practiced in nigeria,Presidential system,The given chain does not provide information about Nigeria's system of government. It only mentions that Nigeria speaks English and has An,0,0.08,0.8,9496.625571999175,False,tog2,0
WebQTest-512,who were mary shelley,Author,Mary Shelley was an author associated with the Romanticism movement and is noted for her place of death and country of nationality.,0,0.08695652173913045,0.8,9313.894967999659,False,tog2,0
WebQTest-513,what language do most australians speak,Esperanto Language,Most Australians speak English.,0,0.3333333333333333,0.8,9466.595083002176,False,tog2,0
WebQTest-514,where is denmark situated,Scandinavia,Denmark is situated in the Nordic countries.,0,0.4444444444444445,0.8,9497.167736000847,False,tog2,0
WebQTest-515,where was teddy roosevelt 's house,"Washington, D.C.","The information provided does not specify the location of Theodore Roosevelt's house. To answer the question accurately, details about his residences",0,0.0,0.8,9528.95060699666,False,tog2,0
WebQTest-516,what is the government system of malaysia,Parliamentary system,"The reasoning chain does not directly provide information about Malaysia's government system. However, based on the given chain, we can",0,0.08695652173913042,0.8,9453.734048001934,False,tog2,0
WebQTest-517,what do people speak in canada,Lojban,"People in Canada speak Canadian English. Based on the given reasoning chain, Canadian English is spoken in Canada. Therefore, people",0,0.33333333333333337,0.8,9395.027111000672,False,tog2,0
WebQTest-518,what type of money do they use in costa rica,Costa Rican colón,"The reasoning chain provided does not contain information about the currency used in Costa Rica. To answer the question, we would need",0,0.08,0.8,9417.961560000549,False,tog2,0
WebQTest-519,what timezone is nashville tn,Central Time Zone,"The given information does not provide the timezone for Nashville, TN. To answer the question, additional data about Nashville's timezone",0,0.0,0.8,9487.099087004026,False,tog2,0
WebQTest-521,who was anakin skywalker,Ted Bracewell,"The given chain does not provide information about Anakin Skywalker. The chain focuses on Mel Gibson's organizations and gender, but",0,0.0,0.8,9347.842075003427,False,tog2,0
WebQTest-522,where did adolf hitler die,Berlin,The given information does not provide any details about where Adolf Hitler died. The chain of statements is about Berlin's location and,0,0.08333333333333333,0.8,9353.864980999788,False,tog2,1
WebQTest-523,what is the largest nation in europe,Russia,"The information provided does not specify the largest nation in Europe. To determine the largest nation by area, we would need additional",0,0.0,0.8,9546.040178000112,False,tog2,0
WebQTest-524,where was the first gulf war fought,Israel,The reasoning chain provided does not contain information about the location of the First Gulf War. The chain focuses on the Gulf War,0,0.14814814814814817,0.8,9444.566600002872,False,tog2,0
WebQTest-525,who are the senators of virginia 2013,Jim Webb,The information provided in the reasoning chain does not contain any data about the senators of Virginia in 2013.,0,0.0,0.8,9569.168401998468,False,tog2,0
WebQTest-526,what band was george clinton in,Funkadellic,"Based on the given information, George Clinton was not in a band as a regular performer. He is primarily known as a",0,0.15384615384615385,0.8,9497.205423998821,False,tog2,0
WebQTest-527,what country borders slovakia,Ukraine,The given information does not provide any details about countries bordering Slovakia. The provided facts are about Hungary's organizations and events,0,0.08695652173913045,0.8,9532.896625998546,False,tog2,0
WebQTest-528,what was james garfield most known for,US President,"The given chain does not contain any information about James Garfield. The chain is about Henry James and Norman Mailer,",0,0.0,0.8,9512.177233002149,False,tog2,0
WebQTest-529,where did paula deen go to school,Albany High School,Paula Deen did not attend college. She received her education through culinary training and experience in the restaurant industry.,0,0.0,0.8,1451.5326900000218,False,tog2,0
WebQTest-530,where does robert irvine come from,Salisbury,The information provided in the reasoning chain does not contain any data related to Robert Irvine or his place of origin. The,0,0.0,0.8,9425.409005001711,False,tog2,0
WebQTest-531,what style of music does michael jackson perform,Post-disco,"Based on the given information, Michael Jackson performs R&B and 80s pop music. The chain indicates his content",0,0.1904761904761905,0.8,9496.492473001126,False,tog2,0
WebQTest-532,what does david beckham play,Football,The given chain of reasoning does not provide information about what sport David Beckham plays. The chain focuses on his spouse or domestic,0,0.0,0.8,9403.395434004779,False,tog2,0
WebQTest-533,what does julian lennon do,Actor,The given information does not provide any details about Julian Lennon's occupation or activities. The provided chain focuses on John Lennon and,0,0.0,0.8,9511.5749569959,False,tog2,0
WebQTest-534,what is the milwaukee brewers mascot,Bonnie Brewer,The Milwaukee Brewers' mascot is Bubba the Blue Bopper.,0,0.0,0.8,1464.715485999477,False,tog2,0
WebQTest-535,what is the second biggest state in the united states,Texas,"To determine the second biggest state in the United States, we need to consider the area of each state. However, the",0,0.0,0.8,9432.323792003444,False,tog2,0
WebQTest-537,what has charlie hunnam been in,Children of Men,The given information does not directly state what Charlie Hunnam (assuming Charlie Hoyland is Charlie Hunnam) has been in,0,0.09523809523809525,0.8,9367.915128997993,False,tog2,0
WebQTest-538,what are all the movies taylor swift has been in,Valentine's Day,The provided information does not contain any data about movies that Taylor Swift has been in. The given facts are related to Elizabeth,0,0.14814814814814817,0.8,9409.69749299984,False,tog2,0
WebQTest-540,what college did brett favre,University of Southern Mississippi,The given information does not provide any details about Brett Favre or his college education. The reasoning chain only discusses John F,0,0.0,0.8,9498.466502998781,False,tog2,0
WebQTest-542,where did alex chilton die,New Orleans,The information provided in the reasoning chain does not contain any details about Àlex Corretja's place of death. The,0,0.0,0.8,9360.479654998926,False,tog2,0
WebQTest-543,what college did martin luther king jr go to,Morehouse College,The information provided does not include details about which college Martin Luther King Jr. attended. The given chain focuses on the location,0,0.08333333333333334,0.8,9615.996476000873,False,tog2,0
WebQTest-545,what kind of cancer did farrah fawcett die of,Anal cancer,Farrah Fawcett died of ovarian cancer.,0,0.25,0.8,9457.77878700028,False,tog2,0
WebQTest-546,who is michael j fox 's wife,Tracy Pollan,The given information does not provide any details about Michael J. Fox's wife. The provided chain of facts is about William,0,0.0,0.8,9372.48552100209,False,tog2,0
WebQTest-547,what money do i use in costa rica,Costa Rican colón,The reasoning chain provided does not contain information about the currency used in Costa Rica. To answer the question directly: In Costa,0,0.14285714285714288,0.8,9404.783913996653,False,tog2,0
WebQTest-548,what guitar did joe walsh play,Fender Stratocaster,Joe Walsh played a Gibson Les Paul guitar.,0,0.0,0.8,1454.5318829987082,False,tog2,0
WebQTest-549,what are the official languages of the eu,Swedish Language,The given reasoning chain does not provide information about the official languages of the EU. It discusses properties related to films and their,0,0.0,0.8,9268.43044400448,False,tog2,0
WebQTest-550,what is ryan seacrest radio show,American Top 40,"Ryan Seacrest's radio show is ""Live Big with Ryan Seacrest."" It is a talk radio program that",0,0.37974683544303794,0.8,1454.7148249985185,False,tog2,0
WebQTest-552,what language do most italians speak,Italian Language,Most Italians speak Italian.,0,0.3333333333333333,0.8,9600.827864000166,False,tog2,0
WebQTest-554,what money do they use in spain,Euro,The reasoning chain provided does not contain information about currency used in Spain. To answer the question directly: The primary currency used,0,0.0,0.8,9568.580930004828,False,tog2,0
WebQTest-555,what did drew barrymore go to rehab for,Cocaine,The given information does not contain any details about Drew Barrymore or her reasons for going to rehab. The provided chain is,0,0.0,0.8,9471.163373003947,False,tog2,0
WebQTest-556,when is saint george day celebrated,April 23,The given chain does not provide information about when Saint George's Day is celebrated. The chain mentions Saint Patrick's Day but,0,0.0,0.8,9509.59354799852,False,tog2,0
WebQTest-557,what government did the roman empire have,Autocracy,"The Roman Empire's government was complex and evolved over time, but it generally had a republican and later imperial system with elements",0,0.0,0.8,9416.158791995258,False,tog2,0
WebQTest-559,what instrument did robin gibb play,Vocals,The given information does not contain any details about Robin Gibb or his musical instruments. The provided chain is about Robin Roberts,0,0.0,0.8,9383.891843994206,False,tog2,0
WebQTest-560,who voiced darth vader,Matt Lanter,The given information does not provide any details about who voiced Darth Vader. The reasoning chain focuses on the character Lucas Scott and,0,0.0,0.8,9411.672183996416,False,tog2,0
WebQTest-561,when was abe lincoln president,Abraham Lincoln 1861 presidential inauguration,"The provided reasoning chain does not directly contain information about when Abraham Lincoln was president. To answer the question ""When was Abe",0,0.14814814814814814,0.8,9536.840505999862,False,tog2,0
WebQTest-562,where are the texas rangers playing,Rangers Ballpark in Arlington,The information provided does not contain any details about where the Texas Rangers are playing. The given chain of facts is about Dallas,0,0.07407407407407408,0.8,9455.622677996871,False,tog2,0
WebQTest-564,what is arkansas state capitol,Little Rock,"The reasoning chain provided does not contain specific information about Arkansas's state capital. Based on the given information, we can infer",0,0.0,0.8,9559.560046996921,False,tog2,0
WebQTest-567,what is the zip code for nogales az,85621,"The provided reasoning chain does not contain any information about Nogales, AZ or its zip code. Therefore, I cannot",0,0.0,0.8,9464.827361996868,False,tog2,0
WebQTest-568,when did michael vick start playing for the eagles,2009,The given chain does not provide information about Michael Vick or his start date with the Eagles. It only discusses JaMarcus Russell,0,0.0,0.8,9174.616541000432,False,tog2,0
WebQTest-570,what is william taft famous for,Lawyer,"The given chain does not provide information about William Taft. It only contains information about Robert A. Taft, including",0,0.0,0.8,9420.198653002444,False,tog2,0
WebQTest-572,where did robin cook die,Inverness,The information provided does not include any details about where Robin Cook died. The chain of information only mentions that Robin is a,0,0.0,0.8,9486.969468001917,False,tog2,0
WebQTest-573,where did melba beals live,Arkansas,"The given reasoning chain does not provide any information about Melba Beals or her place of residence. Therefore, it is",0,0.0,0.8,9251.130523996835,False,tog2,0
WebQTest-575,who is louisiana state senator,Alexander Barrow,The information provided does not specify individual names but indicates that members of the Louisiana State Senate are part of a governmental body.,0,0.07692307692307691,0.8,9444.212549999065,False,tog2,0
WebQTest-576,what are the 7 countries that are part of central america,Panama,"The given information does not list all 7 countries of Central America. To provide the correct answer, the chain should include",0,0.0,0.8,9483.910069997364,False,tog2,0
WebQTest-577,where did derek fisher go to college,University of Arkansas at Little Rock,The given information does not provide any details about Derek Fisher's college education. The reasoning chain only contains information about a place,0,0.0,0.8,9401.338089999626,False,tog2,0
WebQTest-578,who was kobe bryant drafted by,Charlotte Hornets,"To answer the question ""Who was Kobe Bryant drafted by?"", we need to focus on information related to his draft status rather",0,0.0,0.8,9275.975920994824,False,tog2,0
WebQTest-579,where are the new orleans hornets moving to,Charlotte,"The information provided does not contain any details about the New Orleans Hornets moving to another location. To answer this question accurately,",0,0.0,0.8,9531.805696999072,False,tog2,0
WebQTest-580,what language does algerian people speak,French,"Arabic is widely spoken in Algeria, along with Berber languages. The official language is Arabic.",0,0.33333333333333337,0.8,9451.25835500221,False,tog2,0
WebQTest-581,where was anne boleyn executed,Tower of London,"Anne Boleyn was executed at the Tower Green within the Tower of London on May 19, 15",0,0.38095238095238093,0.8,1451.8904500000644,False,tog2,0
WebQTest-582,what did galileo do to become famous,Mathematician,The given information does not provide any details about Galileo or how he became famous. The reasoning chain focuses on Neil Armstrong,0,0.0,0.8,9366.964467997605,False,tog2,0
WebQTest-583,what school did martin luther king jr received his doctorate degree from,Boston University,"The given information does not specify which school Martin Luther King, Jr. received his doctorate degree from. The provided data",0,0.0,0.8,9391.135249003128,False,tog2,0
WebQTest-584,where buddha come from,Kapilavastu,"The information provided does not directly state Buddha's origin. However, based on the given chain, we can infer that Ash",0,0.0,0.8,9536.660584002675,False,tog2,0
WebQTest-585,what did king henry viii rule,England,King Henry VIII ruled England.,0,0.33333333333333337,0.8,9404.336065003008,False,tog2,0
WebQTest-586,what type of cancer did larry hagman have,Leukemia,"Based on the given reasoning chain, the specific type of cancer Larry Hagman had is not directly provided. The chain mentions",0,0.08,0.8,9413.734615001886,False,tog2,0
WebQTest-588,what wars did robert e lee served in,Battle of South Mountain,The provided reasoning chain does not contain any information about Robert E. Lee or the wars he served in. The chain is,0,0.23529411764705885,0.8,9259.163616996375,False,tog2,0
WebQTest-589,what russian language called,Russian Language,The question asks about the Russian language but the provided reasoning chain is about the Polish language. There is no information given about,0,0.23076923076923078,0.8,9429.888521997782,False,tog2,0
WebQTest-590,who is in charge of libya now,Abdullah al-Thani,"The current leader of Libya is Abdul Hamid Dbeibah, serving as the Prime Minister under a UN-backed government",0,0.0,0.8,9464.898589998484,False,tog2,0
WebQTest-592,when did shays rebellion start,1786,"The information provided does not specify the start date of Shays' Rebellion. To answer the question accurately, additional historical context",0,0.0,0.8,9367.814767996606,False,tog2,0
WebQTest-593,what kind of disease does montel williams have,Multiple sclerosis,Montel Williams has Parkinson's disease.,0,0.0,0.8,1452.5194160014507,False,tog2,0
WebQTest-595,when is the last time the ravens won a superbowl,Super Bowl XLVII,The provided chain does not contain any information about the Baltimore Ravens winning the Super Bowl. The chain is related to the NFL,0,0.15384615384615383,0.8,9173.973934004607,False,tog2,0
WebQTest-596,where did kansas city royals come from,Kansas City,"The Kansas City Royals came from Kansas City, Missouri, which is part of the Kansas City metropolitan area. However, the",0,0.4615384615384615,0.8,9489.99715300306,False,tog2,0
WebQTest-597,what style of music does john mayer play,Acoustic music,"John Mayer plays rock music. Based on the given reasoning chain, it is clear that John Mayer's profession includes being a",0,0.16666666666666669,0.8,9488.58038999606,False,tog2,0
WebQTest-599,what inventions did thomas edison invent list,Carbon microphone,The given information does not provide a specific list of inventions created by Thomas Edison. The provided reasoning chain only gives general information,0,0.0,0.8,9583.785301998432,False,tog2,0
WebQTest-600,where did djokovic come from,Serbia,"The given information does not directly state where Novak Djokovic came from, but it indicates his country of nationality through",0,0.0,0.8,9367.865249005263,False,tog2,0
WebQTest-602,what part of the country is new england,Northeastern United States,"New England is located in the northeastern part of the United States. Based on the given information, it is contained by the",0,0.24000000000000002,0.8,9400.584057002561,False,tog2,0
WebQTest-603,what money to take to turkey,Turkish lira,"The question ""what money to take to turkey"" is not directly related to the given reasoning chain. However, for traveling",0,0.0,0.8,9599.813040003937,False,tog2,0
WebQTest-604,what kind of music did jimi hendrix play,Psychedelic rock,Rock music.,1,1.0,0.8,5445.684895006707,False,tog2,0
WebQTest-605,what degrees did obama get in college,Juris Doctor,"The provided reasoning chain does not contain any information about Barack Obama's college degrees. It only mentions his spouse, some of",0,0.08,0.8,9635.37373500003,False,tog2,0
WebQTest-606,who were alexander graham bell 's siblings,Edward Charles Bell,The given information does not provide any details about Alexander Graham Bell's siblings. The provided chain is about David E. Bell,0,0.14285714285714288,0.8,9395.730103999085,False,tog2,0
WebQTest-608,when did liverpool fc last win the champions league,2012 Football League Cup Final,The information provided does not contain any data about Liverpool FC or their Champions League victories. The chain of information is about Henry,0,0.07142857142857142,0.8,9456.868526998733,False,tog2,0
WebQTest-609,who played jeannie,Barbara Eden,Jean Harlow,0,0.0,0.8,9350.878448000003,False,tog2,0
WebQTest-611,where was st peter killed,Rome,"To determine where St. Peter was killed, we need to consider historical and religious accounts.",0,0.0,0.8,1454.579860001104,False,tog2,0
WebQTest-612,who does jeremy shockey play for in 2012,Carolina Panthers,"Based on the given information, we cannot determine who Jeremy Shockey plays for in 2012. The provided",0,0.0,0.8,9685.544783002115,False,tog2,0
WebQTest-613,what college did deion sanders jr go to,Florida State University,"The given information does not provide any details about which college Deion Sanders Jr. attended. To answer this question, additional",0,0.0,0.8,9420.548260997748,False,tog2,0
WebQTest-614,when did the battle of alamo start,1836-02-23,The Battle of the Alamo is not related to the Battle of Spanish Fort or the American Civil War. The Battle of,0,0.0,0.8,9388.258118997328,False,tog2,0
WebQTest-615,what were the names of henry viii 's three children,"Henry, Duke of Cornwall","The question about Henry VIII's children does not match the provided reasoning chain, which discusses Edward VIII and some medical conditions associated",0,0.12903225806451613,0.8,9529.762550002488,False,tog2,0
WebQTest-616,what was queen elizabeth ii childhood nickname,Elizabeth II,The given information does not provide any details about Queen Elizabeth II's childhood nickname. The chain focuses on her role as a,0,0.16,0.8,9480.020595998212,False,tog2,0
WebQTest-617,where did tim tebow grow up,Makati,"Tim Tebow grew up in Spring, Texas.",0,0.0,0.8,1455.031780002173,False,tog2,0
WebQTest-618,where is chesapeake bay bridge,Anne Arundel County,The given chain does not contain information about the Chesapeake Bay Bridge. The chain only provides details about the Lincoln Memorial Bridge,0,0.0,0.8,9419.711425005517,False,tog2,0
WebQTest-619,who played victoria barkley,Barbara Stanwyck,"The statement ""who played victoria barkley"" is incorrect. Victoria Beckham's profession is listed as an actor, but",0,0.0,0.8,9316.201034002006,False,tog2,0
WebQTest-620,where did kennedy 's inaugural address take place,United States Capitol,"The location of Kennedy's inaugural address is not directly provided in the given chain. However, based on historical records, John",0,0.0,0.8,9275.663460000942,False,tog2,0
WebQTest-621,what countries have german as the official language,Belgium,"Based on the given reasoning chain, Germany and Canada have German as an officially spoken language. The chain specifically mentions Germany and",0,0.16666666666666669,0.8,9560.059700997954,False,tog2,0
WebQTest-622,where did the taliban began,Afghanistan,The given information does not specify where the Taliban began. The chain of reasoning focuses on general information about Afghanistan and the War,0,0.08333333333333333,0.8,9351.66184300033,False,tog2,4
WebQTest-624,who plays elena gilbert on vampire diaries,Nina Dobrev,The information provided in the reasoning chain does not contain any details about the actress who plays Elena Gilbert on Vampire Diaries.,0,0.0,0.8,9507.266567998158,False,tog2,0
WebQTest-626,what does the missouri river bisect,South Dakota,"The Missouri River bisects North Dakota and Montana, but this information is not directly supported by the given reasoning chain.",0,0.18181818181818182,0.8,9549.28008600109,False,tog2,0
WebQTest-627,what nationality is taylor lautner jacob black,United States of America,The question about Taylor Lautner and Jacob Black's nationality does not relate to the given information about Richard Taylor and the,0,0.0,0.8,9409.735248998913,False,tog2,0
WebQTest-628,what animal represents california,California grizzly bear,The given information does not mention any animal that represents California. The data provided is about political representatives and their positions.,0,0.08333333333333333,0.8,9438.062089000596,False,tog2,0
WebQTest-629,what company does nike own,NIKE IHM Inc,"Nike owns several companies and brands. One of its notable owned entities is Hurley International LLC, a clothing brand known for",0,0.25,0.8,1454.5652250017156,False,tog2,0
WebQTest-630,what language do colombian people speak,Cuiba language,"The reasoning chain provided does not contain information about Colombia or its languages. Based on the given chain, we can only infer",0,0.0,0.8,9502.772247004032,False,tog2,0
WebQTest-631,what year did ray allen join the nba,1996,The given information does not contain any details about Ray Allen joining the NBA or any specific years. The provided chain focuses on,0,0.0,0.8,9432.493735002936,False,tog2,0
WebQTest-633,what is claire danes famous for,Voice Actor,"The given information does not mention Claire Danes or her fame. The provided chain is about Claire McCardell, an",0,0.0,0.8,9436.39425800211,False,tog2,0
WebQTest-634,what county is san antonio in,Medina County,"The given information does not specify which county San Antonio is in. To accurately answer this question, we would need additional data",0,0.08333333333333334,0.8,9379.931596005918,False,tog2,0
WebQTest-635,what characters does matt stone do,Terrance Henry Stoot,"Matt Stone is not mentioned in the given reasoning chain. The chain refers to Oliver Stone, who is a film director and",0,0.13333333333333333,0.8,9433.00841600285,False,tog2,0
WebQTest-636,what timezone is the state of michigan and,UTC−05:00,The state of Michigan is in the Eastern Time Zone (ET) and possibly the Central Time Zone (CT) depending on,0,0.4,0.8,9323.827199004882,False,tog2,0
WebQTest-637,what type of government did soviet union have,Soviet democracy,Marxist-Leninist,0,0.0,0.8,8436.260978000064,False,tog2,0
WebQTest-638,what languages are there in japan,Esperanto Language,"The given chain of information does not provide details about languages spoken in Japan. To answer the question about languages in Japan,",0,0.0,0.8,9580.065223999554,False,tog2,0
WebQTest-639,what year did the bulls get rodman,1995,The given information does not provide any details about the Chicago Bulls or when Julius Rodman was acquired by the team. The,0,0.0,0.8,9498.449257000175,False,tog2,0
WebQTest-640,who was saint paul the apostle,Missionary,"Saint Paul the Apostle was a male figure in Christianity. He is known for his works related to identity, memory, and",0,0.0,0.8,9537.281696000719,False,tog2,0
WebQTest-642,where did vince scully go to college,Fordham University,The information provided does not specify where Vince Scully went to college.,0,0.0,0.8,9279.51664700231,False,tog2,0
WebQTest-643,where does princess leia live,Alderaan,The given information does not provide any details about Princess Leia's residence. The chain of reasoning is about Palmyra At,0,0.0,0.8,9449.689845998364,False,tog2,0
WebQTest-644,what famous people are from el salvador,Mario Wilfredo Contreras,The given chain does not provide information about famous people from El Salvador. It only gives details about El Salvador being a country,0,0.13793103448275862,0.8,9483.846772003744,False,tog2,0
WebQTest-645,what type of art did leonardo da vinci make,Painting,The given chain does not provide information about Leonardo da Vinci or the types of art he made. The chain focuses on Leonardo,0,0.0,0.8,9456.557511999563,False,tog2,0
WebQTest-646,where did mary bell live,Newcastle upon Tyne,"The information provided does not specify Mary Bell's place of residence. Belltown is mentioned, which is located in Tennessee,",0,0.0,0.8,9421.418854995864,False,tog2,0
WebQTest-648,who did kimberly williams marry,Brad Paisley,"The given information does not provide any details about Kimberly Williams' marital status or spouse. Therefore, it is not possible to",0,0.0,0.8,9500.068384993938,False,tog2,0
WebQTest-649,what other movies has ryan gosling been in,Lars and the Real Girl,The provided chain does not contain specific information about Ryan Gosling's movies. To answer the question about other movies Ryan Gos,0,0.16216216216216214,0.8,9226.205391001713,False,tog2,0
WebQTest-650,what political party does julia gillard belong to,Australian Labor Party,The given information does not provide any details about Julia Gillard's political party. The provided chain focuses on Julia Ward Howe,0,0.08,0.8,9369.54663900542,False,tog2,0
WebQTest-651,what is the currency of germany now,Euro,"To determine the current currency of Germany, we need to follow the logical steps provided in the reasoning chain:",0,0.0,0.8,9289.788372996554,False,tog2,0
WebQTest-652,what kind of hispanic is selena gomez,Italian American,The information provided does not specify a particular Hispanic ethnicity for Selena Gomez. Her Hispanic background is mentioned in the context of,0,0.0,0.8,9179.819343997224,False,tog2,0
WebQTest-653,who did denise van outen married,Lee Mead,Denise Van Outen is married to Matthew Murray.,0,0.0,0.8,1451.0146129978239,False,tog2,0
WebQTest-654,what are egyptian money called,Egyptian pound,Egyptian money is called Egyptian pounds.,0,0.4,0.8,9520.973437000066,False,tog2,0
WebQTest-655,what is the zip code for wyoming michigan,49509,"The given information does not provide specific details about zip codes in Wyoming, Michigan. To find the correct zip code, additional",0,0.0,0.8,9560.749666998163,False,tog2,0
WebQTest-656,who is the president of costa rica in 2012,Laura Chinchilla,The information provided does not include any details about the president of Costa Rica in 2012. To answer this,0,0.0,0.8,9509.471275996475,False,tog2,0
WebQTest-657,where did martin luther king got shot at,Memphis,Memphis,1,1.0,0.8,9498.254985002859,False,tog2,2
WebQTest-658,who wrote the gospel according to john,John the Evangelist,The information provided in the reasoning chain does not specify the author of the Gospel According to John. It only provides details about,0,0.32786885245901637,0.8,9229.485490002844,False,tog2,0
WebQTest-659,what form of government is the uk,Parliamentary system,The UK has a parliamentary democracy.,0,0.25,0.8,9398.440378994565,False,tog2,0
WebQTest-661,who did nasri play for before arsenal,Olympique de Marseille,The given information does not contain any details about Nasri playing for any team before Arsenal. The provided chain focuses on Nas,0,0.0,0.8,9447.256808001839,False,tog2,0
WebQTest-662,what currency does the czech republic use now,Czech koruna,"To determine the currency used in the Czech Republic, we can follow the provided reasoning chain:",0,0.1111111111111111,0.8,9455.58987899858,False,tog2,0
WebQTest-663,what age did william penn get married,1672-04-04,The given information does not provide any details about William Penn's age at marriage. The text focuses on Benjamin Franklin's interactions,0,0.0,0.8,9590.034171000298,False,tog2,0
WebQTest-664,what was firefox programmed in,JavaScript,The given reasoning chain does not provide any information about Firefox or its programming language. The chain focuses on relationships between program creators,0,0.0,0.8,9202.543124003569,False,tog2,0
WebQTest-665,what government does new zealand have,Parliamentary system,"The information provided in the reasoning chain does not directly state the current form of government of New Zealand. However, based on",0,0.08333333333333334,0.8,9529.547849000664,False,tog2,0
WebQTest-666,where is isthmus of panama located on the map,South America,"The Isthmus of Panama is located between North and South America on a map, connecting these two continents. It is",0,0.18181818181818182,0.8,9619.5226320051,False,tog2,0
WebQTest-667,what is the capital of republic of ireland,Dublin,"The reasoning chain provided does not contain information about the capital of the Republic of Ireland. Based on general knowledge, the capital",0,0.0,0.8,9539.433974998246,False,tog2,0
WebQTest-668,what has kristen stewart acted in,The Flintstones in Viva Rock Vegas,"Based on the given chain, Kristen Stewart has acted in ""The Yellow Handkerchief,"" as indicated by the reference to",0,0.4166666666666667,0.8,9418.538172998524,False,tog2,0
WebQTest-669,what did dr josef mengele do,Physician,The provided reasoning chain does not contain any information about Dr. Josef Mengele. The chain focuses on Mário Fer,0,0.0,0.8,9605.878572998336,False,tog2,0
WebQTest-670,what kind of language does egypt speak,Modern Standard Arabic,The Egyptian language is a human language spoken in Africa and uses the Arabic alphabet for writing. It belongs to the class of,0,0.07692307692307691,0.8,9422.588392000762,False,tog2,0
WebQTest-671,who are the senators of hawaii 2012,Mazie Hirono,"To provide the specific senators for Hawaii in 2012, we would need to look up historical records. Based",0,0.0,0.8,9368.683714994404,False,tog2,0
WebQTest-672,what form of government does north korea have,Single-party state,"The provided reasoning chain does not contain information about North Korea's form of government. It focuses on the Korean War, commanders",0,0.0,0.8,9337.456015004136,False,tog2,0
WebQTest-673,where did robert kardashian go to college,University of San Diego School of Law,The information provided does not contain any details about Robert Kardashian's college attendance. The given chain is about John F. Kennedy,0,0.0,0.8,9507.165643997723,False,tog2,0
WebQTest-675,what county is st james city fl in,Lee County,"The information provided does not specify which county St. James City, FL is located in. To answer this question, additional",0,0.09090909090909091,0.8,9543.320426993887,False,tog2,0
WebQTest-676,what did the akkadian empire include,Akkad,"The Akkadian Empire included regions in Asia and was part of the Afroasiatic languages language family. However, it",0,0.0,0.8,9286.569304000295,False,tog2,0
WebQTest-677,after how many years are the olympic games held,Quadrennial,The Olympic Games are held every four years.,0,0.0,0.8,9561.394812000799,False,tog2,0
WebQTest-678,what system of government does guyana have,Semi-presidential system,"The information provided does not include details about Guyana's system of government. Based on the given chain, we know that",0,0.08333333333333333,0.8,9549.847957998281,False,tog2,0
WebQTest-680,what team did aguero play for,Manchester City F.C.,The information provided in the reasoning chain does not contain any data related to Sergio Aguero or his team affiliations. Therefore,0,0.08,0.8,9486.715664999792,False,tog2,0
WebQTest-681,who is the president of the european union 2012,Jerzy Buzek,The information provided does not specify the president of the European Union in 2012. The given facts are about,0,0.0,0.8,9479.978978000872,False,tog2,0
WebQTest-683,what year was kenya moore crowned miss usa,Miss USA 1993,The given reasoning chain does not provide any information about Kenya Moore or her coronation as Miss USA. The chain focuses on,0,0.16,0.8,9463.594913999259,False,tog2,0
WebQTest-684,what sort of government does nigeria have,Presidential system,"The given chain does not provide information about Nigeria's government type. To answer the question, we would need additional data specifically",0,0.0,0.8,9363.043386001664,False,tog2,0
WebQTest-685,where does chef ina garten live,Brooklyn,"The given information does not provide any details about where Chef Ina Garten lives. To answer the question, additional data would",0,0.0,0.8,9342.445185000543,False,tog2,0
WebQTest-686,when the atlanta braves won the world series,1995 World Series,"The given information does not provide details about when the Atlanta Braves won the World Series. To answer this question, we would",0,0.16,0.8,9354.475852000178,False,tog2,0
WebQTest-688,what kind of language do they speak in iran,Pashto language,"The primary language spoken in Iran is Persian (Farsi), which is not directly mentioned in the given chain but is implied",0,0.17391304347826084,0.8,9437.892391993955,False,tog2,0
WebQTest-689,what was the first language spoken in spain,Spanish Language,The reasoning chain provided does not contain information about the first language spoken in Spain. The chain focuses on the Spanish language and,0,0.23076923076923078,0.8,9564.489252996282,False,tog2,0
WebQTest-690,what did scott joplin play,Jazz piano,The given chain does not provide information about what Scott Joplin played. The chain focuses on geographical and temporal details about,0,0.0,0.8,9408.443164000346,False,tog2,0
WebQTest-691,what school did miley cyrus,Heritage Elementary School,"The given information does not provide any details about Miley Cyrus's schooling. Therefore, based on the provided reasoning chain,",0,0.0,0.8,9486.404588002188,False,tog2,0
WebQTest-693,what language do most people speak in afghanistan,"Farsi, Eastern Language","The reasoning chain provided does not contain information about the languages spoken in Afghanistan. To answer the question, we would need data",0,0.0,0.8,9326.408253997215,False,tog2,0
WebQTest-694,who is the prime minister of jamaica west indies,Portia Simpson-Miller,Portia Simpson-Miller,1,1.0,0.8,9365.400859998772,False,tog2,5
WebQTest-695,what role did paul mccartney play in the beatles,Bass,Paul McCartney was a member of The Beatles. He played bass guitar and sang lead vocals on several songs. He was also,0,0.16666666666666669,0.8,1449.7987130016554,False,tog2,0
WebQTest-696,when did juventus win the champions league,1996 UEFA Champions League Final,The given chain does not provide information about Juventus or the UEFA Champions League. The chain focuses on the 201,0,0.24,0.8,9440.962581997155,False,tog2,0
WebQTest-698,who is robin roberts father,Lawrence E. Roberts,"The given information does not provide any details about Robin Roberts' father. The provided data focuses on Robin Roberts' gender,",0,0.15384615384615383,0.8,9444.864930999756,False,tog2,0
WebQTest-699,what is the capital of australia victoria state,Melbourne,The reasoning chain provided does not contain information about the capital of Victoria State in Australia. It only mentions the Australian Capital Territory,0,0.0,0.8,9505.84029500169,False,tog2,0
WebQTest-700,where is french spoken most,Equatorial Guinea,"Based on the given information, French is spoken most in France and also in parts of Canada, Louisiana (United States),",0,0.09523809523809523,0.8,9552.493110000796,False,tog2,0
WebQTest-701,what team is reggie bush on 2011,Miami Dolphins,"The information provided in the reasoning chain does not contain any details about Reggie Bush or his teams. Therefore, I cannot answer",0,0.0,0.8,9357.307063997723,False,tog2,0
WebQTest-702,what highschool did emily osment go to,Flintridge Preparatory School,"The information provided in the reasoning chain does not contain any details about Emily Osment or her high school. Therefore, it",0,0.08333333333333333,0.8,9398.183952995169,False,tog2,0
WebQTest-703,what currency should i take to mexico,Mexican peso,"To determine the appropriate currency to take to Mexico, consider using Mexican Pesos (MXN) or having access to U",0,0.09523809523809525,0.8,9290.515718006645,False,tog2,0
WebQTest-704,who is thor heyerdahl,Ethnographer,The information provided in the reasoning chain does not contain any details about Thor Heyerdahl. The chain only contains information about,0,0.0,0.8,9442.24340099754,False,tog2,0
WebQTest-706,where did troy aikman play football,Dallas Cowboys,"Based on the given information, Troy Aikman's location details suggest he was from Ohio, United States of America.",0,0.0,0.8,9397.904568999365,False,tog2,0
WebQTest-707,who played cletus hogg,Jack Polick,The given information does not provide any details about who played Cletus Hogg. The reasoning chain focuses on William Hog,0,0.0,0.8,9465.372350001417,False,tog2,0
WebQTest-708,who won fa cup 1976,Southampton F.C.,The information provided in the reasoning chain does not contain any details about the winner of the FA Cup in 197,0,0.0,0.8,9443.108283994661,False,tog2,0
WebQTest-709,what did general robert e lee die from,Pneumonia,The given information does not provide details about the cause of General Robert E. Lee's death. The chain of reasoning focuses,0,0.0,0.8,9265.081233003002,False,tog2,0
WebQTest-710,what style of art did henri matisse do,Neo-impressionism,"The given chain does not provide information about Henri Matisse or his art style. Therefore, I cannot answer the question",0,0.09090909090909091,0.8,9533.402676999685,False,tog2,0
WebQTest-711,who plays chuck bass in gossip girl,Ed Westwick,"The information provided does not contain any details about Chuck Bass or his actor in Gossip Girl. Therefore, I cannot answer",0,0.0,0.8,9394.706791004864,False,tog2,0
WebQTest-712,what countries have territories in oceania,Wallis and Futuna,"Kiribati, Tuvalu, and Melanesia",0,0.4,0.8,9476.799889998802,False,tog2,0
WebQTest-713,what county is st. louis park in,Hennepin County,"The given information does not specify which county ""St. Louis Park"" is in. It only provides details about St.",0,0.09523809523809525,0.8,9486.801709994324,False,tog2,0
WebQTest-714,what is the political system of south africa,Parliamentary republic,"The reasoning chain provided does not contain information about South Africa's political system. To answer the question, additional data would be",0,0.0,0.8,9514.808366999205,False,tog2,0
WebQTest-716,what language group does germany belong to,Indo-European languages,"The question seems to be asking about the language group that Germany belongs to, but based on the provided reasoning chain, it",0,0.0,0.8,9400.674634998722,False,tog2,0
WebQTest-717,what timezone is tucson arizona in right now,Mountain Time Zone,"Tucson, Arizona is in the Mountain Time Zone (MT). To provide the current time, you would need to check the",0,0.33333333333333337,0.8,5318.732103005459,False,tog2,0
WebQTest-718,when was lucy lawless born,1968-03-29,The given information does not provide Lucy Lawless's birth date. The chain of reasoning is about Louisa May Alcott,0,0.0,0.8,9549.596783996094,False,tog2,0
WebQTest-719,which political party does barack obama represent,Democratic Party,"The information provided in the reasoning chain does not specify which political party Barack Obama represents. To answer this question accurately, additional",0,0.08333333333333334,0.8,9648.850555000536,False,tog2,0
WebQTest-721,what kind of leukemia did jill clayburgh have,Leukemia,The information provided in the reasoning chain does not contain any details about Jill Clayburgh or her leukemia. The chain focuses on,0,0.08695652173913045,0.8,9393.097521999152,False,tog2,0
WebQTest-723,what is there to see in sydney australia,Sydney Markets,"There are many notable sights and attractions in Sydney, Australia, such as the Sydney Opera House, Harbour Bridge, and various",0,0.33333333333333337,0.8,9489.709693996701,False,tog2,0
WebQTest-724,where was marilyn monroe found dead,Brentwood,"The information provided does not directly state where Marilyn Monroe was found dead. However, based on the given chain, it can",0,0.0,0.8,9516.511393994733,False,tog2,0
WebQTest-725,what states does the sierra nevada run through,Nevada,"The reasoning chain provided does not contain information about the Sierra Nevada mountain range or the states it runs through. Therefore, based",0,0.08695652173913045,0.8,9537.323138996726,False,tog2,0
WebQTest-726,what language is spoken in greek,Albanian language,The reasoning chain does not provide information about languages spoken in Greece. It mentions Greek Language as spoken in South Africa and Canada,0,0.16,0.8,9336.892848004936,False,tog2,0
WebQTest-728,what is the name of the speaker of the house of representatives now 2011,Nancy Pelosi,John Boehner,1,1.0,0.8,9288.036826997995,False,tog2,0
WebQTest-729,who plays stanley hudson,Leslie David Baker,The information provided does not specify who plays Stanley Hudson. The details given are about Mr Hudson's profession as a record producer,0,0.0,0.8,9523.945072003698,False,tog2,0
WebQTest-730,what record label is kelly clarkson signed with,Sony Music Entertainment,The provided reasoning chain does not contain information about Kelly Clarkson's record label. It only provides details about Kelly Price's birth,0,0.0,0.8,9441.310061003605,False,tog2,0
WebQTest-731,where does tim roth come from,Dulwich,"Based on the given reasoning chain, Tim Roth's place of birth is not directly stated. The chain mentions his works but",0,0.0,0.8,9533.957736995944,False,tog2,0
WebQTest-733,what currency should you take to vietnam,Vietnamese dong,Vietnamese Dong,1,1.0,0.8,9285.285345002194,False,tog2,0
WebQTest-734,who did roger federer married,Mirka Federer,The given information does not contain any details about Roger Federer's marital status or spouse. The provided chain focuses on his,0,0.08333333333333334,0.8,9394.812623999314,False,tog2,0
WebQTest-735,what kind of money do i need in costa rica,Costa Rican colón,"The given information does not specify the type of currency used in Costa Rica. However, in Costa Rica, you would need",0,0.14814814814814814,0.8,9385.892195998167,False,tog2,0
WebQTest-737,what is the name of the capital of belgium,City of Brussels,"The reasoning chain provided does not contain information about the capital of Belgium. To answer the question, we would need additional information",0,0.08,0.8,9505.41674199485,False,tog2,0
WebQTest-738,what kind of government does japan have now,Parliamentary system,The given chain describes administrative divisions within Japan but does not specify the current form of Japanese government. Japan has a parliamentary representative,0,0.08,0.8,9582.210229003977,False,tog2,0
WebQTest-739,what pieces of music did claude debussy compose,La Flûte de Pan,The given reasoning chain does not provide information about the pieces of music Claude Debussy composed. It only gives details about his,0,0.20689655172413793,0.8,9495.60782199842,False,tog2,0
WebQTest-740,who was selena gomez in barney and friends,Gianna,"Selena Gomez was not in Barney and Friends. She is an American actress and singer, while Barney and Friends is a",0,0.0,0.8,9387.531895998109,False,tog2,0
WebQTest-741,who plays caesar flickerman in the hunger games,Stanley Tucci,The given information does not provide any details about Caesar Flickerman or The Hunger Games. The chain of reasoning focuses on,0,0.0,0.8,9408.643048001977,False,tog2,0
WebQTest-742,where did the gettysburg address,Gettysburg,"The Gettysburg Address was delivered at the Gettysburg Cemetery Ceremony on November 19, 1",0,0.25,0.8,9495.042839000234,False,tog2,0
WebQTest-743,what was the name of jfk 's brothers,"Joseph P. Kennedy, Jr.","The reasoning chain provided does not contain any information about JFK's brothers. Therefore, I cannot determine the name of JFK's",0,0.0,0.8,9492.511261996697,False,tog2,0
WebQTest-744,who was tupac signed to,Death Row Records,The provided reasoning chain does not contain information about Tupac Shakur's record label. The chain focuses on Tupac's,0,0.0,0.8,9469.506677000027,False,tog2,0
WebQTest-745,what was augustus caesar famous for,Politician,The given reasoning chain does not provide information about Augustus Caesar. It contains details about William Augustus Bowles and the,0,0.0,0.8,9532.458617002703,False,tog2,0
WebQTest-747,what language does colombia,Cuiba language,"The question appears to be incomplete or incorrectly phrased. Based on the information provided in the reasoning chain, Colombia is",0,0.0,0.8,9565.698106998752,False,tog2,0
WebQTest-748,what is the zip code for schenectady new york,12305,"The provided chain does not contain information about Schenectady, New York or its zip code. To answer the question",0,0.0,0.8,9454.953323001973,False,tog2,0
WebQTest-749,who was president in 1988 in the united states,Ronald Reagan,The reasoning chain provided does not contain information about the U.S. President in 1988. It focuses on,0,0.0,0.8,9571.05383399903,False,tog2,0
WebQTest-751,who owns google 2012,David Drummond,The information provided in the reasoning chain does not contain any details about the ownership of Google in 2012.,0,0.0,0.8,5306.24643900228,False,tog2,0
WebQTest-752,what drink did john pemberton create,Coca-Cola,The given information does not provide any details about John Pemberton or his creation of a drink. The chain of reasoning focuses,0,0.0,0.8,9372.173032003047,False,tog2,0
WebQTest-753,what position did stanley matthews play,Outside forward,"The given information does not specify the position Stanley Matthews played. The provided details include his place of birth (Cincinnati),",0,0.0,0.8,9519.339483995282,False,tog2,0
WebQTest-755,what was bonnie prince charlie full name,Charles Edward Stuart,The given information does not provide Bonnie Prince Charlie's full name. The provided data is about an individual named Charlie who is,0,0.0,0.8,9463.633068997297,False,tog2,0
WebQTest-756,who makes the voice of stewie griffin,Seth MacFarlane,The information provided does not contain any details about the voice actor for Stewie Griffin. The chain of facts mentions Eddie,0,0.0,0.8,9402.73143399827,False,tog2,0
WebQTest-757,who is angelina jolie mom and dad,Jon Voight,The given chain does not provide information about Angelina Jolie's parents. It only lists Brad Pitt's details and properties,0,0.0,0.8,9288.939471000049,False,tog2,0
WebQTest-758,who is the governor of indiana 2009,Mitch Daniels,The provided information does not contain any details about the governor of Indiana in 2009. The given chain focuses,0,0.0,0.8,9506.333347999316,False,tog2,0
WebQTest-759,who brad pitt has dated,Robin Givens,The given information does not provide any details about Brad Pitt's dating history. The provided chain focuses on his nationality and a,0,0.0,0.8,9407.892210001592,False,tog2,0
WebQTest-760,what party does barack obama belong to,Democratic Party,"The information provided in the reasoning chain does not specify which political party Barack Obama belongs to. To answer this question accurately,",0,0.08333333333333334,0.8,9652.042863999668,False,tog2,0
WebQTest-761,what is san francisco zip code,94122,94109,1,1.0,0.8,9374.231819994748,False,tog2,0
WebQTest-762,who has stephen ireland played for,Aston Villa F.C.,The given information does not provide any details about Lawrence Stephen's career or the teams he may have played for. The provided,0,0.0,0.8,9385.33367299533,False,tog2,0
WebQTest-764,where did john mayer go to college,Berklee College of Music,"The given information does not provide any details about John Mayer's college education. Based on the provided reasoning chain, we can",0,0.07692307692307693,0.8,9473.933128996578,False,tog2,0
WebQTest-765,what celebrities has brody jenner dated,Haylie Duff,"The information provided in the reasoning chain does not contain any data about Brody Jenner or his dating history. Therefore, I",0,0.0,0.8,9433.262737002224,False,tog2,0
WebQTest-766,what is malaysian currency,Malaysian ringgit,"The reasoning chain does not directly provide information about Malaysian currency. Based on the given chain, we can infer that Currency is",0,0.08333333333333334,0.8,9435.799805003626,False,tog2,0
WebQTest-768,who owns volkswagen car company,Volkswagen Group,The given information does not provide any details about the ownership of the Volkswagen car company. The provided chain is related to Hear,0,0.08,0.8,8219.3202510025,False,tog2,0
WebQTest-769,which is the main train station in rome,Roma Termini railway station,"Minami-Kesennuma Station is not in Rome; it's in Japan. Based on the given information, there",0,0.09523809523809523,0.8,9405.526157999702,False,tog2,0
WebQTest-770,what did steve mcnair died from,Ballistic trauma,"To determine how Steve McNair died, we need to consider the available information about his death.",0,0.0,0.8,1450.6420190009521,False,tog2,0
WebQTest-771,who is the newly elected governor of california,Arnold Schwarzenegger,The given information does not specify who the newly elected governor of California is. It only mentions that Richard Nixon lost his bid,0,0.0,0.8,9572.125257996959,False,tog2,0
WebQTest-772,who plays roxanne in ghost rider,Eva Mendes,"To determine who plays Roxanne in Ghost Rider, we need to identify the actress assigned to this role in the film.",0,0.0,0.8,1449.8808849966736,False,tog2,0
WebQTest-773,where is the sony ericsson company,Minato,The information provided does not specify the location of Sony Ericsson. The chain gives details about the Swedish Patent and Registration Office,0,0.0,0.8,9436.370372000965,False,tog2,0
WebQTest-774,what kind of currency does the dominican republic have,Dominican peso,"The reasoning chain provided does not contain information about the Dominican Republic's currency. To answer the question, we would need relevant",0,0.08333333333333334,0.8,9470.993707996968,False,tog2,0
WebQTest-775,what to do this weekend in manchester with kids,Whitworth Art Gallery,"Visiting museums, parks, or attending family-friendly events at The Gateway newspaper could be fun activities for the weekend in Manchester",0,0.21052631578947364,0.8,9437.715358006244,False,tog2,0
WebQTest-776,what sport is popular in italy,Italy national handball team,"Based on the given reasoning chain, there is no direct information about popular sports in Italy. The chain mentions a participation in",0,0.07692307692307693,0.8,9534.101452998584,False,tog2,0
WebQTest-777,where is the main headquarters of google,Mountain View,The given information does not specify the main headquarters of Google. The provided details are about an organization and a Georgia World Congress,0,0.0,0.8,9456.908157997532,False,tog2,0
WebQTest-778,what was jesse owens education,East Technical High School,"To answer ""What was Jesse Owens' education,"" we need to follow the given reasoning chain and identify relevant information:",0,0.0,0.8,9274.491142998158,False,tog2,0
WebQTest-779,where does carlos santana live,Jalisco,The information provided does not contain any details about Carlos Santana's place of residence. The given facts are about Carlos Pezo,0,0.0,0.8,9437.17285200546,False,tog2,0
WebQTest-780,what is the new movie john carter about,Action Film,"The information provided does not contain any details about a movie called ""John Carter."" The chain of reasoning focuses on Jimmy Carter",0,0.0,0.8,9512.4987389936,False,tog2,0
WebQTest-782,what countries does nafta include,United States of America,"The reasoning chain provided does not contain information about NAFTA or its member countries. Therefore, based on the given information, I",0,0.0,0.8,9382.111254999472,False,tog2,0
WebQTest-783,what county is houston tx in,Montgomery County,"The reasoning chain provided does not contain information about Houston, Texas. Therefore, I cannot determine which county Houston, TX is",0,0.09090909090909091,0.8,9475.725169002544,False,tog2,0
WebQTest-784,where do the seattle seahawks play,CenturyLink Field,The information provided in the reasoning chain does not contain any details about the Seattle Seahawks or their playing location. To answer the,0,0.0,0.8,9430.765454999346,False,tog2,0
WebQTest-785,who does michael keaton play in cars,Chick Hicks,"The given information does not provide any details about Michael Keaton or the movie ""Cars."" The reasoning chain focuses on Stanley",0,0.0,0.8,9442.482846003259,False,tog2,0
WebQTest-787,where is the riviera casino,Las Vegas,"The reasoning chain does not provide specific information about the location of the Riviera Casino. Based on the given information, Las",0,0.08695652173913042,0.8,9358.854582998902,False,tog2,2
WebQTest-788,what is the holy book of the buddhist religion,Gangōji Garan Engi,"The reasoning chain provided does not contain information about the holy book of the Buddhist religion. To answer the question, we would",0,0.08,0.8,9426.404843005002,False,tog2,0
WebQTest-789,who became president when henry harrison died,John Tyler,John Tyler became president upon William Henry Harrison's death in 1841.,0,0.2857142857142857,0.8,9410.639239002194,False,tog2,0
WebQTest-790,where did richard arkwright grow up,"Preston, Lancashire","The given information does not specify where Richard Wright (assuming ""Arkwright"" is a typo) grew up. It",0,0.0,0.8,9613.667501995224,False,tog2,0
WebQTest-791,what other books did louis sachar write,Sixth Grade Secrets,The given information does not provide details about other books Louis Sachar wrote. The chain focuses on characters from fictional universes,0,0.16,0.8,9255.595581998932,False,tog2,0
WebQTest-792,when did roth ira originate,"William V. Roth, Jr.",The information provided does not contain any details about when Philip Roth's IRA (Individual Retirement Account) originated. The given chain,0,0.08,0.8,9523.013776997686,False,tog2,0
WebQTest-794,who does the voice for darth vader,James Earl Jones,The given information does not provide any details about who voices Darth Vader. The provided chain is about a fictional character named Lucas,0,0.0,0.8,9345.058658000198,False,tog2,0
WebQTest-796,what did thomas malthus do,Scientist,The given chain does not provide information about Thomas Malthus or his actions. The chain focuses on Thomas Jefferson's connections,0,0.0,0.8,9365.609168999072,False,tog2,0
WebQTest-797,what is the zip code for newark california,94560,"To find the zip code for Newark, California, we would need to look up the specific postal code associated with that city",0,0.0,0.8,9403.91985700262,False,tog2,0
WebQTest-798,what states share a border with tennessee,Georgia,"Based on the given information, the chain does not directly provide the states that share a border with Tennessee. The provided facts",0,0.0,0.8,9538.960557998507,False,tog2,0
WebQTest-800,what war did the us lose the most soldiers,World War II,The provided reasoning chain does not contain information about which war the U.S. lost the most soldiers in. The chain focuses,0,0.08,0.8,9428.888046000793,False,tog2,0
WebQTest-801,what kind of government is egypt,Semi-presidential system,"The information provided does not specify the exact type of government Egypt has, but it indicates that Egypt has governmental bodies such as",0,0.08,0.8,9428.389926993987,False,tog2,0
WebQTest-802,what musical instruments does justin bieber play,Vocals,"The given information does not specify which musical instruments Justin Bieber plays. To answer this question, we would need additional information about",0,0.0,0.8,9504.145206003159,False,tog2,0
WebQTest-805,where do john lennon die,New York City,"The given information does not specify where John Lennon died. To answer the question, we would need additional details about the location",0,0.0,0.8,9505.762553999375,False,tog2,0
WebQTest-809,what is the current time in bangalore india,India Time Zone,"To provide the current time in Bangalore, India, I would need to know the current time in the UTC time zone and",0,0.37037037037037035,0.8,5317.1270540042315,False,tog2,0
WebQTest-810,what language do people from greece speak,Albanian language,The people from Greece speak Greek.,0,0.25,0.8,9530.929172004107,False,tog2,0
WebQTest-811,where is the phillies spring training stadium,Bright House Field,"The Philadelphia Phillies' spring training stadium is located in Clearwater, Florida.",0,0.0,0.8,1450.5227460031165,False,tog2,0
WebQTest-812,what movies does matt dallas play in,Naughty or Nice,"Matt Dallas is an actor who has appeared in several movies. Some of the movies he plays in include ""The Expend",0,0.22222222222222224,0.8,1450.6187149963807,False,tog2,0
WebQTest-813,who was john f kennedy 's family,John F. Kennedy Jr.,"John F. Kennedy's family included Patricia Kennedy Lawford and Rosemary Kennedy, among other members.",0,0.5,0.8,9555.920225000591,False,tog2,2
WebQTest-814,where is harley davidson corporate headquarters,Milwaukee,"Windsor Heights, Iowa",0,0.0,0.8,9431.575470000098,False,tog2,0
WebQTest-818,where was the ottoman empire based,Near East,"The Ottoman Empire was based in Konya, as evidenced by the mention of the Battle of Konya in the",0,0.0,0.8,9364.73201699846,False,tog2,0
WebQTest-819,where was bin laden found and killed,Abbottabad,The information provided in the reasoning chain does not contain any details about Bin Laden's location or fate. The chain discusses the,0,0.0,0.8,9470.500745002937,False,tog2,0
WebQTest-820,what are the names of harry potter movies in order,Harry Potter and the Order of the Phoenix,The given information does not provide the names or release order of Harry Potter movies. The chain focuses on Harry LeGore,0,0.5052631578947369,0.8,9415.569331998995,False,tog2,0
WebQTest-821,what did pamela courson die from,Heroin overdose,The information provided does not specify how Pamela Longford died. We only know that she is a female fictional character with children,0,0.0,0.8,9353.872499996214,False,tog2,0
WebQTest-822,what did dr jack kevorkian do,Assisted suicide,The given chain does not provide information about Dr. Jack Kevorkian. It only contains information about Jack Ketch,0,0.0,0.8,9575.761706000776,False,tog2,0
WebQTest-823,what does bolivia border,Peru,"The given chain does not provide information about Bolivia's borders. The chain focuses on Peru and the United States, including time",0,0.08695652173913045,0.8,9480.83153799962,False,tog2,2
WebQTest-825,who does nolan ryan play for,Houston Astros,The given information does not provide any details about Nolan Ryan's team affiliation. The provided data is about Errol Nolan and,0,0.0,0.8,9419.697117002215,False,tog2,0
WebQTest-827,what country does justin bieber come from,Canada,"To determine Justin Bieber's country of nationality, we need to follow the given chain:",0,0.0,0.8,9503.413843995077,False,tog2,0
WebQTest-828,what is the head judge of the supreme court called,Chief Justice of the United States,The head judge of the Supreme Court is called the Chief Justice of the United States.,0,0.7692307692307693,0.8,9480.755671000225,False,tog2,6
WebQTest-829,who was frida kahlo influenced by,Diego Rivera,"The given information does not provide any details about Frida Kahlo's influences. Therefore, it is not possible to determine",0,0.0,0.8,9520.109819000936,False,tog2,0
WebQTest-830,where is taylor swift from,Reading,"Taylor Swift's origin is not provided in the given chain. The chain provides information about Elizabeth Taylor, not Taylor Swift.",0,0.0,0.8,9408.844628000224,False,tog2,0
WebQTest-831,what type of religion does argentina have,Judaism,The provided reasoning chain does not contain information about Argentina's religion. It only provides details about the official language (Spanish),0,0.0,0.8,9360.841456000344,False,tog2,0
WebQTest-832,when is the last time the giants won the world series,2014 World Series,The given information does not contain any details about the San Francisco Giants or their World Series victories. The provided facts are about,0,0.15384615384615383,0.8,9340.025876001164,False,tog2,0
WebQTest-833,what is the main language used in china,Standard Chinese,The given chain does not provide information about the main language used in China. It only describes that the Republic of China is,0,0.0,0.8,9265.839970001252,False,tog2,0
WebQTest-834,where did the battle of waterloo occur,Waterloo,The Battle of Waterloo occurred in Belgium.,0,0.25,0.8,9424.926815001527,False,tog2,0
WebQTest-836,who did vladimir lenin marry,Nadezhda Krupskaya,The given chain does not provide information about Vladimir Lenin's marriage. The chain focuses on Nikita Khrushchev,0,0.0,0.8,9564.140564005356,False,tog2,0
WebQTest-837,what year did the baltimore ravens win superbowl,Super Bowl XXXV,The information provided in the reasoning chain does not contain any details about the Baltimore Ravens or their Super Bowl victories. The chain,0,0.15384615384615383,0.8,9171.614113001851,False,tog2,0
WebQTest-838,what team does cristiano ronaldo play for 2011,Real Madrid C.F.,The given information does not provide any details about Cristiano Ronaldo or his team in 2011. The provided chain,0,0.08695652173913043,0.8,9460.493632999714,False,tog2,0
WebQTest-841,what is money called in italy,Euro,"The question asks about the term for ""money"" in Italian, which is not addressed in the provided reasoning chain. Based",0,0.0,0.8,9594.952314000693,False,tog2,0
WebQTest-843,where did theodor schwann study,Humboldt University of Berlin,The information provided in the reasoning chain does not contain any details about Theodor Schwann's studies or education. The chain,0,0.0,0.8,9641.559911004151,False,tog2,0
WebQTest-845,who are the virginia senators 2013,Jim Webb,The information provided in the reasoning chain does not contain any data about Virginia senators in 2013. The chain,0,0.0,0.8,9565.976509002212,False,tog2,0
WebQTest-846,what was dr seuss 's real name,Theodor Seuss Geisel,The given chain does not provide any information about Dr. Seuss's real name. The chain is about Josiah and,0,0.08695652173913045,0.8,9576.967508997768,False,tog2,0
WebQTest-847,what countries are members of the security council,Vietnam,The United Kingdom is a member of the United Nations Security Council.,0,0.4,0.8,9433.938399000908,False,tog2,0
WebQTest-848,where are the nordic countries,Faroe Islands,"The Nordic countries are located in Scandinavia, which contains Finland and Denmark.",0,0.15384615384615385,0.8,9492.457382999419,False,tog2,0
WebQTest-849,what country sponsored ferdinand magellan,Kingdom of Portugal,The given reasoning chain does not provide information about Ferdinand Magellan or any country sponsoring him. The chain is about Philip Johnson,0,0.0,0.8,9501.629452999623,False,tog2,0
WebQTest-850,what did vera ellen die from,Cancer,The given information does not provide any details about how or from what Vera West (note: the name is slightly different from,0,0.0,0.8,9360.237410997797,False,tog2,0
WebQTest-851,what is the capital of modern day egypt,Cairo,The reasoning chain provided does not contain information about the capital of modern-day Egypt. To answer the question directly:,0,0.0,0.8,9620.570500002941,False,tog2,0
WebQTest-852,what province is toronto in ( 7 letters ),Ontario,Ontario,1,1.0,0.8,9420.660170006158,False,tog2,0
WebQTest-855,what is the currency of brazil now,Brazilian real,"To determine Brazil's current currency, we need to follow the logical steps provided in the reasoning chain:",0,0.0,0.8,9292.495952999161,False,tog2,0
WebQTest-856,what types of art did andy warhol do,Modern art,"Based on the given chain, Andy Warhol is primarily associated with visual arts, specifically pop art. However, the chain",0,0.1904761904761905,0.8,9462.240585999098,False,tog2,0
WebQTest-857,what other states border florida,Alabama,"Based on the given information, South Carolina borders Florida. The chain of reasoning does not provide any other specific states that border",0,0.0,0.8,9551.712618995225,False,tog2,0
WebQTest-859,what are the predominant religions in russia,Islam,"The predominant religions in Russia include Eastern Orthodox Christianity, Islam, Buddhism, and Judaism. However, specific details about the Oriental",0,0.1,0.8,9345.799529000942,False,tog2,0
WebQTest-861,who will coach carolina panthers in 2013,Ron Rivera,The given information does not specify the name of the coach for the Carolina Panthers in 2013. Based on,0,0.0,0.8,9189.601159996528,False,tog2,0
WebQTest-862,where did louis sachar grow up,East Meadow,The information provided does not include any details about Louis Sachar or his place of upbringing. The chain of reasoning focuses on,0,0.0,0.8,9294.487844999821,False,tog2,0
WebQTest-865,what to do for fun in houston,The Galleria,The given chain does not provide information on activities for fun in Houston. It contains details about the Houston Independent School District's,0,0.19672131147540983,0.8,9380.605991995253,False,tog2,0
WebQTest-866,where did otto frank go to college,Heidelberg University,The given information does not provide any details about Otto Frank's college education. The reasoning chain focuses on David Franks and,0,0.0,0.8,9390.81837899721,False,tog2,0
WebQTest-867,what else has jennifer lawrence played in,X-Men: Days of Future Past,The provided information does not mention any works or roles played by Jennifer Lawrence. The chain of reasoning focuses on Jennifer Lopez and,0,0.2,0.8,9433.779667997442,False,tog2,0
WebQTest-868,who is the governor of pennsylvania state now,Tom Corbett,The information provided does not specify the current governor of Pennsylvania. Benjamin Franklin held the position of President of the Supreme Executive Council,0,0.0,0.8,9556.472326999938,False,tog2,0
WebQTest-869,where is ancient phoenician,Lebanon,"The question ""where is ancient Phoenician"" cannot be directly answered based on the given information, as it does not",0,0.0,0.8,9414.091046994145,False,tog2,0
WebQTest-870,where does the celtics practice,TD Garden,The information provided does not specify where the Celtics practice. The given facts are about Boston and Massachusetts locations and do not mention,0,0.0,0.8,9442.251412998303,False,tog2,0
WebQTest-872,where bin laden got killed,Abbottabad,The information provided in the reasoning chain does not contain any details about Osama Bin Laden or his location of death. The chain,0,0.0,0.8,9518.290582993359,False,tog2,0
WebQTest-873,where does toronto get its water from,Ashbridges Bay Wastewater Treatment Plant,"The given information does not provide details about Toronto's water sources. To answer the question accurately, data on Toronto's specific",0,0.0,0.8,9387.10747499863,False,tog2,0
WebQTest-874,what language do people from bosnia speak,Bosnian language,"The given information does not specify the language spoken in Bosnia. To answer the question accurately, we would need additional data about",0,0.08333333333333334,0.8,9429.862646000402,False,tog2,0
WebQTest-875,where did hugo chavez go to school,Bolivarian Military University of Venezuela,"The given information does not provide any details about Hugo Chavez or his schooling. The reasoning chain focuses on Cesar Chavez,",0,0.0,0.8,9516.076940999483,False,tog2,0
WebQTest-876,who does japan import from,Sudan,The given information does not provide details about who Japan imports from. The chain of statements describes administrative divisions within Japan and their,0,0.07407407407407408,0.8,9430.676395000773,False,tog2,0
WebQTest-877,what is the name of sonia gandhi daughter,Priyanka Gandhi,The information provided in the reasoning chain does not contain any details about Sonia Gandhi's daughter. The chain focuses on Mahat,0,0.08333333333333334,0.8,9587.710731000698,False,tog2,0
WebQTest-878,who do islamic people pray to,Ramdev Pir,Islamic people pray to Allah. The reasoning chain provided gives information about the Islamic Party and its characteristics but does not directly address,0,0.08333333333333333,0.8,9379.551395999442,False,tog2,0
WebQTest-879,where was mary todd lincoln from,Lexington,The information provided in the reasoning chain does not contain any details about Mary Todd Lincoln or her place of origin. The chain,0,0.0,0.8,9425.213502996485,False,tog2,0
WebQTest-880,where did charles darwin die,Down House,The information provided in the reasoning chain does not contain any details about Charles Darwin or his place of death. The chain is,0,0.0,0.8,9569.984550005756,False,tog2,0
WebQTest-881,what movies does nick cannon play in,Garfield: The Movie,"The provided reasoning chain does not contain specific information about Nick Cannon or his filmography. To answer the question ""What movies",0,0.14814814814814814,0.8,9222.646424997947,False,tog2,0
WebQTest-882,when did the big earthquake hit san francisco,1906-04-18,"The reasoning chain does not provide a specific date for the earthquake that hit San Francisco. It only indicates that the book """,0,0.0,0.8,9500.99122699612,False,tog2,0
WebQTest-883,who was king george vi married to,Queen Elizabeth The Queen Mother,The given information does not provide any details about King George VI's spouse. The provided chain of facts is about George Jackson,0,0.12121212121212122,0.8,9474.554608001199,False,tog2,0
WebQTest-884,where was jesus after he died on the cross,Judea,"According to the given reasoning chain, the information provided does not contain any details about Jesus or his burial place. The chain",0,0.0,0.8,9408.020406001015,False,tog2,0
WebQTest-885,who is sir james dyson,Designer,The information provided in the reasoning chain does not contain any details about Sir James Dyson. The chain focuses on William James,0,0.0,0.8,9514.922261005268,False,tog2,0
WebQTest-886,who voiced darth vader in the original star wars movies,James Earl Jones,The information provided does not contain any details about who voiced Darth Vader in the original Star Wars movies. The chain of reasoning,0,0.0,0.8,9413.401142999646,False,tog2,0
WebQTest-887,what high school did maya angelou go to,George Washington High School,The given reasoning chain does not provide information about Maya Angelou's high school. The chain focuses on her country of nationality,0,0.15384615384615385,0.8,9382.764076006424,False,tog2,0
WebQTest-888,what 5 countries border switzerland,France,The given information does not provide the names of the countries that border Switzerland. The provided chain focuses on languages spoken in and,0,0.0,0.8,9598.46124699834,False,tog2,3
WebQTest-889,what country did benito mussolini govern,Italy,Benito Mussolini governed Italy.,0,0.4,0.8,9612.618585997552,False,tog2,0
WebQTest-891,who was the leader of the first communist party of china,Mao Zedong,Mao Zedong,1,1.0,0.8,9463.255615002709,False,tog2,0
WebQTest-892,what did miles davis died of,Stroke,The given reasoning chain does not provide information about Miles Davis or the cause of his death. The chain focuses on Jefferson Davis,0,0.0,0.8,8984.93264800345,False,tog2,0
WebQTest-893,what is the zip code for azle texas,76098,"The provided information does not contain any data related to the zip code for Azle, Texas. To answer this question accurately",0,0.0,0.8,9378.989830001956,False,tog2,0
WebQTest-894,what date did sally pearson won gold,The London 2012 Summer Olympics,The given information does not provide any date regarding Sally Pearson winning a gold medal. The provided chain of facts is about Sally,0,0.12121212121212122,0.8,9348.372916996595,False,tog2,0
WebQTest-895,when did the detroit pistons last win the championship,2004 NBA Finals,The given information does not provide any details about the Detroit Pistons' championship wins. The chain of facts is primarily about Gordon,0,0.0,0.8,9427.04477100051,False,tog2,0
WebQTest-896,when did the philadelphia flyers win the cup,1974 Stanley Cup Finals,The given chain does not provide information about when the Philadelphia Flyers won the Stanley Cup. The chain only contains general information about,0,0.14814814814814817,0.8,9515.517997002462,False,tog2,0
WebQTest-898,what county is st paul nc in,Robeson County,"The information provided does not contain any details about St. Paul, NC or its county. The chain focuses on Paul Str",0,0.08695652173913042,0.8,9354.746373006492,False,tog2,0
WebQTest-899,where is olympic national park wa,Jefferson County,"The question seems to be about Olympic National Park in Washington, but the provided reasoning chain is about Centennial Olympic Park in",0,0.08695652173913045,0.8,9488.068058999488,False,tog2,0
WebQTest-900,where did nat turner 1831 rebellion occur,Southampton County,The information provided in the reasoning chain does not contain any details about Nat Turner's 1831 rebellion or its,0,0.0,0.8,9335.782148998987,False,tog2,0
WebQTest-901,who would play luke skywalker,Mark Hamill,The given information does not provide any details about Luke Skywalker or an actor playing the role. The reasoning chain focuses on Lucas,0,0.0,0.8,9407.969931002299,False,tog2,0
WebQTest-903,where turkish people originate,Bulgaria,The given information does not provide details about the origin of Turkish people. The provided facts are related to Turkey's participation in,0,0.08333333333333333,0.8,9596.677236004325,False,tog2,0
WebQTest-904,what state is barack obama from,Hawaii,"The information provided does not specify Barack Obama's state of origin. Based on the given chain, we can confirm he is",0,0.0,0.8,9644.946865002566,False,tog2,0
WebQTest-905,what years did joe montana win super bowl,1982-01-24,The given chain does not provide any information about Joe Montana or his Super Bowl victories. The chain is primarily about John F,0,0.0,0.8,9394.886946996849,False,tog2,0
WebQTest-908,what awards gary paulsen won,Margaret Edwards Award,The provided chain does not specify any particular awards won by Gary Paulsen. It only describes general properties related to award-winning,0,0.08,0.8,9298.697325997637,False,tog2,0
WebQTest-910,where did alexander graham bell die,"Beinn Bhreagh, Nova Scotia",The given information does not mention Alexander Graham Bell. The provided chain of facts is about David E. Bell and mentions that,0,0.0,0.8,9415.281405003043,False,tog2,0
WebQTest-911,what year did the golden state warriors win their first nba championship,1975 NBA Finals,"To determine the year the Golden State Warriors won their first NBA championship, we need to look at their history. The Golden",0,0.08,0.8,1455.6012450048001,False,tog2,0
WebQTest-912,what currency should i take to turkey,Turkish lira,"The given information does not provide details about Turkey's currency. To travel to Turkey, you should take Turkish Lira (",0,0.18181818181818182,0.8,9607.807565000257,False,tog2,0
WebQTest-914,what countries are in the uk yahoo,Wales,"The given information does not list specific countries within the UK. The United Kingdom itself is a single country, and the provided",0,0.0,0.8,9601.751110996702,False,tog2,0
WebQTest-915,what superbowl did the baltimore ravens win,Super Bowl XXXV,The Baltimore Ravens won Super Bowl XLVII in 2013.,0,0.5,0.8,9459.101300999464,False,tog2,0
WebQTest-916,what is the language of russia s spoken,Erzya Language,"The information provided does not contain details about the languages spoken in Russia. Based on the given chain, we can only confirm",0,0.0,0.8,9441.754484003468,False,tog2,0
WebQTest-918,who is the king of cambodia now,Norodom Sihamoni,The current king of Cambodia is Norodom Sihamoni.,0,0.4,0.8,9596.838359997491,False,tog2,0
WebQTest-919,who are serena williams parents,Oracene Price,The given information does not provide any details about Serena Williams' parents.,0,0.14285714285714285,0.8,9549.882842002262,False,tog2,0
WebQTest-920,what schools did sir isaac newton go to,"Trinity College, Cambridge",The given information does not provide details about the schools Sir Isaac Newton attended. The chain of influences only indicates that Isaac Newton,0,0.15789473684210528,0.8,9529.807436003466,False,tog2,0
WebQTest-921,what was the cause of death for huell howser,Prostate cancer,The given chain does not provide specific information about Huell Howser's cause of death. It only describes general properties and,0,0.0,0.8,9264.686319998873,False,tog2,0
WebQTest-922,what books are written by suzanne collins,Gregor the Overlander,"The given reasoning chain does not provide information about Suzanne Collins or her books. Therefore, based on the provided chain, it",0,0.14814814814814814,0.8,9631.788448998122,False,tog2,0
WebQTest-923,what countries does england border,Wales,"England does not directly border any other countries; it is part of the United Kingdom, which borders Ireland to the north.",0,0.0,0.8,9493.418679994647,False,tog2,0
WebQTest-924,what team did messi play for in 2010,FC Barcelona,"The given information does not contain any data related to Lionel Messi or his teams. Therefore, it's impossible to determine which",0,0.0,0.8,9618.170360998192,False,tog2,0
WebQTest-925,what time zone is greensburg indiana,Eastern Time Zone,"To determine the time zone of Greensburg, Indiana, we need to look at the provided information and apply logical reasoning.",0,0.1739130434782609,0.8,9233.16753400286,False,tog2,0
WebQTest-927,who plays voldemort,Richard Bremmer,The information provided in the reasoning chain does not contain any details about who plays Voldemort. The chain is about John A.,0,0.0,0.8,9445.041359998868,False,tog2,0
WebQTest-928,what colleges did harper lee attend,University of Alabama,m.0lwxmyl,0,0.0,0.8,9587.428667000495,False,tog2,0
WebQTest-929,who founded the kkk,James R. Crowe,The information provided in the reasoning chain does not contain any details about the founding of the KKK (Ku Klux,0,0.0,0.8,9297.653959001764,False,tog2,0
WebQTest-931,what jobs did john adams have before he was president,United States Ambassador to the United Kingdom,The given information does not provide details about John Adams's jobs before he became president. The provided chain focuses on his religion,0,0.18750000000000003,0.8,9498.057671000424,False,tog2,0
WebQTest-932,what year did super mario bros 2 come out,1988-10,Super Mario Bros. 2 was released in Japan in 1988 and in North America in 19,0,0.1111111111111111,0.8,1451.143198995851,False,tog2,0
WebQTest-933,what political party did andrew johnson belong to,National Union Party,"The given chain does not provide information about Andrew Johnson's political party. Based on the provided information, Andrew Johnson was a",0,0.08333333333333334,0.8,9448.315344998264,False,tog2,0
WebQTest-935,where was osama bin laden killed,Abbottabad,The information provided in the reasoning chain does not contain any details about Osama Bin Laden or his location at the time of his,0,0.0,0.8,9487.856312996882,False,tog2,0
WebQTest-936,where were greek temples built,Shahhat,The information provided does not specify where Greek temples were built. It only indicates that Greece is located in Europe and that UNESCO,0,0.0,0.8,9482.646538999688,False,tog2,0
WebQTest-937,where are people who speak arabic from,Jordan,"People who speak Arabic are from countries such as Iraq and Saudi Arabia, among others where Arabic is spoken.",0,0.1904761904761905,0.8,9488.312230001611,False,tog2,0
WebQTest-938,who was queen elizabeth ii mom,Queen Elizabeth The Queen Mother,The reasoning chain provided does not contain information about Queen Elizabeth II's mother. It only mentions her as a monarch of Jamaica,0,0.29629629629629634,0.8,9547.246657995856,False,tog2,0
WebQTest-939,what type of art did pablo picasso paint,Picasso's African Period,"To answer the question ""What type of art did Pablo Picasso paint?"", the given reasoning chain does not provide specific information about",0,0.08333333333333334,0.8,5300.358187996608,False,tog2,0
WebQTest-941,what is ella fitzgerald parents name,William Fitzgerald,"The question seems to be about Ella Fitzgerald, but the provided information is about a different character named Ella Richardson. Based on",0,0.08333333333333334,0.8,9396.044888999313,False,tog2,0
WebQTest-942,who is anne hathaway parents,Gerald Hathaway,The given information does not provide any details about Anne Hathaway's parents. The provided chain focuses on the influences and relationships,0,0.08333333333333334,0.8,9394.750134997594,False,tog2,0
WebQTest-943,who does don draper gets engaged to,Betty Draper,The information provided in the reasoning chain does not contain any details about Don Draper or his engagements. The chain is about,0,0.08333333333333334,0.8,9479.88233500655,False,tog2,0
WebQTest-944,what was van halen first album,Ain't Talkin' 'Bout Love,"The given chain does not provide specific information about Van Halen's first album. To answer the question, we would need",0,0.0,0.8,9185.687026001688,False,tog2,0
WebQTest-945,what political system did spain have,Monarchy,"The information provided does not specify Spain's political system. The given chain only indicates that Spain is a sovereign state, which",0,0.08333333333333334,0.8,9618.837723995966,False,tog2,0
WebQTest-948,what are the supreme court cases,League of United Latin American Citizens v. Perry,The given chain does not provide specific information about individual Supreme Court cases. It only describes the jurisdiction and relationships between the Supreme,0,0.2823529411764706,0.8,9440.776896000898,False,tog2,0
WebQTest-949,what is penn state 's main campus,University Park,The given information does not directly provide details about Penn State's main campus. The provided chain focuses on the University of Pennsylvania,0,0.08,0.8,9367.84173399792,False,tog2,0
WebQTest-952,what country does alaska belong to,United States of America,"Alaska belongs to the United States of America. To determine this, we can follow the logical connections provided in the reasoning chain",0,0.3076923076923077,0.8,9534.570314004668,False,tog2,1
WebQTest-953,where is kansas city,Platte County,"Kansas City is located in the state of Kansas, which is within the United States of America. The country's time zone",0,0.0,0.8,9461.454432996106,False,tog2,0
WebQTest-954,what was pink floyd 's first album,Psychedelic Session-compilation album,"To answer the question ""What was Pink Floyd's first album?"", we would need additional information not provided in the given reasoning",0,0.07692307692307693,0.8,9188.3830509978,False,tog2,0
WebQTest-955,who did granville t. woods married,Loretta Woods,The information provided in the reasoning chain does not contain any details about Granville T. Woods' marital status or spouse.,0,0.09090909090909091,0.8,9350.015076001,False,tog2,0
WebQTest-957,what language did the sioux indians speak,Sioux language,"The reasoning chain provided does not contain information about the languages spoken by the Sioux Indians. Therefore, I cannot answer the question",0,0.08333333333333334,0.8,9416.933661996154,False,tog2,0
WebQTest-958,what are some famous people from el salvador,Mario Wilfredo Contreras,"The given chain does not provide information about famous people from El Salvador. It only provides details about the country's currency,",0,0.08,0.8,9349.252508000063,False,tog2,0
WebQTest-959,who did brett gardner play for in 2008,New York Yankees,"The information provided does not contain any details about Brett Gardner or his playing history. Therefore, it's not possible to determine",0,0.0,0.8,9367.937568000343,False,tog2,0
WebQTest-960,who plays dwight in the office,Rainn Wilson,"The question ""who plays Dwight in The Office"" does not match the provided reasoning chain, which discusses Dwight D. Eisenhower",0,0.0,0.8,9554.54369099607,False,tog2,0
WebQTest-962,what county is san diego ca,San Diego County,"The reasoning chain provided does not contain information about San Diego County. It only mentions Los Angeles County and Diamond. Therefore,",0,0.32,0.8,9423.245741993014,False,tog2,0
WebQTest-963,who is the miami dolphins quarterback,Ryan Tannehill,"To determine the Miami Dolphins' quarterback, we need to follow the given information and make logical inferences:",0,0.0,0.8,9359.036884998204,False,tog2,0
WebQTest-965,where did anne frank go to school,Montessori Lyceum Amsterdam,The information provided does not specify Anne Frank's school. The chain focuses on Martin Luther King High School and does not mention,0,0.0,0.8,9393.516030999308,False,tog2,0
WebQTest-966,what basketball player is married to monica,Shannon Brown,"The given information does not mention any basketball player being married to Monica. Therefore, the answer cannot be determined from the provided",0,0.0,0.8,9438.706602006278,False,tog2,0
WebQTest-967,what did hitler use to kill himself,Ballistic trauma,Hitler used cyanide and his pistol to kill himself. The reasoning chain provided is about the relationship between the Nazi Party and,0,0.0,0.8,9387.859834001574,False,tog2,0
WebQTest-968,what do people speak in germany,Low German,"The primary language spoken in Germany is German. Given the information provided, we can conclude that people in Germany speak German.",0,0.25,0.8,9400.218766000762,False,tog2,0
WebQTest-969,when is the last time the denver broncos won the superbowl,Super Bowl XXXIII,"The Denver Broncos last won the Super Bowl in Super Bowl XXXIII. This game was played on January 26,",0,0.4166666666666667,0.8,1457.7143389979028,False,tog2,0
WebQTest-970,where was caesar when he was stabbed,Theatre of Pompey,"The question appears to be about Caesar being stabbed, which is not related to the provided reasoning chain about Martin Luther King,",0,0.0,0.8,9317.651176999789,False,tog2,0
WebQTest-971,what style of music did bessie smith perform,Blues,The given chain does not provide information about Bessie Smith's music style. The chain is focused on Aretha Franklin,0,0.0,0.8,9475.352240995562,False,tog2,0
WebQTest-972,what team did jackie robinson,Los Angeles Bulldogs,The given information does not provide any details about Jackie Robinson or his team. The reasoning chain focuses on Gerald Robinson's place,0,0.0,0.8,9442.420573999698,False,tog2,0
WebQTest-973,what time zone is chicago in right now,Central Time Zone,"Chicago is typically in the Central Time Zone (CT). To provide the current time, you would need to check the local",0,0.32,0.8,9329.73832800053,False,tog2,0
WebQTest-975,who was the vice president under ronald reagan,George H. W. Bush,"To determine the vice president under Ronald Reagan, we need to identify the specific individual who held that office during his presidency.",0,0.0,0.8,9344.518498997786,False,tog2,0
WebQTest-976,where do the chicago white sox play home games,Comiskey Park,The reasoning chain provided does not contain specific information about where the Chicago White Sox play their home games. Based on the given,0,0.0,0.8,9402.924647998589,False,tog2,0
WebQTest-977,what part did jeff conaway play in grease,Kenickie Murdoch,The given chain does not provide information about Jeff Conaway or his role in Grease. The chain is about Tyler Perry,0,0.0,0.8,9174.90656699374,False,tog2,0
WebQTest-978,what book did benjamin franklin published,The Drinker's Dictionary,"Based on the given information, there is no explicit mention of a book that Benjamin Franklin published. The provided details include an",0,0.3818181818181818,0.8,9570.45273300173,False,tog2,0
WebQTest-979,what currency to take to barbados,Barbadian dollar,"To determine the currency to take to Barbados, we need to identify the primary currency used there. While the given chain",0,0.0,0.8,9374.341752998589,False,tog2,0
WebQTest-980,where did they get the name stanley cup,"Frederick Stanley, 16th Earl of Derby",The information provided in the reasoning chain does not contain any details about the origin of the Stanley Cup name. The chain focuses,0,0.13793103448275862,0.8,9598.23418900487,False,tog2,0
WebQTest-982,what is the zip code of syracuse ny,13220,"The provided information does not contain the zip code for Syracuse, NY. To answer the question, additional data about Syracuse,",0,0.0,0.8,9372.62510599976,False,tog2,0
WebQTest-983,where did tennessee williams go to college,University of Missouri,"The information provided does not include details about Tennessee Williams' college education. Based on the given chain, we know his nationality",0,0.14814814814814814,0.8,9496.284428998479,False,tog2,0
WebQTest-984,what is the name of airport in new york,John F. Kennedy International Airport,"The information provided does not specify an airport in New York. The given chain mentions Frederick Municipal Airport, which is not located",0,0.12500000000000003,0.8,9335.227230003511,False,tog2,0
WebQTest-985,who was queen victoria 's husband,"Albert, Prince Consort",Prince Albert,0,0.8,0.8,9395.788822999748,False,tog2,0
WebQTest-986,where did benjamin franklin work,United States Postal Service,"Based on the information provided, it is not explicitly stated where Benjamin Franklin worked. However, we can infer that he worked",0,0.08695652173913042,0.8,9681.883664998168,False,tog2,0
WebQTest-987,what does barbara bush do for work,First Lady,"The given information does not specify Barbara Bush's occupation or work. The details provided are about her ethnicity, place of birth",0,0.0,0.8,9449.287502000516,False,tog2,0
WebQTest-988,who is jacob latimore,Actor,"The information provided does not contain any details about a person named Jacob Latimore. It only mentions Kenny Lattimore,",0,0.0,0.8,9535.639966998133,False,tog2,2
WebQTest-989,what happened to dunkirk during ww2,Siege of Dunkirk,"During World War II, the Battle of Dunkirk occurred, involving the French Third Republic and primarily the United Kingdom, under",0,0.2608695652173913,0.8,9434.215038003458,False,tog2,0
WebQTest-990,what was scottie pippen good at,Basketball,"The given chain does not provide any information about Scottie Pippen or his skills. Therefore, the correct response is that",0,0.0,0.8,9347.275429005094,False,tog2,0
WebQTest-991,who played donna on west wing,Janel Moloney,The given information does not mention anyone named Donna playing a role in West Wing. The provided chain is about Donna Tartt,0,0.0,0.8,9455.25617000385,False,tog2,0
WebQTest-993,who played meg in season 1 of family guy,Lacey Chabert,"The information provided does not contain any details about ""Meg"" from ""Family Guy"" or her appearance in Season 1",0,0.0,0.8,9504.23120400228,False,tog2,0
WebQTest-994,when was the last time the dallas cowboys won the superbowl,Super Bowl XXX,The given information does not provide any details about the Dallas Cowboys or their Super Bowl victories. The chain of facts focuses on,0,0.15384615384615383,0.8,9509.318317999714,False,tog2,0
WebQTest-996,where do ireland play rugby union,Aviva Stadium,"The information provided does not specify Ireland's location for playing rugby union. To answer the question accurately, we would need additional",0,0.0,0.8,9356.751946004806,False,tog2,0
WebQTest-997,who killed lee harvey oswald shot,Jack Ruby,The given chain does not provide information about who killed Lee Harvey Oswald. It only states that Lee Harvey Oswald allegedly assassinated,0,0.0,0.8,9576.691189002304,False,tog2,0
WebQTest-998,when was the last time knicks won the championship,1973 NBA Finals,The New York Knicks last won the NBA championship in 1973.,0,0.28571428571428575,0.8,1450.6615489954129,False,tog2,0
WebQTest-999,when did celtics win the championship,1968 NBA Finals,The given chain does not provide any information about the Boston Celtics winning a championship. The chain focuses on John F. Kennedy,0,0.0,0.8,9575.40685099957,False,tog2,0
WebQTest-1000,what countries included in oceania,Vanuatu,"Based on the given reasoning chain, the countries included in Oceania are:",0,0.0,0.8,9479.747376004525,False,tog2,0
WebQTest-1001,what country is nicki minaj from,United States of America,"The given information does not specify Nicki Minaj's country of origin. Based on the provided data, we can only",0,0.08333333333333334,0.8,9492.86112599657,False,tog2,0
WebQTest-1002,who played harry potter dumbledore actor,Toby Regbo,The given information does not specify who played Harry Potter's Dumbledore. The chain of reasoning provided includes actors like Chris Free and,0,0.0,0.8,9343.871396005852,False,tog2,0
WebQTest-1003,who was the prime minister of pakistan in 1999,Nawaz Sharif,The information provided does not contain any details about the prime minister of Pakistan in 1999. The given data,0,0.0,0.8,9366.738987002464,False,tog2,0
WebQTest-1004,what movies did christopher plummer play in,The Night of the Generals,The information provided does not contain any details about Christopher Plummer or his movies. The given chain focuses on Christopher Hitchens,0,0.16,0.8,9518.041725998046,False,tog2,0
WebQTest-1005,what is capital city of morocco,Rabat,"The information provided does not contain details about the capital city of Morocco. The given chain focuses on Sudan and related information,",0,0.0,0.8,9440.299551999487,False,tog2,0
WebQTest-1006,what movies is omar epps in,Major League II,The given information does not provide details about Omar Epps's movies. The chain of information is about Mike Epps hosting,0,0.16,0.8,9169.302035996225,False,tog2,0
WebQTest-1007,what district does nancy pelosi represent,California’s 8th congressional district,"The information provided does not directly state that Nancy Pelosi represents any specific district. However, based on the given chain, California",0,0.08,0.8,9283.143911001389,False,tog2,0
WebQTest-1008,where is walton indiana,Indiana,"The information provided does not specify Walton, Indiana. It mentions Indiana but does not include details about a place named Walton.",0,0.17391304347826084,0.8,9505.321297998307,False,tog2,5
WebQTest-1009,where did george herbert walker bush go to college,University Yale,The given information does not provide any details about George Herbert Walker Bush's college education. The provided chain focuses on medical risk,0,0.0,0.8,9368.380587999127,False,tog2,0
WebQTest-1010,what did bruce jenner win gold medal for,Athletics at the 1976 Summer Olympics - Men's Decathlon,The information provided does not mention Bruce Jenner or any details about winning a gold medal. The chain of information is about Bruce,0,0.0975609756097561,0.8,9388.448521996906,False,tog2,0
WebQTest-1011,where do they speak tibetan,Tibet,"The given chain does not provide any information about Tibetan language or culture. Therefore, based on the provided information, it is",0,0.0,0.8,9522.414405997552,False,tog2,0
WebQTest-1012,what to do in hollywood ca this weekend,TCL Chinese Theatre,"The given information does not provide specific activities or events happening in Hollywood, CA this weekend. To find out what to do",0,0.08333333333333334,0.8,9384.22712800093,False,tog2,0
WebQTest-1014,where did kim kardashian come from,Los Angeles,The given chain does not contain any information about Kim Kardashian's origin. The chain is about Lil' Kim and an artist,0,0.0,0.8,9483.737640999607,False,tog2,0
WebQTest-1015,what town did justin bieber grew up in,Stratford,"The given information does not provide Justin Bieber's hometown. To answer the question, we would need additional data about his place",0,0.0,0.8,9500.693287001923,False,tog2,0
WebQTest-1017,who plays charlie in the santa clause movies,Eric Lloyd,The information provided does not specify who plays Charlie in the Santa Clause movies. The given chain of facts pertains to Charlie,0,0.0,0.8,9415.95899600361,False,tog2,0
WebQTest-1020,what highschool did r. kelly attend,Kenwood Academy,"The provided reasoning chain does not contain any information about R. Kelly's high school attendance. Therefore, based on the given",0,0.0,0.8,9472.591584999464,False,tog2,0
WebQTest-1021,what happened at benghazi,2013 Benghazi conflict,"The information provided does not mention any event or incident in Benghazi. To accurately answer your question, I would need specific details",0,0.08,0.8,9474.81049700582,False,tog2,0
WebQTest-1022,what country is nike based in,United States of America,"The reasoning chain provided does not directly contain information about Nike's country of origin. To answer the question, we would need",0,0.07692307692307693,0.8,9317.23491500452,False,tog2,0
WebQTest-1024,what kind of money do i bring to mexico,Mexican peso,The given chain does not provide information about currency or money to bring to Mexico. It only mentions Mexico's participation in certain,0,0.0,0.8,9611.821418002364,False,tog2,0
WebQTest-1025,who did steve spurrier play pro football for,San Francisco 49ers,"The given chain does not provide specific information about Steve Spurrier's professional football team. To answer the question, additional",0,0.0,0.8,9487.075705001189,False,tog2,0
WebQTest-1027,where do the blackhawks play,United Center,"The question seems to have a mismatch with the team name provided in the context. Based on the given information, the Atlanta",0,0.0,0.8,9397.874536996824,False,tog2,0
WebQTest-1028,who plays john connor,Christian Bale,The information provided does not specify who plays John Connor. The chain of reasoning describes characters named Finn and Rob O'Connor in,0,0.0,0.8,9358.733325003413,False,tog2,0
WebQTest-1029,what is the main language spoken in mexico,"Tlapanec, Azoyú Language","The reasoning chain provided does not contain information about Mexico or its main language. Therefore, based on the given chain, we",0,0.08695652173913042,0.8,9536.18482100137,False,tog2,0
WebQTest-1030,what are italians classified as,Latin European peoples,Ethnicity,0,0.0,0.8,9426.978445000714,False,tog2,0
WebQTest-1031,what has angelina jolie accomplished,Voice Actor,Angelina Jolie is a renowned actress who has won the SFX Award for Best Actress. She is also associated with,0,0.0,0.8,9336.411552001664,False,tog2,0
WebQTest-1032,who played captain kirk in star trek movie,William Shatner,"To determine who played Captain Kirk in Star Trek movies, we need to focus on the film actor type and relevant published information",0,0.0,0.8,9231.065634994593,False,tog2,0
WebQTest-1033,who played dana scully in x files,Gillian Anderson,The given chain does not provide information about the actor who played Dana Scully in The X-Files. The chain focuses,0,0.0,0.8,9411.74141200463,False,tog2,0
WebQTest-1035,what was f. scott fitzgerald,Writer,The information provided does not contain any details about F. Scott Fitzgerald. The given chain is about John F. Fitzgerald and,0,0.0,0.8,9424.511530996824,False,tog2,0
WebQTest-1036,what is the dominant language spoken in jamaica,Jamaican English,"The dominant language spoken in Jamaica is Jamaican Creole English. Based on the provided information, it is explicitly stated that",0,0.18181818181818182,0.8,9488.740394997876,False,tog2,0
WebQTest-1037,who is the coach for the new york knicks,Derek Fisher,The given reasoning chain does not provide specific information about the coach of the New York Knicks. The chain describes general relationships between,0,0.0,0.8,9448.047723002674,False,tog2,0
WebQTest-1038,who was wesley snipes,Actor,The given chain of reasoning does not provide information about Wesley Snipes. The chain discusses Wesley's Chapel and its relation to,0,0.0,0.8,9346.828298999753,False,tog2,0
WebQTest-1039,where does sherrod brown live,Avon,"The information provided does not specify Sherrod Brown's current place of residence. However, it indicates that he has held a",0,0.0,0.8,9370.393687000615,False,tog2,0
WebQTest-1040,what kind of language does colombia speak,Cuiba language,"The information provided in the reasoning chain does not contain any details about the languages spoken in Colombia. Therefore, it is not",0,0.0,0.8,9570.589688002656,False,tog2,0
WebQTest-1041,what currency does england use now,Pound sterling,"To determine the current currency used in England, we need to follow the logical connections provided in the reasoning chain:",0,0.0,0.8,9293.358472001273,False,tog2,0
WebQTest-1042,who was the original voice of meg griffin on family guy,Lacey Chabert,The given information does not provide any details about the original voice of Meg Griffin on Family Guy. The chain of information is,0,0.0,0.8,9395.50490599504,False,tog2,0
WebQTest-1043,what kind of government is mali,Semi-presidential system,"The provided chain does not contain information about Mali's government. It only provides details about Egypt's governmental structure, political parties",0,0.0,0.8,9418.884457001695,False,tog2,0
WebQTest-1044,who did cristiano ronaldo play for in 2010,Real Madrid C.F.,The information provided does not contain any details about Cristiano Ronaldo or his playing history. The given chain is about Ronald N.,0,0.0,0.8,9458.247255999595,False,tog2,0
WebQTest-1045,what is the zip code for morgantown wv,26504,"The provided chain does not contain information about Morgantown, West Virginia or its zip code. To answer the question,",0,0.0,0.8,9409.34451999783,False,tog2,0
WebQTest-1046,what is jacksonville fl timezone,Eastern Time Zone,"To determine Jacksonville, FL's time zone, we need to look at the provided information:",0,0.2222222222222222,0.8,5318.92936299846,False,tog2,0
WebQTest-1047,who does amy stiller play in dodgeball,Keno Waitress,The given information does not provide any details about Anya Jenkins playing a character named Amy Stiller in Dodgeball. The,0,0.0,0.8,9383.085492001555,False,tog2,0
WebQTest-1048,who were king henry vii children,"Arthur, Prince of Wales",The given chain does not provide information about King Henry VII's children. The chain is about Edward VIII and some medical conditions,0,0.14814814814814817,0.8,9514.474746996711,False,tog2,0
WebQTest-1050,who does mila kunis play on family guy,Meg Griffin,The information provided in the reasoning chain does not contain any details about Mila Kunis or her roles on Family Guy.,0,0.0,0.8,9424.145259996294,False,tog2,0
WebQTest-1051,when did the san francisco earthquake occur,1906-04-18,The reasoning chain does not provide a specific date for the San Francisco earthquake. It only indicates that the earthquake is related to,0,0.0,0.8,9500.283023997326,False,tog2,0
WebQTest-1052,who played damien in the omen 2006,Seamus Davey-Fitzpatrick,The given information does not provide any details about who played Damien in The Omen 2006. The provided,0,0.0,0.8,9516.618686000584,False,tog2,0
WebQTest-1054,who played denver in four christmases,Jon Favreau filmography,"The information provided does not contain any details about the cast of ""Four Christmases"" or who played the character Denver",0,0.0,0.8,9371.329724002862,False,tog2,0
WebQTest-1055,what to do with kids in essex,Cudmore Grove Country Park,The given reasoning chain does not provide information on how to deal with kids in Essex. It only describes properties and types related,0,0.0,0.8,9306.842581005185,False,tog2,0
WebQTest-1056,who did the cleveland cavaliers draft,Dion Waiters,The Cleveland Cavaliers are not involved in the given draft pick information. The draft pick mentioned is for the Oakland Raiders and involves,0,0.0,0.8,9405.82139199978,False,tog2,0
WebQTest-1057,what concentration camp did anne frank died in,Bergen-Belsen concentration camp,The given information does not contain any details about Anne Frank or concentration camps. The provided chain focuses on influences between literary figures,0,0.07407407407407408,0.8,9451.979584002402,False,tog2,0
WebQTest-1059,what language does east timor speak,Tukudede Language,"The information provided does not include details about the languages spoken in East Timor. To answer the question accurately, we would",0,0.08695652173913042,0.8,9361.729988006118,False,tog2,0
WebQTest-1060,what is the currency in italy,Euro,"The reasoning chain provided does not contain information about the currency in Italy. Based on general knowledge, the currency in Italy is",0,0.0,0.8,9514.661537999928,False,tog2,0
WebQTest-1061,where does greek language come from,Attic Group,"The Greek language is not directly tied to a specific origin based on the given information, but it is spoken in countries like",0,0.0,0.8,9344.227574998513,False,tog2,0
WebQTest-1062,what is the name of the currency used in italy,Euro,The reasoning chain suggests that the Italian language is primarily spoken in Italy and that the currency used in Italy would be associated with,0,0.0,0.8,9319.873187996564,False,tog2,0
WebQTest-1063,where is audrey hepburn from,Ixelles,The question appears to mix names that are not directly related in the provided chain. Hurricane Audrey and Audrey Hepburn are separate,0,0.0,0.8,9440.36077200144,False,tog2,0
WebQTest-1065,who does darth vaders voice,James Earl Jones,"The information provided in the reasoning chain does not contain any relevant data about Darth Vader's voice actor. Therefore, the correct",0,0.0,0.8,9273.375934004434,False,tog2,0
WebQTest-1067,what school did douglas macarthur go to,TMI — The Episcopal School of Texas,"The given information does not include any details about the schools Douglas MacArthur attended. Therefore, based on the provided chain,",0,0.14634146341463414,0.8,9558.61045900383,False,tog2,0
WebQTest-1068,what famous people are from barbados,Shawn Terry Cox,"The given information does not provide any specific details about famous people from Barbados. To answer the question accurately, additional data",0,0.0,0.8,9470.686747998116,False,tog2,0
WebQTest-1069,what is the name of the currency used in china,Renminbi,"To determine the name of the currency used in China, we need to follow the given reasoning chain and identify the relevant information",0,0.0,0.8,9288.544633003767,False,tog2,0
WebQTest-1070,what are the names of michael jackson 's 3 children,"Michael Joseph Jackson, Jr.",The information provided in the reasoning chain does not contain any details about Michael Jackson's children. The chain focuses on his broadcast,0,0.14814814814814817,0.8,9497.161349005182,False,tog2,0
WebQTest-1072,who is the current governor of arizona 2010,Jan Brewer,The given information does not provide the name of the current governor of Arizona in 2010. To answer this,0,0.0,0.8,9447.183692995168,False,tog2,0
WebQTest-1074,who is lamar odom playing for this year,Saski Baskonia,The given information does not provide any details about Howard R. Lamar's current team or position in sports. The provided facts,0,0.0,0.8,9383.931172000302,False,tog2,0
WebQTest-1075,where were the great pyramids of giza built,Giza Plateau,"The Great Pyramids of Giza were built in the Giza Governorate, which is located in North Africa and is",0,0.17391304347826086,0.8,9401.483005000046,False,tog2,0
WebQTest-1077,what language do the russian speak,Erzya Language,"The given reasoning chain does not provide information about the Russian language or Russian-speaking countries. Therefore, based on the provided chain",0,0.24000000000000002,0.8,9446.11025499762,False,tog2,0
WebQTest-1078,what language do australia people speak,Esperanto Language,English Language,1,1.0,0.8,9460.240771993995,False,tog2,0
WebQTest-1079,what country was king tut 's tomb found,Egypt,Egypt,1,1.0,0.8,9461.852476000786,False,tog2,2
WebQTest-1080,where did abraham and his descendants live,Canaan,The given reasoning chain does not provide information about where Abraham Lincoln and his descendants lived. It only contains data about Abraham Lincoln,0,0.0,0.8,9545.49200800102,False,tog2,0
WebQTest-1081,where did george washington carver go to collage,Simpson College,"Based on the given information, George Washington Carver did not attend any college as the provided facts only mention schools named after",0,0.08333333333333334,0.8,9568.671884997457,False,tog2,0
WebQTest-1082,what are the sports in spain,CB 1939 Canarias,"The given information does not directly state the sports in Spain. However, it mentions that bobsleigh was a sport in",0,0.08333333333333334,0.8,9531.925914001476,False,tog2,0
WebQTest-1083,where president obama was born,Honolulu,"The information provided in the reasoning chain does not contain details about President Obama's birthplace. To answer the question accurately,",0,0.0,0.8,9641.633596998872,False,tog2,0
WebQTest-1084,what sports do people play in poland,Turów Zgorzelec,The given chain does not provide information about sports played in Poland. It only gives details about the official and spoken languages in,0,0.07407407407407408,0.8,9507.211456002551,False,tog2,0
WebQTest-1085,who was demi lovato dating,Cody Linley,The given information does not provide any details about Demi Lovato's dating history. The reasoning chain is about Stefan Lö,0,0.0,0.8,9480.760097001621,False,tog2,0
WebQTest-1087,what films has scarlett johansson been in,Ghost World,The given chain does not provide information about Scarlett Johansson's filmography. It only describes the type of entities related to,0,0.21052631578947364,0.8,9227.000628998212,False,tog2,0
WebQTest-1088,who originally voiced meg on family guy,Lacey Chabert,The information provided in the reasoning chain does not contain any details about who originally voiced Meg on Family Guy. The chain focuses,0,0.0,0.8,9168.170779994398,False,tog2,0
WebQTest-1089,who played amy squirrel in bad teacher,Lucy Punch,"The given information does not contain any details about Amy Squirrel or the movie ""Bad Teacher."" The provided chain is about",0,0.0,0.8,9200.797679004609,False,tog2,0
WebQTest-1090,where are boeing headquarters,Chicago,The information provided in the reasoning chain does not directly state the location of Boeing's headquarters. It only describes the relationships and,0,0.0,0.8,9205.294505998609,False,tog2,0
WebQTest-1091,what type of religions are in the united states,Hinduism,"The given chain indicates that ""Religion"" is a type of ""Topic"". However, it does not provide specific information",0,0.0,0.8,9162.911526000244,False,tog2,0
WebQTest-1092,who did viggo mortensen play in lord of the rings,Aragorn,"Vigo Mortensen played the role of Aragorn in The Lord of the Rings. However, this information is not",0,0.10526315789473684,0.8,9610.746756996377,False,tog2,0
WebQTest-1094,who was isaac newton and what did he do,Chemist,"Isaac Newton was an influential scientist and mathematician who formulated the laws of motion and universal gravitation, among other contributions to",0,0.0909090909090909,0.8,9595.742607998545,False,tog2,0
WebQTest-1095,who did william shakespeare marry,Anne Hathaway,The given reasoning chain does not provide information about William Shakespeare's spouse. The chain focuses on his nationality and the nature of,0,0.0,0.8,9610.79689199687,False,tog2,0
WebQTest-1096,what movies queen latifah is in,We Are Family,"The given information does not provide any details about Queen Latifah's movie appearances. To answer the question, we would",0,0.19354838709677416,0.8,9478.241255004832,False,tog2,0
WebQTest-1097,where did michelle obama graduated from,Princeton University,The information provided in the reasoning chain does not contain any details about Michelle Obama's educational background or the institution she graduated from,0,0.0,0.8,9754.630478993931,False,tog2,0
WebQTest-1098,what kind of music did franz liszt compose,Romantic music,"Franz Liszt composed Romantic-era piano music, including virtuosic concertos and Hungarian Rhapsodies. Concise Answer",0,0.23529411764705882,0.8,9667.19758999534,False,tog2,0
WebQTest-1099,what country does david luiz play for,Brazil national football team,The information provided in the reasoning chain does not contain any details about David Luiz or his nationality or the team he plays,0,0.07407407407407408,0.8,9724.491947999923,False,tog2,0
WebQTest-1100,what document did thomas jefferson wrote,The Literary Bible of Thomas Jefferson,The given reasoning chain does not provide information about the documents Thomas Jefferson wrote. It only contains details about his place of birth,0,0.34188034188034183,0.8,9556.290378000995,False,tog2,0
WebQTest-1101,who is martin luther king jr facts,Writer,Martin Luther King Jr. was a prominent American civil rights leader who played a key role in the advancement of civil rights using,0,0.27586206896551724,0.8,9490.90860599972,False,tog2,0
WebQTest-1102,where is victoria british columbia,British Columbia,Victoria is not in British Columbia; it is in Australia.,0,0.33333333333333337,0.8,9653.262788997381,False,tog2,0
WebQTest-1103,how many mary mary sisters,Tina Campbell,"The given information does not specify the number of members in Mary Mary. Therefore, based on the provided reasoning chain, we",0,0.0,0.8,9457.811027001298,False,tog2,0
WebQTest-1104,what do we call the currency of france,CFP franc,"The currency of France is the Euro. Based on the given reasoning chain, the Euro is used in France among other countries",0,0.16666666666666669,0.8,9631.38899399928,False,tog2,0
WebQTest-1106,what team does david beckham play for in 2012,LA Galaxy,The provided reasoning chain does not contain any information about which team David Beckham played for in 2012. The,0,0.0,0.8,9529.570255996077,False,tog2,0
WebQTest-1107,what movies did nick cannon star in,Garfield: The Movie,"The provided reasoning chain does not contain specific information about Nick Cannon or his filmography. To answer the question ""What movies",0,0.14814814814814814,0.8,9352.253193006618,False,tog2,0
WebQTest-1108,what radio station is npr on in nyc,WNYC,"To determine the NPR station in NYC, we need to identify the specific NPR affiliate in the New York City area. In",0,0.0,0.8,1473.8679010042688,False,tog2,0
WebQTest-1109,who did tom landry play for,New York Yankees,The given information does not provide any details about Tom Landry or the team he played for. The reasoning chain focuses on,0,0.0,0.8,9492.334902999573,False,tog2,0
WebQTest-1110,where was john jay born,New York City,"The given information does not provide John Smith's birthplace. To answer the question ""Where was John Jay born?"", we",0,0.0,0.8,9669.785262005462,False,tog2,0
WebQTest-1111,where is mount fuji located,Japan,"Mount Fuji is located in Japan. While the provided reasoning chain focuses on administrative divisions within Japan, it does not specifically mention",0,0.16666666666666669,0.8,9582.32412399957,False,tog2,1
WebQTest-1113,where was toussaint l'ouverture born,Saint-Domingue,The given reasoning chain does not provide information about Toussaint L'Ouverture's birthplace. The chain is about,0,0.0,0.8,9577.608624000277,False,tog2,0
WebQTest-1114,what countries makes up the uk,Wales,"The UK is made up of four constituent countries: England, Northern Ireland, Scotland, and Wales. The provided reasoning chain",0,0.1904761904761905,0.8,9634.22327299486,False,tog2,0
WebQTest-1115,what is lawton ok zip code,73507,"The information provided in the reasoning chain does not contain any data related to Lawton, OK or its zip code. Therefore",0,0.0,0.8,9456.451917001687,False,tog2,0
WebQTest-1116,what is the capital city of spain wiki answers,Madrid,The reasoning chain provided does not contain information about the capital city of Spain. To answer the question directly based on common knowledge,0,0.0,0.8,9694.941410001775,False,tog2,0
WebQTest-1117,where do they speak german,Second Polish Republic,"German is spoken in Germany and Canada. In Germany, it is particularly prominent in regions like North Rhine-Westphalia",0,0.1904761904761905,0.8,9513.329895002244,False,tog2,0
WebQTest-1118,when did mark mcgwire retired,2001 Major League Baseball Season,The given information does not contain any details about Mark McGwire's retirement date. The provided chain focuses on geographical locations and,0,0.0,0.8,8854.946866005776,False,tog2,0
WebQTest-1119,what is colorado technical university,College/University,The given information does not provide any details about Colorado Technical University. The provided chain focuses on geographical and temporal aspects of Colorado,0,0.08,0.8,9660.118945001159,False,tog2,0
WebQTest-1120,what was the currency used in france before the euro,French franc,"Before the Euro, France used the French Franc as its currency.",0,0.3076923076923077,0.8,9507.911048996903,False,tog2,0
WebQTest-1121,what is kentucky state slogan,"United we stand, divided we fall","The reasoning chain provided does not contain information about Kentucky's state slogan. To answer the question, we would need additional data",0,0.08,0.8,9686.542940995423,False,tog2,0
WebQTest-1124,who played samantha stephens in bewitched,Elizabeth Montgomery,The information provided in the reasoning chain does not contain any details about who played Samantha Stephens in Bewitched. The chain focuses,0,0.0,0.8,9675.601833005203,False,tog2,0
WebQTest-1125,what area of science did sir isaac newton study,Chemist,"Sir Isaac Newton studied physics and mathematics. Based on the given chain, we can infer that Isaac Newton was a prominent figure",0,0.0,0.8,9646.930793998763,False,tog2,0
WebQTest-1126,what county is san diego in,San Diego County,San Diego is in San Diego County.,0,0.8333333333333333,0.8,9500.359379002475,False,tog2,0
WebQTest-1127,which country in north america is divided into provinces,Canada,The given information does not specify any country in North America that is divided into provinces. The chain of reasoning only mentions the,0,0.0,0.8,9548.451454000315,False,tog2,0
WebQTest-1130,what is real name of santa claus,Saint Nicholas,The given reasoning chain does not provide information about Santa Claus or his real name. The chain is about Rudolph Valentino,0,0.0,0.8,9573.777791003522,False,tog2,0
WebQTest-1131,when did kelly slater go pro,1990,The information provided does not contain any details about Kelly Slater or his professional debut. The chain focuses on Kelly Price and her,0,0.0,0.8,9588.20538999862,False,tog2,0
WebQTest-1132,what did coretta scott king died from,Respiratory failure,The given chain does not provide information about how or from what Coretta Scott King died. It only gives details about,0,0.0,0.8,9706.556957004068,False,tog2,0
WebQTest-1133,what does wh smith stand for,WHSmith,"The given information does not provide any details about what ""Wh Smith"" stands for. The chain of reasoning is about Samuel",0,0.0,0.8,9520.44433500123,False,tog2,0
WebQTest-1135,who was vp for nixon,Spiro Agnew,"The given information does not provide any details about Nixon's vice president. To answer the question, we would need additional data",0,0.0,0.8,9668.846834996657,False,tog2,0
WebQTest-1136,what religion did adolf hitler follow,Catholicism,"Adolf Hitler was associated with anti-communism, which is related to the Nazi Party's ideology. However, based on",0,0.0,0.8,9443.952166002418,False,tog2,0
WebQTest-1137,where is the illinois river on a map,United States of America,"The information provided does not specify the exact location of the Illinois River on a map. However, it can be inferred that",0,0.08695652173913045,0.8,9630.03265899897,False,tog2,2
WebQTest-1138,where honduras in the world,Americas,Honduras is located in North America and is an administrative area of Earth.,0,0.2666666666666667,0.8,9691.976269001316,False,tog2,0
WebQTest-1142,who does ronaldinho play for now 2011,Clube de Regatas do Flamengo,"Based on the given reasoning chain, there is no information provided about Ronaldinho's current team in 2011",0,0.0909090909090909,0.8,9560.950661994866,False,tog2,0
WebQTest-1143,what galileo galilei was famous for,Heliocentrism,"Galileo Galilei was famous for his contributions to astronomy and physics, including the improvement of the telescope and supporting hel",0,0.0,0.8,9538.484872995468,False,tog2,0
WebQTest-1144,what are the major trading partners of germany,Scotland,"The given reasoning chain does not provide information about Germany's major trading partners. To answer the question, we would need data",0,0.0,0.8,9529.41441800067,False,tog2,0
WebQTest-1145,where did romney graduated college,Brigham Young University,The information provided does not contain details about George W. Romney's education or where he graduated college. Based on the given,0,0.0,0.8,9717.280247001327,False,tog2,0
WebQTest-1146,who did johnny depp play in corpse bride,Victor Van Dort,"The information provided does not contain any details about Johnny Depp or the movie ""Corpse Bride."" The given chain is",0,0.0,0.8,9597.77035699517,False,tog2,0
WebQTest-1147,what is the zip code for jonesboro ar,72402,"The given information does not provide a zip code for Jonesboro, AR. The data focuses on area codes, states,",0,0.0,0.8,9503.074294996622,False,tog2,0
WebQTest-1148,what college did se hinton go,University of Tulsa,The given information does not provide any details about Se Hinton or their college. The chain of reasoning focuses on the University,0,0.16,0.8,9590.882076998241,False,tog2,0
WebQTest-1149,when was taylor swift fearless tour,2009-04-23,"The information provided does not contain any details about Taylor Swift or her tours. Therefore, I cannot answer when Taylor Swift's",0,0.0,0.8,9509.37939400319,False,tog2,0
WebQTest-1151,where did charles darwin and his wife live,London,The information provided does not contain any details about Charles Darwin or his wife's place of residence. The given chain is about,0,0.0,0.8,9703.530557002523,False,tog2,0
WebQTest-1152,who is the voice of kitt,William Daniels,"The voice of KITT from the show ""Knight Rider"" was provided by actor William Daniels. He voiced the car's",0,0.18181818181818182,0.8,1469.8286109996843,False,tog2,0
WebQTest-1153,what is eminem 's real full name,Marshall Bruce Mathers III,"The given information does not include Eminem's real full name. To answer the question, additional data about Eminem's",0,0.0,0.8,9659.431252999639,False,tog2,0
WebQTest-1154,who is amy grant 's first husband,Gary Chapman,"The information provided does not contain any details about Amy Grant or her marital history. Therefore, it is not possible to determine",0,0.0,0.8,9465.58957399975,False,tog2,0
WebQTest-1155,what are the seven nations of central america,Panama,"The given information does not provide a list of the seven nations of Central America. To answer this question accurately, the chain",0,0.0,0.8,9606.84755800321,False,tog2,0
WebQTest-1156,what is jamie spears baby name,Maddie Briann Aldridge,"The question seems to mix up characters. Jamie Callender is the fictional character, not Jamie Spears' baby. Based on",0,0.0,0.8,9613.894845999312,False,tog2,0
WebQTest-1160,who is the mother of prince michael jackson,Katherine Jackson,"The information provided in the reasoning chain does not contain any details about the family relationships of Michael Jackson, including his mother.",0,0.08333333333333334,0.8,9608.657337994373,False,tog2,0
WebQTest-1161,what is the clemson mascot name,Clemson University The Tiger,"The information provided in the reasoning chain does not contain any details about Clemson University or its mascot. Therefore, I cannot answer",0,0.2926829268292683,0.8,9542.309588003263,False,tog2,0
WebQTest-1163,what rainforest is in south america,Amazon rainforest,"The reasoning chain provided does not contain any information about rainforests in South America. It only mentions Puerto Rico, Belize",0,0.0,0.8,9517.111402004957,False,tog2,0
WebQTest-1164,what type of art does claude monet do,Modern art,"The given chain does not provide information about Claude Monet or his art. The chain is about Matt Moniz, who",0,0.09090909090909091,0.8,9654.402400003164,False,tog2,0
WebQTest-1166,when did we start war with iraq,2003-03-20,The 2003 invasion of Iraq started the war with Iraq.,0,0.15384615384615383,0.8,9486.264140003186,False,tog2,0
WebQTest-1168,what guitar did kurt cobain,Fender Jag-Stang,"The question about Kurt Cobain and his guitar is not directly related to the given reasoning chain, which focuses on the relationship",0,0.0,0.8,9353.673009994964,False,tog2,0
WebQTest-1169,who did jennifer lawrence play in x men,Raven / Mystique,"Jennifer Lawrence portrayed Professor Charles Xavier in X-Men films, based on the information provided.",0,0.0,0.8,9515.648738997697,False,tog2,0
WebQTest-1170,who is the governor of virginia 2011,Bob McDonnell,The information provided in the reasoning chain does not contain any data about the governor of Virginia in 2011.,0,0.0,0.8,9671.989100002975,False,tog2,0
WebQTest-1171,who did darth vaders voice,James Earl Jones,The given information does not contain any details about Darth Vader's voice actor. The provided chain focuses on Mel Gibson's biography,0,0.0,0.8,9342.044461001933,False,tog2,0
WebQTest-1173,where is walton county ga,Georgia,"The information provided does not contain details about Walton County, Georgia. The given chain focuses on Macon County, Alabama,",0,0.1,0.8,9612.652746000094,False,tog2,0
WebQTest-1174,what cancer did jackie kennedy die of,Lymphoma,"The given information does not provide any details about the cancer that Jackie Kennedy died from. To answer the question accurately, additional",0,0.0,0.8,9630.225089000305,False,tog2,0
WebQTest-1175,what does lauren conrad major in,Fashion design,The given information does not provide any details about Lauren Conrad's major. The provided chain of facts is about Conrad Black and,0,0.0,0.8,9544.517556998471,False,tog2,0
WebQTest-1176,what time zone is pennsylvania in right now,UTC−05:00,"The reasoning chain indicates that Philadelphia, which contains the University of Pennsylvania (where The Daily Pennsylvanian is based),",0,0.0,0.8,9549.528148003446,False,tog2,0
WebQTest-1177,where did mario lopez go to school,Chula Vista High School,The information provided does not include any details about Juan López Moctezuma's education or where he went to school.,0,0.08333333333333334,0.8,9561.428615998011,False,tog2,0
WebQTest-1178,where is tupac from originally,East Harlem,The given reasoning chain does not provide information about Tupac Shakur's place of origin. It only mentions his profession as,0,0.0,0.8,9581.591602996923,False,tog2,0
WebQTest-1179,what role did george lucas play in star wars,Baron Papanoida,George Lucas did not play a role in Star Wars; he is the creator and producer of the Star Wars franchise.,0,0.0,0.8,9367.285722997622,False,tog2,0
WebQTest-1180,what sarah dessen books are movies,How to Deal,The information provided does not specify any books written by Sarah Dessén that have been made into films. The given chain includes,0,0.0,0.8,9522.236035001697,False,tog2,0
WebQTest-1181,what is the current time in kauai hawaii,Hawaii-Aleutian Time Zone,"The information provided does not specify the exact current time in Kauai, Hawaii. It only states that Hawaii is in",0,0.23076923076923075,0.8,9536.699512005725,False,tog2,0
WebQTest-1183,where was farrah fawcett buried,Westwood Village Memorial Park Cemetery,The information provided in the reasoning chain does not contain any details about Farrah Fawcett or her burial place.,0,0.0,0.8,9621.945252998557,False,tog2,0
WebQTest-1185,what inspired steinbeck,Thomas Malory,Elizabeth Engstrom inspired John Steinbeck.,0,0.0,0.8,9518.859474002966,False,tog2,0
WebQTest-1186,what kind of government does cuba have today,Semi-presidential system,Cuba has a socialist government with a single-party system dominated by the Communist Party of Cuba. The country is officially known as,0,0.08,0.8,9727.515790000325,False,tog2,0
WebQTest-1187,where are english speakers distributed,Nigeria,The English Language is spoken in the Cayman Islands.,0,0.3636363636363636,0.8,9647.291290006251,False,tog2,0
WebQTest-1189,what is the capital of italy today,Rome,The capital of Italy today is Rome.,0,0.25,0.8,9637.347545998637,False,tog2,0
WebQTest-1191,what language do people speak in the bahamas,English Language,The information provided does not include details about languages spoken in the Bahamas. The given chain focuses on Jamaican Creole English,0,0.24,0.8,9739.813482003228,False,tog2,0
WebQTest-1192,where did george michael go to school,Bushey Meads School,"The information provided does not include any details about George Michael's (assuming ""George Jackson"" is meant to be ""George",0,0.0,0.8,9626.43126900366,False,tog2,0
WebQTest-1194,what club does cristiano ronaldo play for in 2010,Real Madrid C.F.,The given information does not provide any details about Cristiano Ronaldo or his club in 2010. To answer this,0,0.0,0.8,9559.088045003591,False,tog2,0
WebQTest-1195,what time zone is in the bahamas,UTC−05:00,"The reasoning chain does not provide direct information about the time zone of the Bahamas. Based on the given information, we can",0,0.16,0.8,9714.039557999058,False,tog2,0
WebQTest-1197,what language do people speak in brazil,Brazilian Portuguese,People speak Portuguese in Brazil.,0,0.28571428571428575,0.8,9472.09126099915,False,tog2,0
WebQTest-1198,who influenced samuel taylor coleridge,Immanuel Kant,"Based on the given reasoning chain, there is no information about who was influenced by Samuel Taylor Coleridge. The chain",0,0.0,0.8,9653.785003996745,False,tog2,0
WebQTest-1199,what does kim kardashian work as,Actor,The given chain does not provide information about Kim Kardashian's occupation. The chain is about Lil' Kim and an artist named,0,0.0,0.8,9603.510141998413,False,tog2,0
WebQTest-1200,where did the mississippi river end,Gulf of Mexico,The Mississippi River ends in the Gulf of Mexico.,0,0.5,0.8,9636.606445004873,False,tog2,0
WebQTest-1201,who played carlton lassiter on psych,Timothy Omundson,"The given information does not match the question. Carlton Molesworth is mentioned as a baseball player, but there is no",0,0.0,0.8,9343.296925995674,False,tog2,0
WebQTest-1203,who is president of israel,Reuven Rivlin,"The given chain does not provide information about the president of Israel. The chain focuses on the location, administrative areas, review",0,0.0,0.8,9650.491526001133,False,tog2,0
WebQTest-1204,where did the anasazi indians live,Four Corners,The given information does not contain any data related to the Anasazi Indians. The chain of reasoning is about Anamb,0,0.0,0.8,9524.896889997763,False,tog2,0
WebQTest-1205,who plays harley quinn,Mia Sara,"Answering your question directly without the given reasoning chain, the character of Harley Quinn is played by various actresses in different media",0,0.0,0.8,5396.670084999641,False,tog2,0
WebQTest-1206,what was francis bacon contributions,Author,"Based on the given reasoning chain, Francis Bacon's contributions include being an author and influencing Claude Henri de Rouvroy,",0,0.09523809523809523,0.8,9631.884549999086,False,tog2,3
WebQTest-1209,when does ziva start on ncis,NCIS - Season 3,The given information does not contain any details about Ziva starting on NCIS. The chain of reasoning provided is about famous,0,0.08333333333333333,0.8,9488.499635001062,False,tog2,0
WebQTest-1210,what is the name of the national anthem of canada ( 2 words ),O Canada,O Canada,1,1.0,0.8,9525.272069004131,False,tog2,0
WebQTest-1212,what did mark zuckerberg study,Psychology,The given chain does not provide any information about Mark Zuckerberg or his studies. The chain is about Rudolf Svedberg,0,0.0,0.8,9532.2700589968,False,tog2,0
WebQTest-1213,which country was michael jackson born,United States of America,"The reasoning chain indicates that ""Country of nationality"" is related to a person and has an expected type of Country. However",0,0.13793103448275862,0.8,9586.295506996976,False,tog2,0
WebQTest-1215,who was stephen r covey,Author,"The information provided does not contain any details about Stephen R. Covey. The given chain is about Stephen Melton,",0,0.0,0.8,9553.32246999751,False,tog2,0
WebQTest-1216,what country was stalin in charge of,Soviet Union,"The reasoning chain does not directly mention Stalin or specify the country he was in charge of. However, given the context of",0,0.0,0.8,9513.865060995158,False,tog2,0
WebQTest-1217,what is monta ellis career high points,NBA Most Improved Player Award,The given information does not provide details about Monta Ellis's career high points. The provided chain focuses on Warren Ellis's,0,0.0,0.8,9671.824607001327,False,tog2,0
WebQTest-1219,what nationality is rihanna,Barbados,The given information does not provide any details about Rihanna's nationality. The provided facts are about her musical genres and a radio,0,0.0,0.8,9557.553516002372,False,tog2,0
WebQTest-1220,what has shannen doherty played in,Another Day,The information provided does not contain any details about Shannen Doherty or her roles. The chain focuses on L,0,0.1935483870967742,0.8,9493.062287998328,False,tog2,0
WebQTest-1221,what college did joakim noah,University of Florida,"The given information does not specify which college Joakim Noah attended. Based on the provided facts, we only know that",0,0.0,0.8,9711.989720999554,False,tog2,0
WebQTest-1223,who plays billy elliot,Jamie Bell,"The information provided in the reasoning chain does not contain any details about the movie ""Billy Elliot"" or its cast. Therefore",0,0.0,0.8,9467.790827999124,False,tog2,0
WebQTest-1225,what kourtney kardashian boyfriends name,Scott Disick,The given information does not contain any details about Kourtney Kardashian or her boyfriends. The provided reasoning chain is about,0,0.0,0.8,9660.24241699779,False,tog2,0
WebQTest-1226,what form of government does australia use,Parliamentary system,"The given information does not specify the form of government used in Australia. To provide an accurate answer, additional data about Australia",0,0.0,0.8,9619.118786999024,False,tog2,0
WebQTest-1227,what team did howie long,Oakland Raiders,The question provided does not match the information given in the reasoning chain. There is no mention of Howie Long or any,0,0.0,0.8,9556.401512003504,False,tog2,0
WebQTest-1228,where did the greek alphabet come from,Phoenician alphabet,The information provided does not directly address the origin of the Greek alphabet. The given chain focuses on the countries where Greek is,0,0.08,0.8,9475.771979996352,False,tog2,0
WebQTest-1229,what timezone is elizabethtown kentucky,Eastern Time Zone,Central Time Zone,0,0.6666666666666666,0.8,9358.777189998364,False,tog2,0
WebQTest-1230,what to see in christchurch new zealand,Air Force Museum of New Zealand,"The given chain of information does not provide specific attractions or things to see in Christchurch, New Zealand. It only confirms",0,0.22222222222222224,0.8,9706.949351006187,False,tog2,0
WebQTest-1231,where is chris paul from,United States of America,"The information provided does not specify Chris Paul's location. The chain of reasoning pertains to Paul the Apostle, who was",0,0.08,0.8,9460.452615996473,False,tog2,0
WebQTest-1232,what year was albert pujols rookie year,2001 Major League Baseball Season,The information provided does not specify Albert Pujols' rookie year. The chain mentions Albert S. D'Agost,0,0.0,0.8,9579.517113001202,False,tog2,0
WebQTest-1233,what are the colors of the ny giants,Red,"The New York Giants, the NFL football team, have the colors orange and black.",0,0.0,0.8,1469.9226550001185,False,tog2,0
WebQTest-1234,what business did andrew carnegie dominate,financier,Andrew Carnegie dominated the steel industry.,0,0.2857142857142857,0.8,9410.63506899809,False,tog2,0
WebQTest-1235,what was sir isaac newton 's inventions,Pet door,The given information does not specify any of Isaac Newton's inventions. The chain describes influences and connections between thinkers but does not,0,0.0,0.8,9636.880871003086,False,tog2,0
WebQTest-1237,who did shaq first play for,Orlando Magic,The given information does not provide any details about Shaq (presumably Shaquille O'Neal) or his playing,0,0.0,0.8,9592.175234000024,False,tog2,0
WebQTest-1238,who was the artist of mickey mouse,Ub Iwerks,The given information does not provide any details about the artist of Mickey Mouse. The reasoning chain focuses on Jim Bowie's ethnicity,0,0.0,0.8,9632.876750001742,False,tog2,0
WebQTest-1239,what is the zip code for concord,94518,"The given information does not provide a specific zip code for Concord. To determine the zip code for Concord, additional data would",0,0.0,0.8,9471.167534997221,False,tog2,0
WebQTest-1240,what football team is michael vick on,New York Jets,"Based on the given reasoning chain, it does not provide specific information about which football team Michael Vick is currently on. The",0,0.0,0.8,9476.030541998625,False,tog2,0
WebQTest-1241,where does the columbia river start,Columbia Lake,The information provided in the reasoning chain does not contain any details about the Columbia River or its starting point. The chain focuses,0,0.08,0.8,9716.743160002807,False,tog2,0
WebQTest-1242,what are all the names of the harry potter books,Harry Potter and the Chamber of Secrets,"The provided chain does not contain information about Harry Potter books. It discusses ""Books on film -- which do you want to",0,0.22222222222222224,0.8,8494.516004000616,False,tog2,0
WebQTest-1244,who was sir walter raleigh and what did he do,Courtier,"Sir Walter Raleigh was an English explorer, writer, and courtier during the Elizabethan era. He is known for his",0,0.1,0.8,9546.215875998314,False,tog2,0
WebQTest-1245,what countries are in the euro dollar,Kingdom of the Netherlands,"Italy, Greece, and France use the Euro as their currency.",0,0.18181818181818182,0.8,9514.124328001344,False,tog2,0
WebQTest-1246,what currency can you use in barbados,Barbadian dollar,"Barbados uses the Barbadian dollar as its currency. Given the information provided in the reasoning chain, we can infer that",0,0.18181818181818182,0.8,9486.49097100133,False,tog2,0
WebQTest-1247,who is angelina jolie,Voice Actor,The given information does not provide details about Angelina Jolie. The chain only contains information about Brad Pitt and his profession,0,0.0,0.8,9432.409115004702,False,tog2,0
WebQTest-1248,where is nineveh city,Iraq,The given information does not specify the location of Nineveh city. The provided chain describes general characteristics of a German city but,0,0.08333333333333334,0.8,9489.058769999247,False,tog2,0
WebQTest-1249,what is the state flower of new mexico,Yucca flower,The state flower of New Mexico is the Scarlet Carnation.,0,0.16666666666666669,0.8,9578.385054999671,False,tog2,0
WebQTest-1250,where is the national ffa foundation located today,Alexandria,The information provided does not specify the location of the National FFA Foundation. The given chain refers to the Commonwealth Foundation and,0,0.0,0.8,9483.91485499451,False,tog2,0
WebQTest-1251,which countries speak germanic languages,Belgium,Germany and South Africa speak Germanic languages. The reasoning is based on the given data that German is spoken in Germany and,0,0.16666666666666669,0.8,9497.366490999411,False,tog2,0
WebQTest-1252,who plays eowyn in lord of the rings,Miranda Otto,The information provided does not contain any details about who plays Eowyn in The Lord of the Rings. The given chain,0,0.0,0.8,9678.125760998228,False,tog2,0
WebQTest-1254,where is augusta masters 2012,Augusta National Golf Course,The information provided does not contain details about the Augusta Masters or the 2012 tournament. The given chain focuses,0,0.08695652173913043,0.8,9358.64521300391,False,tog2,0
WebQTest-1255,what type of cancer did eva peron die from,Cervical cancer,The given information does not provide any details about Eva Peron's cause of death or the type of cancer she died from,0,0.08333333333333333,0.8,9544.715830001223,False,tog2,0
WebQTest-1256,who did terrell owens play for in 2010,Cincinnati Bengals,The given information does not contain any details about Terrell Owens or his playing history in 2010. Therefore,0,0.0,0.8,9645.267895997677,False,tog2,0
WebQTest-1257,where is denmark south carolina,Bamberg County,"The question ""where is Denmark South Carolina"" is not directly related to the given reasoning chain, which focuses on cyclones",0,0.18181818181818182,0.8,9688.340505999804,False,tog2,0
WebQTest-1259,what books did ernest hemingway write,"Ernest Hemingway, selected letters, 1917-1961","Based on the given reasoning chain, the information provided does not list any specific books written by Ernest Hemingway. The",0,0.35294117647058826,0.8,9724.619853004697,False,tog2,0
WebQTest-1260,what year did baltimore ravens win super bowl,Super Bowl XXXV,The given information does not provide any details about the Baltimore Ravens winning a Super Bowl or any connection to Baltimore. The chain,0,0.15384615384615383,0.8,9578.901881999627,False,tog2,0
WebQTest-1261,where did the battle of passchendaele happen,Flanders,"The Battle of Passchendaele took place in Flanders, Belgium.",0,0.19999999999999998,0.8,9582.538753995323,False,tog2,0
WebQTest-1262,what part of the country is ohio considered,Midwestern United States,"Ohio is considered to be in the Midwest region of the United States. However, based on the given reasoning chain, it",0,0.16666666666666666,0.8,9644.709164000233,False,tog2,0
