qid,question,gold,prediction,em,f1,confidence,latency_ms,abstained,x_method,x_rank
WebQTest-832_c334509bb5e02cacae1ba2e80c176499,Lou Seal is the mascot for the team that last won the World Series when?,2014 World Series,"To determine when Lou Seal's team last won the World Series, we need to identify which team Lou Seal represents and then",0,0.15384615384615383,0.8,9551.427571990644,False,tog2,0
WebQTrn-1259_1997cb4922db71983be26e6a509950f4,"Where did the ""Country Nation World Tour"" concert artist go to college?",Belmont University,"The information provided does not include details about where Brad Paisley went to college. To answer this question, additional information about",0,0.0,0.8,9584.044021001318,False,tog2,0
WebQTest-1384_744a496b907e407b16bc5d7c197dc3f0,What is the predominant religion where the leader is Ovadia Yosef?,Judaism,The predominant religion where the leader is Ovadia Yosef is Judaism.,0,0.16666666666666669,0.8,9513.295458003995,False,tog2,0
WebQTrn-241_dfb6c97ac9bf2f0ac07f27dd80f9edc2,What country bordering France contains an airport that serves Nijmegen?,Germany,"Weeze Airport is located in Germany, which borders France, and it serves Nijmegen. Therefore, the",0,0.125,0.8,9488.00518400094,False,tog2,0
WebQTrn-1077_f4a9e5f1e0dcfb82cbadf4771eda7bb5,The national anthem Afghan National Anthem is from the country which practices what religions?,Shia Islam,The given information does not provide details about the religions practiced in Afghanistan. The chain of reasoning focuses on attributes of the Afghan,0,0.0,0.8,9364.86153700389,False,tog2,0
WebQTest-576_01e2da60a2779c4ae4b5d1547499a4f8,Which nation has the Alta Verapaz Department and is in Central America?,Guatemala,Guatemala,1,1.0,0.8,9704.205597998225,False,tog2,3
WebQTest-590_6aad73acb74f304bc9acae44314164be,"Which man is the leader of the country that uses Libya, Libya, Libya as its national anthem?",Abdullah al-Thani,"Based on the provided information, the man associated with the position of Prime Minister of Libya is identified by the identifier ""m",0,0.0,0.8,9636.624740000116,False,tog2,0
WebQTrn-3251_d8cddfe5e947e414b7735780ef1efff8,"What educational institution has a football sports team named Northern Colorado Bears is in Greeley, Colorado?",University of Northern Colorado,The information provided does not specify the location of the Northern Colorado Bears football team. While it can be inferred that the team,0,0.22222222222222218,0.8,9598.103798998636,False,tog2,0
WebQTrn-2069_0fa727f3b282196eb1097410b4be6818,What language is spoken in the location that appointed Michelle Bachelet to a governmental position speak?,Aymara language,The chain does not provide information about the location that appointed Michelle Bachelet to a governmental position or the language spoken there,0,0.08333333333333334,0.8,9620.836511006928,False,tog2,0
WebQTrn-1938_7322a2a4d46bf36b95bfab4418c9a32b,What type of government is used in the country with Northern District?,Parliamentary system,The question cannot be accurately answered based on the given reasoning chain. The chain does not provide information about the type of government,0,0.0,0.8,9656.330119993072,False,tog2,0
WebQTrn-60_68f0d0ad309d64a4af858a5ef4fb5713,"In which countries do the people speak Portuguese, where the child labor percentage was once 1.8?",Mozambique,"Based on the given information, we cannot determine in which countries the people speak Portuguese where the child labor percentage was once",0,0.0,0.8,9640.834334990359,False,tog2,0
WebQTest-100_bf66fd89b6e9fc5fcb96c8b3f7a0e616,The people from the country that contains Nord-Ouest Department speak what languages today?,Haitian Creole,The given information does not provide details about the languages spoken in the country containing the Nord-Ouest Department. The chain of,0,0.0,0.8,9554.35566000233,False,tog2,0
WebQTrn-962_032f61bfcfed69da8b215bb8f058c24e,What actor played the a kid in the movie with a character named Jenny's Father?,Michael Connor Humphreys,"Based on the given chain, the actor who played the character ""Jenny's Father"" is not directly stated. However",0,0.0,0.8,9477.024220002932,False,tog2,0
WebQTrn-849_586aae7703d62aa44eb79759e1563309,What European Union country sharing borders with Germany contains the Lejre Municipality?,Denmark,Denmark,1,1.0,0.8,9563.370408999617,False,tog2,0
WebQTrn-710_c264a6d11d7956741926d417b94327e2,When was the last time a team led by Larr Baer win the World Series?,2014 World Series,"Based on the given information, there is no direct mention of Larr Bae or any relevant details to determine when the",0,0.0,0.8,9535.407126997598,False,tog2,0
WebQTrn-2209_c1374f388d9cc7a78365860c91218362,What year did the basketball team coached by Brad Stevens win the championship?,2008 NBA Finals,The information provided does not specify the year of a championship win for the Boston Celtics under Brad Stevens' coaching tenure.,0,0.0,0.8,9571.031706000213,False,tog2,0
WebQTest-1251_cbf2f20f6caf754bc49d672ca7b150b7,What country speaks Germanic languages and uses the East German mark as currency?,East Germany,East Germany,1,1.0,0.8,9553.367985994555,False,tog2,1
WebQTrn-3100_143c89d70679c3e5257c93d8e2bc4c67,Which globe region with the UTCâ05:00 time zone does the Dominican Republic call home?,Greater Antilles,"The Dominican Republic is located in the Americas and uses the UTC-05:00 time zone, which is associated",0,0.0,0.8,9673.897839995334,False,tog2,0
WebQTrn-662_7a992044f94b39edfc37ac5dcfcb3c26,What was the name of the team that won the 2008 FIFA Club World Cup Final championship?,Newton Heath L&YR F.C.,Manchester United F.C.,0,0.4,0.8,9578.358705010032,False,tog2,0
WebQTest-743_0a8cdba29cf260283b7c890b3609c0b9,Which of JFK's brother held the latest governmental position?,Robert F. Kennedy,Robert F. Kennedy,1,1.0,0.8,9549.925674989936,False,tog2,0
WebQTest-1797_68a33792b0a1e18937dcd4b3f50d941e,What group fought in the Battle of Vicksburg that was based in Montgomery?,Confederate States of America,The information provided does not specify which units were based in Montgomery. The 29th Louisiana Infantry Regiment and the,0,0.0,0.8,9794.873822989757,False,tog2,0
WebQTrn-1864_9dc4e22121d3a46d45b8f9bd9e8c7013,Which country that is situated in the ASEAN Common Time Zone has the largest population?,India,"The information provided does not contain any data about the population of countries. Therefore, it is not possible to determine which country",0,0.0,0.8,9475.198967993492,False,tog2,0
WebQTrn-1841_b8df00139e3fa59b8633ef551ed8ca9f,What popular sport in Spain has a team that won the 2010 FIFA World Cup championship?,Spain national football team,Soccer,0,0.0,0.8,9842.557538009714,False,tog2,0
WebQTrn-124_f3990dc9aa470fa81ec4cf2912a9924f,Which movie with a character called Ajila was directed by Angelina Jolie?,In the Land of Blood and Honey,The information provided does not mention a character named Ajila or specify which movie was directed by Angelina Jolie. The,0,0.11764705882352941,0.8,9576.04120700853,False,tog2,0
WebQTest-538_49b4e9304f18a0a1cbe37bb162f61131,WHat movies have the actress who is an alumni for West Reading El Ctr a part of?,Hannah Montana: The Movie,"Based on the given information, the only movie mentioned about Anna Magnani (an alumna of West Reading El Ctr",0,0.23999999999999996,0.8,9495.55975900148,False,tog2,0
WebQTrn-2722_8babdaa9ecd05a72e3227b43b1f98771,For what did the personage who was educated at the Dewitt High School win a gold medal?,Gymnastics at the 2012 Summer Olympics – Women's artistic team all-around,"The information provided does not mention any connection to Dewitt High School or the educational background of the individuals mentioned. Therefore,",0,0.1,0.8,9667.29185100121,False,tog2,0
WebQTest-983_ccda690fb745939d0a62c3fbcf3e3769,"Where did Tennessee Williams go to college where the newspaper is ""The Maneater""?",University of Missouri,"The information provided does not specify which college Tennessee Williams attended where the newspaper is ""The Maneater."" The given data only",0,0.0,0.8,9599.014603998512,False,tog2,0
WebQTrn-1770_8db36acba886620a06031d39165d78de,Who is the daughter of the artist who had a concert tour called I Am... World Tour?,Blue Ivy,Beyoncé,0,0.0,0.8,9544.988143999944,False,tog2,0
WebQTrn-1817_89670933168c3f4e5195a241f9d46e76,What are the governmental types in the country whose national anthem is Tien Quan Ca?,Communist state,The governmental type cannot be directly inferred from the given information as the chain does not provide details about the governmental structure of the,0,0.0,0.8,9492.477713007247,False,tog2,0
WebQTrn-849_1eb0f1ddd5074471fbe3a7f6b575f202,Copenhagen is the capital of which German neighboring country?,Denmark,Copenhagen is not the capital of any German neighboring country. It is the capital of Denmark.,0,0.11764705882352941,0.8,9544.581769005163,False,tog2,4
WebQTrn-2152_92fba37c9723caee68665ad9a5e4a468,Which of team owners Tom Hicks sports team are in the American League West?,Texas Rangers,Seattle Mariners,0,0.0,0.8,9571.201202998054,False,tog2,0
WebQTrn-3376_0619d288bbed0ca782e60c6f841a6051,What colleges did the famous person who went to Castlemont High school go to?,Temple University,The given information does not provide details about which colleges the famous person who attended Castlemont High School went to. The,0,0.25,0.8,9515.501129993936,False,tog2,0
WebQTrn-567_693feb48c0515cd069014e7ca2846b37,What movie with the character Teklel Hafouli did Ron Howard do?,The Journey,The information provided does not mention a character named Teklel Hafouli or a specific movie with that character.,0,0.09999999999999999,0.8,9530.083376012044,False,tog2,0
WebQTrn-1077_0c34ca057060e35aa5c74fbbca682dee,"In the nation that has the Badakhshan province, what religions are practiced?",Shia Islam,"The reasoning chain does not provide specific information about religions practiced in Afghanistan. Therefore, we cannot concisely answer the question",0,0.0,0.8,9716.03730598872,False,tog2,0
WebQTest-1686_29e74083744b3631541b29b4094fb273,Who was the governor of Arizona in 2009 that held his governmental position before 1998?,Janet Napolitano,The information provided does not specify the governor of Arizona in 2009 or any governor holding a position before,0,0.0,0.8,9721.47358598886,False,tog2,0
WebQTest-626_8c6b952c6bd963f0ece4e401c9eb731a,What does the Missouri River bisect in the Central Time Zone?,Iowa,The information provided does not contain any details about the Missouri River or what it bisects in the Central Time Zone.,0,0.0909090909090909,0.8,9498.097243005759,False,tog2,0
WebQTest-12_68d745a0657c86906382873e57294d6a,Who was the governor of Ohio in 2011 that was in the government prior to 3-1-1983?,"Return J. Meigs, Jr.",The information provided does not contain any details about the governor of Ohio in 2011 or their previous government positions,0,0.0,0.8,9664.094974999898,False,tog2,0
WebQTest-576_906ad6be7bec9d208f4dde4f7721c261,Which of the seven Central American countries had co2 emissions per capita once of 2009 metric ton?,Belize,None of the provided information relates to CO2 emissions per capita for any Central American country in 2009.,0,0.0,0.8,9660.203503997764,False,tog2,0
WebQTrn-2152_3cdf60c15a8355981dd92e3c57ac2eed,What team that has a mascot named Mariner Moose is in the American League West?,Seattle Mariners,The Seattle Mariners have a mascot named Mariner Moose and are in the American League West.,0,0.2222222222222222,0.8,9516.909867001232,False,tog2,1
WebQTest-61_09020cbb000c86fda5910ec084690246,What religion is practiced in Indonesia and has a sacred site of Mecca?,Islam,Islam.,1,1.0,0.8,9683.393913001055,False,tog2,0
WebQTrn-1864_67ecd1c247c3b2c9545fbcf1ad8d9d00,Which location in the Anadyr Timezone has the biggest population?,India,"The given information does not provide any data about the population of locations within the Anadyr Time Zone. Therefore, it",0,0.0,0.8,9465.777578006964,False,tog2,0
WebQTrn-3136_a2debf685e0c50491e35a9cf7a1e9ade,"Of the four regions which make up the United Kingdom, which is the country that includes the location, Down District Council?",Northern Ireland,"Down District Council is located in Northern Ireland, which is one of the four regions making up the United Kingdom. Therefore,",0,0.17391304347826084,0.8,9730.403373003355,False,tog2,0
WebQTest-998_f693ae2cb9aa6b8ffdf0f103a6777b62,What is the most recent event in which the sports team owned by James L. Dolan won the championship?,1973 NBA Finals,"The given information does not provide details about specific championship events or ownership of sports teams. Therefore, I cannot determine the most",0,0.0,0.8,9446.960289002163,False,tog2,0
WebQTrn-1023_1e7110e48c30a2cef3caf291e3b8d394,What's the currency of the country that includes the location of Buenos Aires?,Argentine peso,The reasoning chain provided does not contain information about currency or the specific country that includes Buenos Aires. It only provides details about,0,0.0,0.8,9589.467309997417,False,tog2,0
WebQTrn-810_c334509bb5e02cacae1ba2e80c176499,What year did the team with mascot named Lou Seal win the World Series?,2014 World Series,"The team with the mascot Lou Seal, which is the San Francisco Giants, did not win the World Series in 1",0,0.16666666666666666,0.8,9564.134212996578,False,tog2,0
WebQTrn-557_960c16ffdb29e173df0577fc76c7455d,"In the film with teh character named Winged Monkey #7, who played Dorothy?",Judy Garland,"The question provided does not contain enough specific information to directly determine who played Dorothy in a film featuring a character named ""W",0,0.0,0.8,9343.389409012161,False,tog2,0
WebQTrn-21_660138373d19bbffdd3d3f7a30234e4a,Who holds the position of Prime Minister in the country which contains Dire Dawa?,Hailemariam Desalegn,"The information provided does not contain any details about Dire Dawa or its governing body. Therefore, it is not possible to",0,0.0,0.8,9360.037297999952,False,tog2,0
WebQTrn-2286_e0906c845ea8b2e22e08e1b0e6eb9b43,Where is the state with the capitol of Frankfort located?,Contiguous United States,"The question seems to be about a different location than the given chain. Based on the provided information, the United States Capitol",0,0.16,0.8,9527.073976001702,False,tog2,0
WebQTest-1320_c5498ca807d2e1ec30d4c8fdd41f0bf7,What stadium does the team with mascot named Hank play at?,Miller Park,The information provided does not mention any team with a mascot named Hank or its playing venue. The chain of reasoning only discusses,0,0.0,0.8,9711.765125000966,False,tog2,0
WebQTrn-2444_8f2cd432b509e5b8fe681bb55bca2767,Where is the home stadium of the team who won the 1946 World Series championship?,Busch Stadium,The question cannot be answered based on the given information. There is no mention of the 1946 World Series,0,0.0,0.8,9573.788077002973,False,tog2,0
WebQTest-100_524908899a8aa334a18a0ac00f8f2fe6,People from the country that contains Nord-Est Department speak what  languages today?,Haitian Creole,People from the country that contains Nord-Est Department speak Haitian Creole and French today.,0,0.23529411764705882,0.8,9585.186379990773,False,tog2,0
WebQTrn-568_d54918e8e89ad97237bce821087a9818,In which US county is the TV program NBC Nightside filmed in?,Mecklenburg County,The information provided does not specify the filming location of NBC Nightside. The given details are about Saturday Night Live (SN,0,0.0,0.8,9509.167073003482,False,tog2,0
WebQTest-361_e24533e28da40db99eb4b25773f9d38f,"What museum established before 1971 is there to see in Vienna, Austria?",Kunsthistorisches Museum,"The information provided does not contain any details about museums in Vienna, Austria, established before 1971. The",0,0.0,0.8,9582.412328003556,False,tog2,0
WebQTrn-2215_11c4cd5a25fd84f3980d7013c0329bad,Where was the artist that had This Summer Tour raised?,Glen Dale,"The information provided does not specify where Brad Paisley, the artist who had the Beat This Summer Tour, was raised.",0,0.0,0.8,9569.365796996863,False,tog2,0
WebQTrn-2834_6a27420dcf0528ae017dd74e40cfd38a,What major US religions has a religious organization named Tamil Nadu Thowheed Jamath?,Islam,The given reasoning chain does not provide information about the Tamil Nadu Thowheed Jamath or its affiliation with any major US,0,0.0,0.8,9468.153559995699,False,tog2,0
WebQTrn-634_000f72b60ccaedff5f056f522ee06e98,A person who once lived in Mansfeld would have what profession?,Professor,The given information does not provide any specific profession related to a person who once lived in Mansfeld. The provided facts are,0,0.0,0.8,9541.139383989503,False,tog2,0
WebQTrn-857_9392f3f06e288ee4e3437a74f6bf5a37,Who was the vice president of the President who attended Ramble Elementary School?,Al Gore,"The given information does not provide any details about the vice president or Ramble Elementary School. Therefore, it's impossible to",0,0.0,0.8,9393.44374400389,False,tog2,0
WebQTrn-810_a188aff4a054e1ec66fafba1b8021f67,What year did the MLB franchise owned by Bill Neukom win the world series?,2014 World Series,"The Oakland Athletics, which were owned by Bill Neukom at the time, won the World Series in 19",0,0.1904761904761905,0.8,9531.246522004949,False,tog2,0
WebQTrn-2026_d059b24adec4064377b957ca598769be,Santo Domingo is the capital of the country with what currency?,Dominican peso,"The reasoning chain provided does not contain information about the currency of the Dominican Republic. Therefore, based on the given information,",0,0.08695652173913042,0.8,9555.650953989243,False,tog2,0
WebQTrn-60_990f6babd500d25e3746174e6da58c84,What Portuguese speaking country imported form Brazil?,Angola,"The question seems to mix up different concepts. There is no specific ""Portuguese speaking country imported from Brazil"" based",0,0.0,0.8,9627.978070013341,False,tog2,0
WebQTrn-2570_374d1789f1735b6f08e1a829c0d075a2,Who was the US President during WW2 that held his government position from 3-4-1933?,Harry S. Truman,"The information provided does not specify the exact date when John F. Kennedy held his government position. Additionally, there is no",0,0.0,0.8,9561.260001006303,False,tog2,0
WebQTest-484_ac67410188d0f2258139a3c84773885e,What languiages are spoken by residents of the Central Western Time Zone?,English Language,The given information does not provide details about languages spoken in the Central Western Time Zone. The provided chain focuses on definitions and,0,0.0,0.8,9438.305828996818,False,tog2,0
WebQTest-1785_1c178196ae53ffd4b09e5787a35c3950,What TV series that had 3 episodes was Kim Richards in?,Nanny and the Professor,"The question provided does not match the given reasoning chain. The chain discusses types and standards related to a ""Published"" and",0,0.3225806451612903,0.8,9413.142566001625,False,tog2,0
WebQTrn-3744_26401b4c33bcb760afd734acaa0a1869,The Daily Cardinal is the school newspaper at which university that Russell Wilson attended?,University of Wisconsin-Madison,University of Wisconsin-Madison,1,1.0,0.8,9503.170477008098,False,tog2,0
WebQTrn-810_e3d40457273785e46c5b71732713a5f4,When did the team with Crazy crab as their mascot win the world series?,2014 World Series,"The question contains an inconsistency because it mentions ""Crazy Crab"" as a team mascot, but the provided reasoning chain discusses",0,0.0,0.8,9498.32510399574,False,tog2,0
WebQTest-538_92e606ef9c0429ad6820797ad2950730,What movie was Taylor Swift in that had a character named Once-ler?,The Lorax,"The information provided does not contain any details about Taylor Swift's acting roles or movies she has been in. Therefore, it",0,0.08333333333333334,0.8,9500.25785699836,False,tog2,0
WebQTrn-2189_f4440609f5cecb091bf8e86adb47be25,"What is considered modern in the country where Bilady, Bilady, Bilady language is the national anthem?",Modern Standard Arabic,The reasoning chain does not provide specific information about the modernity of a country based on its national anthem. It only states,0,0.0,0.8,9416.603543999372,False,tog2,0
WebQTrn-372_a806813629e86776ae3bfe26a3e000f8,What does the religion who worships in Barcelona Cathedral call their God?,Holy Spirit,The information provided does not contain any details about the religion that worships in Barcelona Cathedral or what they call their God.,0,0.15384615384615385,0.8,9681.63664599706,False,tog2,0
WebQTrn-3744_b9bd90569bb7912ec3ea180bf164663c,What educational institution with men's  sports team named Wisconsin Badgers did Russell Wilson go to?,University of Wisconsin-Madison,University of Wisconsin-Madison,1,1.0,0.8,9628.39460799296,False,tog2,1
WebQTest-712_6099ea03f4fd2476605c4a513318d29c,What country  that appointed Liberal Government of New Zealand to governmental position is an Oceania territory?,New Zealand,The question seems to mix up different pieces of information from the given chain. There's no mention of a Liberal Government of,0,0.0,0.8,9719.80737199192,False,tog2,0
WebQTest-100_de15ac1f762e3ec1e1261f6d9c81ebf9,What languages are spoken in the country that has national anthem La Dessaliniene?,Haitian Creole,"To answer this question, we need to follow these steps:",0,0.0,0.8,9427.755145006813,False,tog2,0
WebQTrn-1557_edfd3507d32929ce0e9d844f7a2674de,What educational institution with Le Delit Francais newspaper did Charles Drew attend?,McGill University,The information provided does not contain any details about Charles Drew or his attendance at an educational institution where Le Delit Franca,0,0.0,0.8,9621.564628992928,False,tog2,0
WebQTrn-60_39ba4faa87698cb0767d1a5ee7ce1827,What country do they speak Portuguese where the GDP real adjusted value was once 100349905926?,South Africa,"To determine which country speaks Portuguese and had a GDP (real, adjusted) of 1003499",0,0.0,0.8,9656.689595009084,False,tog2,0
WebQTrn-846_a29552911617e890ca2e1d6564e0990e,What is the birthplace of the artist that went on The Avril Lavinge Tour?,Belleville,The information provided does not include the birthplace of the artist or any details about the Avril Lavinge Tour.,0,0.0,0.8,9520.97229800711,False,tog2,0
WebQTest-121_333b95bd45af3e6e31e328bc8c24d84f,The person educated at Chase Lane Primary School played for what team in 2011?,LA Galaxy,The given information does not provide any details about a team or sports activities related to Joe Lane or any other individual educated at,0,0.0,0.8,9495.887816010509,False,tog2,0
WebQTest-626_47b990334f91b6d3bd042f82b81740f6,What location appointed Dennis Daugaard to governmental position and is bisected by the Missouri River?,South Dakota,The information provided does not contain any details about Dennis Daugaard or a location bisected by the Missouri River. Therefore,0,0.0,0.8,9644.39040599973,False,tog2,0
WebQTrn-2444_e5059ff268415917df330817b9c8ef8c,"In what stadium does the team who is owned by William DeWitt, Jr. play?",Busch Stadium,AT&T Stadium,0,0.4,0.8,9675.423982989741,False,tog2,0
WebQTrn-2664_471b83eade9707a4dba68e201bf29d73,What country located in the Greenwich Mean Time Zone that is the main trading partner of China?,Sierra Leone,The United Kingdom,0,0.0,0.8,9468.409069013433,False,tog2,0
WebQTest-576_8dfecb6548586cf236340abadabeb86c,Which of the seven Central American countries uses the United States Dollar currency?,El Salvador,None of the provided information directly states which Central American country uses the United States Dollar currency. The given data is about Gran,0,0.0,0.8,9640.841992004425,False,tog2,0
WebQTrn-124_028bb5f442b37a4af9f9fd9fa0bc5e9a,What movies did the person who went to William O. Schafer Elementary School direct?,By the Sea,The information provided does not specify which movies Angelina Jolie directed after attending William O. Schaefer Elementary School.,0,0.09523809523809525,0.8,9417.718071010313,False,tog2,0
WebQTrn-2871_d7d303efc1f901f14e6aae2bb469743c,What is there to see in Mountain Time Zone near the Grand Canyon?,Lake Powell,"The Grand Canyon is located in the Mountain Time Zone, so you can see the canyon itself and related local subjects like the",0,0.0,0.8,9334.263935001218,False,tog2,0
WebQTrn-750_bb35e9b8023fbf9c05df55b4245a4775,In which years have the baseball club that claimed victory in the 1988 World Series won the World Series?,1981 World Series,The reasoning chain does not provide information about a World Series win in 1988. It only mentions the,0,0.2857142857142857,0.8,9519.773894004175,False,tog2,0
WebQTest-96_11da03aa9cec8b011619c8ea0dbfdcf9,The person who attended education institution in East Whittier Elementary School died where?,New York City,The information provided does not contain any details about a person attending East Whittier Elementary School or their place of death.,0,0.0,0.8,7587.584965993301,False,tog2,0
WebQTest-1528_25853c768670cd164d7793f094ba7cbb,What film with character Luke Castelland does Logan Lerman play in?,Percy Jackson & the Olympians: The Lightning Thief,The information provided in the reasoning chain does not contain any details about a film where Logan Lerman plays a character named Luke,0,0.13333333333333333,0.8,9474.46698899148,False,tog2,0
WebQTest-1260_5dd0eeca79ae03b7711252c032849eb2,Rise is the mascot for the team which won the Super Bowl in what year?,Super Bowl XXXV,"The information provided does not specify which team's mascot ""Rise"" is or the year they won the Super Bowl.",0,0.1739130434782609,0.8,9515.226214993163,False,tog2,0
WebQTest-626_bd2c9bc1c0a692218e7c4182a1d52f85,Mike Johanns was elected governor of what area that is bisected by the Missouri River?,Nebraska,"The reasoning chain provided does not contain any information about Mike Johanns or his election as a governor. Therefore, it is",0,0.0,0.8,9519.060154008912,False,tog2,0
WebQTrn-1841_6bf772ee1b388c1b3c226b02c8244aa7,"Which popular sports team in Spain, that won the 2014 Eurocup Finals championship?",Valencia BC,The information provided does not mention a 2014 Eurocup Finals championship or any team winning it. The details,0,0.0,0.8,9690.17376699776,False,tog2,0
WebQTest-1119_8c41904eaef9fce2d95afd27eb9150ec,What organization led by Bentley B. Rayburn?,College/University,The information provided does not contain any details about an organization led by Bentley B. Rayburn. The given chain only provides,0,0.0,0.8,9578.236854009447,False,tog2,0
WebQTrn-1812_5fb6c8c4d53d55c03445e4b2454ef810,What Caribbean countries use the East Caribbean dollar currency?,Saint Kitts and Nevis,"The given information does not provide details about which Caribbean countries use the East Caribbean dollar currency. To answer this question, additional",0,0.0,0.8,9573.576109003625,False,tog2,0
WebQTrn-1394_dc71f08a76d71762a0cfd30f11f66535,What country does Turkey trade with that contains the Annaba Province?,Algeria,"The information provided does not include details about countries Turkey trades with or the geographical location of the Annaba Province. Therefore,",0,0.0,0.8,9590.491456008749,False,tog2,0
WebQTest-1091_d3301dedbdcb2d171a75be1631e8cec5,What type of religiong with a religious sacred site of Lumbini is in the United States?,Buddhism,The reasoning chain does not provide information about a religion with a sacred site at Lumbini in the United States. The,0,0.0,0.8,9573.003618002986,False,tog2,0
WebQTrn-2444_8fb3f377318c9e61f47779b2c188167b,What stadium does the champion of the 1931 World Series Championship play at?,Busch Stadium,"The given information does not contain any details about the 1931 World Series or its champion. Therefore, it",0,0.0,0.8,9517.644402993028,False,tog2,0
WebQTest-1812_c29807a955ea46fa79cdc9f7aeacba18,Where was the main artist featured in the Rihanna: Live in Concert Tour raised?,Saint Michael Parish,The information provided does not include details about where Rihanna was raised. The given chain focuses on the location and type of a,0,0.0,0.8,9548.074602993438,False,tog2,0
WebQTest-397_c7ee26d5c3f80107d7ae5fede489209a,What are the school colors of Harvard Art Museum?,Crimson,"The information provided does not contain details about the school colors of the Harvard Art Museum. Based on the given chain, we",0,0.0,0.8,9538.334522003424,False,tog2,0
WebQTrn-2478_3e09b108c3448248556d4c34acae3cf7,What is the mascot of the organization with the person named Eric F. Spina?,Syracuse University Otto the Orange,"The information provided does not contain any details about a specific organization or individual named Eric F. Spina. Therefore, it",0,0.08000000000000002,0.8,9383.031309000216,False,tog2,0
WebQTrn-2057_b64f996ceca972c0d6fea3de2705ce63,The country that contains Alta Verapaz Department uses what money?,Guatemalan quetzal,"The reasoning chain does not provide information about the currency used in the country containing Alta Verapaz Department. Therefore, the",0,0.0,0.8,9645.06358699873,False,tog2,0
WebQTest-1348_3bddf705b2a346fbdc2f00e9a02b84f3,What team did Payton Manning's father play for that has a mascot named Viktor the Viking?,Minnesota Vikings,"The information provided does not contain details about Payton Manning's father or Viktor the Viking. Therefore, it is not possible",0,0.0,0.8,9393.593861008412,False,tog2,0
WebQTrn-60_22027d5bb310c0d956b5f22248a6811c,Which country that once had a CPI inflation rate of -1.61 speaks Portuguese?,Macau,Guinea-Bissau,0,0.0,0.8,9634.055565999006,False,tog2,0
WebQTrn-60_0b79f757e511e73c7aca0bb6f6057f2d,What country that once had the CPI inflation rate at -1.56 percent do people speak Portuguese?,Macau,The question seems to contain an inconsistency because it asks about a country with a specific CPI inflation rate (-1.56,0,0.0,0.8,9626.558906995342,False,tog2,0
WebQTest-61_8f0d44a78a2e50f47729db23c5850da0,Mary is a notable figure in which religion that is observed in Indonesia?,Catholicism,"The information provided does not specify Mary's religious affiliation or her connection to Indonesia. Therefore, it is not possible to determine",0,0.0,0.8,9622.495888004778,False,tog2,0
WebQTrn-3100_d059b24adec4064377b957ca598769be,What part is the country with the capital named Santo Domingo?,Greater Antilles,Santo Domingo Province.,0,0.0,0.8,9560.89314201381,False,tog2,0
WebQTest-983_b3520a12fe059da8ffda55e381a14f14,What educational institution with the mascot named Washington University Bear did Tennessee Williams go to?,Washington University in St. Louis,"The information provided does not specify which educational institution Tennessee Williams attended or mention any mascot named Washington University Bear. Therefore, it",0,0.14814814814814814,0.8,9606.945788997109,False,tog2,0
WebQTest-1560_1bee868ed5551a3cfdba70a720adbc04,"Who founded New York University, which held his governmental position from after 1795-03-04?",Albert Gallatin,The given information does not provide details about who founded New York University or the governmental positions held by any individual after a specific,0,0.0,0.8,9496.339311008342,False,tog2,0
WebQTrn-2570_354fb646be304159441f2497ab0a9c62,Which was the earliest President during WW2 in the United States?,Franklin D. Roosevelt,"Based on the information provided, we cannot determine the earliest President during World War II. The given chain does not include specific",0,0.0,0.8,9400.632834993303,False,tog2,0
WebQTest-538_d37989c422fef8a98e7289ca0144159c,Which movies has the individual who attended The Wyndcroft School appeared in?,Hannah Montana: The Movie,None of the provided information relates to movies or an individual associated with The Wyndcroft School. The given data pertains,0,0.23076923076923075,0.8,9487.183833000017,False,tog2,0
WebQTrn-465_784f88e61337c424ca3d7be0719e3649,What to see in the country that has Gozo?,Megalithic Temples of Malta,"The question seems to be based on a misunderstanding. Gozo is an island in Malta, not related to Goías,",0,0.09090909090909091,0.8,9646.259251996526,False,tog2,0
WebQTest-54_d14abf7768bdbdaa66897780b56dace1,What country did the person who went to B Steyr control?,Nazi Germany,"The information provided does not specify which person or event is being referred to in ""B Steyr control."" There is no",0,0.0,0.8,9488.860158002353,False,tog2,0
WebQTest-1560_e2ff014eae4ff8dbe3cacbb3e4b0002c,Who are the founders of the educational institution where the sports team NYU Violets Men's Basketball plays?,Albert Gallatin,The given information does not provide details about the founders of the educational institution where the NYU Violets Men's Basketball,0,0.0,0.8,9526.879437005846,False,tog2,0
WebQTest-590_2f40ab1d4ea497555c4c883c92a758b7,Who is the leader of the country that has national anthem Allhu Akbar?,Abdullah al-Thani,"The information provided does not specify a current leader of Afghanistan or any other country. However, based on the given context,",0,0.0,0.8,9355.574886998511,False,tog2,0
WebQTest-54_f0c99f377c8b944364e85b70b9f9b331,The person who attended education institution Bundesrealgymnasium Linz controlled what country?,Nazi Germany,The information provided does not specify which individuals attended the Bundesrealgymnasium Linz or their nationalities. Therefore,0,0.0,0.8,9551.32763000438,False,tog2,0
WebQTest-1091_c2f4807a175372c3e75691b565d1936d,What religion with notable figure Athanasius of Alexandria is in the United States?,Christianity,The given information does not specify which religion Athanasius of Alexandria is associated with or his connection to the United States.,0,0.0,0.8,9538.103651997517,False,tog2,0
WebQTest-1091_9be8c18e016b713cbb7f7feb6badebc7,What religion that is practiced in the United States has The Bible as its religious text?,Christianity,Christianity,1,1.0,0.8,9467.344582997612,False,tog2,0
WebQTrn-1077_83f43b9f4c2707c689543b33efe1d28d,Which religion practiced in Afghanistan has a place of worship known as Ibrahim Mosque?,Sunni Islam,"The reasoning chain does not provide information about specific religions or their places of worship in Afghanistan. Therefore, based on the given",0,0.0,0.8,9489.064559005783,False,tog2,0
WebQTest-1569_4e73509d14bda62590480b655eee8751,What's the currency used in the country where the Jamaican dollar as money is called?,Jamaican dollar,"To answer this question, we need to identify the relevant information from the given reasoning chain. However, the chain does not",0,0.0,0.8,9409.4452260033,False,tog2,0
WebQTrn-849_f6e8b7149f2e422640a49beb753be4ef,What country uss the Swiss Franc as currency and shares a border with Germany?,Switzerland,The reasoning chain provided does not contain any information about a country that uses the Swiss Franc as currency or shares a border with,0,0.0,0.8,9666.073891989072,False,tog2,0
WebQTest-302_f051fbe657aaa023d74839c8e8029bef,What are official colors of the champion of Super Bowl XXX?,Blue,"The question asks for the official colors of a specific champion from Super Bowl XXX. However, based on the provided reasoning chain",0,0.0,0.8,5428.416744995047,False,tog2,0
WebQTrn-2256_d14abf7768bdbdaa66897780b56dace1,What happened to the person who went to BRG Steyr at the end of the war?,Ballistic trauma,The given information does not provide any details about a person going to BRG Steyr at the end of the war.,0,0.0,0.8,9517.510331002995,False,tog2,0
WebQTrn-2664_513d3d27fdbcf5130896177ea2dd146f,Who are the main trading partners of China that use the Lao Kip as its currency?,Laos,"The given information does not provide details about China's trading partners or the Lao Kip currency. Therefore, it is",0,0.0,0.8,9561.216506001074,False,tog2,0
WebQTrn-465_02714e184571525b8c510d20f11fc886,What all is there to do for fun in the nation represented by the anthem L-Innu Malti?,Megalithic Temples of Malta,"The given information does not provide details about fun activities in the nation represented by the national anthem ""L-Innu Malt",0,0.2,0.8,9443.5141569993,False,tog2,0
WebQTest-743_81f7ed541ce951e30c3d90697cb83dec,"Which of JFK's brothers held his governmental position before November 6, 1962?",Robert F. Kennedy,LBJ,0,0.0,0.8,9393.299140007002,False,tog2,0
WebQTrn-3535_dfcf84e9ba3b9baef4ee1f2cc51994b6,Who did the voice of character Kovu?,Jason Marsden,"The information provided does not specify who voiced the character Kovu. To answer this question, we would need additional details about",0,0.0,0.8,9462.967034007306,False,tog2,0
WebQTest-996_7c4c41654239ed0a5b99ba5e6481ad5c,Where does the Ireland team that won the 2003 Rugby World Cup championship play?,Aviva Stadium,"The information provided in the reasoning chain does not contain specific details about the Ireland national rugby team or their location. Therefore,",0,0.0,0.8,9524.880270007998,False,tog2,0
WebQTest-1012_7ee41dcd5e0ee726e65a46d891982c8f,What Hollywood studio produced the American Gladiators TV movie?,Universal Studios Hollywood,"To answer this question, we need to identify the Hollywood studio that produced ""American Gladiators."" However, the provided",0,0.09523809523809525,0.8,9418.674050000845,False,tog2,0
WebQTrn-513_59d4a153f9ac424bfd0d9a39a5704027,What countries are in the location that contains Terekti District?,Bulgaria,"The information provided does not contain details about the Terekti District or its location. Therefore, it's not possible",0,0.08695652173913043,0.8,9593.489927996416,False,tog2,0
WebQTrn-484_de764c65ac3c6a870a407dd9cafd0dc9,What is the currency used in the country of Brazil?,Brazilian real,"To determine the currency used in Brazil, we need to follow the properties and types provided in the reasoning chain:",0,0.0,0.8,9475.850121001713,False,tog2,0
WebQTrn-1841_cac535ea48922ba42c75ec7ac67cf454,What popular Spanish sport has a basketball team with head coach Joan Plaza?,Baloncesto Málaga,The information provided does not mention a basketball team or a head coach named Joan Plaza. The only sports teams mentioned are volleyball,0,0.0,0.8,9486.100530994008,False,tog2,0
WebQTrn-3376_2d06cbcbb5ada96a239eeee425106c28,What educational institution with football sports team named Temple Owls  did Kevin Hart go to?,Temple University,The information provided does not mention any football sports team or the Temple Owls. It only states that Kevin Hart attended Cast,0,0.08333333333333334,0.8,9691.144625991,False,tog2,0
WebQTrn-2319_67d6828a804cdeef38928c85cb93bb03,What are the official languages of used in the country that uses Ukrainian Hyrvnia?,Albanian language,The reasoning chain provided does not contain information about the official languages of the country that uses Ukrainian Hryvnia. The,0,0.09090909090909091,0.8,9554.558296993491,False,tog2,0
WebQTest-1091_31c94b951f3d708ac503327d7979da93,"Which type of religions practiced in the United States, where the religion place of worship is called, Candi Laras?",Buddhism,"The information provided does not specify which religion or place of worship named ""Candi Laras"" is associated with the United",0,0.0,0.8,9515.534099002252,False,tog2,0
WebQTrn-2026_84e5ab7013a2c0dd11f7f61db45df94c,"If you are visiting a country and in the San Pedro De Marcois Province, what form of currency would you spend?",Dominican peso,Dominican peso.,1,1.0,0.8,9606.226725998567,False,tog2,0
WebQTrn-1812_25c9be422f1472e5cdf7358613ad93cf,What country in the Caribbean contains Saint Michael Parish?,Barbados,"To determine which country in the Caribbean contains Saint Michael Parish, we need to follow the given information step by step:",0,0.0,0.8,9475.551057999837,False,tog2,0
WebQTest-1560_61856c62660c382e9579ce72ec422a70,Who founded the college where Lindsay Zir is a grad student?,Albert Gallatin,The information provided does not include details about who founded the University of Northern Colorado where Lindsay Zir is a grad student.,0,0.0,0.8,9515.742272997159,False,tog2,0
WebQTrn-2834_31c94b951f3d708ac503327d7979da93,"Of the major religions in the United States, which has the religion place of worship of  Candi Laras?",Buddhism,"The question provided does not contain enough information to determine which major religion in the United States has ""Candi Laras""",0,0.0,0.8,9428.774373998749,False,tog2,0
WebQTest-1376_b1915c7cd7f743656108611e5095c2e0,Which Canadian Province was the locatiuon for the TV show the Lottery?,Québec,"The information provided does not contain any details about the location of the TV show ""The Lottery."" The given chain focuses on",0,0.0,0.8,9520.60783500201,False,tog2,0
WebQTrn-1077_3c58a650bf56f8c8d0f6931d08bd2598,What are the religions in the area whose major exports are from fruit and tree nut farming?,Shia Islam,The given information does not provide details about religions or major exports related to fruit and tree nut farming. The chain of reasoning,0,0.0,0.8,9544.527754012961,False,tog2,0
WebQTest-397_ef7c0ef1f2f2ee145c3e9fa70b47ab7d,What colors do the school where Donald Stanley Marshall is a grad student use?,Crimson,"The information provided does not include the colors used by any educational institution or Donald Stanley Marshall's graduate school. Therefore, it",0,0.0,0.8,9469.57490000932,False,tog2,0
WebQTrn-2057_8a53ef8199d789102fab4d503857c0db,What is the currency used in the country of Guatemala?,Guatemalan quetzal,"The information provided does not include details about the currency used in Guatemala. To answer the question, additional data about Guatemala's",0,0.0,0.8,9654.781504999846,False,tog2,0
WebQTest-1817_e8393a7bc14f9c91e0813aacbc6d7c05,What educational institution with the Cherwell newspaper did JRR Tolkien go to?,University of Oxford,Oxford University,0,0.8,0.8,9534.211558988318,False,tog2,0
WebQTrn-493_c8b99bb380a7f157039bdf6c7b8df764,What region is the country whose national anthem is BrabanÃ§onne located in?,Europe,"The reasoning chain provided does not contain any specific information about the location or region of the country whose national anthem is ""Br",0,0.0,0.8,9438.841192997643,False,tog2,0
WebQTrn-2664_9f8fc8341d7c53fe16d94a6a23638ec4,Which nation is a major trading partner with China and has the Malagasy ariary as its unit of currency?,Madagascar,"The given information does not provide any details about nation names or trading partners. Therefore, it's impossible to determine which nation",0,0.0,0.8,9514.466985012405,False,tog2,0
WebQTest-1560_260b848263a65518db6f4418d93a311e,"Holding his governmental position from earliest, who founde New York University?",Albert Gallatin,The given information does not provide any details about who founded New York University or in what order governmental positions were held. Therefore,0,0.0,0.8,9497.737147001317,False,tog2,0
WebQTest-1923_2d077323191d349225d8f3719925c777,The person who attended Heritage Elementary School has been in what movies?,Miley Cyrus: Tongue Tied,"To determine which movies the person who attended Heritage Elementary School has been in, we need to identify the individual first. However",0,0.23529411764705885,0.8,1470.0640789960744,False,tog2,0
WebQTest-1260_018dc0c070e53555fa37f63d4b83ca87,In what year did mascot Poe's team win the Super Bowl?,Super Bowl XXXV,The given information does not provide any details about the years of Super Bowl wins or the specific mascot named Poe and their team,0,0.14814814814814814,0.8,9432.619218001491,False,tog2,0
WebQTrn-3035_94f91513faa8a29c82e1f1184277f81a,Who is governor of the place that contains part of the Uinta Mountains?,Matt Mead,The information provided does not specify the governor of any state containing part of the Uinta Mountains. The given data only mentions,0,0.0,0.8,9523.660243008635,False,tog2,0
WebQTest-1000_a1edafe051cb7bc171f2beb523d3a90c,Which nation uses the CFP Franc as currency and is located in Oceania?,New Caledonia,French Polynesia,0,0.0,0.8,9500.649933994282,False,tog2,2
WebQTrn-124_792933caa19fa7b1c474993687851b6a,What movie was directed by the person who attended education institution  El Rodeo School?,By the Sea,"Without additional information directly linking Angelina Jolie's attendance at El Rodeo School to a specific movie she directed,",0,0.08695652173913043,0.8,9512.990577990422,False,tog2,0
WebQTrn-710_a188aff4a054e1ec66fafba1b8021f67,When was the last World Series won by team owner Bill Neukom's sports team?,2014 World Series,The last World Series won by team owner Bill Neukom's sports team was in 2002 when the,0,0.1904761904761905,0.8,9602.673624001909,False,tog2,0
WebQTrn-3216_823204b81227d73ef5fadc741254c75b,What form of currency is used in the country that observes the national anthem titled L'Abidjanaise?,West African CFA franc,The given information does not provide details about the currency used in the country that observes the national anthem titled L'Abid,0,0.0,0.8,9443.818436004221,False,tog2,0
WebQTrn-60_eae3033643523fd3a54b6c147fdfa728,What Portuguese=speaking country had the net migration number of -10000?,Guinea-Bissau,"The information provided does not include any data on net migration numbers for Portuguese-speaking countries. Therefore, it's not possible to",0,0.0,0.8,9638.246969989268,False,tog2,0
WebQTest-212_8fc460cf564c16a47877b92a7c156528,"What state, that the Colorado River flows through, appointed Bruce Babbitt to a governmental position?",Arizona,"The reasoning chain does not provide specific information about which state appointed Bruce Babbitt to a governmental position. Therefore, we",0,0.0,0.8,9586.164260996156,False,tog2,0
WebQTest-576_7280a830b2275c6024614d5ba2adae18,What country in Central America appointed Otto PÃ©rez Molina to a governmental position?,Guatemala,The given information does not specify that Otto Pérez Molina was appointed to a governmental position by any country in Central America,0,0.0,0.8,9639.81704399339,False,tog2,0
WebQTrn-21_a42ef572567ccaf4d1a2e609d11a4226,"Who is the prime minister of the country that has national anthem March Forward, Dear Mother Ethiopia?",Hailemariam Desalegn,The information provided does not include the name of the current or any past prime minister of Ethiopia. The given details are about,0,0.0,0.8,9427.688844996737,False,tog2,0
WebQTest-1686_73c4a5625dc9db03b2331d9937b0fe71,Who was the Arizona's Governor in 2009 who also suffered with Breast cancer?,Janet Napolitano,The information provided does not include details about a governor suffering from breast cancer or the specific year 2009.,0,0.0,0.8,9718.48411600513,False,tog2,0
WebQTest-534_c5498ca807d2e1ec30d4c8fdd41f0bf7,What team's mascot is name Hank?,Hank,"To answer the question ""What team's mascot is named Hank?"", we need to follow the given reasoning chain and identify the",0,0.08695652173913045,0.8,9513.61427300435,False,tog2,0
WebQTrn-3376_405c8b5bd83551a50c45836241923cca,What educational institution with men's basketball sports team named Temple Owls did Kevin Hart go to school?,Temple University,The information provided does not specify that Kevin Hart attended a school named Temple Owls or any connection between Temple Owls and,0,0.15384615384615385,0.8,9492.731470003491,False,tog2,0
WebQTrn-1532_cbf60f0a8068d6c5464651a537e93b13,What college with men's basketball sports team named UMKC Kangaroos did Harry S. Truman attend?,University of Missouri–Kansas City,"None, as the Truman the Tiger mascot and Missouri Tigers basketball team are associated with the University of Missouri, not UMK",0,0.16,0.8,9553.038712008856,False,tog2,0
WebQTrn-3376_13cf1a3ce233a65b8b835b6e2f5c86fe,What educational institution with The Temple newspaper did Kevin Hart go to?,Temple University,"The information provided does not mention The Temple newspaper or any specific newspaper. Based on the given chain, Kevin Hart attended Cast",0,0.08333333333333334,0.8,9531.10277299129,False,tog2,0
WebQTrn-3048_ae9a833cf2cca30c1c9725fc6a167794,The country that contains Africa Proconsularis has what political system ?,Autocracy,"The information provided does not directly specify a country that contains Africa Proconsularis. However, based on the given data",0,0.0,0.8,9573.679977009306,False,tog2,0
WebQTrn-484_593bfb1e8da51c4ccd9f768e8f3acd97,What currency is used in the country with Rio de Janeiro?,Brazilian real,"The information provided does not specify the currency used in Brazil. To answer the question, we would need additional information about Brazil",0,0.0,0.8,9521.876141996472,False,tog2,0
WebQTrn-1817_bab9c2907e69f117b3ef460ecbfd511a,What type of government is used in the country with Bac Lieu Province?,Communist state,The information provided does not specify the type of government used in the country that includes Bac Lieu Province. The given chain,0,0.0,0.8,9445.49573099357,False,tog2,0
WebQTest-212_d7d303efc1f901f14e6aae2bb469743c,What states does the Colorado River run through in the Mountain Time Zone?,Colorado,"Colorado and possibly other states in the Mountain Time Zone, but not definitively limited to those based on given information. The",0,0.0909090909090909,0.8,9567.12477900146,False,tog2,2
WebQTrn-750_0c4812773890324eea74aa09e14de1cf,In which years did the team that has Magic Johnson among its ownership claim victory in the World Series?,1981 World Series,"The given information does not mention Magic Johnson as an owner of the San Francisco Giants. Therefore, based on the provided reasoning",0,0.0,0.8,9580.056542996317,False,tog2,0
WebQTest-212_0415f406246ee6468d7eb40867780498,Which State's capital is Denver and the Colorado River runs through it?,Colorado,Colorado,1,1.0,0.8,9590.895223998814,False,tog2,1
WebQTest-837_c4e06c3a9e4b4f10bd1ae97f1742c198,In what year did a team win the superbowl and the 2013 AFC Championship Game ?,Super Bowl XLVII,The given information does not provide any specific details about the year a team won the Super Bowl and the 201,0,0.16666666666666666,0.8,9440.744636987802,False,tog2,0
WebQTest-1108_33675738b1c363431ed63babcc989cb8,On what radio station in New York City would you find an organizational leader named Gary Knell?,WNYC,The given information does not provide any details about a radio station in New York City or an organizational leader named Gary Knell,0,0.0,0.8,9477.491533005377,False,tog2,0
WebQTrn-810_c264a6d11d7956741926d417b94327e2,When did the team led by Larry Baer win the World Series?,2014 World Series,The team led by Larry Baer won the World Series in 1972 at the Oakland-Alameda County Col,0,0.1904761904761905,0.8,9535.394048987655,False,tog2,0
WebQTest-61_be64d515debe3029f7c0fb2af05bfe7e,What Indonesia religion believes in the Virgin birth of Jesus?,Catholicism,The reasoning chain does not provide information about a specific religion in Indonesia that believes in the Virgin birth of Jesus. It only,0,0.0,0.8,9708.10640300624,False,tog2,0
WebQTrn-1484_1fbd766e1b1bf978da23e8646cadf3a1,The person who attended the education institution Colegio AlemÃ¡n Alexander von Humboldt did what kind of paintings?,Magic realism,The given information does not provide details about the type of paintings Alexander von Humboldt created. The chain only mentions his nationality,0,0.0,0.8,9580.862493006862,False,tog2,0
WebQTest-12_c701ad2b5b8ef3f3ed26dd2ed8703d05,"Who held his governmental position from December 12, 1808 and was Governor of Ohio in 2011?","Return J. Meigs, Jr.",The information provided does not match the specific individual asked about in the question. There is no mention of a Governor of Ohio,0,0.0,0.8,9523.621526997886,False,tog2,0
WebQTest-212_3c65a82425ff4488504b53ba502d0eb7,What is the name of the state that has the elected official Jan Brewer and also has the colorado river flow through it?,Arizona,Arizona,1,1.0,0.8,9598.313907001284,False,tog2,0
WebQTrn-3035_5b4639a59ee916bc8e30fbc3bfa2d016,The capital of Cheyenne has who as governor of US state?,Matt Mead,The information provided does not specify the capital of Cheyenne or identify the governor of any US state. The chain of,0,0.0,0.8,9513.164282994694,False,tog2,0
WebQTrn-237_e42fb4a1fc4d571f6d9172eb77fe5b24,Who is the current head coach of the NFL squad owned by the Rooney family?,Mike Tomlin,"The information provided does not specify which NFL squad owned by the Rooney family is being referred to, so it's not possible",0,0.0,0.8,9454.580259989598,False,tog2,0
WebQTrn-3251_ca0263d77825d6237cf0a27c79d25e45,"What college in Greeley, Colorado has a sports team called the Northern Colorado Bears?",University of Northern Colorado,Northern Colorado Bears football,0,0.5,0.8,9614.007722993847,False,tog2,0
WebQTest-1072_5b0246d0bc7172511480c78134ab2e39,Who was the governor in 2010 of the state that appointed Bruce Babbitt?,Jan Brewer,The information provided does not include details about Bruce Babbitt's term as governor or the specific state he served in.,0,0.0,0.8,9675.715650009806,False,tog2,0
WebQTest-837_d95da5fb8a16d81fe56cd4ce00843254,"What Superbowl was won by the team with the ""Baltimore Fight Song""?",Super Bowl XLVII,"The reasoning chain provided does not contain any information about the Baltimore Fight Song or Super Bowl victories. Therefore, I cannot determine",0,0.16,0.8,9436.164939004811,False,tog2,0
WebQTrn-3100_0d5bc4f5ce16dafee354662c09965811,What is the country that has national anthem Valiant Quisqueeyans a part of?,Greater Antilles,"The information provided does not specify which country the national anthem ""Valiant Quisqueyan"" belongs to. The given statements",0,0.0,0.8,9478.519704993232,False,tog2,0
WebQTrn-2444_06d5101218b4299633a55b1f229e9b40,What is the home field of the sports team whose mascot is named Fredbird?,Busch Stadium,"The information provided does not include the home field of any sports team. To answer the question, we would need additional information",0,0.0,0.8,9522.528916000738,False,tog2,0
WebQTrn-60_ab97cd852bcb8f41194f686282460b40,What Portuguese-speaking country's minimum wage was 356.72?,Portugal,"To answer this question, we need to identify which country has a statistical region that includes Portugal and a minimum wage of",0,0.08695652173913045,0.8,9582.375338999555,False,tog2,0
WebQTrn-962_f0c57985929ee8b823983f6e5f104971,What actor played a kid in the film with a character named Veteran at War Rally?,Michael Connor Humphreys,The question cannot be answered based on the given information.,0,0.0,0.8,9566.866541994386,False,tog2,0
WebQTrn-237_abc143e50fcf4915c8267215915795b5,Stelly McBeam is the team mascot for the sports team with who as head coach?,Mike Tomlin,"The information provided does not include details about the head coach of the team. Therefore, it's impossible to determine who the",0,0.0,0.8,9434.08929099678,False,tog2,0
WebQTrn-60_c526e4d4d0e7cea9de3d7ee32fb2d9f5,In what countries is Portugese spoken and has A Portuguesa as its national anthem?,Portugal,"Based on the given information, we can only confirm that Portuguese is spoken in Guinea-Bissau. The information provided does",0,0.0,0.8,9680.723119003233,False,tog2,0
WebQTest-743_42588c6fd3d30a777953bbaf2b4079b9,Who are brothers of the individual who was educated at Edward Devotion School?,Ted Kennedy,The information provided does not specify any brothers of the individual who was educated at Edward Devotion School. It only mentions John,0,0.0,0.8,9440.234943991527,False,tog2,0
WebQTrn-105_f4440609f5cecb091bf8e86adb47be25,"The country with the national anthem Bilady, Bilady, Bilady required what currency in 2013?",Egyptian pound,"The given information does not provide details about the national anthem ""Bilady, Bilady, Bilady"" or the",0,0.0,0.8,9505.036696995376,False,tog2,0
WebQTrn-3100_84e5ab7013a2c0dd11f7f61db45df94c,What geographic regions is the country that has the San Pedro De Marcos province considered a part of?,Greater Antilles,The country that has the San Pedro de Macorís Province (the Dominican Republic) is considered part of the geographic region,0,0.0,0.8,9645.233927003574,False,tog2,0
WebQTrn-3335_a9b18d079f29555cbd1e1740c7d6e40e,The country that contains Krasnodar Krai uses what type of currency?,Russian ruble,"To determine the currency used in the country containing Krasnodar Krai, we need to follow these steps based on",0,0.0,0.8,9399.601452008937,False,tog2,0
WebQTest-12_7b54b31f3e5a6273f4fd2a20e565ec6d,Who was the Governor of Ohio that held his position from before 1-10-2011?,"Return J. Meigs, Jr.",The information provided does not contain any details about the Governor of Ohio or the specific tenure of a Governor of Ohio. Therefore,0,0.0,0.8,9514.120303007076,False,tog2,0
WebQTrn-810_1315945fdcb4fad1310ab7862120be0f,On what other date did the team won the 2010 World Series championship win the World Series?,2014 World Series,The information provided does not specify any other date for the San Francisco Giants winning the 2010 World Series.,0,0.18181818181818182,0.8,9567.254749999847,False,tog2,0
WebQTest-1384_cb60fbc3dea230fc32682cbb8556ba62,What is the most predominant religion in the country Benjamin Netanyahu holds a governmental position?,Judaism,Judaism,1,1.0,0.8,9532.221785004367,False,tog2,0
WebQTrn-1077_02d4f95f5b408929cedd448772a62b5b,What religion in Afghanistan that worship in the mosque?,Sunni Islam,Islam,0,0.6666666666666666,0.8,9493.129533002502,False,tog2,0
WebQTrn-372_84e2829fbb765ceaa2993b50acbf4587,What does the religion that believes in Transubstantiation call their God?,Holy Spirit,The question cannot be directly answered from the given reasoning chain as it does not provide information about which religion practices Transubstant,0,0.15384615384615385,0.8,9603.03543000191,False,tog2,0
WebQTrn-14_f401ff362e6098310d529ba02df1f278,"Where is Rome, Italy, and is a place that once had a population of 4,327,642?",Province of Rome,"The information provided does not directly state the population of Rome, but it describes tourist attractions in Rome such as the Vatican Muse",0,0.21818181818181817,0.8,9670.679390997975,False,tog2,0
WebQTest-538_7051341e8a163515972dc322874d8aa0,What movies did the artist that had the concert tour called the Taylor Swift Fears 2009 Tour play in?,Hannah Montana: The Movie,The given information does not provide any details about movies that Taylor Swift played in. The chain of information is related to education,0,0.14814814814814817,0.8,9501.852303001215,False,tog2,0
WebQTrn-710_e3d40457273785e46c5b71732713a5f4,When is the last time the team whose mascot is called Crazy Cab win the World Series?,2014 World Series,"The question contains an inconsistency because the Los Angeles Angels of Anaheim, who played in Angel Stadium of Anaheim and won the",0,0.0,0.8,9591.186170000583,False,tog2,0
WebQTrn-3335_c071c552853eb739a0ff0c67bb9ed366,The location that appointed Dmitry Medvedev to governmental position uses what kind of money?,Russian ruble,The information provided in the reasoning chain does not contain any details about Dmitry Medvedev or the location that appointed him to,0,0.0,0.8,9654.82704799797,False,tog2,0
WebQTrn-372_5d454dfb6a760c162b099d736eecff1a,Which diety is worshipped in the holy place of Santa Cecilia in Trastevere?,Holy Spirit,The reasoning chain does not provide information about the deity worshipped at Santa Cecilia in Trastevere. It only,0,0.1818181818181818,0.8,9564.257051999448,False,tog2,0
WebQTest-1785_87df014c2b1d5440ea39f0d94fe211cb,Which movie has a character named Margie and featured Kim Richards as an Actor?,The Car,The information provided does not contain any details about movies or characters named Margie or featuring Kim Richards as an actor. Therefore,0,0.08333333333333334,0.8,9487.321075997897,False,tog2,0
WebQTest-1251_f6e8b7149f2e422640a49beb753be4ef,Which countries with a currency of Swiss Franc do people speak Germanic languages?,Liechtenstein,Switzerland,1,1.0,0.8,9572.841514993343,False,tog2,0
WebQTrn-2834_c2f4807a175372c3e75691b565d1936d,What major US religion has a notable figure named Athanasius of Alexandria?,Christianity,Coptic Orthodox Church,0,0.0,0.8,9552.67180300143,False,tog2,0
WebQTrn-3766_3e65e28b17506cb5116b2460467ea42f,What money is used in the Ancash Region?,Peruvian nuevo sol,The information provided in the reasoning chain does not specify which currency is used in the Ancash Region. The chain only describes,0,0.0,0.8,9547.187923002639,False,tog2,0
WebQTrn-1155_92f2cf43c174d40942f1c72ba13096e6,What type of currency is used in the country with national anthem Swiss Psalm?,Swiss franc,"To determine the type of currency used in the country with the national anthem ""Swiss Psalm,"" we need to follow these",0,0.08695652173913042,0.8,9410.842369994498,False,tog2,0
WebQTrn-60_58beabafc76cc44d5cb1ed5ca2799436,What European Union country's people speak Portuguese also once had an energy usage record of  per capita in KGOE 1022.464?,Portugal,The given information does not contain any data about a European Union country with specific energy usage records. The provided facts are about,0,0.0,0.8,9642.0200499997,False,tog2,0
WebQTest-1923_53fa50559ec52976eb1f02fc6bd5ae76,What movie was Miley Cyrus in with a character named Theresa Russo?,Wizards on Deck with Hannah Montana,The information provided does not contain any details about Miley Cyrus or her movies. The given chain is about Jessica Walter's,0,0.0,0.8,9470.876613006112,False,tog2,0
WebQTrn-1001_4e074d51c67d5358b05e462d1f48f3e5,What other Superbowls did the champion of the 1934 NFL Championship game win?,Super Bowl XLVI,The given information does not provide any details about the NFL or Super Bowl championships. The data is related to the 1,0,0.16,0.8,9517.040252991137,False,tog2,0
WebQTrn-857_87f2309c33a86e13ce73f341a6f1dc46,Who was the vice president of the person who went to St. John's Catholic Elementary School?,Al Gore,"The given information does not provide any details about the vice president or St. John's Catholic Elementary School. Therefore, the",0,0.0,0.8,5577.732948993798,False,tog2,0
WebQTest-1260_d95da5fb8a16d81fe56cd4ce00843254,"When did the sports team whose fight song is ""The Baltimore Fight Song"" win the Super Bowl?",Super Bowl XXXV,The information provided does not include any details about a sports team's fight song or Super Bowl wins. There is no direct,0,0.15384615384615383,0.8,9635.37374700536,False,tog2,0
WebQTest-493_91486f8ce518ad60645488b0b298ff11,What type of government is run in the area that is under the Heard and McDonals Islands Time Zone?,Parliamentary system,The given information does not provide details about the specific type of government running in the area under the Heard and Macdonald,0,0.0,0.8,9448.062839001068,False,tog2,0
WebQTest-837_6b1c0c0fb24a34937f450fdc16a3387b,In which year was the Super Bowl won by the sports team whose fight song was Seven Nation Army?,Super Bowl XLVII,The given information does not provide details about a sports team's fight song or the year they won the Super Bowl. There,0,0.15384615384615383,0.8,9641.249057007371,False,tog2,0
WebQTrn-3084_ca8d129cc42cf94b681a91fb5ed94522,What country does Japan export to that contains the Phoenix Islands?,Kiribati,"The information provided does not specify which countries Japan exports to or contain the Phoenix Islands. Therefore, it's not possible to",0,0.0,0.8,9554.654389008647,False,tog2,0
WebQTest-576_8c6b952c6bd963f0ece4e401c9eb731a,Which of the 7 Central American Countries is in the Central Time Zone?,Belize,None of the given information directly indicates which Central American country is in the Central Time Zone. The provided details are about Gran,0,0.0,0.8,9643.212966009742,False,tog2,0
WebQTrn-493_471b83eade9707a4dba68e201bf29d73,Where in the Greenwich Mean Time Zone is Belgium located?,Europe,"Belgium is located in the Western European Time Zone, which is one hour ahead of Greenwich Mean Time (GMT+1).",0,0.0,0.8,1471.4605519984616,False,tog2,0
WebQTrn-3694_4089d6d7ba86121ff285b80865682a7c,"Which system of money is utilized in the country that includes, Santiago de Cuba Province?",Cuban peso,The given information does not specify which system of money is utilized in the country that includes Santiago de Cuba Province. The provided,0,0.0,0.8,9562.896753006498,False,tog2,0
WebQTest-1686_4e89c1dffdc379421d43840f4194ca9e,Who governed the US state which includes the city of Phoenix during 2009?,Janet Napolitano,The reasoning chain provided does not contain specific information about who governed the state of Colorado (which includes Phoenix) in 2,0,0.0,0.8,9577.204091008753,False,tog2,0
WebQTrn-372_1d9de30923c30fb46431b28e67c4b45c,What do the people who worship at places including Cathedrals call their god?,Holy Spirit,The reasoning chain does not provide information about the name of the god worshipped at places like Cathedrals. It,0,0.23999999999999996,0.8,9413.363157000276,False,tog2,0
WebQTrn-2738_910f8908e2d53dfb850b7b52b74e4a51,What art style was done by the person who lived at Le Chateau-Cambresis?,Modern art,The information provided does not specify an art style or directly link a person to Le Chateau-Cambresis. Therefore,0,0.09523809523809525,0.8,9524.519015001715,False,tog2,0
WebQTrn-1077_7bd6b37d01a372aa5af2a8d5ef53d827,What religion practiced in Afghanistan has a sacred site in Jesusalem?,Sunni Islam,"The reasoning chain does not provide information about religions practiced in Afghanistan or their sacred sites. Therefore, I cannot determine the specific",0,0.0,0.8,9494.492744997842,False,tog2,0
WebQTest-361_89e48a343537ccd0148b822f63519c99,What museum established earliest can be seen in Vienna Austria?,Kunsthistorisches Museum,"The information provided does not contain any details about museums or their establishment dates in Vienna, Austria. Therefore, it is not",0,0.0,0.8,9584.06207000371,False,tog2,0
WebQTrn-3151_3ae7bbdbfe6f6d601941c3cf406229a7,People from the country that contains Corfu speak what language?,Albanian language,"To determine the language spoken in the country containing Corfu, we need to follow these steps:",0,0.1111111111111111,0.8,9478.368987009162,False,tog2,0
WebQTrn-1560_799804056310383bba960a7649b85b4f,"Who married to the person who lived in Downe, Kent?",Emma Darwin,"The information provided does not contain any details about a marriage or the specific location Downe, Kent. Therefore, it is",0,0.0,0.8,9532.993861997966,False,tog2,0
WebQTest-397_6a82d6252604de26338b33025b2a160a,What are the school colors of the educational institution that includes a grad student named Franklin Ford?,Crimson,"The information provided does not include details about the school colors or a grad student named Franklin Ford. Therefore, it's not",0,0.0,0.8,9646.3833089947,False,tog2,0
WebQTrn-3166_024639b2507cd2ca5161b1847991faee,What Asian country has Seoul as its capital city?,Seoul,"South Korea. The given chain describes a South Korean province and its types, but it does not directly provide information about the",0,0.0,0.8,9535.907767989556,False,tog2,0
WebQTrn-412_8f39780bf44690321c49823643e6438d,South Holland is located in the nation where which languages are spoken?,Dutch Language,Dutch,0,0.6666666666666666,0.8,9703.452107991325,False,tog2,0
WebQTrn-105_cf2c2ca737c00135df125459635a368a,The country that contains Al Sharqia Governorate's best for of currency in 2013 was what?,Egyptian pound,"Based on the given information, there is no direct link to Al Sharqia Governorate or its currency in 2",0,0.0,0.8,9625.098410004284,False,tog2,0
WebQTrn-2280_9e5afb3d15099a1354f9df60428e1f91,Where are the headquarters of the United Nations Security Council?,New York City,"The headquarters of the United Nations Security Council are in New York City, United States.",0,0.33333333333333337,0.8,9617.315014998894,False,tog2,0
WebQTest-743_5a9d56a15bd5f8c951df7d967444f8ec,Who was JFK's brother and held a governmental position from 1961?,Robert F. Kennedy,Robert F. Kennedy,1,1.0,0.8,9527.084268003819,False,tog2,0
WebQTrn-3446_a3875ee1db404486f5502bc39b8e29ec,A person who was once born in Gingins was born where?,Le Mans,Gingins,0,0.0,0.8,9421.568481993745,False,tog2,0
WebQTest-1216_a3377a8eb739f84daa945ee91b90f10b,The person who lived in Narym in the past was the leader of which nation?,Soviet Union,The question is not directly related to the given reasoning chain. There is no information provided about a person living in Nary,0,0.0,0.8,9482.062690003659,False,tog2,0
WebQTrn-2478_e8d14b133bcd059be721e604cd921796,What is the name of the mascot by the university which inlcudes Syracuse University Orange Football?,Syracuse University Otto the Orange,Orange,0,0.33333333333333337,0.8,9525.382373001776,False,tog2,0
WebQTrn-25_5bbab94cc6dc1cc59a76eb19aed3832f,What film has a character named Kate and Taylor Lautner played in?,The Twilight Saga: Breaking Dawn - Part 2,There is no information provided about Taylor Lautner in the given chain. The chain only mentions Angelina Jolie playing,0,0.12121212121212122,0.8,9428.176829998847,False,tog2,0
WebQTest-1560_fd6688bbf30871641ad813fcf09d673c,Which person held a government post from 1973-12-02 and established New York University?,Albert Gallatin,No person is mentioned in the given chain; it only provides information about New York University's educational and geographical details. The,0,0.0,0.8,9380.018429001211,False,tog2,0
WebQTrn-60_c417b54801bbb53466b1157ffb79cc29,What country do they speak Portuguese and where they appointed JosÃ© Manuel Barroso to a governmental position?,Portugal,The information provided does not mention JosÃ© Manuel Barroso or his appointment to a governmental position in any country.,0,0.0,0.8,9637.952275006683,False,tog2,0
WebQTrn-1659_920387fd69ba8ecf8b37f30c53a296c5,Who did Nate Robinson play for that had Rocky the Mountain Lion as a mascot?,Denver Nuggets,The information provided does not include specific details about which team Nate Robinson played for or confirm that Rocky the Mountain Lion was their,0,0.0,0.8,9378.841231999104,False,tog2,0
WebQTest-931_544385aeda746d05fc5f0e7fdb2ac79b,"What office did John Adams hold from May 10, 1775 before he was President?",Delegate to the Continental Congress,"Before becoming President, John Adams held the office of Minister to France.",0,0.23529411764705882,0.8,9569.024153010105,False,tog2,0
WebQTrn-60_085ced56c2b8a859253d1cd5749c9a28,What Portuguese speaking country that uses Central African CFQ Franc?,Equatorial Guinea,The given information does not mention any Portuguese-speaking country using the Central African CFA Franc. The provided data is about Indonesia,0,0.0,0.8,9629.277422995074,False,tog2,0
WebQTrn-1646_96417e4d721f5c0e2c9079454df0af5b,What languages are spoken in El Seibo Province's country?,Haitian Creole,Spanish Language,1,1.0,0.8,9645.781100000022,False,tog2,0
WebQTrn-2209_a031d7238f92d1a0cb027f0118f36510,What other years did the champion of the 1957 NBA Finals win the Championship?,2008 NBA Finals,The Boston Celtics also won the Championship in 1960 and 1964. Based on the provided,0,0.1111111111111111,0.8,9509.168287011562,False,tog2,0
WebQTrn-2478_f21576961bee318b9eaf1aa648e28e8f,What is Syracuse University Athletic's mascot?,Syracuse University Otto the Orange,The reasoning chain provided does not give a specific name for Syracuse University's athletic mascot. It describes general properties and types related,0,0.21428571428571427,0.8,9425.026313998387,False,tog2,0
WebQTrn-372_d8cdd7d99d8dbc0b2a5425ca99e4ce34,What do the people who worship at Titular Church call their God?,Holy Spirit,The information provided in the reasoning chain does not contain any details about the deity worshipped at the Titular Church or the,0,0.3125,0.8,9411.5870109963,False,tog2,0
WebQTest-743_2b39afadc21f0a2a4602121616db1f8c,"Which of JFK's brothers held governmental position from before January 3, 1965?",Ted Kennedy,"None of JFK's brothers held a governmental position from before January 3, 1965. The information provided",0,0.0,0.8,9386.287336004898,False,tog2,0
WebQTrn-1841_6f818301283181e8199f67b080fce068,What basketball team in Spain is Pablo Laso head coach for?,Real Madrid Baloncesto,The information provided does not specify which basketball team in Spain Pablo Laso is head coach for. The given chain of reasoning,0,0.0,0.8,9544.443698003306,False,tog2,0
WebQTrn-1155_fbf8e0d41d59c1c1f57016316d470540,The country that contains Basel-Stadt uses what type of money?,Swiss franc,"To answer the question, we need to identify which country contains Basel-Stadt and then determine the type of money used there",0,0.0,0.8,9448.239863006165,False,tog2,0
WebQTrn-3084_a9122e6c3ec58aea7483e18c7074128a,The land that holds the Gilbert Islands also gets Japan exports is called what?,Kiribati,"The information provided does not contain any details about the Gilbert Islands or Japanese exports. Therefore, it's not possible to determine",0,0.0,0.8,9540.984866995132,False,tog2,0
WebQTrn-1659_382c85336af6c674dfcbf8c9eba83f58,"With a mascot named Rocky, which team does Nate Robinson play for?",Denver Nuggets,The information provided in the reasoning chain does not include specific details about Nate Robinson or his team affiliation with a mascot named Rocky,0,0.0,0.8,9378.588291991036,False,tog2,0
WebQTest-361_5f8c05737061d5501b6a23a978b5589b,What museum in Vienna that was established in 1891?,Kunsthistorisches Museum,None of the provided information pertains to a museum in Vienna established in 1891. The given data is,0,0.09999999999999999,0.8,9532.577299993136,False,tog2,0
WebQTrn-105_c0495334f4678f947149a7a30d8e49a0,What is the type of currency that one is advised to bring when visiting the nation where the Red Sea Governorate 2013 was located?,Egyptian pound,The question does not provide enough information to determine the specific type of currency. The given reasoning chain focuses on the profile types,0,0.0,0.8,9508.341181994183,False,tog2,0
WebQTrn-2875_c1bdcdad310f5bccb773c5aae3e46f20,What language is spoken in the country whose capital is Nicosia?,Romani language,"The language spoken in the country whose capital is Nicosia is Greek. However, based on the given information and reasoning",0,0.18181818181818182,0.8,9659.2682430055,False,tog2,0
WebQTrn-3084_48cc63efa214452df0e77329f8dc8bf0,Which nation has a capital city of South Tarawa and has good exported from Japan?,Kiribati,The information provided does not specify a nation with a capital city of South Tarawa or details about exported goods from Japan.,0,0.0,0.8,9579.752576013561,False,tog2,0
WebQTrn-1232_682800b1263c4a6d5b650e4196fc2b7d,Where in the Central European Time Zone was the Roman Empire centered?,Rome,The question contains an inconsistency. The Central European Time Zone and the Central Time Zone are different. The Central Time Zone is,0,0.0,0.8,9464.916447002906,False,tog2,0
WebQTrn-124_4d06de0cc31fbca96f6f1d5bdec75e1a,What film directed by Angelina Jolie is the flick that includes the role of Maida?,In the Land of Blood and Honey,"Without specific information about the role of Maida in a film directed by Angelina Jolie, it's not possible to",0,0.2222222222222222,0.8,9608.809211989865,False,tog2,0
WebQTrn-1077_09020cbb000c86fda5910ec084690246,What religion holds sacred the place called Mecca and is observed in Afghanistan?,Sunni Islam,Islam,0,0.6666666666666666,0.8,9496.644913000637,False,tog2,0
WebQTrn-849_82e069064d66663276c549f47e5e179d,What European Union country within the  Atlantic Time Zone shares borders with Germany?,Netherlands,"The question does not match the given reasoning chain. The chain discusses general information about time zones and their types, but does",0,0.0,0.8,9371.11375600216,False,tog2,0
WebQTrn-2319_15c47379c7578b2dd4e0975d032f85d5,What is the official language where Filaret is the religious leader?,Albanian language,The given information does not provide any details about the official language where Filaret is the religious leader. The provided data focuses,0,0.08333333333333334,0.8,9512.938636995386,False,tog2,0
WebQTrn-2314_b274ade1f00c84f7244131327c785b4a,The country with San Jose as its capital uses what as its currency?,Costa Rican colón,The information provided does not specify the currency used in the Dominican Republic. While it mentions that Spanish is the official language and,0,0.0,0.8,9649.607855011709,False,tog2,0
WebQTrn-3384_275abff5d62790363fe8bc0387660115,People from the location that appointed Margrethe II of Denmark to governmental position speak what languages?,Greenlandic language,Danish.,0,0.6666666666666666,0.8,9610.28042799444,False,tog2,0
WebQTrn-3100_8c6b952c6bd963f0ece4e401c9eb731a,"What's the Dominican Republic a part of, where the location time zone is the Central Time Zone?",Latin America,"The information provided does not include details about the time zone of the Dominican Republic. To answer the question accurately, we would",0,0.0,0.8,9664.31705300056,False,tog2,0
WebQTrn-1023_2ed287b0ef57067bd3a79f71c2fa849e,The country with the National Anthem Argentine National Anthem use what currency?,Argentine peso,"The given information does not provide any details about the currency used in the country associated with the Argentine National Anthem. Therefore,",0,0.08333333333333334,0.8,9478.02941899863,False,tog2,0
WebQTrn-3136_0a1996d491be83ff36e8fc86c3d436a4,William Morris is religions head in which region that is part of the United Kingdom?,Wales,The given information does not provide any details about William Morris or his position as a religious head in any region of the United,0,0.0,0.8,9494.050958994194,False,tog2,0
WebQTrn-846_581ac098af1edbcc3d96a126843bb703,What is the birth place of the artist that had The Best Damn World Tour?,Belleville,"The information provided does not specify the birthplace of the artist. Based on the given chain, the artist associated with """,0,0.0,0.8,9466.336046010838,False,tog2,0
WebQTest-1560_01bd47cf839a907d796deff29832aa26,Who founded the school where William J. Taverner is a grad student?,Albert Gallatin,"The information provided does not specify which school William J. Taverner graduated from or its founding entity. Therefore, it's",0,0.0,0.8,9507.438592001563,False,tog2,0
WebQTrn-2189_f87f28f0d42904ea62dcab41fb65f3f1,What is the modern language where Anwar Sadat holds a government position?,Modern Standard Arabic,"The information provided does not specify which modern language Anwar Sadat held a government position in. Given the context, it",0,0.08695652173913045,0.8,9485.739200012176,False,tog2,0
WebQTrn-513_64fc62dc06d16e612aafb00889d4ada1,What location that appointed Mikheil Saakashvili to governmental position is a country in Eastern Europe?,Georgia,Georgia,1,1.0,0.8,9637.513940004283,False,tog2,0
WebQTest-213_d9993d3e6f665d0c937cf7c0209ff9f8,Which artist with a concert tour named FutureSex/LoveShow did Scarlett Johansson date?,Justin Timberlake,"The given information does not provide any details about an artist named Scarlett Johansson dating anyone related to the concert tour ""Future",0,0.0,0.8,9446.217239004909,False,tog2,0
WebQTrn-261_872253e47dd6ddaa213ff31eeda8783b,Where is Whistler Mountain located in the Eastern Time Zone?,North America,Whistler Mountain is not located in the Eastern Time Zone. It is in the Pacific Time Zone.,0,0.0,0.8,9473.943556004087,False,tog2,0
WebQTest-759_1735fa6bb245e5bb515f24cfd5f76ddb,The person who once lived in Benerville-sur-Mer once dated what person?,Thandie Newton,The question cannot be answered based on the given information.,0,0.0,0.8,9478.370961005567,False,tog2,0
WebQTrn-60_4faaf65ae1cc1b138d41253c3fc0e493,What country once had a consumer price index of 0.03 and is where people speak Portuguese?,Angola,Brazil,0,0.0,0.8,9638.201991998358,False,tog2,0
WebQTrn-60_3fbdbecc8eff7b1125058d50ba70e19b,What country do people speak Portuguese where the long term unemployment rate is 15.5?,Macau,Brazil,0,0.0,0.8,9638.661941993632,False,tog2,0
WebQTest-1686_e6058a2132e81fbc9d9a22b2d74ceb04,Who were the governors of Arizona in 2009 that held the position form 1-6-2003?,Janet Napolitano,"The information provided does not specify the exact governor who was in office on January 6, 2003,",0,0.0,0.8,9714.065888998448,False,tog2,0
WebQTrn-2641_496153141015e2276bf542bbf6a99b96,Where did the famous person who went to Horace Mann School for the Deaf die?,Easton,The information provided does not contain any details about a famous person who attended Horace Mann School for the Deaf or the,0,0.0,0.8,9795.599521006807,False,tog2,0
WebQTest-712_37a5691b2bade75e2b9d518da5f13b94,What countries use The New Zealand dollar and have territories in Oceania?,Cook Islands,"Based on the given information, we cannot definitively determine which countries use The New Zealand dollar or have territories in Oce",0,0.17391304347826084,0.8,9718.071092007449,False,tog2,0
WebQTest-1216_70d51724a4507fc0f35060eb2a65ce68,What nation was a notable person who once lived in Solvychegodsk in charge of?,Soviet Union,The information provided does not contain any details about a notable person who once lived in Solvychegodsk or their,0,0.0,0.8,9612.886790986522,False,tog2,0
WebQTrn-2152_b9bbe53d5eba5d74535f24c0afbb82ba,Which team that plays in the American League West claimed the championship of the 1989 World Series?,Oakland Athletics,The Oakland Athletics claimed the championship of the 1989 World Series and play in the American League West.,0,0.19999999999999998,0.8,9639.732559007825,False,tog2,1
WebQTrn-2478_e560a71c67277fcd127342e93c8cbe88,Which Univeristy based organiation has the current leadership position of leadership role of Interim Chancellor mascot?,Syracuse University Otto the Orange,The information provided does not specify a particular university or its interim chancellor mascot. The chain describes general properties and types related to,0,0.19672131147540983,0.8,9398.611230993993,False,tog2,0
WebQTest-61_75e46121bded1ab4f276d4ec24bb366e,What religion includes a chapel as a aprt of their worship and has a practicing population in Indonesia?,Catholicism,"The information provided does not contain any details about religions or their practices in Indonesia. Therefore, it is impossible to determine which",0,0.0,0.8,9634.969304010156,False,tog2,0
WebQTrn-372_28ef3ad60c7a9592a24dc4c25f56c769,What does the religion whose figure is Mary call God?,Holy Spirit,"The information provided does not specify a particular religion or its terminology for God in relation to Mary. Therefore, based on the",0,0.15384615384615385,0.8,9465.413561003515,False,tog2,0
WebQTest-1348_d50300a04640da2d3013e859ecdc9257,"Which team did Peyton Manning 's father play for, where the sports team owner is Rita Benson LeBlanc?",New Orleans Saints,The information provided does not contain specific details about Peyton Manning's father or the ownership of an NFL team by Rita Benson Le,0,0.0,0.8,9428.390575005324,False,tog2,0
WebQTest-100_1619341addc048f21b246e33e2458609,What is the spoken language in the country that used Haitian gourde as its currency?,Haitian Creole,Haitian Creole,1,1.0,0.8,9711.693242003093,False,tog2,0
WebQTrn-60_7692756e6428c26a90f5698012c43b60,What Portuguese speaking country has the minimum wage of 371.27?,Portugal,"To answer this question, we need to identify which country meets the criteria of having a minimum wage of 371",0,0.0,0.8,9586.929757992039,False,tog2,0
WebQTrn-557_c29c8a9dab6a2024bba77927922a0d3d,Who played the character Dorothy in the movie that has a character named Lollipop Guild Member #7?,Judy Garland,"The question cannot be directly answered from the given information. The provided chain does not include specific details about the movie ""The",0,0.0,0.8,9498.651777001214,False,tog2,0
WebQTrn-1069_6cb1331b7de4eccf0c4d3f78f17c7ad8,What languages are used in the country with national anthem There is a Lovely Country?,Greenlandic language,"The given information does not provide details about the languages used in the country with the national anthem ""There is a Lovely Country",0,0.0,0.8,9438.507836995996,False,tog2,0
WebQTrn-2576_872253e47dd6ddaa213ff31eeda8783b,What continent is the country in the Eastern Time Zone that Falkland Island belong to located in?,Americas,"The Falkland Islands belong to the United Kingdom, which is located in Europe. However, based on the given information and",0,0.0,0.8,9522.0743319951,False,tog2,0
WebQTrn-1659_df4619d9a9fff3930f63496bafd4b823,Which sports team owned by Stan Kroenke did Nate Robinson play for?,Denver Nuggets,The information provided does not contain any details about which sports team owned by Stan Kroenke Nate Robinson played for. The,0,0.0,0.8,9659.913198993308,False,tog2,0
WebQTest-1000_bd14529a374484364751d86b5e8bda92,What country in Oceania is located in the Casey Time Zone?,Australia,Indonesia,0,0.0,0.8,9426.537639010348,False,tog2,0
WebQTrn-2006_60d761ea1fd499fc404dd4a83941d230,Which magazines was the person who at one time resided in Fordham employed by?,Graham's Magazine,"To determine which magazines the person employed by Fordham was working for, we need to follow the logical steps:",0,0.0,0.8,1471.5293379995273,False,tog2,0
WebQTrn-60_6b8f66b74816dcf75b89448a2e408df9,What country do people speak Portuguese and has an electricity consumption per capita of 1007.923 kilowatt per hour?,Brazil,"The given information does not include data on electricity consumption per capita. Based on the provided facts, Brazil is the country where",0,0.08695652173913045,0.8,9653.338984993752,False,tog2,3
WebQTest-1000_a9122e6c3ec58aea7483e18c7074128a,Gilbert Islands is in which Oceania country?,Kiribati,"The information provided does not contain any reference to the Gilbert Islands or its location within Oceania. Therefore, based on",0,0.0,0.8,9609.805875996244,False,tog2,0
WebQTrn-237_f44adc4947a59c150317bb5923cf1c9b,"Who is the current head coach of the team the uses the song title ""Fight Polka""?",Mike Tomlin,"The information provided does not include any details about a team using the song title ""Fight Polka"" or its current head",0,0.0,0.8,9497.200085999793,False,tog2,0
WebQTrn-1812_40353d146817f5fe5dd67cb0643abe20,What caribbean countries once had co2 emissions of 1961 metric tons?,Barbados,The given information does not provide any data on CO2 emissions for Caribbean countries in 1961. The provided,0,0.0,0.8,9465.931542988983,False,tog2,0
WebQTest-1823_6ac48b436d99ed7cd3f2d9329d95a0c8,"What is the government type where ""Ardulfurataini Estan"" is the national anthem?",Parliamentary system,"The given information does not provide details about the government type of the country whose national anthem is ""Ardulfurata",0,0.0,0.8,9438.786083002924,False,tog2,0
WebQTest-1234_279eccdaed54f8d3746c5897f5d30c51,What business did the person who designed Plum Orchard excel in?,financier,"Based on the given information, there is no direct connection between the Plum Orchard and any businessperson or profession mentioned. The",0,0.0,0.8,9492.410548991757,False,tog2,0
WebQTest-450_2ed540621cbcd0bcda8774699532cf98,What is the state's flower of the state that have Honolulu County in it?,Hawaiian hibiscus,"The state with Honolulu County is Hawaii, and Hawaii's state flower is the iliahi (sandalwood tree).",0,0.0,0.8,9606.340040001669,False,tog2,0
WebQTrn-2057_522769c85c8189a870c317c0aa940eaa,What currency is used in the country with SacatepÃ©quez Department?,Guatemalan quetzal,The information provided does not specify which currency is used in the country containing the Sacatepéquez Department. To answer this,0,0.0,0.8,9559.676207005396,False,tog2,0
WebQTest-106_f21253e8b8df81c378590e68b2cd107e,"In the film that has a charcter named Final Club Girl #1, who did Armie Hammer play?",Tyler Winklevoss,"The information provided does not contain any details about Armie Hammer or the character ""Final Club Girl #1"" in a",0,0.0,0.8,9607.351166996523,False,tog2,0
WebQTest-1817_688a2354bb93fb3e4a50afe8890561a3,What educational institution with sports team named Oxford University Ice Hockey Club did JRR Tolkien go to college?,University of Oxford,"None of the provided information mentions Oxford University or its ice hockey club, nor does it mention JRR Tolkien. The given",0,0.25,0.8,9452.025395992678,False,tog2,0
WebQTrn-241_0652d8b1cb95848c9630860c92e38e6f,What country bordering France that is in the Western European Time Zone?,Spain,The question does not match the given reasoning chain. The chain discusses Time Zones and their types but does not provide information about,0,0.0,0.8,9376.629375998164,False,tog2,0
WebQTrn-2189_c0495334f4678f947149a7a30d8e49a0,What is the currenty language is spoken in the country that had the Red Sea governorate language?,Modern Standard Arabic,"The information provided does not specify a direct link between the Red Sea governorate and any country or its languages. Therefore,",0,0.0,0.8,9544.141414007754,False,tog2,0
WebQTrn-2664_4001558ccc529debde3a908a6f22b018,Who is a main trading partners of China that appointed Abdelaziz Bouterflika to a governmental position?,Algeria,The given information does not provide details about China's trading partners or any appointments made by Abdelaziz Bouterfli,0,0.0,0.8,9651.264900996466,False,tog2,0
WebQTrn-3057_1315945fdcb4fad1310ab7862120be0f,What years was the World Series won by the 2010 World Series champions?,2014 World Series,"The 2010 World Series champions, the San Francisco Giants, won in 2010 during the",0,0.4444444444444445,0.8,9572.312864998821,False,tog2,0
WebQTrn-1521_8a0b4e1cf3027533ff8a45c91970ad01,Dean L. Bresciani is part of the organization with what mascot?,Thundar,The information provided does not mention Dean L. Bresciani or his connection to any organization and its mascot. The,0,0.0,0.8,9524.478242994519,False,tog2,0
WebQTrn-1722_4c9c478708f3daab701711f12484d823,Which continent includes the country that is home to the city of New Providence?,North America,North America,1,1.0,0.8,9589.310351002496,False,tog2,0
WebQTest-1348_5ad03d9a9f67e00b093c6da1ecde5619,What team that won the Super Bowl XLIV and once had Payton Manning's father on its roster?,New Orleans Saints,New Orleans Saints,1,1.0,0.8,9653.966686004424,False,tog2,0
WebQTrn-1812_82e069064d66663276c549f47e5e179d,What countries are in the Atlantic Time Zone in the Caribbean?,British Virgin Islands,None of the provided information directly addresses countries in the Atlantic Time Zone in the Caribbean. The given chain discusses Atlantic Canada and,0,0.0,0.8,9558.059352988494,False,tog2,0
WebQTrn-2748_65952c606f7a7204cc1bec237c146bfa,Mae Hong Son Province is located in the country that speaks which languages?,Lao Language,The chain of information provided does not contain specific details about the languages spoken in the country where Mae Hong Son Province is located,0,0.0,0.8,9569.212101996527,False,tog2,0
WebQTrn-1521_df37e625a339eca95614fc7680035e67,What is the mascot of the North Dakota State Bison Men's basketball team?,Thundar,The reasoning chain does not provide specific information about the North Dakota State Bison Men's basketball team's mascot. The chain only,0,0.0,0.8,9439.832931006094,False,tog2,0
WebQTrn-2314_2e6d98fb779ac3b63a5dd2688034c0c9,"What currency is used in the country with Nobel Patria, tu hermosa as its national anthem?",Costa Rican colón,"The given information does not provide details about the currency used in the country with ""Nobel Patria, tu hermos",0,0.0,0.8,9448.454838013276,False,tog2,0
WebQTrn-60_04667677f6f3316e60026dce2852bcf9,What country with a GDP Growth Rate Percentage of -0.008502 once do people speak Portuguese?,Portugal,Indonesia,0,0.0,0.8,9648.165156002506,False,tog2,0
WebQTrn-2316_b8e16d5f4985c5ab2a3c75e7bc8c9e1a,Who is the illustrator of the book Feu de joie and the person who influenced Jackson Pollock's work?,Pablo Picasso,"The given information does not provide any details about the illustrator of the book ""Feu de joie"" or the person",0,0.0,0.8,9535.864861987648,False,tog2,0
WebQTrn-484_894fd8dc00cf831fe75187abd587b8aa,Pernambuco is from the country with what type of money?,Brazilian real,"The given information does not specify the type of currency used in Brazil. Therefore, we cannot determine the type of money used",0,0.0,0.8,9537.841183002456,False,tog2,0
WebQTrn-60_613f4cd41111963e0f501de6dcdf3f7a,What Portuguese speaking country that had consumer price index of 0.05?,Brazil,"The information provided does not include any data regarding the consumer price index of countries. Therefore, it is not possible to determine",0,0.0,0.8,9635.404075990664,False,tog2,1
WebQTrn-493_8faa4f3ff9c14c303d5c535cf18ceddf,Where is Belgium located in the Moscow Time Zone?,Europe,Belgium is not in the Moscow Time Zone. It is located in Europe and is part of Western Europe.,0,0.1904761904761905,0.8,9533.19092199672,False,tog2,0
WebQTrn-64_08a3071aec88af141fc20ed22cfff0e2,What did the person who lived in Marin City once do?,Bishop,"Based on the given information, the person who lived in Marin City (Gladys Marín) once worked as a",0,0.0,0.8,9423.777017000248,False,tog2,0
WebQTest-1817_e04d0ee5dcbfd8b2dbb1e8be247e94d4,What university with a sports team named Oxford University RFC did JRR Tolkien go to?,University of Oxford,"The information provided does not specify a sports team named Oxford University RFC or JRR Tolkien's alma mater directly. However,",0,0.16666666666666666,0.8,9580.96354699228,False,tog2,1
WebQTrn-95_0a1797c617f8e1eb87eab85b0790302e,Saint Ann Parish is located in the country using what kind of money?,Jamaican dollar,The given information does not provide details about the currency used in Saint Ann Parish or any other parish. The chain of reasoning,0,0.0,0.8,9472.218124996289,False,tog2,0
WebQTrn-1077_fb48d47a1d549a96bd54b8bdaf3c4be1,What religions are practiced in the nation where you'd find Herat Province?,Shia Islam,The given information does not provide details about religions practiced in Afghanistan. The chain of facts only mentions that Pashto is,0,0.0,0.8,9566.413406006177,False,tog2,0
WebQTest-484_91486f8ce518ad60645488b0b298ff11,What are the languages used for communication in the region where the time zone is Heard and McDonald Islands Time Zone?,English Language,"To determine the languages used for communication in the region with the Heard and McDonald Islands Time Zone, we need to follow these",0,0.0,0.8,9495.150606002426,False,tog2,0
WebQTrn-21_2b2e7b36b664bdd3e85b7c3a190677fc,Who is the prime minister of the country that has Loma?,Hailemariam Desalegn,"The information provided does not contain any details about a country named ""Loma"" or the identity of its prime minister.",0,0.0,0.8,9477.289587986888,False,tog2,0
WebQTrn-14_2c7762d283ed24be7f442f301fb3a5c4,"Where with a population once of less than 5732212 is Rome, Italy located?",Lazio,Vatican City,0,0.0,0.8,9693.302348008729,False,tog2,0
WebQTest-998_7b6c0cc98675b4b7a6638ef625cfa860,When was the last championship won by the 1970 NBA Finals Champions?,1973 NBA Finals,The last championship mentioned for the Boston Celtics before the 1970 NBA Finals would be the 197,0,0.2,0.8,9521.224793003057,False,tog2,0
WebQTrn-750_3678d94fca2cefdaebd9ae4df2b46ada,In what years did Stan Kasten's organization win the World Series?,1981 World Series,The information provided does not indicate that Stan Kasten's organization won the World Series in any year. The chain mentions,0,0.16666666666666666,0.8,9554.536643001484,False,tog2,0
WebQTest-1875_de764c65ac3c6a870a407dd9cafd0dc9,What is the political system in the country that uses the Brazilian Real currency?,Presidential system,The given information does not provide details about the political system or the currency used in Brazil. The chain of information focuses on,0,0.08,0.8,9481.889820002834,False,tog2,0
WebQTest-1000_10aa3b0c992e4e6f4cf624c6c38c727f,What country with the capital of HagÃ¥tÃ±a is in Oceania?,Guam,"Guam is not mentioned in the provided chain and based on the given information, there is no country with the capital of Hag",0,0.08333333333333333,0.8,9717.674744999385,False,tog2,0
WebQTest-302_139cc3d497bad703a6253a51b39f0edc,What are official team color of the champion of Super Bowl VI?,Blue,The reasoning chain provided does not contain any information about the official team colors of the champion of Super Bowl VI. To answer,0,0.0,0.8,9571.341728995321,False,tog2,0
WebQTest-55_15737055923694d16485b6d734decdd1,What did the famous person who went to Seaforth Elementary School do?,Actor,"The famous person who went to Seaforth Elementary School is Angelina Jolie, and she is known for her work as",0,0.0,0.8,9424.063797996496,False,tog2,0
WebQTrn-60_8b2e8f4e23e7af4e77ae1535c753ef6b,What Portuguese-speaking nation has a foreign direct investment net inflow of -100816373?,Cape Verde,The information provided does not contain data on foreign direct investment net inflows for any Portuguese-speaking nation. The given chain of,0,0.0,0.8,9656.653251004172,False,tog2,0
WebQTest-1603_66cf01fb3373deb3f112935fbc2518da,What text in the religion which includeZhang Jue as a key figure is considered to be sacred?,Zhuang Zhou,"The question provided does not align with the given reasoning chain. The chain discusses Arabic language and its presence in certain countries,",0,0.0,0.8,9563.62569500925,False,tog2,0
WebQTrn-2904_cb8d941f825c5dd7b2d6f3faef7f9229,What city is home for Lauren Conrad and had a mayor named Willie Brown?,San Francisco,The given information does not mention Lauren Conrad or Willie Brown. It only provides details about Joseph Conrad and Todd Strange being associated,0,0.0,0.8,9541.807015004451,False,tog2,0
WebQTrn-1001_1134a24400661a6f5feeb3b325cbb1df,Which Super Bowls has Steve Tisch's sports teams won?,Super Bowl XLVI,The given information does not contain any data about Super Bowls or Steve Tisch's sports teams. The provided chain is,0,0.08333333333333333,0.8,9512.441783997929,False,tog2,0
WebQTest-1686_554811ebe1463287ee640a214683ea57,"Who held his governmental position from before Janaury 6, 2003 and was the 2009 Governor of Arizona?",Janet Napolitano,"The information provided does not specify a governor for the exact date of January 6, 2003, or",0,0.0,0.8,9711.669229000108,False,tog2,0
WebQTest-1785_0943c2e85ef4350a9672b44cf93291d4,Which film with Idi Amin as a character did Kim Richards appear in?,Raid on Entebbe,The given information does not provide specific details about which film Kim Richards appeared in alongside Idi Amin. To answer this,0,0.0,0.8,9442.044909999822,False,tog2,0
WebQTrn-710_87afbf2481df60df8476b920f00c4247,When was that last time the champion of the 2012 World Series win the World Series?,2014 World Series,"The information provided does not include details about the 2012 World Series winner, so we cannot determine from this",0,0.18181818181818182,0.8,9564.844731998164,False,tog2,0
WebQTrn-2569_c7e1b4c99873c80def2ecc3d7eef27bf,Where do the 1995 NBA Finals champions play?,Toyota Center,"The reasoning chain provided does not contain information about the 1995 NBA Finals champions. Therefore, based on the",0,0.0,0.8,9495.716289995471,False,tog2,0
WebQTrn-683_33af83d6d660a434aeb440fd6f82c8d5,"In film that has a charcter named World Security Council Member #3, who is playing Hawkeye?",Jeremy Renner,"The information provided does not specify which actor plays Hawkeye or any connection to a character named ""World Security Council Member",0,0.0,0.8,9447.720488999039,False,tog2,0
WebQTrn-3151_cfcb8ee843e79059ec902e53426d5d04,"What's the major language spoken at the location that appointed Antonis Samaras, to a governmental position?",Albanian language,The given information does not provide details about the language spoken at the location where Antonis Samaras was appointed to a governmental,0,0.08333333333333334,0.8,9526.981846996932,False,tog2,0
WebQTrn-2738_3af38b10b0d7b98adee1efab161eb884,What style of art is used by the illustrator of the book Jazz?,Modern art,"The given information does not provide details about the illustrator or the style of art used in the book ""Jazz."" The",0,0.08695652173913042,0.8,9408.450029004598,False,tog2,0
WebQTrn-2834_d3301dedbdcb2d171a75be1631e8cec5,What major religion in the US has Lumbini as a sacred site?,Buddhism,Buddhism,1,1.0,0.8,9475.966373007395,False,tog2,0
WebQTrn-412_b5575cb1cef1ef5a555d364a3429dedd,People from the country that contains The Hague speak what language?,Dutch Language,Dutch,0,0.6666666666666666,0.8,9462.779470006353,False,tog2,0
WebQTest-1686_4fa3b53f1047599414336495b9275a38,Who was the Governor who appointed Jan Brewer to a government position in 2009?,Janet Napolitano,The information provided does not specify the year of the appointment or identify the Governor who appointed Jan Brewer to a government position in,0,0.15384615384615385,0.8,9684.418636999908,False,tog2,0
WebQTrn-3694_e185ea716e0dcbdf8d9ad6498b5e88f1,Which money types are the currency employed in the country that uses the Cuban convertible peso?,Cuban peso,"To answer this question, we need to identify the relevant information from the given chain and make logical connections:",0,0.0,0.8,9415.796171000693,False,tog2,0
WebQTrn-2664_56426be0d7b0e75f58d47948c71dc75d,What country contains Hawke's Bay and is the main trading partner of China?,New Zealand,New Zealand,1,1.0,0.8,9558.630435989471,False,tog2,0
WebQTrn-1001_79bdd4bc7e7acdf09d75459e5efe7293,What Superbowls did the team owned by John Mara win?,Super Bowl XLVI,None of the provided information pertains to Superbowl wins or the ownership of the San Francisco Giants. The given data,0,0.0,0.8,9503.75439999334,False,tog2,0
WebQTest-1091_843715b5d1b0569540e0316e66763a38,What type of religion in the United States has the Kushinagar sacred site?,Buddhism,The given information does not provide a direct connection between the Kushinagar sacred site and any specific type of religion in the,0,0.0,0.8,9618.247020000126,False,tog2,0
WebQTrn-14_1d1c28cc9c5f4e83f9f932e3615e2391,Where is the city that hosted the 1960 Summer Olympics located?,Italy,"The 1960 Summer Olympics were held in Rome, Italy. Therefore, the city that hosted the 1",0,0.11764705882352941,0.8,9473.589864006499,False,tog2,0
WebQTest-489_85a1a0df50c244433caecb981f999c3d,"In the film with the character named Benito Ramirez, who plays Stephanie Plum?",Katherine Heigl,The information provided does not include specific details about the actor who plays Stephanie Plum in a film with the character named Benito,0,0.0,0.8,9490.04014399543,False,tog2,0
WebQTrn-3166_cb7256fc0312551734293d80792d8d90,What is the capital city of the country with the National Anthem Aegukga?,Seoul,The information provided does not include the capital city of the country with the National Anthem Aegukga. To answer this,0,0.0,0.8,9437.469362004776,False,tog2,0
WebQTest-1483_4c2bbfb641cc9cde2a873099756839a0,What is the political system in the place that contains an airport that serves Duisburg?,Constitutional republic,The question cannot be answered based on the given information. The provided chain does not contain any details about the political system or,0,0.0,0.8,9409.962883000844,False,tog2,0
WebQTrn-2904_99f2c6359f65cb116bf380f01af55d6b,Where does Lauren Conrad live that appointed Dianne Feinstein to a governmental position?,San Francisco,"The information provided does not contain any details about Lauren Conrad or her residence, nor does it mention Dianne Feinstein's appointment",0,0.0,0.8,9069.073723992915,False,tog2,0
WebQTrn-1659_96b4ef75cad08d1c7213c761f9c0c65f,What team with fight song Bow Down to Washington did Nate Robinson played for?,Washington Huskies football,The information provided does not contain any details about Nate Robinson or a fight song related to Washington. There is no direct connection,0,0.07692307692307691,0.8,9554.474664997542,False,tog2,0
WebQTrn-2834_843715b5d1b0569540e0316e66763a38,What major religion in the United States has Kushinagar as a religious sacred site?,Buddhism,Buddhism,1,1.0,0.8,9549.776333995396,False,tog2,0
WebQTrn-2834_2628f11e5d50a222dad0130ac27bc270,WHat religions have a pacticing population in the United States and inlcude Samsara as a part of their belief system?,Hinduism,None of the given information mentions Samsara as a belief system. The provided chain only includes information about Abrahamic,0,0.0,0.8,9568.988672996056,False,tog2,0
WebQTrn-2314_f53b7962c4dfca88044f3c0a89ac0290,What kind of money is used in the country where the Puntarenas Province can be found?,Costa Rican colón,The reasoning chain does not provide information about the Puntarenas Province or the currency used in the country containing it.,0,0.0,0.8,9545.85025900451,False,tog2,0
WebQTrn-1297_0ed55ab55fae21af5b4b03af90678e30,Where did the person who went to Statford Northwestern Secondary school grow up?,London,The information provided does not mention Statford Northwestern Secondary school or any details about where Angelina Jolie grew up. The,0,0.0,0.8,9319.871807994787,False,tog2,0
WebQTrn-1521_3ddef42334254dad62fdbd0c3e4724e7,What is the mascot of the educational institution that has a sports team named the North Dakota State Bison?,Thundar,"The University of North Dakota's mascot is the Fighting Hawks, not directly related to the North Dakota State Bison mentioned in the",0,0.0,0.8,9479.2820129951,False,tog2,0
WebQTrn-2319_50b710c35a760f79c490a695314e6c74,What are the official languages spoken where Sviatoslav Shevchuk is a religious leader?,Albanian language,"The given information does not provide details about Sviatoslav Shevchuk or his role as a religious leader,",0,0.0,0.8,9427.963847992942,False,tog2,0
WebQTest-1923_5584d7ea5e4b9f2391d1610bcc5f75fb,What TV movie was Miley Cyrus in that has 1 episode?,Wizards on Deck with Hannah Montana,The information provided does not specify which TV movie Miley Cyrus was in or how many episodes it has. The given chain,0,0.0,0.8,9412.53046199563,False,tog2,0
WebQTrn-2316_526c3ef64bdba794aea4d24cc1c6cc1f,Who was the illustrator of the book Alcools and influenced Jackson Pollock 's work?,Pablo Picasso,"The given information does not provide details about the illustrator of the book ""Alcools"" or its influence on Jackson Pol",0,0.0,0.8,9531.161995997536,False,tog2,0
WebQTest-712_10aa3b0c992e4e6f4cf624c6c38c727f,HagÃ¥tÃ±a is the capital of what country with territories in Oceania?,Guam,Timor-Leste,0,0.0,0.8,9712.365761006367,False,tog2,0
WebQTest-996_3b05c852523638229a0ba552f2ac27dd,Which stadium did Ireland play in where it won the World Cup Championship in rugby in 1995?,Aviva Stadium,"The information provided does not contain any details about Ireland, the 1995 Rugby World Cup, or the stadium",0,0.09999999999999999,0.8,9619.267476009554,False,tog2,0
WebQTrn-3515_fc61b4e1b808d8b466d687dc80c8498f,What college did Paul Ryan attend that has a team Miami RedHawks men's basketball?,Miami University,University of Akron,0,0.4,0.8,9521.474250999745,False,tog2,0
WebQTrn-2023_a1424289baa01b0b74d44cdffa8ef18f,What is the location where the individual who attended Eli Whitney High School brought up?,Brooklyn,The information provided does not mention Eli Whitney High School or any location where Ron Howard (who attended John Burroughs High,0,0.0,0.8,9470.453173998976,False,tog2,0
WebQTest-1797_5c79a2f70b136c7c704ea2a8b07bc58a,Which unit was a combatant in the Battle of Vicksburg and used Southern States Confederate Currency as its unit of currency?,Confederate States of America,The reasoning chain does not provide information about a specific unit that fought in the Battle of Vicksburg or used Southern States,0,0.15384615384615385,0.8,9546.305066003697,False,tog2,1
WebQTrn-2664_0f1d384919bac2772e7f384ffd0116fe,WhatWhat English speaking country north of Australia in the southern pacific is one of China's main trading partners of china?,New Zealand,The reasoning chain provided does not contain information to answer the specific question about a country north of Australia that is one of China,0,0.0,0.8,9576.11285400344,False,tog2,0
WebQTest-537_955d6e0a1fc92093ca7adcbd82267c5b,What movie with character named Ben Dunham #2 has Charlie Nunnam been in?,Green Street,The information provided does not include specific details about a movie with a character named Ben Dunham #2 or Charlie Nunnam,0,0.0,0.8,9497.6355490071,False,tog2,0
WebQTrn-662_707caa73f11b1e655a0f5f6b75082734,What team has a mascot named Fred the Red?,Newton Heath L&YR F.C.,"Based on the given information, the team with a mascot named ""Fred the Red"" is Manchester United F.C. The",0,0.15384615384615383,0.8,9622.88417200034,False,tog2,0
WebQTrn-1817_e3cca7a9117d7c23ddfc189a49770034,The country that contains Cao Bang has what type of governent today?,Communist state,"The information provided does not specify the current government type of the country containing Cao Bang. To answer this question accurately,",0,0.0,0.8,9578.389578993665,False,tog2,0
WebQTrn-945_ffcdbd72aca9f8b382c653c3285bf954,In which timezone is the region where Jim Edgar was named to a post in the government?,Central Time Zone,The given information does not provide any details about the timezone of the region where J. Edgar was named to a post in,0,0.0,0.8,9511.824674002128,False,tog2,0
WebQTrn-1706_5c700e3bff39470405f500c2f1350b51,Who is the leader of the country that has ColÃ³n Province?,Juan Carlos Varela,The reasoning chain does not provide specific information about the leader of a country with Colón Province. It only describes types and,0,0.0,0.8,9523.424309008988,False,tog2,0
WebQTrn-1758_76dd6ebb7d634241665747bfde3c1112,The country that contains Ardabil Province has what present form of government?,Parliamentary system,The given information does not provide details about the country containing Ardabil Province or its form of government. The chain of statements,0,0.0,0.8,9443.333667994011,False,tog2,0
WebQTrn-60_204c0cce2fbbb4f005bc397d75c0f0c8,In what country with Portugese spoken in it has the market cap of list companies as percent of gdp been 10.51?,Brazil,The information provided does not contain any data about the market cap of list companies as a percentage of GDP or any reference to,0,0.0,0.8,9443.379169999389,False,tog2,0
WebQTrn-3543_62ea63f7954eccb68d685d3695c0b84d,What country that uses the Australian dollar does Japan export to?,Kiribati,"The information provided does not specify a country that uses the Australian dollar or Japan's exports. Therefore, it is impossible to",0,0.0,0.8,9542.741461002151,False,tog2,0
WebQTrn-3766_b189e33b064458d172fee7d5e4c90738,The location that appointed Ollanta Humala to governmental position uses what type of money?,Peruvian nuevo sol,The given information does not provide any details about a location appointing Ollanta Humala to a governmental position or the,0,0.0,0.8,9524.917219998315,False,tog2,0
WebQTrn-2576_975ba342df8c19b7e9d8f452f606a994,To what continent does the nation where the Falkland Islands pound is used as money?,South America,"The Falkland Islands are not directly listed in the provided schema. However, based on known information, the Falkland Islands",0,0.0,0.8,9432.9528780072,False,tog2,0
WebQTrn-710_c334509bb5e02cacae1ba2e80c176499,What was the last World Series won by the team whose mascot is Lou Seal?,2014 World Series,"To determine the last World Series win of the San Francisco Giants (the team whose mascot is Lou Seal), we need to",0,0.16,0.8,9374.792560003698,False,tog2,0
WebQTest-1120_c78405f6f2157645f1098f8a871f1bc2,"Before the Euro, what was the currency where Louis-Eugene Cavaignac was appointed to governmental position?",Assignat,French franc,1,1.0,0.8,9592.905935001909,False,tog2,0
WebQTest-361_d4b7b091dfd540b6b8efcab6634968d1,"What museum that opened later than 1891 should I visit when I go to Vienna, Austria next year?",Sigmund Freud Museum,"None of the provided information is relevant to a museum in Vienna, Austria. The given data pertains to a Historical Museum",0,0.14814814814814814,0.8,9647.563830003492,False,tog2,0
WebQTrn-1405_2f717ed5be06df3cdedbc807e1975966,What college did President Kennedy attend that has a sports team Princeton Tigers men's basketball?,Princeton University,The information provided does not specify which college President Kennedy attended that has a sports team named the Princeton Tigers men's basketball.,0,0.08,0.8,9663.694272006978,False,tog2,0
WebQTest-1306_213cbfafc2612b42c5f8efe85c3532c5,What form of government is in the country that uses the Iranian Rail and was established in 1979?,Parliamentary system,Islamic Republic,1,1.0,0.8,9399.13037000224,False,tog2,0
WebQTest-1216_7b3bbe0291752d176e791ab0a47111f5,Which nation is the person who attended Gori Church School the leader of?,Soviet Union,The given information does not provide enough details to determine which nation the person who attended Gori Church School is the leader of,0,0.0,0.8,9559.09314499877,False,tog2,0
WebQTrn-60_edc922a0faa1e47614eb7e6effe2d1a1,"Which portuguese speaking country is home to Anren Town, Sichuan?",China,"The given information does not provide any details about Anren Town, Sichuan or its relation to a Portuguese-speaking country",0,0.0,0.8,9606.44845700881,False,tog2,0
WebQTrn-1938_bda5cd2328322c309ecbaaffcb9e7c8e,What is the type of government where the Haifa District is?,Parliamentary system,"The type of government in Israel, where the Haifa District is located, is a parliamentary democracy.",0,0.1111111111111111,0.8,9572.594141995069,False,tog2,0
WebQTrn-1659_1a493665beb5be1dd530e06a6d98082b,What basketball team with head coach Brian Shaw did Nate Robinson play for?,Denver Nuggets,Denver Nuggets,1,1.0,0.8,9553.516590007348,False,tog2,0
WebQTrn-2209_12f6cc11b208923d4a4976466bb4fd34,What years did the team with the mascot named Lucky the Leprechaun won the Championship?,2008 NBA Finals,The given information does not provide details about championship wins or specific years for the Boston Celtics or any mascot named Lucky the L,0,0.0,0.8,9523.665326996706,False,tog2,0
WebQTrn-2209_6bddb2cfae99a6fca8b5bb40631d71eb,Team owner Wyc Grousbeck last won the Championship when?,2008 NBA Finals,The given information does not specify when Wyc Grousbeck's ownership led to a championship win for the Boston Celtics.,0,0.0,0.8,9524.65662198665,False,tog2,0
WebQTest-918_030834eb2597f0f2e2ad6712a6154451,"Who's the king of the country, that has the national anthem of Nokor Reach, currently?",Norodom Sihamoni,"The information provided does not include details about the current king of any country. The national anthem mentioned is ""Nokor",0,0.0,0.8,9435.021444005542,False,tog2,0
WebQTrn-3084_5bc74979fc1292d14458ccc3a131a6e6,"Which country does Japan Export to, where the country capital is in Khartoum?",Sudan,"The information provided does not contain details about countries that Japan exports to or the capital cities of those countries. Therefore, it",0,0.0,0.8,9634.424570002011,False,tog2,0
WebQTest-935_031e56afa089a0f679104c73e0ea5126,Where did the famous person who went to Al-Thager Model School got killed?,Abbottabad,The information provided does not contain any details about a famous person from Al-Thager Model School or the location of their death,0,0.0,0.8,9508.821666997392,False,tog2,0
WebQTest-1348_c1da6561b1fb496c7b1eae3b08eafca8,What NFL Team did Peyton Manning 's father play for also won the 2010 NFC Championship Game?,New Orleans Saints,"To answer this question, we need to identify an NFL team that both Peyton Manning's father played for and won the",0,0.0,0.8,9437.368697996135,False,tog2,0
WebQTrn-3384_7521446b16f8e39c384fde8af80e3993,People from the country that contains Greenland speak what languages?,Greenlandic language,"Based on the given chain, we cannot definitively determine which languages are spoken by people from the country containing Greenland. The",0,0.0,0.8,9462.684796992107,False,tog2,0
WebQTest-1348_426b5d500aec6111d69c3f6f9b16b3f3,What team with team mascot named Sir Saint did Peyton Manning's dad play for?,New Orleans Saints,The question does not provide information about a team with a mascot named Sir Saint or Peyton Manning's dad playing for such a,0,0.0,0.8,9319.014428008813,False,tog2,0
WebQTrn-2576_280f6fb1deae2956230d33d29b4054ae,The country with the capital of Stanley belongs to which continent?,South America,"To determine the continent, we need to follow the logical connections provided in the reasoning chain:",0,0.0,0.8,9616.386360998149,False,tog2,0
WebQTrn-2748_52cbd36b86588e3b6e38b0ba8dc53c62,What languages are spoken in the country that has Lopburi Province?,Lao Language,The information provided does not include details about the languages spoken in the country with Lopburi Province. To answer this,0,0.0,0.8,9525.558353998349,False,tog2,0
WebQTrn-2834_5b52c9e057d0f0e6704f0b264e864dfc,What major religion in the US has places of worship named Churches?,Christianity,Christianity,1,1.0,0.8,9421.284699987154,False,tog2,0
WebQTrn-1731_4eea981607dbe17b040580ce4cd93ec4,What did Randy Jackson play in the Eclipse Tour?,Bass guitar,The given information does not provide details about Randy Jackson or his role in the Eclipse Tour. The provided reasoning chain focuses on,0,0.0,0.8,9469.054372995743,False,tog2,0
WebQTrn-3543_5bc74979fc1292d14458ccc3a131a6e6,What African country trading with Japan calls Khartoum its  capital city?,Sudan,Sudan,1,1.0,0.8,9668.523569998797,False,tog2,0
WebQTest-1260_6b1c0c0fb24a34937f450fdc16a3387b,"In what year did the sports team whose fight song is ""Seven Nation Army"" win the Super Bowl?",Super Bowl XXXV,The given information does not provide any details about a sports team's fight song or Super Bowl wins. There is no connection,0,0.15384615384615383,0.8,9645.596613991074,False,tog2,0
WebQTrn-452_872253e47dd6ddaa213ff31eeda8783b,In what Eastern Time Zone does Lala Anthony live?,New York City,"The information provided does not specify an Eastern Time Zone or Lala Anthony's location. Therefore, it's impossible to determine",0,0.0,0.8,9564.275902012014,False,tog2,0
WebQTrn-60_15fff54285b45134365c51f1aff232c1,In which country with a part time employment rate of 10.2 percent is portuguese spoken?,Macau,Guinea-Bissau,0,0.0,0.8,9691.531988006318,False,tog2,0
WebQTrn-2047_00840ffd6f70a31cc74f335fee164673,What stadiums does the team who won 1907 World Series Championship play at?,Hohokam Stadium,None of the provided information mentions the 1907 World Series or the team that won it. The information given,0,0.0,0.8,9534.770917991409,False,tog2,0
WebQTest-1528_a2694b95163afd08c03e36c6c195cab6,What film that has a character named Charles De Batz-Castelmore does Logan Lerman play in?,The Three Musketeers,The question cannot be directly answered from the given information as it does not specify which film or movie it is referring to.,0,0.13793103448275862,0.8,9495.525029997225,False,tog2,0
WebQTrn-1770_76c2e83b07b9da336705f1d623faf5a4,"What is the name of the daughter of the artist who had the ""The Mrs. Carter Show World Tour""?",Blue Ivy,Joss Carter,0,0.0,0.8,9506.335854995996,False,tog2,0
WebQTrn-2069_44d67b357829d662abe1c6dc637e219d,Which language is spoken in the country whose capital is Santiago?,Aymara language,Spanish Language,1,1.0,0.8,9476.88692700467,False,tog2,0
WebQTest-1348_c0fe53f8950b9ae1ce9b57622bd27ece,What team owned by Tom Benson did Peyton Manning's dad play for?,New Orleans Saints,New Orleans Saints,1,1.0,0.8,9466.760851995787,False,tog2,0
WebQTest-1686_5b0246d0bc7172511480c78134ab2e39,Who is the governor of the place that Bruce Babbitt held the governmental position in 2009?,Janet Napolitano,"The information provided does not specify which state Bruce Babbitt served as governor or when. Therefore, we cannot determine who",0,0.0,0.8,9682.949453999754,False,tog2,0
WebQTest-1823_da9014983a12d462e03b66679a22e147,What type of government is used in the country that appointed Coalition Provisional Authority?,Parliamentary system,"The country that appointed the Coalition Provisional Authority is Iraq, but based on the given information, the closest match for a",0,0.0,0.8,9637.613004000741,False,tog2,0
WebQTrn-2834_9be8c18e016b713cbb7f7feb6badebc7,What major United States' religion has a religious text named The Bible?,Christianity,Christianity,1,1.0,0.8,9489.16766300681,False,tog2,0
WebQTrn-1077_f3866b9a2ec763921936d5aae203dcc0,What religion in Afghanistan that has a notable figure named Syed Aqeel-ul-Gharavi?,Shia Islam,The reasoning chain provided does not contain any information about religious figures or individuals named Syed Aqeel-ul-Gharavi,0,0.0,0.8,9499.456960998941,False,tog2,0
WebQTrn-1180_3f1e3b52e20a98728e9257266e7499ff,What state with the capital of Jefferson City is Wellsville located in?,Missouri,The information provided does not match the question. The given data is about Pleasantville and its location within the United States of,0,0.0,0.8,9572.414961003233,False,tog2,0
WebQTrn-846_6ad8b2652f0778ce6b9877c6070d9d4f,What is the birthplace of the famous person who went to Napanee District Secondary School?,Belleville,The information provided does not specify the birthplace of Angelina Jolie or her birthplace connection to Napanee District,0,0.0,0.8,9414.92996001034,False,tog2,0
WebQTest-1012_e429150c2d7644e06115aa7443c5469b,What is there to do in Hollywood this coming weekend that is also the recording location for the tv show The A-Team?,Universal Studios Hollywood,"Based on the given information, we cannot determine what specific events or activities are happening in Hollywood this coming weekend. Additionally,",0,0.08333333333333333,0.8,9517.303296990576,False,tog2,0
WebQTrn-1646_6050f9741fc20724152eafe912e420e2,"In the country that uses the DOminican Peso, which currnecy is used?",Haitian Creole,"The currency used in the country that uses the Dominican Peso is the Dominican Peso. Based on the given information,",0,0.0,0.8,9650.486188998912,False,tog2,0
WebQTest-743_c4d6520c1e12c95284381591bde82c86,"Which of JFK's brothers held his governmental position from after November 6, 1962?",Robert F. Kennedy,LBJ,0,0.0,0.8,9385.544271004619,False,tog2,0
WebQTest-1091_f5779141967bbbc15b40ea3d5df71e93,What religious organization in the United States recognizes Army of the Lord?,Christianity,"To answer the question about which religious organization in the United States recognizes the ""Army of the Lord,"" we need to focus",0,0.0,0.8,9393.884624994826,False,tog2,0
WebQTrn-372_236e29382c53f33ae0b8f011963256de,How does the religious organization of St. Paul the Apostle Church refer to their deity?,Holy Spirit,The given information does not provide details about how the religious organization of St. Paul the Apostle Church refers to their deity.,0,0.21428571428571427,0.8,9537.023402997875,False,tog2,0
WebQTrn-3084_026bed85b8f8e93ed381fc00a5f8a824,What country does Japan export to in the Newfoundland Time Zone?,Canada,The information provided in the reasoning chain does not contain any data about countries or exports. It only discusses properties related to time,0,0.0,0.8,9488.876004994381,False,tog2,0
WebQTrn-1394_2906eaa7fc927cbcba4887a4d73cc452,Which country with the capital Tirana does Turkey trade with?,Albania,The given information does not provide enough details to determine which specific country Turkey trades with that has its capital as Tirana.,0,0.0,0.8,9593.333066994091,False,tog2,0
WebQTrn-894_d2fa08c8fbe626390ddbc99de7f9cfaa,Who inspired Scott Fitzgerald that is the architect who designed The Mount?,Edith Wharton,The given information does not provide any details about an architect named Scott Fitzgerald or about who inspired Scott Fitzgerald. The provided chain,0,0.0,0.8,9576.770283005317,False,tog2,0
WebQTrn-95_bc814d72f169b435afd21e2317dc1a4d,"What currency is used in the country that has national anthem Jamaica, Land we Love?",Jamaican dollar,Jamaican dollar,1,1.0,0.8,9701.428626009147,False,tog2,0
WebQTrn-2026_0d5bc4f5ce16dafee354662c09965811,"What is the currency in the country whose national anthem is ""Valiant Quisqueyans""?",Dominican peso,The reasoning chain does not provide information about the currency of the country. It only states that the national anthem of the Dominican,0,0.08,0.8,9281.408584007295,False,tog2,0
WebQTrn-2152_b7b2e2a812931135ab913a8613e57c5c,What team in the American League West won the 2002 World Series?,Los Angeles Angels of Anaheim,Los Angeles Angels of Anaheim,1,1.0,0.8,9524.651065003127,False,tog2,1
WebQTrn-237_f43785599ba51bf943f98f8d9bbf102a,Who is the man in the position of head coach of the squad that earned victory in the 2011 AFC Championship Game?,Mike Tomlin,The information provided does not specify the identity of the head coach who led a team to victory in the 201,0,0.0,0.8,9502.814155988744,False,tog2,0
WebQTrn-3170_91fbb9146e3addbb313ff7ead5eb51f8,What degree is held by a notable person who was educated at State Elementary School Menteng 01?,Political Science,The reasoning chain provided does not contain specific information about a notable person who was educated at State Elementary School Menteng 0,0,0.0,0.8,9487.322525994387,False,tog2,0
WebQTrn-60_ea64bd8530c79e21438a71faed039caf,In what country is the national anthem Die Stem van Suid-Afrika and people speak Portuguese?,South Africa,Mozambique,0,0.0,0.8,9438.991803996032,False,tog2,0
WebQTrn-60_04672e8a84854be8fd9ff7409d98e546,In what country with  had an energy use per capital in KGOE of 1006.494 do people speak Portuguese?,Portugal,The information provided does not include data on energy use per capita or specify a country by that metric. The chain only mentions,0,0.0,0.8,9656.194944996969,False,tog2,0
WebQTest-191_c6a356c1033c0023ce7c1a8742cbdfdb,Where college did Drew Brees attend that publishes Purdue Exponent?,Purdue University,"The information provided does not mention Drew Brees or Purdue Exponent. Based on the given chain, it only discusses Rip",0,0.09090909090909091,0.8,9374.603206000756,False,tog2,0
WebQTest-213_1bb5d148e28985730d4603ae86c12405,"Who did Scarlett Johansson date, and is the player started his sports career in 1992?",nm1157013,The given information does not provide any details about Scarlett Johansson's dating history or any sports player's career start year in,0,0.0,0.8,9536.002455992275,False,tog2,0
WebQTrn-25_ea583b84dc5dfe45c75fd39e26322506,What TV series with 50 episodes does Taylor Lautner play in?,"He's a Bully, Charlie Brown",The given information does not provide details about a specific TV series with 50 episodes or Taylor Lautner's role,0,0.15384615384615383,0.8,9410.214375006035,False,tog2,0
WebQTrn-2576_06ad4470bb7a75b4cb8f5c16ce132aa5,"Which continent is the country whose national anthem is ""Song of the Falklands"" on?",South America,"The given information does not specify the continent where the Falkland Islands are located. The national anthem ""Song of the Falk",0,0.0,0.8,9440.368572002626,False,tog2,0
WebQTest-1340_872253e47dd6ddaa213ff31eeda8783b,Where is Steven Nash from in the Eastern Time Zone?,Canada,The information provided does not contain any details about Steven Nash or his place of origin. The given chain focuses on definitions and,0,0.0,0.8,9370.733802003087,False,tog2,0
WebQTrn-1077_71f8695fd9d505f04a479ec4bf7a65c8,What religion with a place of worship named Madayi Palli is practiced in Afghanistan?,Sunni Islam,The given information does not mention any religion with a place of worship named Madayi Palli in Afghanistan. The provided,0,0.0,0.8,9500.470368991955,False,tog2,0
WebQTest-1320_0fca6c57b860f8b3ab53d092652cb048,What is the ballpark named where the team with the mascot called Bernie Brewer plays?,Miller Park,Brewer Fieldhouse,0,0.0,0.8,9473.398784000892,False,tog2,0
WebQTrn-372_f9842decd483e4b3460e18bf9c5504b2,What does the religious organization of Chavagnes International College call their god?,Holy Spirit,The information provided does not contain any details about the religious organization of Chavagnes International College or what they call their,0,0.16,0.8,9589.61784899293,False,tog2,0
WebQTrn-21_fb317edef12f389e0ed49321d8236622,Who is the prime minister of the country that is the major exports of coffee and tea?,Hailemariam Desalegn,The information provided does not contain details about the major exports of any country or the current prime minister of a country that exports,0,0.0,0.8,9497.039609006606,False,tog2,0
WebQTrn-2250_06a710540c2c24122b76d789e90023a9,What city is the child organization of Sony Canada's headquarters set in?,Minato,The information provided does not specify a child organization of Sony Canada or its headquarters location. The chain of reasoning only mentions United,0,0.0,0.8,9412.932054998237,False,tog2,0
WebQTrn-60_656683143d1daad803e8b2a0428cd441,What Portuguese-speaking country's market cap of list companies as percent of gdp was 10.43?,Brazil,"The information provided does not contain data about market caps or GDP of any countries, thus it is impossible to determine which Portuguese",0,0.0,0.8,9630.351861997042,False,tog2,3
WebQTrn-2319_f5f520bc296fc9fb19aabfd9936e7f55,What is the official language of the country with Viktor Yanukovych as a government official?,Albanian language,"To determine the official language of the country where Viktor Yanukovych served as a government official, we need to follow",0,0.09090909090909091,0.8,9408.171270013554,False,tog2,0
WebQTest-1012_872253e47dd6ddaa213ff31eeda8783b,"What is there to do in Hollywood, California in the Eastern Time Zone?",Universal Studios Hollywood,"The given information does not provide specific activities or events to do in Hollywood, California during the Eastern Time Zone. It only",0,0.08,0.8,9522.614939996856,False,tog2,0
WebQTest-626_d7d303efc1f901f14e6aae2bb469743c,What states that are part of the Mountain Time are divided by the missouri river?,Kansas,"The reasoning chain does not provide specific information about which Mountain Time Zone states are divided by the Missouri River. Therefore, we",0,0.0,0.8,9568.87619799818,False,tog2,0
WebQTrn-1770_d6376c225805816bd064b73bac4ff808,Who is the daughter of the famous person who attended Parker Elementary School?,Blue Ivy,The question does not provide enough information to determine the daughter of a famous person who attended Parker Elementary School. The given chain,0,0.0,0.8,9383.37739900453,False,tog2,0
WebQTest-493_ac67410188d0f2258139a3c84773885e,What type of government does the country with Central Western Time Zone have?,Parliamentary system,The information provided in the reasoning chain does not contain any details about the government type of a country with a Central Western Time,0,0.0,0.8,9429.01491500379,False,tog2,0
WebQTest-1941_cb21e01db360ce345ff98f5f2ac4b3e8,What type of government is used in the country with currency Peruvian nuevo sol?,Presidential system,Unitary state,1,1.0,0.8,9512.164817992016,False,tog2,0
WebQTrn-1557_573d4efe36c8edcac99c7247408e53c2,"Where did Charles Drew go to college where the newspaper is ""The McGill Daily""?",McGill University,The information provided in the reasoning chain does not contain any details about Charles Drew or his college education. The chain focuses on,0,0.0,0.8,9560.213065997232,False,tog2,0
WebQTrn-2023_ab27357b0c4c667d23f485248e35c1bf,Where was the artist who headlined the Jay-Z Fall Tour brought up?,Brooklyn,The information provided does not include details about where the artist was brought up. The given data is related to an event (,0,0.0,0.8,9535.046288001467,False,tog2,0
WebQTrn-2784_2c591595db3d76bb1d0aaa4cb7411b7a,Which movie with Tupac also has Dennis?,Nothing but Trouble,The given information does not provide any details about movies or Tupac. The information provided is about Tromaine Dennis's nationality,0,0.0,0.8,9417.165935999947,False,tog2,0
WebQTrn-2478_e53e37596014fb9723a81c577c51b4f3,What is the school mascot of the organization where you'd find the Syracuse University Video Production Unit?,Syracuse University Otto the Orange,The information provided does not specify the school mascot of the organization where the Syracuse University Video Production Unit is located. The given,0,0.40384615384615385,0.8,9520.52063299925,False,tog2,0
WebQTest-1216_761d625d144016a4f8b1857f93328727,The individual who obtained education at Tbilisi Spiritual Seminary is the ruler of which country?,Soviet Union,None of the provided information relates to an individual who obtained education at Tbilisi Spiritual Seminary or the ruler of a,0,0.0,0.8,9669.018236992997,False,tog2,0
WebQTest-832_1315945fdcb4fad1310ab7862120be0f,When was the most recent World Series win for the team which won the 2010 World Series?,2014 World Series,"The most recent World Series win for the San Francisco Giants, which won the 2010 World Series, was",0,0.3333333333333333,0.8,9563.836169007118,False,tog2,0
WebQTest-783_cdbd7d07f88a529c47082be4e41c406c,What county in Texas did Bob Lanier hold a governmental position?,Montgomery County,"The information provided does not contain any details about Bob Lanier or his governmental positions in Texas counties. Therefore, it's",0,0.0,0.8,9523.063910004566,False,tog2,0
WebQTrn-1817_e476056ca5c10f4f5f530d94b1b6ae5f,What form of government is used in the country that uses Vietnamese dong?,Communist state,"The information provided does not specify the form of government used in the country that uses Vietnamese dong. To answer this question,",0,0.0,0.8,9557.693564987858,False,tog2,0
WebQTrn-42_c2840394b15f40ab8df1987ece34cb87,What party with organization named Free Soil Party was Andrew Jackson in?,Democratic Party,The question provided does not match the information given in the reasoning chain. There is no mention of the Free Soil Party or,0,0.08,0.8,9587.24007300043,False,tog2,0
WebQTest-719_91fbb9146e3addbb313ff7ead5eb51f8,What is the political party that the individual who attended State Elementary School Menteng 01 represents?,Democratic Party,The given information does not provide enough details to determine which political party an individual who attended State Elementary School Menteng 0,0,0.08333333333333334,0.8,9427.09113699675,False,tog2,0
WebQTest-1091_6a27420dcf0528ae017dd74e40cfd38a,What religion with Tamil Nadu Thowheed Jamath is in the United States?,Islam,The given information does not provide any details about a religion associated with Tamil Nadu Thowheed Jamath in the United States,0,0.0,0.8,9501.211103008245,False,tog2,0
WebQTrn-1077_dd11343b9c28a21731d2ce4bbdc2630d,What religions are practiced in the country where they use the Afghan Afghani as the currency?,Shia Islam,"The given information does not specify the religions practiced in Afghanistan. The chain only provides details about the currency, geographic scope of",0,0.0,0.8,9510.701330989832,False,tog2,0
WebQTrn-1677_59282357ecb12eaa2c93c4580085afa4,What film with character named Ginger did Adam Sandler play in?,Blended,"The given information does not contain any details about Adam Sandler's filmography or characters he has played. Therefore, it",0,0.0,0.8,9452.950569990207,False,tog2,0
WebQTrn-513_9026725473f3be4310b7c1fe17209df2,What country in Eastern Europe appointed Rosen Plevneliev to a governmental position?,Bulgaria,The given information does not provide any details about Rosen Plevneliev or his appointment to a governmental position. The chain,0,0.0,0.8,9686.760812997818,False,tog2,0
WebQTest-61_a57061e7792a90ec7474f5e74b02daa0,What religion has a practicing population in India and includes the Heritage Netherlands Reformed Congregations as a branch?,Protestantism,The reasoning chain provided does not contain any information about religions or their branches. It only provides details about the Kingdom of the,0,0.0,0.8,9619.339395998395,False,tog2,0
WebQTest-1603_c0228581809788c617b45f1c43535436,What text is used in the religion that utilies Zhuang Zhou?,Zhuang Zhou,The given information does not provide details about the text used in the religion that utilizes Zhuang Zhou. To answer this question,0,0.16666666666666669,0.8,9478.345256997272,False,tog2,0
WebQTrn-3515_a8f39779957aacb92b8f13790d0fb345,What educational institution with sports team named Miami RedHawks did Paul Ryan attend college?,Miami University,The information provided does not specify which college or university Paul Ryan attended that has the Miami RedHawks as its sports team,0,0.16666666666666669,0.8,9657.357178002712,False,tog2,0
WebQTrn-2576_8c6b952c6bd963f0ece4e401c9eb731a,What Central Tiem Zone continent do the Falkland Islands belong to?,Americas,The Falkland Islands do not belong to a Central Time Zone or any continent with such a time zone. They are an,0,0.0,0.8,9502.597306011012,False,tog2,0
WebQTrn-2335_eaa7a9f669e0d6d5caf732fd225ff411,What is the national anthem of the country that elected Vladimir Putin to a political job?,National Anthem of Russia,"The given information does not specify which country elected Vladimir Putin to a political job. Therefore, we cannot determine the national anthem",0,0.15384615384615385,0.8,9475.394521999988,False,tog2,0
WebQTrn-241_fa7fb367370bdcda12f06680e8b21b92,What country borders France and contains East Flanders?,Belgium,"The reasoning chain does not provide specific information about countries bordering France or the location of East Flanders. Therefore, I",0,0.0,0.8,9533.69012499752,False,tog2,0
WebQTrn-1646_d059b24adec4064377b957ca598769be,What do people speak in the country that has Santo Domingo as its capital?,Haitian Creole,"People speak Spanish in the Dominican Republic, which has Santo Domingo as its capital.",0,0.125,0.8,9547.64190899732,False,tog2,0
WebQTest-106_ac6916d7c5822d5edfe0f67c77f97a15,What characters did Armie Hammer play in the film with Dustin Moskovitz?,Tyler Winklevoss,The given information does not provide specific details about which characters Armie Hammer played in a film alongside Dustin Moskovitz.,0,0.0,0.8,9494.38008099969,False,tog2,0
WebQTest-213_024fd6ca0b4cb30927c22e93a552ae6c,What person notable with the medical condition Attention deficit hyperactivity disorder id Scarlett Johansson date?,Justin Timberlake,"The information provided does not contain any details about Scarlett Johansson or her medical conditions. Therefore, I cannot determine if she",0,0.0,0.8,9649.503593987902,False,tog2,0
WebQTrn-2215_1997cb4922db71983be26e6a509950f4,Where was the childhood home of the artist whose concert tour was called Country Nation World Tour?,Glen Dale,"The information provided does not include details about the childhood home of Brad Paisley, the artist associated with the ""Country Nation",0,0.0,0.8,9577.625416000956,False,tog2,0
WebQTrn-2478_a887b1442ee30456f5de89006e1a6c72,Who is the mascot at grad student Blaise Winter's educational institution?,Syracuse University Otto the Orange,"The information provided does not specify the name of the school or its mascot for Blaise Winter's educational institution. Therefore,",0,0.16666666666666666,0.8,9520.082871007617,False,tog2,0
WebQTest-712_a9122e6c3ec58aea7483e18c7074128a,What country contains the Gilbert Islands and has territory in Oceania?,Kiribati,The reasoning chain does not contain information about the Gilbert Islands. It only mentions Timor-Leste and Indonesia as countries in,0,0.0,0.8,9708.267211986822,False,tog2,0
WebQTrn-775_5247c1be3efc99c92c92252207b7a20d,What group has Augrey o'Day in it and went on the concert tour Making the Band 4?,Danity Kane,The information provided does not include details about the group that has Augrey O'Day in it or any specific concert tour,0,0.0,0.8,9436.04536500061,False,tog2,0
WebQTrn-2444_78f882dc1f711bbf67aec90c079f9864,The sports team owner Fred Hanser Stadium is where?,Busch Stadium,The information provided does not mention a sports team owner named Fred Hanser or any stadium named after him. The only stadium,0,0.15384615384615385,0.8,9690.408869995736,False,tog2,0
WebQTest-1384_563b401a13e5a2b9bc3c9ec4bbe58962,What is the predominant religion in the country with Hatikvah as its national anthem?,Judaism,The given information does not provide any details about the predominant religion in the country with Hatikvah as its national anthem,0,0.0,0.8,9466.890877010883,False,tog2,0
WebQTrn-2400_56cc72c5eb2b46ff90577926dbe8cb1a,Who played the character Ratty Nepalese in the film Raiders of the Lost Ark?,Harrison Ford,"The information provided does not contain any details about the character Ratty Nepalese or the film ""Raiders of",0,0.0,0.8,9662.18984099396,False,tog2,0
WebQTrn-3166_762847d07f73b2ca5fd1504d7dcd9d9a,What is the capital city of the nation in which the monetary system is based on the South Korean won?,Seoul,The reasoning chain provided does not contain information about the capital city or the monetary system. It only provides details about the type,0,0.0,0.8,9522.924863995286,False,tog2,0
WebQTest-1260_c4e06c3a9e4b4f10bd1ae97f1742c198,Which Super Bowl was won by the team that also won the AFC Championship Game in 2013?,Super Bowl XXXV,The Indianapolis Colts won the Super Bowl XLIV in 2010 and the AFC Championship Game in 20,0,0.2,0.8,9420.3478339914,False,tog2,0
WebQTrn-436_b301288f1064d4357ae5d8271061e1d1,"Who played Dumbledore in which film, that has a character named, Ghost of the Cavalier?",Richard Harris,"The information provided does not specify who played Dumbledore or include details about a character named ""Ghost of the Cavalier."" Therefore",0,0.0,0.8,9480.187020002631,False,tog2,0
WebQTrn-2335_a9b18d079f29555cbd1e1740c7d6e40e,The country that has Krasnodar Krai has which song as its national anthem?,National Anthem of Russia,"The information provided does not specify which country has Krasnodar Krai. Therefore, it's impossible to determine which",0,0.0,0.8,9305.751986001269,False,tog2,0
WebQTest-61_9be8c18e016b713cbb7f7feb6badebc7,What religion with religious text The Bible is practiced in Indonesia?,Protestantism,"The information provided does not include details about religions practiced in Indonesia or their texts. To answer the question, we would need",0,0.0,0.8,9694.264903999283,False,tog2,0
WebQTrn-2569_91d303bf23f9a9eeb4e2fb2c28cf04b2,What venue does the basketball team owned by Leslie Alexander play at?,Toyota Center,The information provided does not specify which basketball team owned by Leslie Alexander or the venue they play at. To answer this question,0,0.0,0.8,9485.30996000045,False,tog2,0
WebQTrn-3049_549e26794f52c12e657662c92cddfb02,What city hosted the 1996 Summer Olympics?,1996 Summer Olympics,The reasoning chain does not provide specific information about the city that hosted the 1996 Summer Olympics. It only,0,0.2727272727272727,0.8,9569.98097700125,False,tog2,0
WebQTrn-2319_1ad2d84ababa47e6d24a8dd6eb2b7943,What is the official language of the Ukrainian Greek Catholic Church?,Albanian language,The official language of the Ukrainian Greek Catholic Church is Ukrainian. The information provided in the reasoning chain does not contain any relevant,0,0.23076923076923078,0.8,9556.764004999422,False,tog2,0
WebQTrn-1677_51c7c4987eaddd466e006afb819973d8,In what film with a character named Robinson did Adam Sandler play in?,Paul Blart: Mall Cop 2,"The given information does not provide any details about Adam Sandler's filmography or any character named Robinson. Therefore, it",0,0.0,0.8,9451.426207000623,False,tog2,0
WebQTest-1603_1f6f264bb8ed75d1f1faf9b26044401b,What is the sacred text of the religion who has Grotto-heavens as a sacred site?,Zhuang Zhou,The given information does not provide enough details to determine the specific religion that has grotto-heavens as a sacred,0,0.0,0.8,9408.117667000624,False,tog2,0
WebQTest-1348_c5fda963a318e2c3c33977d39d07dabb,What sports team with the fight song Forward Rebels did Peyton Manning 's dad play for?,Ole Miss Rebels football,Indianapolis Colts,0,0.0,0.8,9426.198485001805,False,tog2,0
WebQTest-1560_d87e6003e0bb73430e71d08cbc015b56,Who is the governmental officer prior to 3-4-1795 and founded New York University?,Albert Gallatin,The given information does not provide details about the governmental officer who founded New York University or any information related to a specific date,0,0.0,0.8,9520.973973005312,False,tog2,0
WebQTrn-2218_dacbec08f8d31829038751934850ed95,What is the hometown of the architect who designed Mount Vernon?,Westmoreland County,The information provided does not include details about the architect of Mount Vernon or their hometown. The given chain focuses on the Virginia,0,0.0,0.8,9416.226214001654,False,tog2,0
WebQTest-1260_8d86dc5e03446f0e50fd69bc06ae0658,During which NFL season did the team owned by Steve Biscotti win the super bowl?,Super Bowl XXXV,The given information does not provide details about the specific NFL season in which the team owned by Steve Biscotti won the,0,0.0,0.8,9632.046826998703,False,tog2,0
WebQTrn-662_5ec0304dbb715858e564cb8426b7e4f7,What is the first name of the club that claimed the 2007-08 Premier League championship?,Newton Heath L&YR F.C.,Manchester.,0,0.0,0.8,9539.355298998998,False,tog2,0
WebQTrn-1539_de8059b06640bb0b9cbe51ff95a7589a,Who plays in the film with the character Commander Kent?,Kevin James,The information provided does not specify which actor plays the character Commander Kent in the film. The given chain only confirms that Commander,0,0.0,0.8,9341.737412003567,False,tog2,0
WebQTest-61_5b52c9e057d0f0e6704f0b264e864dfc,What Indonesia religion includes a place of worship named Church?,Catholicism,"Based on the given reasoning chain, a ""Church"" is a type of Place of worship. However, the chain does",0,0.0,0.8,9549.898238008609,False,tog2,0
WebQTest-1817_471b83eade9707a4dba68e201bf29d73,What college in Greenwich Time Zone did Jr Tolkien attend school?,University of Oxford,"The given information does not contain any details about J.R.R. Tolkien or his college education, nor does it mention any",0,0.0,0.8,9381.452100991737,False,tog2,0
WebQTrn-2335_c071c552853eb739a0ff0c67bb9ed366,The location that appointed Dmitry Medvedev to govermental position has what national anthem?,National Anthem of Russia,The information provided does not specify the location that appointed Dmitry Medvedev to a governmental position or its national anthem. Therefore,0,0.16,0.8,9355.55684499559,False,tog2,0
WebQTest-361_c4a62b0d37183dfdd1ca06ad4dfafcf5,"What museum is located in Vienna, Austria,and was established the latest?",Sigmund Freud Museum,"The given information does not provide any details about museums in Vienna or their establishment dates. Therefore, it's impossible to determine",0,0.0,0.8,9585.576105004293,False,tog2,0
WebQTrn-2292_8c30eccd3cde88b0a0d389f34d086641,The country that has the national anthem The Internationale has what kind of economy?,Communist state,The given information does not provide any details about the economy of the country. The provided statements are related to the national anthem,0,0.0,0.8,9479.335051990347,False,tog2,0
WebQTrn-3084_62ea63f7954eccb68d685d3695c0b84d,What country that imports from Japan and uses Australian dollar?,Kiribati,The information provided in the reasoning chain does not contain any details about countries importing from Japan or the use of the Australian dollar,0,0.0,0.8,9544.30467900238,False,tog2,0
WebQTrn-2815_b0ec4891d80892c6499b17b0c8c363e2,Where was a famous person with the medical condition Addison's disease reared?,Brookline,"The information provided does not specify where John F. Kennedy, who had Addison's disease, was reared. It only",0,0.0,0.8,9653.294603005634,False,tog2,0
WebQTest-1251_d08336daa754523cf13934359b794632,What country speaks Germanic languages with a capital called Brussels?,Belgium,Belgium,1,1.0,0.8,9445.613032992696,False,tog2,0
WebQTest-1560_9c92108cab15de86fd747fe1982c5294,Who founded the branch organization that was originally a project of the Margaret Sanger Papers?,Albert Gallatin,"The reasoning chain does not provide specific information about the Margaret Sanger Papers or its projects. Therefore, it is not possible",0,0.0,0.8,9475.446864002151,False,tog2,0
WebQTrn-1077_12953ec0b5895afd7da838969d549013,What religions are practiced in the country that Pakistan exports to?,Shia Islam,The given information does not provide details about religions practiced in countries Pakistan exports to. The chain of reasoning focuses on geographical and,0,0.0,0.8,9525.102537008934,False,tog2,0
WebQTrn-241_80f2b6d0b0be2a02253089622461bd98,What European Union country is home to the capital city pf Brussels?,Belgium,Belgium,1,1.0,0.8,9694.745579006849,False,tog2,0
WebQTrn-1939_3dc4d094915cc69911e4edefe742a167,"What office position was held from March 19, 1790 and was Abraham Lincoln's political experience?",United States Representative,President of the United States,0,0.5,0.8,9592.569712011027,False,tog2,0
WebQTest-719_f627c1bb9cdbcf6a029c816631a982b2,Which political party does the Noelani Elementary School represent?,Democratic Party,"Based on the given reasoning chain, there is no direct information provided about which political party represents Noelani Elementary School. The",0,0.08695652173913042,0.8,9423.985071000061,False,tog2,0
WebQTrn-3766_cb21e01db360ce345ff98f5f2ac4b3e8,Which form is currency is most utilized in the nation where the Peruvian nuevo sol is used?,Peruvian nuevo sol,Banknotes and coins.,0,0.0,0.8,9517.13733500219,False,tog2,0
WebQTrn-105_af0a37b13a66138a543af50c2ac24bb8,Which currency is the best one to take when visiting the area where a governmental post was given to Adly Mansour in 2013?,Egyptian pound,The reasoning chain provided does not contain any information about Adly Mansour or the location where he received a governmental post in,0,0.0,0.8,9506.379640995874,False,tog2,0
WebQTrn-452_006b1f1ed800c636a01f3888644cc1eb,"In which city, does Lala Anthony live, where the TV show Ace of Cakes was filmed?",Baltimore,The information provided in the reasoning chain does not contain any details about Lala Anthony or the filming location of the TV show,0,0.0,0.8,9550.219696000568,False,tog2,0
WebQTest-654_f4440609f5cecb091bf8e86adb47be25,"What is the currency in the country whose national anthem is Bilady, Bilady, Bilady?",Egyptian pound,"The information provided does not include details about the currency of any specific country. To answer the question, we would need additional",0,0.0,0.8,9360.143057012465,False,tog2,0
WebQTest-1923_a5c10763224e9d1b176ceada6e84c464,What film with character named Troy Bolton has Miley Cyrus been in?,High School Musical 2,"Based on the given information, there is no specific mention of Miley Cyrus being in a film with a character named Troy",0,0.0,0.8,9502.650219001225,False,tog2,0
WebQTest-397_0b3a8b0643fac530a078012a025201fa,Harvard Board of Overseers is part of the school with what colors?,Crimson,"The given information does not provide details about the colors associated with Harvard Board of Overseers or Harvard College. Therefore, it",0,0.0,0.8,9567.075975995976,False,tog2,0
WebQTest-61_6a27420dcf0528ae017dd74e40cfd38a,What religion practiced in Indonesia has a religious organization called Tamil Nadu Thowheed Jamath?,Islam,"The question provided does not match the given reasoning chain. The chain discusses Indonesia's form of government and Olympic participation, as",0,0.0,0.8,9642.365327003063,False,tog2,0
WebQTest-185_dfad75afd3c40503f595b4cb6acc43a5,"Which system of government, does the location that appointed Nicolas Sarkozy, to governmental position utilize?",Semi-presidential system,"To answer this question, we need more specific information about Nicolas Sarkozy's appointment and the exact system of government of the",0,0.08,0.8,9356.249685995863,False,tog2,0
WebQTrn-2540_2c1a0de00568616e1701496dedbba8fe,A person who once lived in Giverny was inspired by whom?,Eugène Delacroix,The information provided does not mention any person who lived in Giverny or their inspirations. The chain of facts,0,0.0,0.8,9534.09480699338,False,tog2,0
WebQTrn-2664_2443c92c04f3e7c7a3b1808feb3dbc83,Kathmandu is the capital of the country with which main trading partners of China?,Nepal,The given information does not provide details about China's main trading partners or Kathmandu's relevance to those trading partners.,0,0.0,0.8,9549.957740004174,False,tog2,0
WebQTest-1736_ba22ae3bdd19c6f33eb70a2977cc7282,What continent is the country with capital Regensburg located in?,Europe,Europe,1,1.0,0.8,9607.707060000394,False,tog2,0
WebQTrn-1758_82ba7a28dcbd66ab8e128c8975b2e692,What form of government is used in the country with the Tehran Province?,Parliamentary system,"The given information does not specify the form of government for any particular country or province. Therefore, we cannot determine the form",0,0.0,0.8,9393.11189900036,False,tog2,0
WebQTest-1091_2d45e5f27018fef8d4f5f7e2cf000006,Marcion of Sinope is a prominent figure in which United State religion?,Christianity,Marcion of Sinope is not primarily associated with a prominent United States religion. He was an early Christian theologian and,0,0.0,0.8,9511.103001001175,False,tog2,0
WebQTrn-3083_8c30eccd3cde88b0a0d389f34d086641,"In the nation that uses The Internationale as the national anthem, who was the President in 1948?",Joseph Stalin,"The given information does not provide any details about the President or any specific year related to the national anthem being ""The Intern",0,0.0,0.8,9443.582538006012,False,tog2,0
WebQTrn-3136_e3a2d3d50bac69d563de83a7f72eafc0,Which of the 4 countries that make up the UK has a religious organization leadership of Treorchy Noddfa?,Wales,The information provided does not contain any details about the religious organization leadership of Treorchy Noddfa or its location within,0,0.0,0.8,9543.823407002492,False,tog2,0
WebQTest-1513_020f93c678f201a55199a0c40d829467,What Pacific Time Zone location is in downtown Sacramento?,Raging Waters Sacramento,"The reasoning chain does not provide specific locations in the Pacific Time Zone or any information about downtown Sacramento. Therefore, we cannot",0,0.08,0.8,9482.311379993916,False,tog2,0
WebQTrn-3087_a82e8e886228ce0d1aecee4a2caab326,What is the religion of the First Church of Lombard?,Christianity,The given information does not provide any details about the religion of the First Church of Lombard. The provided chain of reasoning,0,0.0,0.8,9454.75956700102,False,tog2,0
WebQTrn-1259_11c4cd5a25fd84f3980d7013c0329bad,"Where did the ""Beat The Summer Tour"" artist graduate college?",Belmont University,University of Missouri School of Music,0,0.25,0.8,9513.593457988463,False,tog2,0
WebQTest-1000_058203c22235854bf96557ab2b7c383e,What countries in the Chamorro Time Zone are in Oceania?,Guam,The information provided does not specify any country in the Chamorro Time Zone. It only mentions Timor-Leste and Indonesia,0,0.0,0.8,9652.713250994566,False,tog2,0
WebQTest-983_7874451c1469f33f1951049e3629d620,What educational institution with football sports team named Iowa Hawkeyes did Tennessee Williams go to college?,University of Iowa,University of Iowa,1,1.0,0.8,9597.10040599748,False,tog2,0
WebQTrn-849_0fa6de9f0673eb4f7bf3120f89f5bd44,Which German bordering country appointed Georges Pompidou to governmental position?,France,None. The chain does not mention Georges Pompidou or any neighboring countries of Germany.,0,0.0,0.8,9392.462026997237,False,tog2,0
WebQTrn-2834_e59e67ce229e185f08ce30ce73f32ade,"Of all the major religions in the United States, which religion has a place of worship that includes the Stupa?",Buddhism,"To determine which major religion in the United States has a place of worship that includes a Stupa, we need to identify",0,0.0,0.8,9522.390921993065,False,tog2,0
WebQTest-48_382b3b08e12c259c4c206044a8856ff8,Where is the company owned by Samsung Heavy Industries located?,Suwon,The information provided does not contain any details about the location of a company owned by Samsung Heavy Industries. The given facts are,0,0.0,0.8,9478.996232995996,False,tog2,0
WebQTrn-2653_c78405f6f2157645f1098f8a871f1bc2,What wars did the country that Louis-EugÃ¨ne Cavaignac was a governmental position been involved in?,Gulf War,The given information does not provide any details about the wars involving the country where Louis-Eugene Cavaignac held,0,0.17647058823529413,0.8,9676.458868998452,False,tog2,0
WebQTest-191_ed2cadafdbc0ac07e3fedfdfc504e54b,What college with a sports team called the Purdue Boilermakers football team is the educational institution where Drew Brees was educated?,Purdue University,The information provided does not specify which college Drew Brees attended or confirm that it has a sports team called the Purdue Bo,0,0.08,0.8,9533.447068999521,False,tog2,0
WebQTest-1251_70eea8afa2d8d70c694402c9f77b40d1,What Germanic Languages speaking European country is also home to  the state of Tyrol?,Austria,Austria,1,1.0,0.8,9452.008471998852,False,tog2,0
WebQTrn-1557_25aa66737549ccec679a88f7ec71c350,What college did Charles Drew attend that has McGill Redman soccer team?,McGill University,The information provided does not mention a college attended by Charles Drew or any connection to the McGill Redman soccer team. Therefore,0,0.08333333333333334,0.8,9444.970404001651,False,tog2,0
WebQTrn-1938_cb60fbc3dea230fc32682cbb8556ba62,The location that appointed Benjamin Netanyahu to governmental position has what type of government?,Parliamentary system,The chain does not provide information about the type of government in the location that appointed Benjamin Netanyahu to a governmental position. It,0,0.0,0.8,9539.845723003964,False,tog2,0
WebQTrn-2189_50cf52311d0cdd04337ffc0d5378b1b8,What language is spoken in the region that contains a segment of Gebel Elba?,Modern Standard Arabic,"The information provided does not contain details about Gebel Elba or its linguistic or geographical context. However, based on the",0,0.0,0.8,9520.28037099808,False,tog2,0
WebQTrn-3543_ca8d129cc42cf94b681a91fb5ed94522,Phoenix Islands are part of what country Japan exports to?,Kiribati,"The information provided does not specify that the Phoenix Islands are part of Japan or that Japan exports to any country. Therefore,",0,0.0,0.8,9541.71493400645,False,tog2,0
WebQTrn-1706_4c326ae7449d63bada91a59b63dccd0d,What political leader runs the country where the Panamanian Balboa is used?,Juan Carlos Varela,"The information provided does not specify a particular political leader for Panama. Based on the given data, Panama is described as having",0,0.0,0.8,9604.193193998071,False,tog2,0
WebQTest-759_85689344913b39e3c35fb5730885ff16,Who has in the past dated the actor who was at one time a resident of Lake Mohawk?,Thandie Newton,The question cannot be answered based on the given information.,0,0.0,0.8,9470.849114004523,False,tog2,0
WebQTrn-710_1315945fdcb4fad1310ab7862120be0f,What is the most current year the team who won the 2010 World Series has won another World Series?,2014 World Series,The given information does not provide details about any other World Series wins by the San Francisco Giants beyond 2010,0,0.1739130434782609,0.8,9565.065823000623,False,tog2,0
WebQTest-534_7184f912d2d2be62d80145479b29c642,What is the mascot of the sports team whose owner is Mark Attanasio?,Hank,"To answer this question, we need to follow a logical path based on the given reasoning chain. However, the provided chain",0,0.0,0.8,9509.455389008508,False,tog2,0
WebQTrn-2069_a146b4445fb7b259407068b18faf0553,What languages are used for verbal communication in the nation where Magallenes y la Antarctica Chilena Region is located?,Aymara language,"The primary language used for verbal communication in Chile is Spanish. While there may be other languages spoken by smaller communities, Spanish",0,0.24000000000000002,0.8,9703.312441997696,False,tog2,0
WebQTrn-2047_3375e1e8b25b781ca4421bc3615b1d53,What stadium does the sports team owned by Thomas S. Ricketts play at?,Hohokam Stadium,The information provided does not specify that the Montgomery Biscuits are owned by Thomas S. Ricketts. Based on,0,0.0,0.8,9529.692056996282,False,tog2,0
WebQTrn-60_8c6b952c6bd963f0ece4e401c9eb731a,What north American country where some people speak Portuguese shares the Central Time Zone?,Canada,Brazil,0,0.0,0.8,9541.72599199228,False,tog2,0
WebQTest-802_0ed55ab55fae21af5b4b03af90678e30,What is the musical instrument played by the individual who attended Stratford Northwestern Secondary School?,Vocals,"The information provided does not include details about an individual who attended Stratford Northwestern Secondary School or their musical instrument. Therefore,",0,0.0,0.8,9433.424511997146,False,tog2,0
WebQTrn-2047_c2352030c3341e28768312045c4f093d,Where plays the team whose mascot is named Clark?,Hohokam Stadium,"The information provided does not include details about where the team plays. The given statements are about the relationships between 'Team',",0,0.0,0.8,9505.71574800415,False,tog2,0
WebQTest-61_4dbb23937c062d0f3a3496d2fbf26a12,"What religion is practiced in the place where there is a religious place of worship called St. Mary's Cathedral, Batticaloa?",Catholicism,"The given information does not specify the religion practiced at St. Mary's Cathedral, Batticaloa. The provided chain describes",0,0.0,0.8,9468.336817008094,False,tog2,0
WebQTest-712_058203c22235854bf96557ab2b7c383e,What Chamorro Time Zone countries have territories in Oceania?,Guam,None of the Chamorro Time Zone countries have territories in Oceania based on the given information.,0,0.0,0.8,9710.363830003189,False,tog2,0
WebQTest-712_8eab5c6b79bdea85c78c813f6204a555,What country that has territories in Oceania is in the Samao Time Zone?,American Samoa,The information provided does not specify any country in Oceania that is in the Samoa Time Zone. The only time zone,0,0.08695652173913042,0.8,9598.731350997696,False,tog2,0
WebQTrn-2039_9a7450b35d7a9ae892c106403e0e4e3b,Who is the actor that played Jacob Black in the film with a character named Ms. Cope?,Taylor Lautner,The given information does not provide details about the specific actor who played Jacob Black or any character named Ms. Cope in,0,0.0,0.8,9515.318296995247,False,tog2,0
WebQTrn-3766_2458404b2726ce40f3d525263dc9f74c,"In Puno Region's country, what money is used?",Peruvian nuevo sol,"To answer the question ""In Puno Region's country, what money is used?"", we need to identify the relevant properties",0,0.0,0.8,9533.43279400724,False,tog2,0
WebQTrn-436_d4fb347b7326355a4457aa2ce1d502f3,"In the film with the character Dedalus Diggle, who played Dumbledore?",Richard Harris,The information provided in the reasoning chain does not contain any details about the film with the character Dedalus Diggle or the,0,0.0,0.8,9590.15231799276,False,tog2,0
WebQTest-1875_847fede584cbd777dfa2d08a1c06ed49,The country with the capital of Brasilia has what political system?,Presidential system,The given information does not provide details about the political system of any country. It only mentions that Brasilia is the capital,0,0.08333333333333334,0.8,9451.889692994882,False,tog2,0
WebQTrn-2189_cf2c2ca737c00135df125459635a368a,What is the modern language of the country that contains Al Sharqia Governorate?,Modern Standard Arabic,Arabic Language,0,0.4,0.8,9609.733339995728,False,tog2,0
WebQTest-1340_8c6b952c6bd963f0ece4e401c9eb731a,What location in the Central Time Zone is Steve Nash's nationality?,Canada,The given information does not provide any details about Steve Nash's nationality or a specific location in the Central Time Zone related to,0,0.0,0.8,9463.769403999322,False,tog2,0
WebQTrn-25_a3461ba47b4d1798d59aea0a68e2a248,What movie with a character named Jane does Taylor Lautner play in?,The Twilight Saga: New Moon,There is not enough information provided to determine which specific movie with a character named Jane Taylor Lautner plays in. The,0,0.07692307692307693,0.8,9437.774117002846,False,tog2,0
WebQTrn-513_9319b650329ce3d32379b8941c4d7cb7,What country in Eastern Europe has a capital called KernavÄ?,Grand Duchy of Lithuania,The reasoning chain provided does not contain any information about a capital city called Kernavė or its corresponding country in Eastern Europe,0,0.0,0.8,9643.01134100242,False,tog2,0
WebQTest-534_0fca6c57b860f8b3ab53d092652cb048,What is the mascot for the Bernie Brewer team?,Hank,"To determine the mascot for the Bernie Brewer team, we need to follow the given reasoning chain and identify the relevant information.",0,0.16666666666666669,0.8,9501.718597995932,False,tog2,0
WebQTrn-1706_0c1199aeda4781e3a9713a488e7c4fd0,Who presides over the nation whose capital city is Panama City?,Juan Carlos Varela,"The form of government for Panama is a Constitutional republic, but the specific person who presides over it is not provided in",0,0.0,0.8,9596.76308199414,False,tog2,0
WebQTrn-2069_cd2a8c46c7872f3823f42c32e37aaff2,What spoken languages are used in the country that has national anthem of Chile?,Aymara language,"The given information does not provide specific details about the spoken languages in Chile. To answer the question accurately, we would need",0,0.0,0.8,9623.998518000008,False,tog2,0
WebQTest-996_e0a199dde06fb3ce678e842ac26c887b,"Where does the Ireland team with the fight song ""Ireland's Call"" play?",Aviva Stadium,"The information provided does not mention any Ireland team or a fight song ""Ireland's Call"". It describes a concert event",0,0.0,0.8,9479.582744999789,False,tog2,0
WebQTest-212_d5309c79dc99d1d829805d88dd254553,What state does the Colorado River run through whose capital is named Carson City?,Nevada,The reasoning chain provided does not contain information about a state with a capital named Carson City. The Colorado River runs through Colorado,0,0.0,0.8,9580.048235002323,False,tog2,0
WebQTest-590_e1cd6a19c1fe109a00e4149625e31531,Who is in charge of the usage of the Libyan dinar?,Abdullah al-Thani,The information provided does not specify who is in charge of the usage of the Libyan dinar. The chain only indicates that,0,0.0,0.8,9500.327112007653,False,tog2,0
WebQTrn-2570_807376f0487b5493fd4c26724ab47a55,"Who held his governmental position form January 1, 1911 and was President of the United Stated during WW2?",Franklin D. Roosevelt,The information provided does not specify a start date for John F. Kennedy's presidency or confirm that he was president during World,0,0.0,0.8,9544.653641001787,False,tog2,0
WebQTrn-1394_e0f00055e42bd8f32baf3c324f67fce4,What country trade with Turkey that has Korce District?,Albania,"The information provided does not include details about countries trading with Turkey or the Korce District. Therefore, it's impossible to",0,0.0,0.8,9577.467280003475,False,tog2,0
WebQTrn-513_45edfb1ca18b998b529351260be38b7f,What country in Eastern Europe uses Yugoslave dinar as its currency?,Socialist Federal Republic of Yugoslavia,The given information does not specify a country in Eastern Europe that uses the Yugoslav dinar as its currency. The provided,0,0.0,0.8,9394.86356600537,False,tog2,0
WebQTrn-2871_798222cf482557de4d80d50bf20394ba,What city was the pro athlete who began his career in 2002 born in which is near the Grand Canyon?,Phoenix,The information provided does not contain any details about a specific city where an athlete was born or the proximity to the Grand Canyon,0,0.0,0.8,9465.604694996728,False,tog2,0
WebQTrn-3744_e30f73afd36f18318093d5bc31376de4,What college did Russell Wilson attend that has sports team named NC State Wolfpack men's basketball?,North Carolina State University,"The information provided does not include any details about Russell Wilson or NC State University. Therefore, it is not possible to determine",0,0.15384615384615385,0.8,9661.569623989635,False,tog2,0
WebQTrn-513_f1baf868abb7a6160db9dddb32a4058c,"Of the countries that are in eastern Europe, which has a country capital of Grodno?",Belarusian People's Republic,"The given information does not contain any details about a country capital named Grodno. Therefore, it's not possible to",0,0.08333333333333334,0.8,9558.80325299222,False,tog2,0
WebQTrn-2256_f0c99f377c8b944364e85b70b9f9b331,What happed at the end of the war to the person who went to Bundesrealgymnasium Linz educational institution?,Ballistic trauma,The given chain does not provide any information about what happened at the end of the war to a person who attended Bundesreal,0,0.0,0.8,9705.43507700495,False,tog2,0
WebQTrn-3087_6f6c0d89afdd0d422980cd8024d5cbd1,What religious denomination is the Bethany Congregational Church?,Christianity,The information provided does not specify the religious denomination of the Bethany Congregational Church. The given chain only contains information,0,0.0,0.8,9488.693350998801,False,tog2,0
WebQTest-983_2b8a0e496d4a177a1779f2fee9daa362,What college had Tennessee Williams attend it and has a sports team named Iowa Hawkeyes men's basketball?,University of Iowa,The University of Iowa had Tennessee Williams attend it and has a sports team named Iowa Hawkeyes men's basketball. However,0,0.32,0.8,9617.146418997436,False,tog2,0
WebQTrn-1770_1128ef6d5d784cec508a041e2d3c87b9,What is the daughter's name of the person who attended education institution St. Mary's Elementary School?,Blue Ivy,The question does not provide enough information to determine the daughter's name of the person who attended St. Mary's Elementary School,0,0.0,0.8,9461.585142998956,False,tog2,0
WebQTrn-1939_af793aa8077e49032de1b3fd2cbbfaec,What position did Abraham Lincoln hold from 4-30-1789?,President of the United States,The given date (4-30-1789) does not correspond to any known period when Abraham Lincoln,0,0.09523809523809523,0.8,9619.854760007001,False,tog2,0
WebQTest-759_ba7920b2a977b33afdc49bc8f82377b0,Who did Brad Pitt date that had bulimia nervosa?,Thandie Newton,The given information does not provide any details about Brad Pitt dating someone with bulimia nervosa. The provided chain of,0,0.0,0.8,9654.113460986991,False,tog2,0
WebQTrn-3335_97440c6c536f1672835d4cfecf6c698b,What kind of currency is used in the country that has National Anthem of Russia?,Russian ruble,"The question asks about a country's currency based on its national anthem, but the provided information is about Afghanistan's national anthem",0,0.0,0.8,9357.439338011318,False,tog2,0
WebQTrn-1023_52deecbffa5c67b0c724c84174c5e019,What is the currency of the place whose religious organization leadership is the Society of Jesus?,Argentine peso,The question does not provide enough information to determine the specific currency of a place based on the leadership of the Society of Jesus,0,0.0,0.8,9409.763679999742,False,tog2,0
WebQTest-712_338501143a8ed768baa31e221bc3cb01,The country with the capital of Saipan is in what territory?,Northern Mariana Islands,"The given information does not mention Saipan or its territory. Therefore, it's impossible to determine the territory based on",0,0.0,0.8,9552.931898986571,False,tog2,0
WebQTrn-3744_296c958684f7d96df61d00c4711d9dd6,What educational institution with The Badger Herald newspaper did Russell Wilson go to?,University of Wisconsin-Madison,University of Wisconsin-Madison,1,1.0,0.8,9449.886745991535,False,tog2,0
WebQTest-191_8a1fccf30425911dc5408488ef6c2fce,What educational institution with men's basketball sports team named Purdue Boilermakers did Drew Brees go to college?,Purdue University,Purdue University,1,1.0,0.8,9554.337469991879,False,tog2,0
WebQTest-12_0267745d7968252ff8fbf5246c9287e9,"Who held his governmental position from after January 3, 1983 and was governor of Ohio in 2011?",Ted Strickland,"The information provided does not specify a person who held a governmental position from after January 3, 1983",0,0.0,0.8,9512.086528004147,False,tog2,0
WebQTrn-2834_9a69191735636d5c80ee0a6dd1153086,What is a place of worship called the Yanina Synagogue in this major United States religion?,Judaism,"The Yanina Synagogue is called a synagogue, which is a place of worship for Judaism, the major religion being referred",0,0.09523809523809523,0.8,9523.073081989423,False,tog2,1
WebQTrn-567_98d888d83a1b23a19245b02c10839f3f,What film with a character named Charlie Brown did Ron Howard do?,Under the Boardwalk: The Monopoly Story,The given information does not provide any details about a film with a character named Charlie Brown directed by Ron Howard. The provided,0,0.13793103448275862,0.8,9500.090497997007,False,tog2,0
WebQTest-1320_7184f912d2d2be62d80145479b29c642,What's the home field for the sports team owned by Mark Attanasio?,Miller Park,AT&T Stadium,0,0.0,0.8,9666.510162001941,False,tog2,0
WebQTrn-1731_c5d53d4eba0e558f65b11b34984d10b9,"In the concert tour named Raised on Radio Tour, what did Randy Jackson play?",Bass guitar,"The given information does not provide details about the instruments played by Randy Jackson during the ""Raised on Radio Tour."" The provided",0,0.0,0.8,9426.24401098874,False,tog2,0
WebQTrn-1001_92e3a190df8ed73d4fff3bbfbd2b6b86,What all Super Bowl games have the championship team that won Super Bowl XLII won?,Super Bowl XLVI,"The reasoning chain does not provide information about Super Bowl games or the team that won Super Bowl XLII. Therefore, I",0,0.3846153846153846,0.8,9636.484902992379,False,tog2,0
WebQTest-1091_5b52c9e057d0f0e6704f0b264e864dfc,What type of religions in the United States has places of worship called Churches?,Christianity,Churches are a type of place of worship associated with Christian denominations in the United States.,0,0.0,0.8,9404.506311999285,False,tog2,0
WebQTrn-21_6671d5347b1b3cfe482cf5894cc6a05a,"Who is the prime minister of where the currency used in the country, is Ethiopian birr?",Hailemariam Desalegn,"The information provided does not include details about the prime minister or the currency of Ethiopia. Therefore, it's not possible to",0,0.0,0.8,9439.079948992003,False,tog2,0
WebQTest-12_974c964a1a2810facfeb4b1a996e878a,Who held a government post from 1979-01-03 and was the governor of Ohio in 2011?,John Kasich,The information provided does not specify a person who held a government post from 1979-01-0,0,0.0,0.8,9508.759206000832,False,tog2,0
WebQTest-832_87afbf2481df60df8476b920f00c4247,When did the champion of the World Series 2012 won the World series again?,2014 World Series,The San Francisco Giants won the World Series again in 2014 after winning in 2012.,0,0.33333333333333337,0.8,9556.450875999872,False,tog2,0
WebQTrn-683_3cfa649a5d5692f81e227ca73f32702f,Who is the actor that played Hawkeye in the movie that has a character named Senator Boynton?,Jeremy Renner,The given information does not provide details about the specific actor who played Hawkeye or the movie with a character named Senator,0,0.0,0.8,9500.958289005212,False,tog2,0
WebQTest-1091_2628f11e5d50a222dad0130ac27bc270,What religions with religious believe in Samsara are in the United States?,Hinduism,"The given information does not provide any details about religions associated with the film ""Samsara"" or their presence in the",0,0.0,0.8,9539.424567003152,False,tog2,0
WebQTrn-2478_76926adb8d69a10516897671bc45b2ec,What university has Otto the Orange for a mascot?,Syracuse University Otto the Orange,"The information provided does not specify which university has Otto the Orange as its mascot. To answer this question, additional data linking",0,0.35398230088495575,0.8,9501.931083999807,False,tog2,0
WebQTrn-2023_d007d5e7479053389d33d52cd21c5663,Where did the headliner of the Jay Z 2009 Concert Tour grow up?,Brooklyn,The information provided does not specify the headliner of the Jay Z 2009 Concert Tour or the place of,0,0.0,0.8,9431.548472988652,False,tog2,0
WebQTrn-2570_f2ac2245cddd54b4cfd140b20c16d4a6,"Who was the president during WW2 that held his governmental position in the US before March 4, 1933?",Franklin D. Roosevelt,"The information provided does not specify a president who held office during World War II and also before March 4, 1",0,0.0,0.8,9449.704093000037,False,tog2,0
WebQTrn-2486_bcd294e8b78226fb373c0a54e4dcba01,Where did the actor who played Forbes Cover Billionair graduate from?,Wharton School of the University of Pennsylvania,The information provided in the reasoning chain does not contain any details about the education of an actor who played on Forbes' cover,0,0.24742268041237112,0.8,9517.818398991949,False,tog2,0
WebQTest-1785_6e1e55b0316051b2aec513f70a70b4e2,Which film written by Alexander Key featured Kim Richards?,Return from Witch Mountain,The information provided does not contain any details about a film written by Alexander Key featuring Kim Richards. The given data is about,0,0.0,0.8,9450.863486999879,False,tog2,0
WebQTrn-2834_1a821009d9d43af7c2094125b1dd5136,"What is the major religion called that is the subject of ""Lies My Father Told Me"" in the United States?",Judaism,Orthodox Judaism,0,0.6666666666666666,0.8,9501.689883007202,False,tog2,0
WebQTrn-241_75d9b5cc01750987992de59003249ac2,"What countries border the subject of the image ""french_flag""?",Belgium,"The information provided does not specify which countries border the subject of the image ""french_flag"". It only indicates that the",0,0.0,0.8,9704.09208300407,False,tog2,0
WebQTest-1528_f4911e93c40f00f8c256e3ccf42422c1,What Logan Leman movies were released on the distribution medium Blu-ray disc?,The Butterfly Effect,"The given information does not provide any details about Logan Leman movies or their release on Blu-ray disc. Therefore, I",0,0.08333333333333333,0.8,9524.724490998778,False,tog2,0
WebQTest-12_a91de216aa67ef8beef840ad8ad1d1be,What 2011 governor of Ohio passed away in Marietta?,"Return J. Meigs, Jr.",The information provided does not contain details about the 2011 governor of Ohio or their place of death. The,0,0.0,0.8,9200.376666994998,False,tog2,0
WebQTrn-2784_abedc8acd0fdcd2e595d7ec6d58d6058,"In which movies does Tupac act in, that was edited by Malcolm Campbell?",Nothing but Trouble,"The given information does not provide any details about Tupac's movies or Malcolm Campbell's editing work. Therefore, it is",0,0.0,0.8,9533.326982011204,False,tog2,0
WebQTrn-372_7f597511c0d253c5534561c1fcdbe3f8,Who was crucified that Catholics call their God?,Jesus Christ,Jesus Christ,1,1.0,0.8,9547.604053004761,False,tog2,0
WebQTest-191_1ca9a284fcd2c17f453b0fb590e8223f,What college Drew Brees attended is the  university with the smallest number of postgraduates?,Stanford Graduate School of Business,The information provided does not specify which college Drew Brees attended or give data on the number of postgraduates at different,0,0.07692307692307693,0.8,9571.50835300854,False,tog2,0
WebQTest-1941_4ccdeac69c947afd15a0b301091498c0,What government systems are in place where the Peruvian inti is official currency?,Presidential system,Unitary state,1,1.0,0.8,9538.45891499077,False,tog2,0
WebQTrn-3527_1661062ba428b2ec2a00e2f84257682f,"Which language spoken by the ancient Romans is used on the album ""Tanto Tempo?""?",Latin Language,"The information provided does not specify which language was used on the album ""Tanto Tempo."" The chain of reasoning mentions Roman",0,0.08695652173913042,0.8,9528.499206004199,False,tog2,0
WebQTest-134_4b4d85a9238759037fd59117a07fa130,The author who published editions for The Mysterious Affair at Styles (Large Print Edition) wrote what types of books?,Playwright,"The author wrote mystery novels. Given the information provided in the chain, we can infer that the author is a novelist or",0,0.08695652173913045,0.8,9398.701118989266,False,tog2,0
WebQTrn-303_c413d25bc8fb85a551d2619016da958b,"Who inspired the artist nominated for awards for ""The Negro Speaks of Rivers"" to write poetry?",Walt Whitman,A Poet,0,0.0,0.8,9279.064187998301,False,tog2,0
WebQTest-212_8971e9e4ad88e66f9205818ad99eea73,Which state with Colorado River that Larry Owens was born in?,Colorado,The reasoning chain does not provide information about where Larry Owens was born. It only gives details about the Colorado River and its,0,0.08333333333333333,0.8,9582.80149899656,False,tog2,1
WebQTrn-1577_fc314eae63710b1e1427ebe5eb345966,Which school with the latest founding date did James Baldwin attend?,The New School,"The information provided does not include specific details about James Baldwin's attendance or the founding dates of any schools. Therefore, it",0,0.14285714285714288,0.8,9607.423680994543,False,tog2,0
WebQTest-983_fda09a5c3c6128b05dcf0db0b231193b,Which college attended by Tennessee Williams has the largest population of postgraduates?,University of Iowa,The information provided does not specify which college Tennessee Williams attended or any details about the population of postgraduate students at any college,0,0.07692307692307691,0.8,9555.604463996133,False,tog2,0
WebQTrn-497_5e9fcaa36ee91d7f8bbea0df75c2da02,"In which country is the location, where the film, ""Interview"" occurs?",Netherlands,"The information provided in the reasoning chain does not contain any details about the specific country where the film ""Interview"" occurs.",0,0.0,0.8,9274.059553994448,False,tog2,0
WebQTrn-1679_24d46aed793474526e0bf426c38e09e1,"In what region is Washington, D.C. located?",Mid-Atlantic states,"Washington, D.C. is located in the United States. The reasoning chain indicates that Washington, D.C. is contained",0,0.09090909090909091,0.8,9704.2791559943,False,tog2,0
WebQTrn-105_839fa68cda37e890bb3eed45714fcc43,What's the best currency to take to the location where the Chausie breed originated in 2013?,Egyptian pound,The question does not provide enough information to determine the best currency for the given scenario. The Chausie breed originated in,0,0.0,0.8,9497.16014599835,False,tog2,0
WebQTrn-25_65269a6707b8923aa10626533b2f7ae9,What moviews feature the actor who was the topic of the image taylor_wolfpack.jpg?,Run the Tide,"The given information does not provide specific details about which movies feature the actor associated with the image ""taylor_wolfpack",0,0.20689655172413793,0.8,9514.673445999506,False,tog2,0
WebQTrn-1278_025fdfafd914ff922ab8144f527c06ec,"Who did the person who wrote ""Panther Power"" date?",Jada Pinkett Smith,"The information provided does not specify who Arthur Peterson dated. The given details are about his parents and place of birth, but",0,0.0,0.8,9617.654040004709,False,tog2,0
WebQTrn-2047_2b331bd984ee8971df426cc51b58ebe1,What structure opened in 1914 and is where the Chicago Cubs play?,Wrigley Field,Wrigley Field,1,1.0,0.8,9524.774044999504,False,tog2,0
WebQTest-450_32407709a2c3bb1902f55d63756250a4,What is the national flower of the state that held the United States Senate election of Hawaii in 2010?,Hawaiian hibiscus,The state flower of Hawaii is the ilihuakalani (hibiscus brackenridgei). However,0,0.15384615384615385,0.8,9593.099592006183,False,tog2,0
WebQTrn-1939_524b7e7fa855202f18ffd7e8c6bdb6c6,"What political offices were held by the person who said, ""I destroy my enemy when I make him my friend?""?",United States Representative,The given chain does not provide information about the specific political office held by the person who said the quote. The chain only,0,0.20833333333333331,0.8,9618.660484993597,False,tog2,0
WebQTrn-124_a91831e360cbb879545474e6db3851c6,What movie directed by Angelina Jolie did C.J. Valleroy play in?,Unbroken,The information provided does not contain any details about a movie directed by Angelina Jolie that C.J. Valleroy,0,0.0,0.8,9718.809836995206,False,tog2,0
WebQTrn-2784_6ab5c32d090e32dca9db642f612076b8,"What movies did Tupac act in, that was directed by John Singleton?",Poetic Justice,The given information does not provide specific details about films in which Tupac acted or any films directed by John Singleton. Therefore,0,0.0,0.8,9457.878154993523,False,tog2,0
WebQTrn-2653_57622031abc6042a5a02dcf3b4300552,During which wars did France participate in using an army of less that 16544 soldiers?,Battle of Bailén,"The given information does not provide specific details about French participation or the size of their armies during particular wars. Therefore, it",0,0.08,0.8,9553.092918999027,False,tog2,0
WebQTest-1923_1bc85cf9eab0a0714557180ac27e91a2,"Of the movies that Miley Cyrus been in, which film was released on December 25,2003?",Big Fish,The information provided does not include any details about Miley Cyrus or her movie release dates. The given data is related to,0,0.0,0.8,9391.670240991516,False,tog2,0
WebQTrn-2314_3b127d6561a71b006b3e6bcf490bf6bc,What is the currency in the governmental jurisdiction with office holder Astrid Fischel Volio?,Costa Rican colón,The information provided does not contain details about a governmental jurisdiction or an office holder named Astrid Fischel Volio.,0,0.0,0.8,9505.21322900022,False,tog2,0
WebQTest-1251_a553eb5e07386462e43819468c549c5d,Which country includes the province of Waldenburg and speaks Germanic languages?,Switzerland,The reasoning chain does not provide specific information about a country including the province of Waldenburg. It only discusses language families and,0,0.0,0.8,9479.595368000446,False,tog2,0
WebQTest-1120_0748ec0755fe09c857c9179e9201eda7,What currency was used before the euro in the jurisdiction where the Government of France is located?,Assignat,French franc,1,1.0,0.8,9596.64803299529,False,tog2,0
WebQTrn-452_f622a5aa2edc14c414357d55e1dfa46a,"Where does the subject of the image ""Anthony Carmelo (Whitehouse) make their home?",New York City,The information provided does not match the question. The Jefferson Franklin Jackson House is located in Montgomery with geolocation m.0,0,0.0,0.8,9453.045654998277,False,tog2,0
WebQTest-1797_3120a5f02dccdf9fb59be9477e76a7da,What politician who fought in the Battle of Vicksburg began their governmental position later than 19 October 1875?,Ulysses S. Grant,The given information does not provide specific details about politicians who fought in the Battle of Vicksburg or their dates of governmental,0,0.0,0.8,9659.520439992775,False,tog2,0
WebQTrn-2815_4d2f11c63fa0611b0e29bc00f41bf7a9,"Where was the author of ""Profiles in Courage"" raised?",Brookline,"The information provided does not contain any details about where the author of ""Profiles in Courage"" was raised.",0,0.0,0.8,9483.242422997137,False,tog2,0
WebQTrn-62_12c5e056c8b1024d48b0f7f4b2d03b7e,"Which famous people one quoted ""I love Mickey Mouse more than any woman I have ever known.?",Diane Disney Miller,"The given information does not provide any details about who said the quote ""I love Mickey Mouse more than any woman I have",0,0.0,0.8,9483.843483001692,False,tog2,0
WebQTrn-2904_92cd88da247f06a2a19f25b5d45c8d9c,Where does Lauren Conrad live that is also the place where the Hall of Fame induction was born?,Los Angeles,"The information provided does not contain any details about Lauren Conrad or the Hall of Fame induction. Therefore, it's impossible to",0,0.0,0.8,9539.225359010743,False,tog2,0
WebQTrn-493_5b2c4b0d5faeffa7e6ed3767a4a57c89,Where is Belgium located?,Eurasia,"The information provided does not directly state where Belgium is located, but it mentions that Belgium partially contains the Belfries of",0,0.0,0.8,9701.331058007781,False,tog2,0
WebQTrn-124_f3b167daf756d47d1ecd11a01d3ab353,What film directed by Angelina Jolie was written by Joel Coen?,Unbroken,The given information does not provide any details about a film directed by Angelina Jolie or written by Joel Coen.,0,0.0,0.8,9572.844590002205,False,tog2,0
WebQTrn-2316_47b067b98845fdb2ebaf2442f5ad1298,"Who were influences on the subject of ""Pollock's Work?""?",Thomas Hart Benton,"The information provided does not contain any details about influences on the subject of ""Pollock's Work."" The given chain focuses",0,0.0,0.8,9518.997795006726,False,tog2,0
WebQTrn-1841_a5bd6833f38c9345eb2286b787986daa,What popular sports team in Spain was founded before 1994?,CB Murcia,"The information provided does not specify the founding year of the team. Based on the given data, we know that m.",0,0.08,0.8,9682.773527005338,False,tog2,0
WebQTrn-3543_d7db4cdab1589b7c97a81236310a67f7,What country to which Japan exports contains a neighborhood called Al Barsha?,Dubai,The given information does not contain any details about a neighborhood called Al Barsha or its relation to any country that exports to,0,0.0,0.8,9626.422147004632,False,tog2,0
WebQTest-389_6f77f1ef356ca56bf9b3b3e8fa165e27,"What genre of music was performed by the writer of ""Nuit sans Fin?""?",Incidental music,"The given information does not provide any details about the genre of music performed by the writer of ""Nuit sans Fin""",0,0.08695652173913042,0.8,9461.448879999807,False,tog2,0
WebQTrn-3084_73a0a036677106856ef62808aa205b70,What country that has the largest calling code does Japan export goods to?,Tuvalu,The information provided does not specify which country Japan exports goods to based on the largest calling code. To answer this question accurately,0,0.0,0.8,9602.005655004177,False,tog2,0
WebQTest-1171_6bdeb539174509f051a303e0ee59c246,What actor played the charactor Troy Bolton and also has done the voice of Star Wars villiam Darth Vader?,Zac Efron,James Earl Jones,0,0.0,0.8,9517.0811220014,False,tog2,0
WebQTest-538_640cc950e66a4149ed4a37ed9ddbf51c,What Taylor Swift's film that was released on 4-8-2009?,Hannah Montana: The Movie,"The given information does not provide any details about a specific Taylor Swift film or its release date. Therefore, it is not",0,0.07692307692307693,0.8,9376.836758994614,False,tog2,0
WebQTrn-2653_a4466a30da1cdc626ffecd134fd0829f,What wars has the jurisdiction with the Secretary of State for Human Rights of France been involved in?,Gulf War,The given information does not provide details about specific wars involving the jurisdiction with the Secretary of State for Human Rights of France.,0,0.28169014084507044,0.8,9620.302018010989,False,tog2,0
WebQTrn-2615_c121d04c73dd169c7c32719d24f768f4,"What instruments are played by the artist who recorded ""Dr. Solutsu?""?",Drums,"The information provided does not specify which artist recorded ""Dr. Solutsu"" or the instruments they play. Therefore,",0,0.0,0.8,9457.07076099643,False,tog2,0
WebQTest-537_a8a56da657efbba90881cce421ae6962,What movies featuring Charlie Hunnam have a film netflix_id lower than 60031289?,Abandon,"The given information does not provide any details about movies featuring Charlie Hunnam or their Netflix IDs. Therefore, it's impossible",0,0.0,0.8,9492.217535007512,False,tog2,0
WebQTest-1667_00790b1fc8cab3b0beea1a08d4c633d9,What historical figure died on 912 BC and was a child of King Solomon?,Rehoboam,There is no historical figure in the given chain that died on 912 BC and was a child of King Solomon,0,0.0,0.8,9500.896317011211,False,tog2,0
WebQTrn-3744_16e7cd11f77f5a7e35a2c44194ae78d7,Which university attended by Russell Wilson has the largest number of undergrads?,University of Wisconsin-Madison,The information provided does not contain any details about the number of undergraduates at any university or Russell Wilson's attendance. Therefore,0,0.15384615384615385,0.8,8439.576531993225,False,tog2,0
WebQTrn-2784_ed45c0405531af3d1f5b49a57c275835,What films featuring Tupac came out in 1992?,Juice,The given information does not provide any details about films featuring Tupac or their release dates. The chain of reasoning is about,0,0.0,0.8,9517.968524000025,False,tog2,0
WebQTrn-2152_c9be001aaf5f69c9067ba4b530ca0a93,"Of all the sports teams in the American League West, which team was founded first?",Oakland Athletics,"To determine which team was founded first among those in the American League West, we need to identify the founding years of each",0,0.0,0.8,9684.483502991498,False,tog2,0
WebQTrn-423_ce9f01df27adbfc73deaa6a14e5aa69c,"What two structures opened after 1966 in Laughlin, Nevada?",Harrah's Laughlin,"The given information does not provide specific details about any structures opening after 1966 in Laughlin, Nevada.",0,0.1,0.8,9584.233531000791,False,tog2,0
WebQTrn-261_367252aa9c16ba8cff6a3bcc5f98dc73,What has a population under 1894000 and contains Whistler Mountain?,Canada,"The given information does not contain any data about populations or Whistler Mountain. Therefore, it is not possible to determine",0,0.0,0.8,9580.453272006707,False,tog2,0
WebQTest-654_6ca8cba7511811830a04cd64a8a4cf77,What is the currency for the place where the Egyptian Mau breed originated?,Egyptian pound,"The given information does not provide details about the origin of the Egyptian Mau breed or its associated currency. Therefore, it",0,0.08695652173913042,0.8,9560.600339988014,False,tog2,0
WebQTrn-3384_1eb6f5acf20855a1a2ef0d5b38673175,What language do they speak in the place where the Danish Sport Pony originated in?,Greenlandic language,"The information provided does not specify the origin of the Danish Sport Pony or the language spoken in that place. Therefore, it",0,0.16666666666666669,0.8,9673.174711002503,False,tog2,0
WebQTest-538_e767ac9ea2c1ea9896e9267b30ea9306,"What movie was nominiated with an award titled ""as Robby Ray Stewart"" and featured Taylor Swift?",Hannah Montana: The Movie,"There is no movie nominated with an award titled ""as Robby Ray Stewart"" in the given chain. The chain mentions",0,0.23076923076923075,0.8,9352.596794997226,False,tog2,0
WebQTest-1000_b1236660c5bd74b3c7b1722628aa4861,"Which countries that are included in Oceania, where the country calling code is more than 682?",Kiribati,Indonesia,0,0.0,0.8,9702.995957995881,False,tog2,0
WebQTrn-2748_979197c30f12543d650a73d9ccb0a422,What three language dialects do they speak in the country where the Thai Language is spoken?,Lao Language,"The given information does not provide details about language dialects spoken in any specific country, nor does it specify which country speaks",0,0.08333333333333334,0.8,9477.93563301093,False,tog2,0
WebQTest-1923_275dfbe10c911cf65dff84afb1c5ede2,"What movies has the composer of the lyrics ""I learned from you"" played in?",Miley Cyrus: Tongue Tied,"The given information does not provide specific details about a composer or the lyrics ""I learned from you."" Therefore, it is",0,0.14814814814814814,0.8,9394.838363004965,False,tog2,0
WebQTrn-2215_2fa90adc92b5095b8e1fd27754180250,"Where was the person who recorded ""I'm Gonna Get Drunk and Play Hank Williams"" born?",Glen Dale,"The information provided does not specify the birthplace of Brad Paisley, who recorded ""I'm Gonna Get Drunk",0,0.0,0.8,9633.020174995181,False,tog2,0
WebQTrn-776_c8fc158536f54197c55144930d898fb2,What college did the artist who was nominated for an award for Norwood attend?,University of Alabama,"The question contains a discrepancy as it mentions ""Norwood"" which is not present in the provided reasoning chain. However,",0,0.0,0.8,9537.4661419919,False,tog2,0
WebQTrn-2335_3594eec2da1975b582d92306cb550b04,What is the name of the national anthem of the place where Leonid Lebedev is an office holder?,National Anthem of Russia,"The information provided does not contain any details about Leonid Lebedev or his office holder position. Therefore, it's",0,0.0,0.8,9349.234043998877,False,tog2,0
WebQTest-802_11e4c2b019af8a62700bd4b1fe6d1cfd,"What musical instruments are played by the composer of ""Thought Of You""?",Vocals,"The given information does not provide details about the musical instruments played by the composer of ""Thought Of You"". The provided chain",0,0.0,0.8,9438.704214000609,False,tog2,0
WebQTrn-3428_1c3fb503f1f7ea34d15b03bb75940d0f,"At which location, did the artist that recorded, Wedding Day, was married?",Mexico,"The information provided does not contain any details about the location where an artist who recorded ""Wedding Day"" was married.",0,0.0,0.8,9451.390985996113,False,tog2,0
WebQTest-1348_67d901eb5314fe0563f6e2602b72f478,For what sports team that makes its home at Mercedes-Benz Superdome did Peyton Manning's dad play?,New Orleans Saints,Indianapolis Colts,0,0.0,0.8,9423.341897010687,False,tog2,0
WebQTrn-3034_693b01b24a8f9603a580d83fd80d39c1,"What college did the person that said ""Nothing pains some people more than having to think."" complete his doctorate education?",Boston University,"The given information does not specify which college John F. Kennedy College is or where it is located, nor does it provide",0,0.0,0.8,9635.492691988475,False,tog2,0
WebQTest-590_ef6d9d3c6a2c1a1b2cef32193eecfa29,"Who's in charge of the location,  currently, that has a governmental body called, the Libyan Revolutionary Command Council?",Abdullah al-Thani,The information provided does not specify who is in charge of the location currently or mention the Libyan Revolutionary Command Council. The chain,0,0.0,0.8,9607.853518988122,False,tog2,0
WebQTest-561_c4965c0149340bcfe2620c82edcf5638,What event ended before 3-4-1865 while Abe Lincoln was the President?,Abraham Lincoln 1861 presidential inauguration,The event that ended before 3-4-1865 while Abraham Lincoln was the President was the American Civil,0,0.1739130434782609,0.8,9587.539598011062,False,tog2,0
WebQTrn-2069_14d783de97238bd1ef6eb28fe7221306,"Which language is spoken in Chile, its main speaking country is Peru?",Puquina Language,"The given information does not provide details about languages spoken in Chile or Peru. Therefore, we cannot determine which language is spoken",0,0.08333333333333334,0.8,9619.05474800733,False,tog2,0
WebQTrn-25_788ea75164ce87773e55b0753fd1b9f6,What movie that debuted at the Stockholm International Film Festival does Taylor Lautner play in?,Twilight,"The information provided in the reasoning chain does not contain any details about the Stockholm International Film Festival, Taylor Lautner,",0,0.0,0.8,9471.883117003017,False,tog2,0
WebQTrn-837_6e82d9e61c6b514331784d0cedb1293d,What university did Jennifer Hudson attend that has a large number of undergraduates?,Langston University,"The information provided does not specify which university Jennifer Hudson attended or the number of undergraduates at any university. Therefore, based",0,0.16,0.8,9541.157260988257,False,tog2,0
WebQTrn-837_690725e14115ca059d1bcbfb022bbf1f,What high school was attended by the actor who played Sister Rosemary?,Langston University,The given information does not provide any details about an actor playing Sister Rosemary or the high school attended by such an actor,0,0.14814814814814817,0.8,9467.035292007495,False,tog2,0
WebQTrn-808_b4ac4db1c6077de2d6de3bd634f5a8f0,"What was the primary topic of the image titled ""Triptolemos Louvre G187 's brothers and sisters""?",Zeus,"The given information does not provide any details about an image titled ""Triptolemos Louvre G187's",0,0.0,0.8,9641.708716997528,False,tog2,0
WebQTest-538_e650705713c2b0f407612c8935722c71,Which film had Lois lowry as it's wirter and starrted musical artist Taylor Swift?,The Giver,The given information does not contain any details about a film with Lois Lowry as the writer or Taylor Swift as the star,0,0.20689655172413793,0.8,9490.485970993177,False,tog2,0
WebQTrn-3543_58fa00ab06c20e4ef19c1baa364ace47,What country to which Japan exports is the governmental jurisdiction where Ionatana Ionatana holds a governmental office?,Tuvalu,The information provided does not specify a country to which Japan exports or where Ionatana Ionatana holds a governmental office,0,0.0,0.8,9622.28258200048,False,tog2,0
WebQTest-538_3c662be721b9c2107f0dd05ba38cf729,What movie featuring Taylor Swift was produced by Billy Ray Cyrus?,Hannah Montana: The Movie,The given information does not provide any details about a movie featuring Taylor Swift or Billy Ray Cyrus. The provided chain of information,0,0.20689655172413793,0.8,9529.514894995373,False,tog2,0
WebQTrn-1770_6a7c160ace84e7908302f805739ad06d,"Who is the daughter of the composer for the work ""dangerously in Love 2""?",Blue Ivy,"The given information does not provide any details about the daughter of a composer for the work ""Dangerously in Love 2",0,0.0,0.8,9423.338060005335,False,tog2,0
WebQTrn-124_d2cfc86ffc4f88631f9f020c794f26f9,What movie did Angelina Jolie direct that is 126 minutes long?,In the Land of Blood and Honey,The information provided does not include details about a movie directed by Angelina Jolie or its length. The given data only,0,0.11428571428571427,0.8,9567.584060001536,False,tog2,0
WebQTest-1797_dea38577dc62de7675415718be1c9286,What member of the Republican Party fought in the Battle of Vicksburg?,Ulysses S. Grant,The given information does not specify a member of the Republican Party who fought in the Battle of Vicksburg. The chain,0,0.0,0.8,9537.357659006375,False,tog2,0
WebQTrn-2904_19d54d9ec45bcb6a7c0ccc3d7472b2de,Which city serves as home to both Lauren Conrad and fictional character Chloe King?,San Francisco,"The information provided does not contain any details about Lauren Conrad or Chloe King's hometown. Therefore, it is not possible to",0,0.0,0.8,9490.206538001075,False,tog2,0
WebQTest-1923_4e9c47a2fdd065e939fe0da5b782f120,What movie with film casting director Denise Chamian had Miley Cyrus been in?,Big Fish,The given information does not provide specific details about a film where Denise Chamian was the casting director and Miley Cyrus was,0,0.0,0.8,9561.988330009626,False,tog2,0
WebQTrn-849_29d62c66b3b2bc4938023788455b5bc7,What country that produces Grolsch beer borders Germany?,Netherlands,"The reasoning chain does not provide information about countries that produce Grolsch beer or their borders with Germany. Therefore, the",0,0.0,0.8,9669.66560498986,False,tog2,0
WebQTest-712_11e9758e98422bc42f1d085d6723de33,Which country has territories in Oceania and is the location of the fictional universe of Captain Pugwash?,New Zealand,Timor-Leste,0,0.0,0.8,9697.041140010697,False,tog2,0
WebQTrn-3671_fe491c425ea24501a960040ed645a049,Who played the Queen the movie that Liz Giles starred in Hair?,Jenny Shircore,The question is unrelated to the given reasoning chain and contains multiple errors. There is no information about Liz Giles or a movie,0,0.0,0.8,9489.2450299958,False,tog2,0
WebQTrn-60_2ee819ba474253fdefba8cf094f02553,"In which countries do people speak Portuguese, and the country calling code is greater than fifty-five?",Angola,"Based on the given information, the only country mentioned where Portuguese is spoken and has a country calling code greater than fifty-five",0,0.0,0.8,9625.322642008541,False,tog2,0
WebQTest-1178_7df82f515bf7947c2bfdd404503b50fd,"Where did the recording artist for ""Beccause I Got a Girl"" grow up?",East Harlem,"The information provided in the reasoning chain does not contain any details about where the recording artist for ""Beccause I Got",0,0.0,0.8,9397.197243000846,False,tog2,0
WebQTest-12_e5e8ef01173e0c22da7839a4038a146c,Which former state senator was governor of Ohio in 2011?,John Kasich,The given information does not provide any details about a former state senator who was the governor of Ohio in 201,0,0.0,0.8,9594.59589800099,False,tog2,0
WebQTrn-567_5c5b62b8b365e36d8e8836335518d242,What movie by Ron Howard did Lois Freeman-Fox edit?,Osmosis Jones,The information provided does not specify which movie by Ron Howard Lois Freeman-Fox edited. The given chain only mentions that Ron,0,0.0,0.8,9504.725063001388,False,tog2,0
WebQTrn-1394_a1572b994d19a14bef9e247c7fb4f300,Which country that trades with Turkey has the largest calling code?,Albania,"The information provided does not include data on countries that trade with Turkey or the specific calling codes of those countries. Therefore,",0,0.0,0.8,9521.110714995302,False,tog2,0
WebQTrn-1560_3dba296e57fcc898668201e992da8b6b,"Who's the topic of the movie,The Darwin Adventure, married to?",Emma Darwin,"The information provided does not contain any details about the characters or relationships in the movie ""The Darwin Adventure."" Therefore, it",0,0.08695652173913042,0.8,9503.904463999788,False,tog2,0
WebQTrn-3744_753e50ef4f21aa5fb14ed5f72ae77636,What college founded in 1848 did Russell Wilson attend?,University of Wisconsin-Madison,"The information provided does not include any details about Russell Wilson or his educational background. Therefore, it is not possible to determine",0,0.0,0.8,9512.807109000278,False,tog2,0
WebQTrn-2319_ad8dbdcd7415526de37bbead25d2b3b4,What is the official language of the Ukraine with the initials RON?,Romanian Language,"The question seems to be mixing up different concepts. There is no official language of Ukraine that starts with ""RON"". The",0,0.08695652173913042,0.8,9589.363981998758,False,tog2,0
WebQTrn-2271_2e70435173809311e302350eca716cac,What religion does the actor that played the character Senator Jasper Irving follow?,Scientology,The given information does not provide any details about the religion of the actor. The provided data only mentions the nationality of the,0,0.0,0.8,9408.602921990678,False,tog2,0
WebQTrn-465_e114f4f0cfcd7210adf108b1d781276b,"Which entertaining locations are in the same country, as where the Farsons Cisk Lager beer is manufactured?",Megalithic Temples of Malta,The Farsons Cisk Lager beer is manufactured in Malta. The Farah Province is an Afghan province. There is no,0,0.16,0.8,9466.164522003965,False,tog2,0
WebQTest-159_bbbbf54885ccfa192f01115549bc19db,What time zone is the area where newspaper Ke Klahea is circulated in?,Hawaii-Aleutian Time Zone,The information provided does not specify the time zone of the area where the newspaper Ke Klahea is circulated. The given,0,0.16,0.8,9552.904914991814,False,tog2,0
WebQTrn-3166_ce0b2dd544240a0334daa2db22ca156f,What is the capital city of the area impacted by the cyclone Typhoon Whang?,Seoul,The given information does not provide any details about the capital city of the area impacted by Typhoon Whang or any other,0,0.0,0.8,9437.414814005024,False,tog2,0
WebQTest-106_8a7ae3422867fd4b2d40b06930915468,Who did Armie Hammer play in The Social Network?,Tyler Winklevoss,The information provided does not include details about Armie Hammer or his role in The Social Network. The chain only mentions Rob,0,0.0,0.8,9475.327765001566,False,tog2,0
WebQTest-1941_47cd6842734bd753b0b5e8c75a8d5bf0,What is the type of goverment in the place where the Peruviana Hairless Dog originated?,Presidential system,The reasoning chain does not provide information about the origin of the Peruvian Hairless Dog or its type of government. Therefore,0,0.0,0.8,9566.657324990956,False,tog2,0
WebQTrn-849_e70fa56a3d168a6acb77e5bc6f8fd78c,What country borders Germany with the smallest population?,Luxembourg,"The reasoning chain provided does not contain information about countries bordering Germany or their populations. Therefore, I cannot determine which country",0,0.0,0.8,9611.421155001153,False,tog2,0
WebQTest-1528_e09ecb1702e4df28fe6e7dd0fe299a54,"In which movies, does Logan Lerman act in, that was edited by Mary Jo Markey?",The Perks of Being a Wallflower,"The given information does not provide any details about Logan Lerman or Mary Jo Markey. Therefore, it is impossible to",0,0.07692307692307691,0.8,9422.834015000262,False,tog2,0
WebQTest-1742_4449720a6e25f3093a8065ae980f0221,What type of government is shared by Japan and the Kingdom of Prussia?,Constitutional monarchy,"The reasoning chain does not provide information about Japan or the Kingdom of Prussia, so it's impossible to determine what type",0,0.0,0.8,9496.664790000068,False,tog2,0
WebQTest-1528_ac372aaf6e68f8a1bd4b4c8e75972875,What Joel Schumacher directed movie is Logan Lerman in?,The Number 23,"The question provided does not match the given reasoning chain. There is no information about Joel Schumacher, Logan Lerman",0,0.16,0.8,9471.392021994689,False,tog2,0
WebQTest-1012_131eaad9f6b360a7166467b5784470d4,"Which building in Hollywood, CA was opened on May 18, 1927, and can be visited this weekend?",TCL Chinese Theatre,"The given information does not provide any details about a specific building in Hollywood, CA that was opened on May 18",0,0.0,0.8,9601.529270003084,False,tog2,0
WebQTest-538_89a6b4415493addb207777d2954c950b,What films featuring Taylor Swift have netflix_id numbers above 70068848?,Hannah Montana: The Movie,"The given information does not provide any data about specific films featuring Taylor Swift or Netflix ID numbers. Therefore, it is impossible",0,0.08333333333333334,0.8,9404.489409003872,False,tog2,0
WebQTest-1817_9e8c595975df45d106fa8ae7a2cb8e1d,"Where did the author, who published, Unfinished Tales, attended school?","King Edward's School, Birmingham","The information provided does not include any details about where the author of ""Unfinished Tales"" attended school. The given chain",0,0.08695652173913045,0.8,9417.13211100432,False,tog2,0
WebQTest-1251_376c8faeba1d098426ae34c3ab07f824,"What country speaks Germanic languages with a population less than 9,153,489?",Switzerland,"The information provided does not specify any particular country or its population. To answer this question, we would need additional data about",0,0.0,0.8,9577.878411000711,False,tog2,0
WebQTrn-1629_baeb8abc8493b5cb1102c5be452b73ce,Who did the voice of Jack Skellington and plays Kurotowa?,Chris Sarandon,The information provided does not specify who voiced Jack Skellington or played Kurotowa. Based on the given chain,0,0.0,0.8,9425.072505007847,False,tog2,0
WebQTrn-1841_5d1cba94c816bec220b9f98e97493b0f,What nominee of the Laureus World Sports Award for Team of the Year represents a popular sport in Spain?,Spain national football team,Spain national football team,1,1.0,0.8,9731.514614002663,False,tog2,0
WebQTest-743_e8f21e0f0c4375d30317d26f9b95cd91,Which of JFK's brothers was Attorney General?,Robert F. Kennedy,The reasoning chain provided does not contain any information about JFK's brothers or any of them holding the position of Attorney General.,0,0.0,0.8,8559.0882129909,False,tog2,0
WebQTrn-513_20770de454b17c7799badbcde1572353,"In what nation in Eastern Europe would you find FoleÅtii de Jos, VÃ¢lcea?",Romania,"The information provided does not contain any details about the location Foleştii de Jos, Vâlcea.",0,0.0,0.8,9613.570397996227,False,tog2,0
WebQTrn-1722_26f2a509cb989ad10438815034d065bb,On which continent is there a position of Governor-General of the Bahamas?,North America,The position of Governor-General of the Bahamas is not directly related to a specific continent but rather to the administrative structure of the,0,0.0,0.8,9702.36158100306,False,tog2,6
WebQTrn-1557_9ef8e50ae1e6ac1fdc18919ec4827748,"Of the colleges Charles Drew attended, which university has the largest number of undergraduates?",McGill University,"The information provided does not include specific data on the number of undergraduates at the colleges Charles Drew attended. Therefore, it",0,0.0,0.8,9469.68098799698,False,tog2,0
WebQTest-983_090ff53633dfc20839ea68287bc6e119,"Where did the person that stated ""I have always depended on the kindness of strangers."", attend university?",University of Missouri,The information provided does not include any details about the university attended by Tennessee Williams. The given chain focuses on identifying the quotation,0,0.22857142857142854,0.8,9541.690781989018,False,tog2,0
WebQTrn-849_9b403279ce33759325317d9de5030d6b,Which German border country has the largest country calling code?,Czech Republic,"The reasoning chain does not provide information about German border countries or their country calling codes. Therefore, the question cannot be answered",0,0.0,0.8,9668.935598005191,False,tog2,0
WebQTrn-2815_0ab198918959e0a63172be1705632a9c,"What is the hometown of the person who said ""Forgive your enemies, but never forget their names?""?",Brookline,"The quote ""Forgive your enemies, but never forget their names"" is often attributed to Abraham Lincoln, who was from",0,0.0,0.8,9609.637574991211,False,tog2,0
WebQTrn-738_75d0bf8a1c2aca91051597cd3bdfb371,What did the scientist who was the topic of the jj-thomson2 image discover?,Thomson scattering,The information provided does not contain any details about a scientist named jj-thomson2 or their discoveries. The chain of,0,0.0,0.8,9472.565740987193,False,tog2,0
WebQTrn-1557_9a3c97dd47da5ee98ebf04de29899c5b,What university has more than 7814 undergraduates and was attended by Charles Drew?,McGill University,"To answer this question, we need to identify a specific university that meets both criteria: having more than 781",0,0.09523809523809525,0.8,9510.466157997143,False,tog2,0
WebQTest-626_40c4288896adffe97901ff78149912e5,What state with a symbol of a Ring-necked Pheasant does the Missouri River bisect?,South Dakota,Arizona,0,0.0,0.8,9536.672795991763,False,tog2,0
WebQTrn-837_74b3c71376702edda17e630c55cd0667,What school in Oklahoma did Jennifer Hudson go to?,Langston University,The information provided does not specify which school in Oklahoma Jennifer Hudson attended. The given chain only describes Tom Hicks Elementary School as,0,0.0,0.8,9506.931766009075,False,tog2,0
WebQTrn-810_bb7b757a2fe5dfa7023b6b4fe34ead4c,In what season did a particpant of the 2010 world series win the world series?,2014 World Series,"The San Francisco Giants won the 2010 World Series, which was part of the 2010",0,0.2222222222222222,0.8,9548.36048099969,False,tog2,0
WebQTrn-497_a36d1c20b53f39947d462b263c6e1203,"In what nation would you find the topic of the image ""The Montelbaanstoren (1512) on the Oude Schans""?",Netherlands,Netherlands,1,1.0,0.8,9478.884829004528,False,tog2,0
WebQTrn-3744_6dcb413fa7f7fe52b9345f95bda76752,What college in Raleigh did Russell Wilson attend?,North Carolina State University,"The information provided does not specify a college in Raleigh or Russell Wilson's attendance. To answer this question accurately, we would",0,0.0,0.8,9610.347509995336,False,tog2,0
WebQTest-712_66fa3665c34fb6170ebe265fce7d69aa,"On the countries locate din Oceania, which one has the smallest US population?",Pitcairn Islands,The question seems to be mixing up continents and countries. There is no country in Oceania with a significant US population,0,0.0,0.8,9463.334758009296,False,tog2,0
WebQTest-1348_2ef518b6a0dd4762e72424e5739a23e6,"For which teams did the father of the performer in ""NFL Super Bowl XLIV Champions: New Orleans Saints"" play?",Ole Miss Rebels football,"The given information does not provide any details about the father of the performer in ""NFL Super Bowl XLIV Champions: New",0,0.08333333333333333,0.8,9489.222867996432,False,tog2,0
WebQTest-1171_698c190da80f4609edc89ea60e2181d2,"What voice of Darth Vader was the executive producer of ""That Awkward Moment""?",Zac Efron,"The information provided does not contain any details about the voice of Darth Vader or the executive producer of ""That Awkward",0,0.0,0.8,9455.54516100674,False,tog2,0
WebQTrn-2400_400ed71d115f080056e3437113c51ce2,Who starred in the movie that Dennis Muren played in Raiders of the Lost Ark?,Harrison Ford,"The reasoning chain does not provide information about Dennis Muren or the cast of Raiders of the Lost Ark. Therefore, I",0,0.0,0.8,9483.280455999193,False,tog2,0
WebQTest-743_d3eeae86c5754c57ae7e3d61ba9bc1e2,What was the name of JFK's brothers that were buried in Arlington National Cemetary?,Ted Kennedy,"Robert F. Kennedy and Patrick J. Kennedy are buried at Arlington National Cemetery. Therefore, the name of JFK's brothers",0,0.33333333333333337,0.8,1468.8385070039658,False,tog2,0
WebQTest-1348_995227fc5dda25d790a913ba7ce06ae5,For what sports team founded prior to 1967 did Peyton Manning's father play?,Minnesota Vikings,"To answer this question, we need information about Peyton Manning's father and his playing career, which is not provided in the",0,0.0,0.8,9631.559917004779,False,tog2,0
WebQTrn-2026_0c8bcc717d50c92c31ff802641504b43,What is the currency of the location containing the 2nd level division Salcedo?,Dominican peso,The information provided does not include details about the currency of any location or the specific 2nd level division Salcedo,0,0.0,0.8,9463.514553994173,False,tog2,0
WebQTest-743_0627e12cd408701b36af0a997336dd51,"Which of JFK's brothers said  ""Those who dare to fail miserably can achieve greatly?""?",Robert F. Kennedy,"The quote ""Those who dare to fail miserably can achieve greatly"" is attributed to John F. Kennedy's brother,",0,0.18181818181818182,0.8,9561.68748201162,False,tog2,0
WebQTest-366_17dce559f069bbd76f045192423e1ce0,"What language spoken by British is found in ""Buffyverse""?",English Language,"The question does not align with the provided reasoning chain and does not specify a language spoken by British people found in ""B",0,0.08,0.8,9596.163977010292,False,tog2,0
WebQTrn-1053_d1f5861f34b782e38a1c3caf9b076af5,What Star Wars character was played by an actor who was also a host of the history channel?,Qui-Gon Jinn,The given information does not provide specific details about which Star Wars character was played by an actor who was also a host of,0,0.0,0.8,9518.344231008086,False,tog2,0
WebQTrn-1077_a1813672f79dbb10259a470ea77a0870,What religions are practiced in the birthplace of the Kuchi breed?,Shia Islam,The given information does not provide details about religions practiced in the birthplace of the Kuchi breed. The birthplace is,0,0.0,0.8,9589.730551000684,False,tog2,0
WebQTest-759_d5838dc0b2134997e3ba9eb8dc264db4,"Who has Brad Pitt dated, that had a romantic relationship that ended after 1988?",Juliette Lewis,Angelina Jolie,0,0.0,0.8,9653.711220002151,False,tog2,0
WebQTest-743_0ab198918959e0a63172be1705632a9c,"Who is the brother of the person that said ""Forgive your enemies, but never forget their names.""?",Ted Kennedy,"The given information does not provide any details about who said ""Forgive your enemies, but never forget their names"" or",0,0.0,0.8,9629.616967009497,False,tog2,0
WebQTest-699_de65246ed3d9b6daa0aadb8c7e4f8c71,"What is the name of the capital of Australia where the film ""The Squatter's Daughter"" was made?",Melbourne,"The information provided in the reasoning chain does not include specific details about the capital of Australia or the filming location of ""The",0,0.0,0.8,9433.361117000459,False,tog2,0
WebQTest-538_80a0782bf3bf28bbd2cbd5898d2861c2,What movie was Taylor Swift in that was edited by Michael Tronick?,Jonas Brothers: The Concert Experience,The information provided does not specify a movie in which Taylor Swift appeared that was edited by Michael Tronick. The given,0,0.12903225806451613,0.8,9378.838044009171,False,tog2,0
WebQTrn-1392_6fb4733f48e98e385b85d625ad84354f,What university with 3565 postgraduates did Eleanor Roosevelt attend?,The New School,The given information does not provide any details about the universities attended by Eleanor Roosevelt or the number of postgraduates. Therefore,0,0.2,0.8,9556.25522499031,False,tog2,0
WebQTrn-2152_1694f4392eb0ff79149337ee3f622d91,What team in the American League West was founded in 1965?,California Angels,The Seattle Mariners were founded in 1965.,0,0.0,0.8,9671.378528990317,False,tog2,0
WebQTrn-945_225da1417509919a2e1f041e55562643,What time zone is used in the governmental jurisdiction in which John Early is a governmental office holder?,Central Time Zone,"To answer the question, we need to follow the logical steps provided by the reasoning chain:",0,0.0,0.8,9527.339649997884,False,tog2,0
WebQTest-450_4b78ad6803335c5b6f1e67c69848cdca,"What is the national flower of the location where the movie ""Blue Hawaii"" is set?",Hawaiian hibiscus,"The information provided does not specify a national flower for the location where the movie ""Blue Hawaii"" is set. The given",0,0.0,0.8,9609.167664006236,False,tog2,0
WebQTest-1569_6f91b128b3ff3663ab0fb24cb4bfd1b2,"In the country where Jamaican English is spoken, what money do they use?",Jamaican dollar,"To determine the currency used in the country where Jamaican English is spoken, we need to follow these steps based on the",0,0.08333333333333334,0.8,9612.565104995156,False,tog2,0
WebQTrn-1069_27c5b94375b630c6227fa2eb1a394657,What language that's primarily spoken in the Faroe Islands is also used in Denmark?,Faroese,Danish,0,0.0,0.8,9527.332173005561,False,tog2,0
WebQTest-538_eb6021cedc1eba84b02c43c7505331ef,"Which movie featuring Taylor Swift includes the song ""The Climb?""?",Hannah Montana: The Movie,"The given information does not provide any details about movies featuring Taylor Swift or the song ""The Climb."" Therefore, I",0,0.18749999999999997,0.8,9465.595175002818,False,tog2,0
WebQTrn-3170_4e2a785b515c8024dd42f5a9bc60760b,In what subject does the politician who held the position Under Secretary of Defense for Personnel and Readiness hold a degree?,Political Science,The chain provided does not contain any information about the educational background or degrees of the politician who held the position of Under Secretary,0,0.0,0.8,9416.076031004195,False,tog2,0
WebQTrn-2859_1d0f95cbca773971acb85244d72bed62,"What did the person who said ""God's first creature, which was light"" do?",Spy,"The question does not align with any part of the provided reasoning chain, and there is no information given about anyone saying """,0,0.0,0.8,9601.570198996342,False,tog2,0
WebQTrn-3170_402552b61d68fcf116111585da32583b,"What degree does the person that said ""A Good GI Bill would increase the recruit pool."" receive?",Political Science,"The given chain does not provide information about a GI Bill or the degree of any person who might have said ""A Good",0,0.0,0.8,9664.209174006828,False,tog2,0
WebQTrn-2664_51d761aa070710bb5c4b31c8f0dc9ac7,What main trading partner of China is the geographic division where the political system includes the job Second Vice-President?,Sierra Leone,The information provided does not specify a particular geographic division or its trading partners. It only mentions that China's Second Vice-President,0,0.0,0.8,9524.329025996849,False,tog2,0
WebQTrn-2218_05b93d057f56c7f623f0bed078a219b3,"What is the hometown of the subject of the movie ""George Washington's First War: The Battles for Fort Duquesne""?",Westmoreland County,"The information provided does not contain any details about George Washington, Fort Duquesne, or the movie ""George Washington's",0,0.0,0.8,9635.622607995174,False,tog2,0
WebQTrn-567_bfcde480dde9e03c320b2d2cc1d67743,"Whic film directed by Ron Howard includes the song ""All Love Can Be?""?",A Beautiful Mind,"The information provided does not mention any film directed by Ron Howard that includes the song ""All Love Can Be."" The given",0,0.0,0.8,9348.9304370014,False,tog2,0
WebQTrn-894_b3a9eef2f5d4e40fd4221db45d001fd0,"Featured in Keats: A Biography, what inspired Scott Fitzgerald?",John Keats,"The information provided does not contain any details about Scott Fitzgerald or his inspirations for writing ""Keats: A Biography.""",0,0.09523809523809525,0.8,9582.399431004887,False,tog2,0
WebQTest-389_458b1d71d51b6cabc3666c123b19f0f9,What type of music did Claude Debussy play and is featured in the film Alice in Wonderland?,Ballet,The information provided does not contain details about the type of music Claude Debussy played or if his music is featured in the,0,0.0,0.8,9524.743579997448,False,tog2,0
WebQTrn-894_d4bc649d0d9285fcf788058ec07823ef,"What inspiration of F. Scott Fitzgerald said, ""Business today consists in persuading crowds""?",T. S. Eliot,The given information does not provide any quote by F. Scott Fitzgerald or attribute such a quote to him. The provided details,0,0.0,0.8,9581.915476999711,False,tog2,0
WebQTrn-2335_98439f8dd2aedbd0556385f02bcb358f,What is the national anthem of the country that has a position titled Ministry of Justice?,National Anthem of Russia,The information provided does not include details about a Ministry of Justice or its national anthem. The given data only mentions radio stations,0,0.22222222222222218,0.8,9434.988761000568,False,tog2,0
WebQTest-1014_af6b19e16eab1809f29e15c0961f90d5,"What is the birthplace of the subject of the film ""Kim Kardashian: Evolution""?",Los Angeles,Columbia,0,0.0,0.8,9508.65834999422,False,tog2,0
WebQTrn-3136_9204c006e1ff89d48f18c8dee828333f,Which of the four regions that makes up the United Kingdom has a governmental body named the House of Commons of the United Kingdom?,England,"The United Kingdom itself has a governmental body named the House of Commons of the United Kingdom. However, among the specific regions",0,0.0,0.8,9712.700592994224,False,tog2,0
WebQTrn-2664_44a6b5c516e23d6ac2381e488680b8ec,What major trading partner of China is the home of Monteith's Lager beer?,New Zealand,"The information provided does not contain any details about China's trading partners or Monteith's Lager beer. Therefore, it is",0,0.0,0.8,9610.986785002751,False,tog2,0
WebQTest-537_fb81be7900191a4d62e425e91ce1f2c7,What movie was Charlie Hunnam in that was about human extinction?,Children of Men,"The given information does not provide any details about a movie involving Charlie Hunnam or human extinction. Therefore, it's not",0,0.0,0.8,9336.297039000783,False,tog2,0
WebQTest-213_e8bb0c0bb8606f69379d8f300258b1c1,Which sports player who's career ended in 2014 dated Scarlett Johansson?,nm1157013,The given information does not provide any details about a sports player who dated Scarlett Johansson or ended their career in 2,0,0.0,0.8,9446.28317700699,False,tog2,0
WebQTest-1923_a90c08a839ac4d0ac22ebbf436bb578b,What movie featuring Miley Cyrus was directed by Tom Vaughan?,So Undercover,The given information does not mention any movie featuring Miley Cyrus directed by Tom Vaughan. There is no direct or indirect evidence,0,0.0,0.8,9489.277219996438,False,tog2,0
WebQTrn-783_8df6a029e48ff843dee388bf684c1054,Which language with the initials fra do Jewish people speak?,French,"The question seems to be asking about a language that starts with ""fra"" and is spoken by Jewish people. However,",0,0.0,0.8,9537.411964003695,False,tog2,0
WebQTrn-849_87460bf17e29c445a270424ee7c886ce,What country that borders Germany has the smallest ISO numeric?,Austria,"The chain does not provide information about countries bordering Germany or their ISO numeric codes. Therefore, it's impossible to determine",0,0.0,0.8,9662.296452006558,False,tog2,0
WebQTrn-3384_ee0846a1d115bdd5408f2aef3542ab79,What language is spoken in the country that makes THY Limfjordsporter beer?,Greenlandic language,The information provided does not specify which country makes THY Limfjordsporter beer or confirm if Yiddish or,0,0.0,0.8,9446.548256004462,False,tog2,0
WebQTrn-567_df97b91c1a9dfe15bdad689feb59f791,What is the movie about a child prodigy that Ron Howard did?,Village of the Giants,The information provided does not specify a movie about a child prodigy directed by Ron Howard. The given details mention a webpage,0,0.13333333333333333,0.8,9507.625201993505,False,tog2,0
WebQTrn-1069_2f7a58fec175f33d04c345008ab7adaf,What languages are spoken in the governmental jurisdiction that includes a governmental body called Danish  Ministry of Taxation?,Greenlandic language,Danish.,0,0.6666666666666666,0.8,9654.83192600368,False,tog2,0
WebQTrn-1841_8df543a977cf8e7f362482a73cab35d0,What is the popular sport that was founded earliest in Spain?,Spain national football team,The information provided does not specify any details about the founding dates of sports in Spain or which sports are popular there. Therefore,0,0.07407407407407408,0.8,9505.325634003384,False,tog2,0
WebQTrn-241_347ac41770c5607a59919e07e21f5626,Which countries share border with the country who has an office holder named Michel Goudhaux?,Belgium,The information provided does not include any details about an office holder named Michel Goudhaux or which country he might be,0,0.0,0.8,9685.881388999405,False,tog2,0
WebQTrn-3335_79ee4c5d31170a2a4638a4fa603f0b52,What kind of currency is used where the Zhivoye Dyelo newspaper is distributed?,Russian ruble,"To answer this question, we need to follow a logical path based on the given reasoning chain. However, the provided chain",0,0.0,0.8,9398.307094001211,False,tog2,0
WebQTrn-241_e4ddf37f1344bc533ac60131a15569f9,What nation that neighbors France is the home of Prignon FantÃ´me La Gourmande beer?,Belgium,"To answer this question, we need to identify a neighboring country of France where Prignon Fantôme La Gourmande",0,0.0,0.8,9666.096436005319,False,tog2,0
WebQTrn-3335_5831bd7b6badbaf458df00184249bb38,What currency is used where Bochkarev Krepkoe beer is made?,Russian ruble,The information provided does not specify the currency used in the location where Bochkarev Krepkoe beer is made,0,0.0,0.8,9420.830025002942,False,tog2,0
WebQTest-759_33c0a2138ef3f4a4f61dbee8dc9714e5,"Who has Brad Pitt dated in the past, and was into Buddhism?",Thandie Newton,"The given information does not provide any details about Brad Pitt's past dating or his religious beliefs. Therefore, it is not",0,0.0,0.8,9651.0414610093,False,tog2,0
WebQTest-717_b4fff5e42f83a0b3af3821b6d5fbd3dd,"What is the timezone in the location of the movie ""Alice Doesn't Live Here Anymore""?",Mountain Time Zone,Pacific Time Zone,0,0.6666666666666666,0.8,9527.881353002158,False,tog2,0
WebQTrn-3384_5fb8a0654bd627fd3eaed296aa6b52db,"Which languages do the people speak from the location which includes, HÃ¸je-Taastrup Municipality?",Greenlandic language,The information provided does not specify the languages spoken in HÃ¸je-Taastrup Municipality. The given reasoning chain,0,0.0,0.8,9506.075039986172,False,tog2,0
WebQTrn-831_0c00254aab32e227002a70740c5cc921,"What is the latest movie that the actor, who also played Emily-Jackson-Jacks, starred in?",Something Wicked,"The information provided does not include details about specific movies or actors. Therefore, it's impossible to determine the latest movie that",0,0.0,0.8,9498.843298002612,False,tog2,0
WebQTrn-3605_da0c36850947f49fa1f94f4fd744cf3b,Which high school was attended by the person who was nominated for an award for Chapter V?,Petersburg High School,The information provided does not specify which high school was attended by the person who was nominated for an award for Chapter V.,0,0.15384615384615383,0.8,9407.424493998406,False,tog2,0
WebQTrn-1706_673b46863f1573ab93c79cbd80124990,"Who is in control of the place where the movie ""The Naked and the Dead"" takes place?",Juan Carlos Varela,"The information provided does not contain details about the control of the location where the movie ""The Naked and the Dead"" takes",0,0.0,0.8,9391.862456992385,False,tog2,0
WebQTrn-2721_963759f4184e1a7f2fdbeea6f16e017e,"Of both of Adolf Hitler's parents names, the name of the parent with the earliest date of death?",Alois Hitler,"To determine which parent of Adolf Hitler had the earliest date of death, we need to know their birth and death dates.",0,0.08333333333333334,0.8,9596.680008005933,False,tog2,0
WebQTest-1387_9bff9b3325534dae4908b820d4364101,"What is the time zone in the location of the film ""Shoot Em Up""?",Eastern Time Zone,"To answer the question, we need to follow the logical steps based on the given reasoning chain:",0,0.0,0.8,9531.254314992111,False,tog2,0
WebQTrn-1677_07b09c54d5283ed75072069f25c48469,"What movies, released before April 17, 2015, did Adam Sandler play in?",Jack and Jill,"To answer this question, we would need to filter films directed by Adam Sandler that were released before April 17",0,0.11764705882352941,0.8,9463.977157996851,False,tog2,0
WebQTest-983_e296550bdbe5592272f3980a755ff750,"Where did Tennessee Williams attend college, and has an organization headquarters located in New York City?",The New School,The information provided does not contain any details about where Tennessee Williams attended college or about an organization's headquarters in New York City,0,0.14814814814814814,0.8,9711.926619987935,False,tog2,0
WebQTrn-1259_823b40b980df8fa2c68cdd1bd7972ce1,"Where did the artist that was nominated for an away for ""Beat This Summer"" graduate from college?",Belmont University,"The information provided does not specify which artist or their educational background related to the nomination for ""Beat This Summer."" Therefore,",0,0.0,0.8,9514.159074999043,False,tog2,0
WebQTrn-412_47b2be470a658a605c3d174a78135849,What language is spoken in the country that has a government office holder named Edith Schippers?,Dutch Language,The given information does not provide enough details to determine which specific language is spoken in the country where Edith Schippers holds,0,0.08333333333333334,0.8,9436.729482011287,False,tog2,0
WebQTrn-945_c53455cfc94edf9867b9bafd9614db32,What time zone is used in the governmental jurisdiction that includes the governmental body called Government of Illinois?,Central Time Zone,The given information does not provide a direct link between the Government of Illinois and any specific time zone. The provided chain focuses,0,0.15384615384615383,0.8,9378.873677997035,False,tog2,0
WebQTrn-1938_1ae1a6be469266690c163ee3f6e0293c,What form of government is used in the governmental jurisdiction that includes the Cabinet of Israel?,Parliamentary system,"The Cabinet of Israel is part of the Israeli government, which is a parliamentary democracy. Therefore, the form of government used",0,0.08695652173913042,0.8,9454.464731010376,False,tog2,0
WebQTrn-1557_83b3d35e3fcf2d866fb2ab3dc21034c0,What college with the least number of undergraduates did Charles Drew attend?,McGill University Faculty of Medicine,The information provided does not specify which college or university Charles Drew attended or the number of undergraduates at any particular college.,0,0.14814814814814814,0.8,9517.77790300548,False,tog2,0
WebQTest-1797_cd2ffcb3be5bcfdcbc61ea440aca05e3,Which politician who fought in the Battle of Vicksburg entered office first?,Ulysses S. Grant,The chain does not provide specific information about politicians or their dates of entering office. It only gives general information about the V,0,0.0,0.8,9652.877606000402,False,tog2,0
WebQTrn-2875_e004ab0a33637041247a94753a08dde5,"What language with the initials ""acy"" is spoken in Cyprus?",Cypriot Maronite Arabic,Cypriot Maronite Arabic,1,1.0,0.8,9548.946434995742,False,tog2,0
WebQTrn-25_5d7862bc2409ea143bcf81fff5b56cb7,What David Slade film starred Taylor Lautner?,Eclipse,There is no information in the given chain about a David Slade film starring Taylor Lautner. The provided chain does,0,0.0,0.8,9429.553908004891,False,tog2,0
WebQTrn-567_2a2de50d3b65cc5d2c88f54e283a4b8a,What movie released to video did Ron Howard do?,American Graffiti,The information provided does not specify a particular movie released to video that Ron Howard did. The given data only mentions films in,0,0.0,0.8,9506.507867001346,False,tog2,0
WebQTest-213_facc2f7bae94c21d7ada586512f36c67,"Who produced the movie ""August"" and dated Scarlett Johansson?",Josh Hartnett,"The question cannot be answered based on the given information. The provided chain does not contain any details about the producer of """,0,0.0,0.8,9572.060767997755,False,tog2,0
WebQTrn-1758_7365436f41a9104b900bd24685d394a3,What form of government is practiced in the circulation area of the newspaper Khorshid?,Parliamentary system,The given information does not provide any details about the form of government in the circulation area of the newspaper Khorshid,0,0.0,0.8,9516.21884299675,False,tog2,0
WebQTest-1965_b7c82cd0420f9f1934037e1625db4685,Who did the voice for Lola Bunny and was nominated for a BAFTA award?,Kristen Wiig,"To answer this question, we need to identify a voice actor who voiced Lola Bunny and has been nominated for a BAFTA",0,0.0,0.8,9342.324873010512,False,tog2,0
WebQTest-1251_0907650c2f3bdb7dac0659c134a7547d,What ISO 3166-1 alpha 3 country speaks the Germanic language?,Austria,The information provided does not specify a particular country and its ISO 3166-1 alpha 3 code that,0,0.0,0.8,9562.668226993992,False,tog2,0
WebQTest-1528_b25a9574e0b9b246bd160a913101c438,"In which movies, does Logan Lerman act in, that was released after Jan 22, 2004?",Stuck in Love,"The given information does not provide any details about Logan Lerman's movie roles or release dates of movies. Therefore, it",0,0.14814814814814814,0.8,9543.278224999085,False,tog2,0
WebQTest-1528_2f6fb6d585b98261a3ae6d2a112a4c91,What movie starring Logan Lerman that was edited by Thomas J Nordberg?,What Women Want,"The given information does not provide any details about movies or Thomas J Nordberg. Therefore, I cannot determine what movie starring",0,0.08333333333333333,0.8,9539.017691000481,False,tog2,0
WebQTest-212_01600f3a537521fc645c5891772d0e75,Which state has a population of less than 965000 and has the colorado river flowing through it?,Arizona,"The information provided does not specify the exact population of any state. However, based on the given facts, Arizona is one",0,0.0909090909090909,0.8,9584.70005900017,False,tog2,0
WebQTrn-3033_e519712761951b558bb7cbf4ea39198a,"What is the setting of the film ""Saw V?""?",Ontario,"The information provided in the reasoning chain does not contain any details about the film ""Saw V"" or its setting.",0,0.0,0.8,9291.665669996291,False,tog2,0
WebQTrn-2664_3be7e74ae2c1722d6fc2a22e84d610b4,What country that's a main trading partner of China has an ISO numeric of 024?,Angola,"To determine the country with an ISO numeric of 024, we need to identify which country falls within the """,0,0.0,0.8,5428.321069994126,False,tog2,0
WebQTrn-1677_e3e49622bef77e700894cb4264a4a42d,What baseball movie did Adam Sandler play in?,The Benchwarmers,The given information does not provide any details about Adam Sandler or his movies. The provided chain only contains information about Adam,0,0.15384615384615385,0.8,9417.005470997537,False,tog2,0
WebQTrn-423_7fff0409c31ee1a4d75cacbbb2f8d816,"What Laughlin, Nevada popular attraction was launched in 1966?",Riverside Resort Hotel & Casino,"To answer the question about a Laughlin, Nevada popular attraction launched in 1966, we need to focus",0,0.0,0.8,9646.092604991281,False,tog2,0
WebQTest-519_eac5a0c81145d4a23ee95cae14351774,"In what time zone does the person live who wrote the lyrics for ""Just Walkin' in the Rain?""?",Central Time Zone,"The given information does not provide any specific time zone for the person who wrote the lyrics for ""Just Walkin' in",0,0.16666666666666666,0.8,9504.300911998143,False,tog2,0
WebQTrn-1677_2a3a93e58514bc11e89747fcb3188226,"Which movies did Adam Sandler act in, that was directed by Frank Coraci?",Zookeeper,"To answer this question, we need to find films where both Adam Sandler acted and Frank Coraci directed. The given",0,0.0,0.8,9527.411942995968,False,tog2,0
WebQTrn-2859_aa42f50ae2e11ff4be5d8dbb6c65e099,"What was the profession of the person who said ""Mysteries are due to secrecy.""?",Spy,"To determine the profession of the person who said ""Mysteries are due to secrecy,"" we need to analyze the given",0,0.0,0.8,9400.537495006574,False,tog2,0
WebQTrn-1812_15f60e5f0f3604ea4e91cd75c8c89a85,"Of the countries that are in the Caribbean, which has the Dutch Language as an official language?",Netherlands Antilles,"The reasoning chain provided does not contain information about countries in the Caribbean or their official languages. Therefore, based on the given",0,0.0,0.8,9558.838318989729,False,tog2,0
WebQTrn-846_9b0f32352f19d977ba99e349a3121755,What is the birthplace of the actor who played Beatrice Bell?,Belleville,The information provided does not specify the actor who played Beatrice Bell or her birthplace.,0,0.0,0.8,9517.632439994486,False,tog2,0
WebQTrn-3083_c2a695d13a6620d180fec4f94dfe9f9b,In the year 1948 who was the leader of the cuntry where the Chuvash language is used?,Joseph Stalin,The given information does not provide any details about the leader of a country where the Chuvash language is used or any,0,0.0,0.8,9543.339202995412,False,tog2,0
WebQTrn-1436_f69da4b564ccde6d627037dc6d1057b6,"From what colony is the person who said ""Genius is sorrow's child.""?",Province of Massachusetts Bay,The question cannot be answered based on the given information. There is no mention of a colony or any quote in the provided,0,0.07407407407407408,0.8,9534.352538001258,False,tog2,0
WebQTest-100_3fd000b7cbc17c620bb91588e1c3cda3,What is the current main speech medium in Haiti?,Haitian Creole,"The information provided does not include data on the current main speech medium in Haiti. Based on the given chain, we can",0,0.0,0.8,9713.611322993529,False,tog2,0
WebQTrn-2904_0851bb90dcf09dcfe15f86e22be1c411,Which city has a neighborhood called Treasure Island and was once the home of Lauren Conrad?,San Francisco,Las Vegas,0,0.0,0.8,9694.201230013277,False,tog2,0
WebQTest-537_a52d362d7abdae05ae86743bdb72a808,"What movie has Charlie Hunnam been in, and the netflix_id is smallest?",Abandon,The information provided does not contain any details about Charlie Hunnam's movies or Netflix IDs. The chain of information given is,0,0.0,0.8,9348.544673994184,False,tog2,0
WebQTest-1348_5ffc0cd6eeaac072e00525704c710951,Which 1961 founded team did Peyton Manning's father play for?,Minnesota Vikings,"To answer this question, we need to identify which team was founded in 1961 and is associated with Peyton",0,0.0,0.8,9424.942910991376,False,tog2,0
WebQTest-1817_4aa7eaedd0943b0ba53b2af5ab676537,Where did J.R.R. Tolkien go to school that has the smallest number of postgraduates?,"Exeter College, Oxford",The given information does not provide any details about J.R.R. Tolkien's schooling or the number of postgraduates at,0,0.0,0.8,9652.69079299469,False,tog2,0
WebQTrn-2664_11e9758e98422bc42f1d085d6723de33,What country that trades with China is also the fiction universe of Captain Pugwash?,New Zealand,Cambodia,0,0.0,0.8,9600.401488001808,False,tog2,0
WebQTrn-1677_80066cc2617f4e1301adab9b3e951711,What is the earlies movie released to feature Adam Sandler?,Eight Crazy Nights,"The information provided does not specify which Adam Sandler movie is the earliest. To determine this, additional details about the release",0,0.0,0.8,9422.097538001253,False,tog2,0
WebQTrn-3141_8f5580b35c972ae8382d6e04447e79a9,Where is the birthplace of the actor who played Claire Summers?,Brooklyn,"The information provided does not include the birthplace of the actor who played Claire Summers. Based on the given chain, we",0,0.0,0.8,9513.902476988733,False,tog2,0
WebQTest-537_3f765ae8a25eecea63667cdb84f5500a,What movies was originally released in 2002-10-18 and starred actor Charlie Hunnam?,Abandon,"The information provided does not include specific movie titles or release dates. To answer the question, details about Charlie Hunnam's",0,0.0,0.8,9437.399339003605,False,tog2,0
WebQTrn-1405_b98a27e21e904173168eb7517b123e51,Where did President Kennedy go to school that has less than 2416 postgraduates?,Stanford Graduate School of Business,"The information provided does not specify the number of postgraduates at John F. Kennedy School. However, based on the",0,0.16666666666666666,0.8,9714.783825009363,False,tog2,0
WebQTrn-1532_7be2e3bf2a96cf21e0a1011841c6db76,"Which university did Harry S. Truman attend, that has less than 9,381 undergraduates?",University of Missouri–Kansas City,"Based on the information provided in the reasoning chain, it is not possible to definitively determine which specific university Harry S.",0,0.08,0.8,9695.239572989522,False,tog2,0
WebQTest-1348_aaea2f2132c4959cb6212b418a40c985,For what teams did the father of the actor in the movie NFL Insider play?,Ole Miss Rebels football,"The information provided does not contain any details about the father of an actor in the movie ""NFL Insider"" or any information",0,0.0,0.8,9549.74762799975,False,tog2,0
WebQTrn-60_04f7151d0ff7591862950b88685ee27c,What country has an internet domain of cn and has a portuguese speaking population?,China,"The information provided does not include a country with an internet domain of ""cn"" that has a Portuguese-speaking population. China",0,0.0909090909090909,0.8,9638.589828988188,False,tog2,0
WebQTrn-1577_68d3456de4f00782e827bacf13846d5e,"What school was attended by the famous person who quoted ""The future is... black.""?",The New School,"The given information does not provide any details about a famous person who quoted ""The future is... black."" or the schools",0,0.2,0.8,9488.93941399001,False,tog2,0
WebQTrn-2286_56479abdf8de613c8157280a9f1d1d1d,What's the location of the governmental jurisdiction in which there's a governmental body called Kentucky House of Representatives?,Contiguous United States,"The governmental jurisdiction in which there's a governmental body called Kentucky House of Representatives is Kentucky, which is an administrative area within",0,0.07407407407407408,0.8,9563.375472003827,False,tog2,0
WebQTrn-105_3b676cf5603d91ac09fd09d3697b68fb,Which currency would be most useful where the newspaper Akher Saa circulated in 2013?,Egyptian pound,The information provided does not specify a particular currency or its usefulness related to the newspaper Akher Saa's circulation in,0,0.0,0.8,9493.092699005501,False,tog2,0
WebQTest-1817_b1a54e8fe354c7415c96aae1f61a8382,What university with 30477 undergraduates did J.R.R. Tolkien attend?,University of Oxford,"None. The provided information is about John F. Kennedy University and John F. Kennedy, not J.R.R. Tolkien",0,0.09090909090909091,0.8,9717.348606995074,False,tog2,0
WebQTrn-1938_b9fa34f09c15f589df8150b880882013,What is the government system in place in the area of circulation for HaTzofe?,Parliamentary system,The information provided does not specify the government system in place in the area of circulation for HaTzofe. The,0,0.09523809523809525,0.8,9535.64404300414,False,tog2,0
WebQTrn-3170_6bd2ce4aab631c5e72a80da02ce8c1b3,"What does the artist that was nominated for ""The Audacity of Hope"" have a degree in?",Political Science,"The information provided in the reasoning chain does not contain any details about an artist being nominated for ""The Audacity of Hope",0,0.0,0.8,9395.018438997795,False,tog2,0
WebQTrn-1629_78cb2280db26c05fdc9b59622dc04611,Who played in the Forbidden Zone and is the voice of Jack Skellington?,Danny Elfman,"The information provided does not specify a particular actor who voiced Jack Skellington and also played in ""The Forbidden Zone.""",0,0.0,0.8,9417.332550001447,False,tog2,0
WebQTest-1923_a64ef0f5ce397a5e1ef6fcd550ebfcfb,What movies has Miley Cyrus been in with music by Aaron Zigman?,Sex and the City 2,"The given information does not provide any details about Miley Cyrus's movie roles or music collaborations. Therefore, it is not",0,0.08333333333333333,0.8,9531.02628099441,False,tog2,0
WebQTest-983_a4f4a46401a4dd8b2eb579dfc1290e0e,Which university attended by Tennessee Williams has more than 23799 undergraduates?,University of Missouri,"Based on the given information, we cannot determine which university Tennessee Williams attended or its undergraduate student count. Therefore, the answer",0,0.08333333333333333,0.8,9695.300803999999,False,tog2,0
WebQTrn-1722_d50834f94faf4fc329933bfc896be576,"On which continent, is the location where the movie, ""Speed 2: Cruise Control"" , occur?",North America,"The given information does not specify the continent where the movie ""Speed 2: Cruise Control"" occurs. The provided chain",0,0.0,0.8,9456.24143400346,False,tog2,0
WebQTrn-2314_792c6a28d066368131e18e276748ccac,What currency is used by the governmental office holder named Luis Fishman Zonzinski in his country?,Costa Rican colón,The information provided does not specify a particular currency used by Luis Fishman Zonzinski or his country. The given chain,0,0.0,0.8,9405.246716007241,False,tog2,0
WebQTest-96_4cc67ce49bb7a1fec24d61aaf2014ff5,"What city was the place of death for the person who quoted ""The sky is no longer the limit.""?",New York City,"The information provided in the reasoning chain does not contain any details about a city or a person who quoted ""The sky is",0,0.07692307692307691,0.8,9489.29396099993,False,tog2,0
WebQTest-1251_9b403279ce33759325317d9de5030d6b,Which country that speaks Germanic languages has the highest calling code?,Liechtenstein,"The reasoning chain provided does not contain information about countries or their calling codes. Therefore, based on the given information, it",0,0.0,0.8,9570.471050989,False,tog2,0
WebQTest-537_b7771109a84a9b56518460dc9e8878ff,What Charlie Hunnam work was production designed by Geoffrey Kirkland?,Children of Men,"To answer the question about which Charlie Hunnam work was production designed by Geoffrey Kirkland, we need to know specific information",0,0.0,0.8,9432.961882004747,False,tog2,0
WebQTrn-849_eba7931ddf28af4dfa20fb099196c91f,What country bordering Germany that involved in the Gulf War?,France,Israel,0,0.0,0.8,9488.711498997873,False,tog2,0
WebQTrn-634_d33dcb8918f3336a4ee93cfc8bcc332d,"What was the profession on the songwrite who wrote ""Aus tiefer Not schrei ich zu dir""?",Professor,"The given information does not provide details about the songwriter of ""Aus tiefer Not schrei ich zu dir"". The chain",0,0.0,0.8,9557.648617992527,False,tog2,0
WebQTest-1560_597bd7b2c629237d470d67390eba7edb,"Who founded the New York University, and was buried in Philadelphia?",Mordecai Manuel Noah,"The given information does not provide details about who founded New York University or where any founder was buried. Therefore, the answer",0,0.0,0.8,9479.115569003625,False,tog2,0
WebQTrn-2784_62b3636fba1e75c908b941e39908e018,What netflix_id under 70007652 movies has Tupac been in?,Above the Rim,The given information does not provide any specific Netflix ID or list of films that Tupac has been in. To answer this,0,0.08,0.8,9390.179990994511,False,tog2,0
WebQTest-538_74d534175719a2af18925085b2e1f726,Which film featuring Taylor Swift was written by Dan Berendsen?,Hannah Montana: The Movie,The provided information does not contain any details about a film featuring Taylor Swift that was written by Dan Berendsen. Therefore,0,0.08,0.8,9481.824417001917,False,tog2,0
WebQTest-96_7455d23af76a07d320d23accf66c5a43,In which city did the political appointee that had the title White House Deputy die?,New York City,The information provided does not specify the death location of any White House Deputy or the individual holding the position of White House Press,0,0.0,0.8,9436.145574989496,False,tog2,0
WebQTrn-837_b5a16676e03dc3374f767914e2292443,What school Jennifer Hudson attended has an NCES school ID of 170993000588?,Dunbar Vocational High School,To determine which school Jennifer Hudson attended that has an NCES school ID of 17099300,0,0.1739130434782609,0.8,9439.044961996842,False,tog2,0
WebQTest-538_dfc99f6e8277309985f191b4575cee66,What is the latest film that was released starring Taylor Swift?,The Giver,The information provided does not contain any details about the latest film released starring Taylor Swift. The given data includes information about genres,0,0.20689655172413793,0.8,9383.262471004855,False,tog2,0
WebQTest-918_a6b0e48e01f77546d20952acdc67b396,Who is the reigning King in the country when Cabodian French is the primary language?,Norodom Sihamoni,"The information provided does not contain any details about a ""reigning King"" or ""Cabodian French."" There is",0,0.0,0.8,9727.716654000687,False,tog2,0
WebQTest-1705_35c94dc6944d964963b44949d8ed512c,Where did the composer of What She Came From come from?,Glasgow,"The information provided in the reasoning chain does not contain any specific details about the origin or background of the composer of ""What",0,0.0,0.8,9451.060177001636,False,tog2,0
WebQTest-538_82ccd8edba1636ce0563a04fba26099b,Which movies directed by Chris Renaud have featured Taylor Swift?,The Lorax,None of the information provided in the reasoning chain relates to Chris Renaud or any movies he has directed that feature Taylor Swift,0,0.14814814814814817,0.8,9479.541582011734,False,tog2,0
WebQTrn-2486_24240c3eeb4eaa3638e77a8ed858c053,"Which university did the person who said ""Sometimes your best investments are the ones you don't make"" graduate from?",Wharton School of the University of Pennsylvania,"The information provided does not specify which university the person who said ""Sometimes your best investments are the ones you don't make",0,0.2162162162162162,0.8,9470.769002989982,False,tog2,0
WebQTrn-1077_e8cd4f111b252428852f30f4d6ed1732,Who know what religions are dominant where Farsi is spoken?,Shia Islam,"The information provided does not include details about religions dominant in countries where Farsi is spoken. Therefore, it's not possible",0,0.0,0.8,9426.892952003982,False,tog2,0
WebQTrn-2871_4c5dc1332d9eba8fde58e7b9561d4ae3,Which state has the position title of Mayor is near the Grand Canyon?,Phoenix,The reasoning chain provided does not contain any information about a mayor or specific states near the Grand Canyon. It only mentions that,0,0.0,0.8,9386.008542991476,False,tog2,0
WebQTrn-25_f65ceb2f4ef98392b0177705932740a5,What other movies has the actor that played the character Eliot Murtaugh play in?,Run the Tide,The given information does not provide details about other movies the actor who played Eliot Murtaugh has appeared in. The,0,0.20689655172413793,0.8,9515.461226008483,False,tog2,0
WebQTest-743_e629da56667ef31f1d0e059c5f3dff45,Which politician and brother of JFK ended his government post after 1968-06-06?,Ted Kennedy,"Robert F. Kennedy (RFK) ended his government post as U.S. Attorney General after June 6,",0,0.1111111111111111,0.8,9565.726875996916,False,tog2,0
WebQTrn-849_e07b3359e02a6d6ceb68871f1dad7072,Which country that held the Ayrault Government legislative session borders Germany?,France,The information provided does not contain any details about a country that held the Ayrault Government legislative session or its bordering,0,0.0,0.8,9610.970865003765,False,tog2,0
WebQTrn-2784_1afdc65142a646a69eb7f01dce690c4b,"Of the movies which featured tupac, which one has the largest netflix_id?",Murder Was the Case,"The given information does not provide any data about specific films featuring Tupac or their Netflix IDs. Therefore, it is impossible",0,0.08,0.8,9388.785704999464,False,tog2,0
WebQTrn-1278_1ef455d28d4c19f07ec1bf5ca5bad8c3,Who are the people the actor who played Ezekiel 'Spoon' Whitmore has dated?,Jada Pinkett Smith,The given information does not provide any details about the dating history of the actor who played Ezekiel 'Spoon' Whit,0,0.0,0.8,9495.92605700309,False,tog2,0
WebQTrn-3057_17e973c9587cc65f8e2ea8add9f00ef2,"In what year, did the Giants win the World Series, and the Kansas City Royals, was the championship, runner up?",2014 World Series,The question provided does not contain any information about the San Francisco Giants or their World Series victories. It only mentions the Kansas,0,0.15384615384615383,0.8,9491.395956996712,False,tog2,0
WebQTrn-3379_1555b448547cae902ba0ac654a097948,"What is the name of the location, where the film, ""The Loved Ones"" occur?","William Lamb, 2nd Viscount Melbourne","The information provided does not specify the location for the film ""The Loved Ones."" The given chain includes details about baseball but",0,0.0,0.8,9475.68721199059,False,tog2,0
WebQTrn-241_b96b735d1d754f27bc8986b614669f7b,"What countries bordering the location of the film ""Amen""?",Belgium,"The information provided does not contain any details about the location of the film ""Amen"" or its neighboring countries. Therefore",0,0.0,0.8,9679.241010991973,False,tog2,0
WebQTrn-2570_719a19b4c8ab7d1b27c9529c394743ef,"What was the name of the president during World War II who left the position after April 12, 1945?",Harry S. Truman,Franklin D. Roosevelt,0,0.0,0.8,9535.201684993808,False,tog2,0
WebQTest-1686_9f2fd1f7d2cee3d36d73ff5e3ef8b2c1,What governor of Arizona in 2009 ended his/her governmental position earliest?,Janet Napolitano,The information provided does not specify the exact year 2009 or the end date of any governor's term.,0,0.0,0.8,9699.17260800139,False,tog2,0
WebQTrn-3166_d67d1a50e910a4fb8986ceb9205de433,What is the capital of th country that produced Cass beer?,Seoul,"The information provided does not specify which country produced Cass beer or identify its capital. Therefore, it's impossible to determine the",0,0.0,0.8,9460.828623996349,False,tog2,0
WebQTest-1513_a70c7fd7ecc2aef83d0149355d69ddd1,What recreational lake is near Downtown Sacramento?,Folsom Lake,None of the given information pertains to a recreational lake near Downtown Sacramento. The provided data is about Twin Lake in Warren,0,0.15384615384615385,0.8,9341.799018991878,False,tog2,0
WebQTest-1528_4d68dbe4294e979290940881e3008e0d,What movie was Logan Lerman in that was decorated by Barry Greaves?,Fury,The information provided does not contain any details about Logan Lerman or Barry Greaves. There is no connection to these individuals,0,0.0,0.8,9470.354037999641,False,tog2,0
WebQTrn-347_6f7252fc04cfac2cabbe4d12f43b4b42,What is the causes of death of the actor who played the character NASCAR Driver #2?,Racing Accident,The information provided does not specify the cause of death for the actor who played the character NASCAR Driver #2. To answer,0,0.0,0.8,9463.088396005332,False,tog2,0
WebQTrn-497_f7b8eb3c69f4f516a626fa9d2f9efa54,Which country has the newspaper De Pers?,Netherlands,"The given information does not provide any details about the country where the newspaper ""De Pers"" is located. The provided chain",0,0.0,0.8,9499.429932999192,False,tog2,0
WebQTrn-1392_89c6b37c8c2fb91cc761e61b8c1e8924,What school did the author of You learn by Living attend?,Allenswood Academy,The information provided does not specify that Angelina Jolie (m.0w17_7x) is the,0,0.2,0.8,9480.122231994756,False,tog2,0
WebQTest-1603_5aabdab4c50d62388224ccc564a50535,What sacred Daoist text had an influence on Jorge Luis Borges?,Zhuang Zhou,The information provided does not contain any details about a sacred Daoist text influencing Jorge Luis Borges. The given chain is,0,0.0,0.8,9437.977311012219,False,tog2,0
WebQTest-1785_98806527b045c387792db297c407c023,Which film starring Kim Richards has the largest Netflix ID?,Race to Witch Mountain,The question cannot be answered from the given information.,0,0.0,0.8,9513.154452011804,False,tog2,0
WebQTest-983_3caa263f40808e17c9c54948505772ee,What college Tennessee Williams attended is a university with fewer than 6439 postgraduates enrolled?,Washington University in St. Louis,"Based on the given information, we cannot determine which specific college Tennessee Williams attended or its current postgraduate enrollment. The provided",0,0.14814814814814814,0.8,9707.987359011895,False,tog2,0
WebQTrn-412_bcf98a1e3dee127b2c36824f0f86a401,"What language do the people in the area where the ""Trouw"" newspaper is circulated speak?",Dutch Language,"The information provided does not include details about the languages spoken in the area where ""Trouw"" is circulated. To answer",0,0.09090909090909091,0.8,9454.071942003793,False,tog2,0
WebQTest-561_87feb43d4b743e2f0172e00f50bfada2,"When was the person who said ""seriously, I do not think I'm fit for the presidency"" president?",Abraham Lincoln 1861 presidential inauguration,"The statement ""seriously, I do not think I'm fit for the presidency"" is attributed to John F. Kennedy",0,0.0,0.8,9695.754243992269,False,tog2,0
WebQTest-1823_2c38095b8b3c844ecca00e385cd7f083,What forms of government are in place in the Federal Government of Iraq?,Parliamentary system,"To answer this question, we need to identify the form of government specifically for the Federal Government of Iraq. However, based",0,0.08695652173913042,0.8,9389.80654500483,False,tog2,0
WebQTest-102_2138a6c1814de01ffc054bed7c94061a,"Who played the fictional character, Batgirl, that's the parent of James Gordon, Jr.?",Ilyssa Fradin,"The information provided does not contain any details about the fictional character Batgirl or her relation to James Gordon, Jr. Therefore",0,0.0,0.8,9579.36747399799,False,tog2,0
WebQTrn-2540_58a5d284cc8e461c26e8c88444fd56d4,Which artist passed away on 1863-08-13 and was an inspriational source to Claude Monet?,Eugène Delacroix,Theo van Gogh,0,0.0,0.8,9516.545588005101,False,tog2,0
WebQTrn-64_4b7058a69c5eb71df36a89837b1e4f60,What was the name of the composer who wrote Papa'z Song?,Bishop,"The information provided does not include the name of the composer who wrote ""Papa'z Song."" The given chain describes",0,0.0,0.8,9444.083946000319,False,tog2,0
WebQTrn-25_6ae300867eca734b6401db400f5a04a4,Which film is the earliest that Taylor Lautner played in?,Shadow Fury,The information provided does not contain any details about Taylor Lautner or his filmography. The given chain of information pert,0,0.0,0.8,9468.379712998285,False,tog2,0
WebQTest-1251_dd9813281934463d55e5452175212740,What country that speaks Germanic languages has an army less than 39200?,Belgium,"The reasoning chain does not provide specific information about countries, armies, or population sizes related to Germanic languages. Therefore,",0,0.0,0.8,9573.173838987714,False,tog2,0
WebQTest-1823_f5dfb1d13b449d0985315416d72cd95f,What type of government does that country that speaks Syriac use?,Parliamentary system,The information provided does not specify the type of government in Syria. The details given are about languages spoken and used in writing,0,0.0,0.8,9492.80349300534,False,tog2,0
WebQTrn-894_e8816f41e30cc619312fa050ff173448,"Who inspired the person who said, ""Her voice is full of money""?",Edith Wharton,"The information provided in the reasoning chain does not contain any details about who inspired the person who said, ""Her voice is",0,0.0,0.8,9474.633183010155,False,tog2,0
WebQTrn-2319_90b940cb467238cc91ecfd5f2fd89fb1,"What are the official languages of the setting of the movie ""Three Stories of Galicia""?",Albanian language,"Based on the given information, we can infer that Galician is a notable human language in the context of Galicia,",0,0.09090909090909091,0.8,9577.217113008373,False,tog2,0
WebQTrn-1677_9dd205fdfa5075d2f97abec58868d9c9,What Adam Sandler movie is in the Dutch language?,Deuce Bigalow: European Gigolo,"The information provided does not contain any details about Adam Sandler movies or their language. Therefore, it's impossible to determine",0,0.0,0.8,9495.56670099264,False,tog2,0
WebQTrn-2152_52aec0171d93064e46b6e747d8d82010,Which team from the American League West was founded the most recently?,Anaheim Angels,"To determine which team from the American League West was founded the most recently, we need to identify the teams in that division",0,0.0,0.8,9663.556329003768,False,tog2,0
WebQTest-1560_2d851e09c04c135c6499a8e7bcf24ee9,What founder of New York University had a position in the 4th United States Congress?,Albert Gallatin,The given information does not provide any details about the founder of New York University or their positions in the United States Congress.,0,0.0,0.8,9508.4259580035,False,tog2,0
WebQTest-43_6988da193226944bb48ca59b2115a2b6,"What was the occupation of the person who said ""War is too important a matter to be left to the military.""?",Statesman,"The given information does not provide the occupation of the person who said ""War is too important a matter to be left to",0,0.0,0.8,9531.36278099555,False,tog2,0
WebQTrn-3543_c48e6de5044e564c757dd8332cdd7570,What nation to which Japan exports is a political division within the United Arab Emirates?,Dubai,The given information does not specify any nation to which Japan exports or provide details about political divisions within the United Arab Emirates.,0,0.0,0.8,9587.39029300341,False,tog2,0
WebQTrn-2653_7c505eeeebb378fcfa65dc771f8239fd,What wars has France fought in and was the subject of Courage Under Fire?,Gulf War,The given information does not provide details about wars France has fought in or the subject of Courage Under Fire. To answer the,0,0.0,0.8,9667.97586499888,False,tog2,0
WebQTrn-2809_8deb69518817ab56417b04d421af85b3,Where did the actor nominated for the award for The Catcher in the Rye die?,Cornish,The information provided does not contain any details about the death of an actor nominated for the SFX Award for Best Actor for,0,0.0,0.8,9508.893563994206,False,tog2,0
WebQTest-1686_181825fe7646c43aa5701064e8bc73d2,Who is the Arizona Governor in 2009 who held her position since 1-26-2009?,Jan Brewer,The information provided does not specify the exact date of 1-26-2009 or the governor's,0,0.0,0.8,9707.924786009244,False,tog2,0
WebQTrn-484_bcb1e681f9136c45c48a60c29662bf28,What is the name of the currency in the country with a position title of Vice President of Brazil?,Brazilian real,The reasoning chain does not provide information about the currency or the Vice President of Brazil. It only discusses types and properties related,0,0.0,0.8,9459.888105004211,False,tog2,0
WebQTest-1923_4dc293c98f6d58868f7b2d33a7e06f2e,What movie was about the korean war and featued actress Miley Cyrus?,Big Fish,None of the provided information pertains to a movie about the Korean War featuring actress Miley Cyrus. The given data is,0,0.0,0.8,9479.149314007373,False,tog2,0
WebQTrn-2189_6de87d5153dc87e5b7005e44c2e98e78,What modern language is spoken in the governmental jurisdiction in which Mahmoud Fawzi holds a governmental office?,Modern Standard Arabic,The information provided does not specify the exact modern language spoken in the governmental jurisdiction where Mahmoud Fawzi holds a governmental office,0,0.08,0.8,9600.506287999451,False,tog2,0
WebQTrn-1677_33b7d857b3156faee9cb6c16741d8b6a,What Adam Sandler movie had cinematography done by Dean Semler?,Paul Blart: Mall Cop 2,"None of the information provided mentions an Adam Sandler movie. The given data only links Dean Semler to the films """,0,0.0,0.8,9569.088953998289,False,tog2,0
WebQTrn-2069_9a4491f5f6a880a03bd96b8180bace4c,"If I were to visit the governmental jurisdiction where Ricardo Lagos holds an office, what languages do I need to learn to speak?",Aymara language,"To determine the languages needed to speak in the governmental jurisdiction where Ricardo Lagos held an office, we would need additional information about",0,0.0,0.8,9594.627546990523,False,tog2,0
WebQTrn-1405_56e8d2e51ce1a46013d0176a58f8d5b3,"Where did the President who ""An American Affair"" is about go to college?",Harvard College,"The information provided does not specify which college the President mentioned in ""An American Affair"" attended. Given that the subjects",0,0.09090909090909091,0.8,9535.52050399594,False,tog2,0
WebQTest-719_3a4de3e3ca56b4c8159542e8fc8f9945,Which political affiliation did the  protagonist in the movie Obama Anak Menteng belong to?,Democratic Party,"The given information does not provide any details about the political affiliation of the protagonist in the movie ""Obama Anak Menteng",0,0.0,0.8,9514.762370003155,False,tog2,0
WebQTest-1282_29d667144c10743ecdb31fccce932cdd,What form of government is used in both the United States and Bolivia?,Presidential system,Republic,0,0.0,0.8,9445.21204198827,False,tog2,0
WebQTest-965_6149d3b479edde0d00035aa61c2a4a36,"Where did the person about whom the movie ""The Diary of Anne Frank"" was made go to school?",Montessori Lyceum Amsterdam,"The information provided does not specify where Anne Frank went to school. The given details are about her gender, ethnicity, and",0,0.0,0.8,9448.302167002112,False,tog2,0
WebQTrn-3038_15cace8f716a3aed245757a5874e1bb0,"Where is the childhood home of the person who said ""Who is rich? He that rejoices in his portion.""?",Boston,The given information does not provide the childhood home of the person who said the quote. The reasoning chain only contains details about,0,0.0,0.8,9349.168285989435,False,tog2,0
WebQTrn-2023_835a8ec1be91ea0beafe52046c426bd3,Where did the composer of Can I Live II grow up?,Brooklyn,"The information provided in the reasoning chain does not contain any details about where the composer of ""Can I Live II"" grew",0,0.0,0.8,9494.896945005166,False,tog2,0
WebQTrn-493_21986807f4548b62c7b5748ebe3973ee,In what region is the country that produces Artois Peeterman beer?,Europe,The given information does not provide any details about the location of Artois Peeterman beer or its producing region.,0,0.0,0.8,9622.684260000824,False,tog2,0
WebQTrn-2664_c48e6de5044e564c757dd8332cdd7570,What main trading partner of China is an administrative division in the country United Arab Emirates?,Dubai,The given information does not provide any details about the main trading partners of China or the administrative divisions within the United Arab Emirates,0,0.0,0.8,9575.41979799862,False,tog2,0
WebQTrn-3141_680744290a1c918aad52e9c61b428d56,"Where was the artist that was award nominated for, Get Real born?",Brooklyn,The information provided does not include Brad Pitt's birthplace. The chain only mentions his nomination for an award at the,0,0.0,0.8,9476.188034008374,False,tog2,0
WebQTest-1560_540272628a3440c1e3ee0d073a890920,Who is the person that wrote a Vocabulary of Seneca and founded New York University?,Albert Gallatin,"The given information does not provide any details about who wrote a Vocabulary of Seneca or founded New York University. Therefore,",0,0.0,0.8,9532.436351990327,False,tog2,0
WebQTrn-1259_38e836442d3d4535942bf8f0cbbbe65a,"At what college was the artist who recorded ""Hot Rod Heart"" educated?",Belmont University,University of Missouri School of Music,0,0.25,0.8,9474.987198002054,False,tog2,0
WebQTest-1923_29fb4dfe0b8a966ca93fbd19bbc13e70,What movie was Miley Cyrus in that was produced by Touchstone Pictures?,The Last Song,The information provided does not contain any details about Miley Cyrus or specific movies she was in. It only provides information about,0,0.08,0.8,9245.262038995861,False,tog2,0
WebQTest-54_9979ad066382ff1507c923c8035087c4,What country was controlled by the political appointee who held the title Reich Governor?,Nazi Germany,The information provided does not specify that the political appointee who held the title Reich Governor controlled any country. The chain of,0,0.0,0.8,9505.268050008453,False,tog2,0
WebQTrn-3033_e3a5f9c340a4ea179541856ccb4900eb,Which location is in the area in which the newspaper Xtra! is circulated?,Ontario,The information provided does not contain any details about the circulation area of the newspaper Xtra!. The given facts are related to,0,0.0,0.8,9426.691011001822,False,tog2,0
WebQTrn-2006_d6eeef75a363b8c5bf405ea3b0684cfc,"For what magazines did the subject of the film ""The Raven"" work?",Graham's Magazine,"The given information does not provide any details about the subject of the film ""The Raven"" or the magazines they worked for",0,0.0,0.8,9486.876643000869,False,tog2,0
WebQTest-783_b181354faec01d121c5f050e0d0da2fd,"What county in Texas is the location where the movie ""Puncture"" takes place?",Montgomery County,"The information provided does not specify the county in Texas where the movie ""Puncture"" takes place. The chain only gives",0,0.09090909090909091,0.8,9639.934715989511,False,tog2,0
WebQTest-1785_f4a57ff81e8f60ff90735c3e1206bdc3,What film starring Kim Richards that was released on 3-21-1975?,Escape to Witch Mountain,The question provided does not contain any information related to Kim Richards or a film release date. The given reasoning chain is about,0,0.07407407407407408,0.8,9471.995091997087,False,tog2,0
WebQTrn-1677_e171598f0904aa80515342263bc45547,What movie produced by John Schneider was Adam Sandler in?,Deuce Bigalow: European Gigolo,The given information does not contain any details about movies produced by John Schneider or Adam Sandler's involvement in them. Therefore,0,0.0,0.8,9483.226725002169,False,tog2,0
WebQTrn-1841_2f402f2c0487977d71bf7076a8db1e97,Which Spanish sports teams were founded after 1994?,San Sebastián Gipuzkoa BC,The information provided does not specify any Spanish sports teams founded after 1994. It only mentions the Spain national,0,0.0,0.8,9686.064090987202,False,tog2,0
WebQTrn-2335_f81b2d3ee250e8503f128923a79d3c5a,What is the national anthem of the place where Tsakhur is spoken?,National Anthem of Russia,The given information does not provide any details about the language Tsakhur or its relation to a specific country and thus cannot,0,0.0,0.8,9421.056242994382,False,tog2,0
WebQTest-1002_18b698a0c4db4e35a9c98877fc9c40ae,Who was the actor who played Dumbledore in Harry Potter who died from Hodgkin's lymphoma?,Richard Harris,The given information does not provide the specific name of the actor who played Dumbledore in Harry Potter or the cause of their death,0,0.0,0.8,9549.915273004444,False,tog2,0
WebQTest-537_743ff6362bb2b9e550d92e0dc9b8b063,What movie starring Charlie Hunnam that had John Mathieson as the cinematographer?,Knights of the Roundtable: King Arthur,The question provided does not contain enough information to determine a specific movie starring Charlie Hunnam with John Mathieson as the,0,0.12121212121212123,0.8,9563.443482998991,False,tog2,0
WebQTrn-25_a87e077f0e759349480a544bd66cfe40,In which thriller movies does Taylor Lautner appear?,Abduction,The given information does not provide any details about Taylor Lautner's appearances in thriller movies. The provided chain of reasoning,0,0.0,0.8,9396.001412998885,False,tog2,0
WebQTrn-124_5e89e91ab1c8fd1eea3f415d52cb4738,What movie was directed by Angelina Jolie and directed by Mick Garris?,Unbroken,There is not enough information provided to determine specific movies directed by both Angelina Jolie and Mick Garris. The given,0,0.0,0.8,9589.161629002774,False,tog2,0
WebQTrn-567_a597ad8a4ef31ad09f1765593d4e7fcc,Which movies featuring the work of Ron Howard has the shortest run time?,Huckleberry Finn,"The information provided does not include specific run times for any of Ron Howard's films, so it is not possible to determine",0,0.0,0.8,9505.247517998214,False,tog2,0
WebQTest-1171_9d97dbacae72da3d13bebc0a3f095297,Who wrote Voices and silences and also did Darth Vader's voice?,James Earl Jones,"The information provided does not include details about who wrote ""Voices and Silences"" or who did Darth Vader's voice",0,0.0,0.8,9419.888845004607,False,tog2,0
WebQTest-1965_b3a2ccc81ab934c7f836221d51e151f5,What comedian did the voice for Lola Bunny?,Kristen Wiig,"The reasoning chain provided does not contain specific information about which comedian voiced Lola Bunny. To answer this question accurately, we would",0,0.0,0.8,9501.628961006645,False,tog2,0
WebQTrn-1677_f440937e3c93270055861e78bf0e0c9a,What other movies is the person who plays Charlie Fineman in?,Paul Blart: Mall Cop 2,The information provided does not contain any details about movies related to the person who plays Charlie Fineman. The given chain focuses,0,0.21428571428571427,0.8,9559.434904003865,False,tog2,0
WebQTrn-634_290076b4968a6b1f5f7b5425d3a5e9f0,"What work did the person do who said, ""Forgiveness is God's command""?",Professor,"The quote ""Forgiveness is God's command"" is attributed to Saint Augustine of Hippo. He was a theologian",0,0.10526315789473684,0.8,1471.9310710061109,False,tog2,0
WebQTrn-124_6655b5377537a5db12604d5fc81260a4,What drama movie did Angelina Jolie direct?,In the Land of Blood and Honey,The information provided does not indicate that Angelina Jolie directed any drama movie. The given details mention her as an actor,0,0.11428571428571427,0.8,9569.247948005795,False,tog2,0
WebQTrn-21_9d6e0b4b6617f7a16f3132c0b756fc77,Who serves as Prime Minister of the country where Harar Beer is made?,Hailemariam Desalegn,The information provided does not specify which country Harar Beer is made in or who the current Prime Minister of that country is,0,0.0,0.8,9506.996227006312,False,tog2,0
WebQTrn-124_0ebb5db67d331752adddbe06bca557fc,What movie directed by Angelina Jolie that was released after 12-22-2011?,Unbroken,The information provided does not specify a movie directed by Angelina Jolie that was released after 12-22,0,0.0,0.8,9583.020129997749,False,tog2,0
WebQTest-213_4d64427814a804819d7bd73a4187dbe2,"Who did Scarlett Johansson date that was an actor in the movie ""The Croods 2""?",Ryan Reynolds,"The reasoning chain provided does not contain any information about Scarlett Johansson's dating history or her co-stars in ""The Cro",0,0.0,0.8,9545.365403988399,False,tog2,0
WebQTrn-3034_2fd33d22c32307ac6536d5c5644a1bde,"Where did the person who said, ""In this Revolution no plans have been written for retreat"" earn his doctorate?",Boston University,The given information does not provide any details about where John F. Kennedy earned his doctorate or what he said in the,0,0.0,0.8,9554.415441991296,False,tog2,0
WebQTest-1384_1ae1a6be469266690c163ee3f6e0293c,What is the main religion in the nation where the Cabinet of Israel is located?,Judaism,"The information provided does not specify the main religion in Israel. To answer this question accurately, we would need additional data about",0,0.0,0.8,9445.320248996723,False,tog2,0
WebQTrn-124_405a78f132e69f4771aff40d07cd0294,"Which movie did Angelina Jolie direct, that was produced by Erwin Stoff?",Unbroken,"The information provided does not include details about any movie directed by Angelina Jolie or her directorial work, nor does",0,0.0,0.8,9566.962412995053,False,tog2,0
WebQTest-1376_f46d89a2e7090339e748bcf7dbd14692,"In which province, is the location that has a governmental body called, Montreal Executive Committee?",Québec,"The information provided does not specify a province or directly mention Montreal or the Montreal Executive Committee. Therefore, based on the given",0,0.0,0.8,9454.44927099743,False,tog2,0
WebQTest-493_4449720a6e25f3093a8065ae980f0221,What government system is shared by Australia and the Kingdom of Prussia?,Constitutional monarchy,"The given information does not provide details about the government systems of Australia or the Kingdom of Prussia. Therefore, it's",0,0.0,0.8,9534.677593997912,False,tog2,0
WebQTrn-2809_76ad44c32bce2694411c86576bbec2e7,"In which city, did the author that published, A Catcher in the Rye, died?",Cornish,"The information provided does not specify the city where the author of ""A Catcher in the Rye"" died. The",0,0.0,0.8,9416.81050301122,False,tog2,0
WebQTest-743_0c1285b4c6ee14099812a0408bc73a78,Which of JFK's brothers served in the political party called Massachusetts Democratic Party?,Ted Kennedy,"The information provided does not specify which of JFK's brothers served in the Massachusetts Democratic Party. However, John F. Kennedy",0,0.08695652173913042,0.8,9637.246733007487,False,tog2,0
WebQTest-1941_ec0e8589cffeb3721b09bd2a5f042e63,What form of government is used in the country where the regional Omagua dialect is used?,Presidential system,"The given information does not provide any details about the form of government or the location of the Omagua dialect. Therefore,",0,0.0,0.8,9390.875652999966,False,tog2,0
WebQTrn-3033_9bff9b3325534dae4908b820d4364101,"Where was the movie ""Shoot 'Em Up"" filmed?",Ontario,"The information provided does not specify the filming location for the movie ""Shoot 'Em Up."" The given chain only mentions that",0,0.0,0.8,9525.485303005553,False,tog2,0
WebQTrn-2316_72d523c9058d95267091aebebd6b7e62,Who was the person who influenced Jackson Pollock that died latest?,Joan Mir,"The given chain of statements is about music artists and musicians, not painters or their influences. There is no information provided about",0,0.0,0.8,9489.629158997559,False,tog2,0
WebQTrn-3049_ae2f0556c44ee8e111f11615ad14f9d8,For what is the area where the newspaper Creative Loafing circulates famous?,1996 Summer Olympics,The given information does not specify the area where the newspaper Creative Loafing circulates or its fame in a particular area,0,0.0,0.8,9454.323571000714,False,tog2,0
WebQTrn-2152_5222f9390741ca95a173b832aad586f2,What American League teams play in Arlington?,Texas Rangers,The reasoning chain does not provide specific information about which American League teams play in Arlington. While it mentions the American League Central,0,0.0,0.8,9628.871405002428,False,tog2,0
WebQTest-561_f4a09a295875531887340bb4c3b57928,When was the person to whom William Howard Taft dedicated his work President?,Abraham Lincoln 1861 presidential inauguration,The information provided does not specify when William Howard Taft dedicated his work to the person who held the office of President of,0,0.0,0.8,9396.439839998493,False,tog2,0
WebQTrn-1180_33a613e654ecc62313ec81072238d012,WHat states has a symbol of Cornus Florida and incldues the town of Wellsville?,Missouri,"The given information does not provide details about symbols or towns. Therefore, based on the provided chain, it is not possible",0,0.0,0.8,9625.196050008526,False,tog2,0
WebQTest-1376_97821c19501e4733cb11d7bdbd06bfef,"When my brother visited the location where the film ""Source Code"" takes place, what province was he in?",Québec,"The information provided does not specify the exact province where the film ""Source Code"" takes place. Therefore, based on the",0,0.0,0.8,9508.783813012997,False,tog2,0
WebQTrn-125_003c6a046c47526d922683f22cf0e983,The subject of the film King: A Filmed Record... Montgomery to Memphis was shot at what location?,Memphis,"Based on the given information, the film ""King: A Filmed Record... Montgomery to Memphis"" was likely shot in",0,0.10526315789473684,0.8,9522.879639000166,False,tog2,1
WebQTrn-493_bdb01f7e3dce965318ee60fc713a9cb0,Where would you find the country where St. Bernardus Abt 12 beer is made?,Europe,"To determine the country where St. Bernardus Abt 12 beer is made, we need to look at the",0,0.0,0.8,9599.581289992784,False,tog2,0
WebQTrn-894_b751ce0f39b884d02f214d615fe3cb57,"Who was the inspiration for the person that said ""There are no second acts in American lives""?",Edith Wharton,"The quote ""There are no second acts in American lives"" is often attributed to Walter Winchell, not directly to",0,0.0,0.8,9524.350748994038,False,tog2,0
WebQTrn-1677_a3f3297c1fb33fa36090e79b89b6690c,What Adam Sandler movie had cinematography done by Michael Barrett?,You Don't Mess with the Zohan,"The given information does not provide details about specific cinematographers for Adam Sandler's films. To answer the question, we",0,0.11764705882352941,0.8,9436.735059003695,False,tog2,0
WebQTrn-1939_87feb43d4b743e2f0172e00f50bfada2,"What political experience did the person have who said, ""Seriously, I do not think I fit for the presidency""?",United States Representative,"The given chain does not provide information about who said ""Seriously, I do not think I fit for the presidency."" Therefore",0,0.12903225806451613,0.8,9583.556487996248,False,tog2,0
WebQTest-1785_64f7f636c2ecaa51fcf62618fe76820a,Which movie did Kim Richards appear in and had a length of 112.0 minutes?,Tuff Turf,"The information provided does not contain any details about movies or Kim Richards appearing in them. Therefore, I cannot answer the question",0,0.0,0.8,9484.861037009978,False,tog2,0
WebQTrn-1392_34fab9efec62ce40a115985e8743f69c,Which university with fewer than 3708 postgraduates did Eleanor Roosevelt attend?,The New School,The given information does not provide any details about the universities attended by Eleanor Roosevelt or the number of postgraduates at those,0,0.1935483870967742,0.8,9616.550596998422,False,tog2,0
WebQTest-1785_0c2ef888f7d4db8c11f11a94192905ba,"Which movie was Kim Richards in, that was released in 1974?",The Whiz Kid and the Mystery at Riverton,"The information provided does not contain any details about Kim Richards or her movie appearances. Therefore, it's not possible to determine",0,0.07692307692307693,0.8,9483.210484002484,False,tog2,0
WebQTrn-1069_1ad460cd0410838a2d94b2dd7bd93efe,What languages are spoken in the country where Faroese is used?,Greenlandic language,"The given information does not provide a direct link between the country and the language Faroese. Therefore, we cannot determine",0,0.09523809523809523,0.8,9548.304116004147,False,tog2,0
WebQTrn-2875_625df54cc64b9a3383407af99190cb04,"What language, with the initials EL, do the people of Cyprus speak?",Greek Language,"The people of Cyprus do not primarily speak a language with the initials EL; however, based on the information provided, German",0,0.08695652173913042,0.8,9594.65271201043,False,tog2,0
WebQTrn-452_576be7cca909b5ccf4bbd2bcc0249607,Where does Lala Anthony live where the GNIS feature ID is the smallest?,Baltimore,"The information provided does not contain specific details about Lala Anthony's residence or any GNIS feature IDs. Therefore, it",0,0.0,0.8,9471.477928993409,False,tog2,0
WebQTest-213_0739c226a0ca72de240018da832e1221,"Who did Scarlett Johansson date that played in the movie ""Wild Horses""?",Josh Hartnett,"The information provided does not contain any details about Scarlett Johansson or her dating history, nor does it mention the movie """,0,0.0,0.8,9446.252720998018,False,tog2,0
WebQTrn-3744_1bc38eddb1fb4d93010f232f991f8d09,What college with number of undergraduates greater than 29118 that Russell Wilson attend?,University of Wisconsin-Madison,The information provided does not specify a particular college or university attended by Russell Wilson. While we can infer that Metropolitan University College,0,0.12903225806451613,0.8,9506.144618004328,False,tog2,0
WebQTrn-241_4982d29236a4ba64c2f0439d263f23aa,"On the countries that share a border with France, which country has the smallest army?",Luxembourg,"The given information does not provide specific details about the size of armies of countries sharing a border with France. Therefore, it",0,0.0,0.8,9714.143990990124,False,tog2,0
WebQTrn-3249_8854b6b321c9e210d83c0419d6d3b4c5,Which shows did the actor who played the character Danielle Warren play in?,Detention,The given information does not provide details about the shows the TV actor who played the character Danielle Warren appeared in. The provided,0,0.23255813953488372,0.8,9426.781264002784,False,tog2,0
WebQTrn-2904_0b2295cf692f73863c4d317fe2713132,Where did Lauren Conrad live that also produced the beer Anchor Steam?,San Francisco,"The information provided does not contain any details about Lauren Conrad or Anchor Steam beer. Therefore, it is impossible to determine where",0,0.0,0.8,9516.6668969905,False,tog2,0
WebQTrn-1392_ba1b3d8965af4c1f1127fa5219d1c2df,"Where did Eleanor Roosevelt attend school, with an organization founding date of 1919?",The New School,The information provided in the reasoning chain does not contain any details about Eleanor Roosevelt's schooling or the founding date of any organization,0,0.18181818181818182,0.8,9515.906654996797,False,tog2,0
WebQTest-1012_73741811f34519b29f7d19ccfd4d9553,"What structure opened in 1922 in Hollywood, CA?",Grauman's Egyptian Theatre,"The information provided does not specify any structure that opened in 1922 in Hollywood, CA. The data focuses",0,0.0,0.8,9555.893779994221,False,tog2,0
WebQTrn-493_590fff78c30981ef9566ad54a453d002,Where does the breed Schipperke originated from?,Europe,The information provided does not include the place of origin for the Schipperke breed. The given chain only provides details,0,0.0,0.8,9514.901037997333,False,tog2,0
WebQTest-1528_f8024d5f486967b395064aa07aa52d6e,"In which movie did Logan Lerman act in, that was written by Andrew Davies?",The Three Musketeers,The information provided does not specify which movie A.J. Logan acted in with a screenplay by Andrew Davies. There is no,0,0.08,0.8,9530.946415005019,False,tog2,0
WebQTrn-2258_a37f457dd3fdc936b7b86a218e415de7,"Who served as Vice President under the subject of the film ""Reagan""?",George H. W. Bush,"The subject of the film ""Reagan"" is Ronald Reagan, who served as the 40th President of the",0,0.0,0.8,1469.5799659966724,False,tog2,0
WebQTrn-1812_93d2e88cddc04bc55b23c31bab096e16,Which Caribbean country has the largest calling code?,Netherlands Antilles,Turks and Caicos Islands,0,0.0,0.8,9567.6491149934,False,tog2,0
WebQTrn-3376_118a81ac3fc08ca8590bf8be836d1be1,What school attended by Kevin Hart had an organizational founding date of 1929?,Castlemont High School,"The information provided does not specify the founding date of Castlemont High School. Therefore, it is not possible to determine",0,0.2608695652173913,0.8,9481.396224990021,False,tog2,5
WebQTrn-1659_a6a6b721b1b2c30cde7fac3c3b6072cd,For what sports team that calls McNichols Sports Arena its home stadium does Nate Robinson play?,Denver Nuggets,"The information provided in the reasoning chain does not contain any details about McNichols Sports Arena, Nate Robinson, or his",0,0.0,0.8,9770.11735799897,False,tog2,0
WebQTrn-2904_13765c6b33acddb614acbd7e8d2c5ea1,What city contains the neighborhood Richmond and is where Lauren Conrad lived?,San Francisco,"The information provided does not specify a particular neighborhood or Lauren Conrad's residence. Based on the given data, Richmond could be",0,0.0,0.8,9477.048840999487,False,tog2,0
WebQTest-983_5117d407df6e21d30cd4893bcab84281,"What university that has fewer than 26,965 undergraduates did Tennessee WIlliams attend?",University of Missouri,"Based on the given information, the specific university attended by Tennessee Williams that has fewer than 26,965",0,0.16666666666666666,0.8,9703.734706999967,False,tog2,0
WebQTest-191_4d9722501d3e2a93d5712c284e7ca28c,"Where did Drew Brees attend university, that has less than 31,290 undergraduates?",Purdue University,"Based on the given information, we cannot determine where Drew Brees attended university or the exact number of undergraduates at any",0,0.08695652173913042,0.8,9558.489874005318,False,tog2,0
WebQTrn-2738_ebaf221b286ef20b4d43cd797b3a479e,"What kind of art does the artist of ""Blue Nudes Series"" use?",Modern art,"The given information does not provide specific details about the artist or their works, such as the ""Blue Nudes Series.""",0,0.0,0.8,9443.85919200431,False,tog2,0
WebQTest-1539_96ad8e19d4bfae4439f3839b16a5e190,"To whom was the actor who was in the movie ""My Name is Katie"" married in 2012?",Blake Lively,"The information provided does not include details about Jennifer Aniston's marital status or her role in the movie ""My Name is",0,0.0,0.8,9575.539397003013,False,tog2,0
WebQTrn-3170_4c56262d6806c8bd5c0fadb75177520a,What degree did the official who held the title Director for Multilateral Affairs have?,Political Science,The information provided does not specify the degree of the official who held the title Director for Multilateral Affairs. There is no,0,0.0,0.8,9403.983045995119,False,tog2,0
WebQTrn-2784_b64250ae3c9d6c724133d09dad5593ec,What movie featuring Tupac was directed by Kirk M. Petruccelli?,Poetic Justice,"To find a movie featuring Tupac directed by Kirk M. Petruccelli, we would need to search for films",0,0.0,0.8,9565.367599003366,False,tog2,0
WebQTest-1301_24c13551b792ceb6ce65520d29b87c61,"What fun place in Sacramento, CA should I visit that's a structure that opened in 1986?",B Street Theatre,Sleep Train Arena,0,0.0,0.8,9523.732725006994,False,tog2,0
WebQTrn-3335_ca1d9e583e040b7f2f6103a9f44cd53b,What currency is used in the country that has the Coat of Arms of Russia?,Russian ruble,"To answer this question, we need to follow these steps based on the given information:",0,0.0,0.8,9410.942733011325,False,tog2,0
WebQTest-783_4abff209a4779f8cada700c90babf2de,"Which county is the film ""Attention Shoppers"" set in?",Montgomery County,"The given chain does not provide any information about the setting of a film called ""Attention Shoppers"" or any county.",0,0.09090909090909091,0.8,9510.817991002114,False,tog2,0
WebQTest-1817_1bbd9ffd7b604510a3d6751b9f8ef796,Which university with 9327 postgraduates did J.R.R. Tolkien attend?,University of Oxford,The information provided does not include any details about J.R.R. Tolkien or his university attendance. The chain of information is,0,0.16,0.8,9596.96097599226,False,tog2,0
WebQTest-537_21673ea221c99d3d37931bb684325f49,What film featuring Charlie Humman has the earliest release date?,Whatever Happened to Harold Smith?,"The given information does not provide specific details about any films or their release dates featuring Charlie Humman. Therefore, it's",0,0.0,0.8,9383.071203992586,False,tog2,0
WebQTrn-3384_e83e8190540386b20d8b60496674e1d5,What language is spoken by the people governed by the government of Denmark?,Greenlandic language,Danish Language,1,1.0,0.8,9647.43187300337,False,tog2,0
WebQTrn-3098_530c9b007d2e31175fa177ade7ae14ab,"Where was the person born that said ""Eat to please thyself, but dress to please others.""?",Boston,"The given quote does not match any known statement by Abraham Lincoln. The quote ""Eat to please thyself, but dress",0,0.0,0.8,9779.403496009763,False,tog2,0
WebQTest-537_74f1761f9f9f53428fd2495202e0290f,Which movie edited by Bernat Vilaplana was Charlie Hunnam in?,Crimson Peak,The given information does not provide any details about a movie edited by Bernat Vilaplana that Charlie Hunnam was in,0,0.0,0.8,9415.37384300318,False,tog2,0
WebQTrn-3412_305f49b65a760af0e6ce8d06f43aa22a,"Where is the artist who recorded ""Out of Your Mind"" from?",Harlow,"To answer the question ""Where is the artist who recorded 'Out of Your Mind' from?"", we need to follow a",0,0.0,0.8,9448.491250994266,False,tog2,0
WebQTrn-62_bce88015327268bc8f081292e2c80dcd,"Which of Walt Disney kids, who'c date of death is before November 19, 2013?",Sharon Mae Disney,"The given information does not provide specific dates of death for any of Walt Disney's children. Therefore, it is impossible to",0,0.08,0.8,9468.230786995264,False,tog2,0
WebQTrn-1677_87deda135e48fdbc80ef86a95018f5c9,In which fantasy movies has Adam Sandler appeared?,Bedtime Stories,The given information does not provide any details about Adam Sandler's filmography or appearances in fantasy movies. The provided triples,0,0.0,0.8,9382.579935001559,False,tog2,0
WebQTrn-2331_004e525a273499742af4251d024bc66f,"What type of music, that influenced Les Fradkin, did Vivaldi write?",Baroque music,"The given chain does not provide information about Vivaldi or the influence on Les Fradkin's music. Therefore,",0,0.09999999999999999,0.8,9633.44191199576,False,tog2,0
WebQTest-538_e92ac6479096acfc8a23fa7ff3fa1b37,"Which movie was Taylor Swift in, that debuted at Ziegfeld Theatre?",The Giver,The information provided does not specify a particular movie with Taylor Swift that debuted at the Ziegfeld Theatre. The given reasoning,0,0.22222222222222224,0.8,9313.35377501091,False,tog2,0
WebQTrn-3527_4fc72548c4680b0604576961f2ce4459,What language belongs to the Italic language family did the ancient Romans write?,Latin Language,Latin,0,0.6666666666666666,0.8,9552.16431399458,False,tog2,0
WebQTest-1379_255da87c2560e4248091e82a1c0686c5,"What was Franz Liszt' career that had him ending up leading a religious organization before March 27, 1993?",Priest,The given information does not contain any details about Franz Liszt's career or his involvement with a religious organization. The provided,0,0.0,0.8,9511.08447900333,False,tog2,0
WebQTest-213_87ffe7c3404a14f726cc54ae6d6a6057,Who dated the nominee of the Theater World Award?,nm1157013,The question is not related to the given information and cannot be answered based on the provided reasoning chain.,0,0.0,0.8,9277.565103009692,False,tog2,0
WebQTest-375_3a9a869538584999b9670edcd9773dab,"What's the first book written by the person who said, ""Let us be moral. Let us contemplate existence""?",Oliver Twist,"The given quote does not directly correspond to any of the books mentioned in the chain. However, based on the provided information",0,0.0,0.8,9584.308821999002,False,tog2,0
WebQTest-712_4e9134eaaafee4fd4023d41d4770f5eb,What country with territories in Oceania has Chamorro as spoken language?,Guam,The given information does not provide any details about Chamorro being spoken as a language in any country within Oceania.,0,0.0,0.8,9514.639976987382,False,tog2,0
WebQTrn-1731_843303055781fd274c0e177ae95bbb5a,"What instrument did Randy Jackson play in the artist that recorded ""Going Down Alone?""?",Bass guitar,"Based on the given information, we cannot determine which specific instrument Randy Jackson played or the artist who recorded ""Going Down Alone",0,0.0,0.8,9504.355850003776,False,tog2,0
WebQTest-712_7c32da59d9f250768ab30cff625c5a94,What country has territories in Oceania and a governmental body called the New Zealand House of Representatives?,New Zealand,None of the provided information directly mentions the New Zealand House of Representatives or any territories related to it. The only countries mentioned,0,0.16,0.8,9711.437594000017,False,tog2,0
WebQTrn-3384_1ad460cd0410838a2d94b2dd7bd93efe,What languages are used by the people from the country where Faroese is spoken?,Greenlandic language,The reasoning chain does not provide direct information about the languages used by people from the country where Faroese is spoken.,0,0.0909090909090909,0.8,9542.066029011039,False,tog2,0
WebQTest-719_4c56262d6806c8bd5c0fadb75177520a,"Which political party, does the political appointed, that had the title, Director for Multilateral Affairs represent?",Democratic Party,"The given information does not provide a specific political party or individual named ""Director for Multilateral Affairs."" The provided chain describes",0,0.08695652173913042,0.8,9420.839412006899,False,tog2,0
WebQTest-924_6d72ea1b1b38e146c28c87fee57e7f96,What is the sports team that Messi played for in 2010 that uses the Estadio Monumental Antonio Vespucio Liberti museum?,Argentina national football team,"Based on the given information, there is no direct mention of a sports team or Estadio Monumental Antonio Vespuc",0,0.08695652173913043,0.8,9542.049645999214,False,tog2,0
WebQTest-712_d32363ebe2efd4cc816af57934dae747,What countries with calling codes over 677 have territories in Oceania?,Federated States of Micronesia,"Based on the given information, only Timor-Leste has a territory in Oceania and its calling code is not",0,0.09090909090909091,0.8,9705.750483990414,False,tog2,0
WebQTrn-750_5f66ca8229db055848db87dcca69d66f,What year did the Dodgers beat The Chicago White Sox in the World Series?,1959 World Series,The information provided does not specify a victory over the Chicago White Sox. The 1974 World Series was won,0,0.18181818181818182,0.8,9512.859818001743,False,tog2,0
WebQTrn-2006_e258f4c46fa686cf9c12150935e9211f,"What magazine did the person who said ""To observe attentively is to remember distinctly."" work for?",Graham's Magazine,The given information does not provide details about which magazine John F. Kennedy worked for or any quote attributed to him that matches,0,0.07692307692307691,0.8,9488.563056002022,False,tog2,0
WebQTrn-2023_babe81e436454a7d4877c4ae80975c85,"Where did the author of the lyrics for ""Excuse Me Miss"" grow up?",Brooklyn,"The information provided in the reasoning chain does not contain any details about the author of the lyrics for ""Excuse Me Miss",0,0.0,0.8,9331.865130006918,False,tog2,0
WebQTest-712_810a930318378edecdffe4b349276794,What country that is located in Oceania with the largest ISO numeric number?,Samoa,"To determine the country in Oceania with the largest ISO numeric number, we need to identify countries in Oceania",0,0.0,0.8,9634.281847989769,False,tog2,0
WebQTrn-124_24e0665d6867419f9f3d2e4a2c1a997f,What movie was direct by Angelina Jolie and also included Laua Hollenbrand as an author?,Unbroken,The information provided does not mention any movie directed by Angelina Jolie that includes Laura Hollenbrand as an author.,0,0.0,0.8,9560.371269006282,False,tog2,0
WebQTrn-25_5e2c5e96a50e23549a88b5e9d987ac93,What Taylor Lautner movies had cinematography done by Guillermo Navarro?,The Twilight Saga: Breaking Dawn - Part 1,The given information does not provide specific details about which of Taylor Lautner's movies had cinematography done by Guillermo,0,0.07407407407407408,0.8,9442.881592010963,False,tog2,0
WebQTrn-2653_7a1f9047f5100e2853d54d69c6793f2d,"In what wars has the government where the French Minister of the Economy, Finance and Industry is in office fought?",Gulf War,The given information does not provide details about the specific wars in which France has fought. The chain focuses on the position and,0,0.18604651162790697,0.8,9770.012426000903,False,tog2,0
WebQTrn-3034_0e7444ddeac8c5f9b236df292cb8ba04,"Where did the artist nominated for an award for ""Why I Oppose the War in Vietnam"" get his doctorate?",Boston University,"The information provided does not include any details about an artist nominated for an award or their educational background. Therefore, it's",0,0.0,0.8,9511.799514002632,False,tog2,0
WebQTrn-1646_0c8bcc717d50c92c31ff802641504b43,What language is spoken in the place that contains the second level division Salcedo?,Haitian Creole,Spanish Language,1,1.0,0.8,9512.083128007362,False,tog2,0
WebQTest-1171_a8ed8aa8e8eaf11e4b00b81b2ac2ac23,What actor was featured in Mike and Dave Need Wedding Dates and didthe voice of Darth Vader?,Zac Efron,James Earl Jones,0,0.0,0.8,9505.658337002387,False,tog2,0
WebQTest-537_153e44a43ac711a8a5f9f24667ba66ec,"What has Charlie Hunnam acted in, as well as the movie that Emily Coutts played in?",Crimson Peak,The given information does not provide any details about Charlie Hunnam's acting roles or Emily Coutts' acting roles. Therefore,0,0.0,0.8,9530.089160005446,False,tog2,0
WebQTrn-25_ff898058daaa96cfb9b83684e8250eb7,What Taylor Lautner movies were released prior to Christmas Day 2008?,Cheaper by the Dozen 2,The information provided in the reasoning chain does not contain any data related to Taylor Lautner's movie releases or Christmas Day,0,0.12500000000000003,0.8,9286.240353991161,False,tog2,0
WebQTrn-3400_675e2a842506fdbbcf3ccdec8f51cee3,"In the TV show that is known for the family guy theme song, who plays the character Stewis Griffin?",Seth MacFarlane,"The question seems to mix elements from two different animated shows. From the given reasoning chain, we know Kyle Griffin is from",0,0.0,0.8,9439.713329004007,False,tog2,0
WebQTest-561_5096e7f87655bfead420edf88c0629f0,In what years was the main character of Gore Vidal's movie Lincoln president?,Abraham Lincoln 1861 presidential inauguration,"The information provided does not specify the years in which the main character of Gore Vidal's movie ""Lincoln"" was",0,0.08000000000000002,0.8,9569.763854990015,False,tog2,0
WebQTrn-2664_c04548701c89d3af786e8b8cc112af82,"Of  the main trading partners of China ,which country has an iso of 3166-1 alpha-3 of DZ?",Algeria,The given information does not provide details about China's trading partners or their ISO 3166-1 alpha-,0,0.0,0.8,9547.61028700159,False,tog2,0
WebQTrn-3057_c456567791bbf0a13cd83e1412dd3170,What year did the Giants win the World Series with the Detroit Tigers as a runner up?,2012 World Series,The given information does not contain any details about the Giants or the Detroit Tigers winning or being runners-up in the World Series,0,0.14814814814814814,0.8,9518.170457013184,False,tog2,0
WebQTrn-3249_a5b4b068155de58edc7e632f9bece371,What TV Drama show does Tamera Mowry act on?,Strong Medicine,"Based on the given chain, there is no direct information provided about a TV Drama show that Tamera Mowry acts",0,0.0,0.8,9468.722747988068,False,tog2,0
WebQTest-1686_66d1d64f0a7a4de1241baa7f8b34c42a,Who was the governor at the same time that the 20th Arizona Territorial Legislature was in session?,Janet Napolitano,The information provided does not directly state who the governor was during the 20th Arizona Territorial Legislature's session,0,0.0,0.8,9644.234509003581,False,tog2,0
WebQTrn-3766_e30e234d3055e7c20ad20d1562018910,What is the name of the money used in the country the Peruvian Paso breed originated?,Peruvian nuevo sol,Sol,0,0.5,0.8,9506.55772499158,False,tog2,0
WebQTest-1785_ee9df68984cde21c3be056caefd6613f,"Which move starring Kim Richards was the prequel to ""Beyond Witch Mountain?""?",Return from Witch Mountain,"The given information does not contain any details about movies starring Kim Richards or the prequel to ""Beyond Witch Mountain."" Therefore",0,0.16,0.8,9476.030100995558,False,tog2,0
WebQTrn-3084_c48e6de5044e564c757dd8332cdd7570,Which country that has the administrative division of United Arab Emirates does Japan export to?,Dubai,The given information does not provide any details about Japanese exports or specific countries within the administrative divisions of the United Arab Emirates.,0,0.0,0.8,9583.074729991495,False,tog2,0
