qid,question,gold,prediction,em,f1,confidence,latency_ms,abstained,x_method,x_rank
oa_331,"At time 58 in context ctx_02, can u_0041 access res_0027?",1,No,0,0.0,0.4351890981197357,1499.6480079998946,False,vanilla_rag,0
oa_0,"At time 83 in context ctx_03, can u_0045 access res_0134?",0,No,1,1.0,0.48811498284339905,1469.8381339999287,False,vanilla_rag,0
oa_365,"At time 55 in context ctx_07, can u_0481 access res_0048?",1,No,0,0.0,0.4352909028530121,1468.2193060000372,False,vanilla_rag,0
oa_1,"At time 142 in context ctx_06, can u_0029 access res_0098?",0,No,1,1.0,0.5088228583335876,1469.589082000084,False,vanilla_rag,0
oa_589,"At time 55 in context ctx_07, can u_0247 access res_0048?",1,No,0,0.0,0.42223796248435974,1469.2717860000357,False,vanilla_rag,0
oa_2,"At time 93 in context ctx_05, can u_0276 access res_0026?",0,No,1,1.0,0.4917597770690918,1471.2948569999753,False,vanilla_rag,0
oa_604,"At time 58 in context ctx_02, can u_0127 access res_0130?",1,No,0,0.0,0.43888458609580994,1469.5721639998283,False,vanilla_rag,0
oa_9,"At time 124 in context ctx_04, can u_0442 access res_0154?",0,No,1,1.0,0.44509586691856384,1472.4459930000648,False,vanilla_rag,0
oa_685,"At time 51 in context ctx_03, can u_0138 access res_0156?",1,No,0,0.0,0.4060046672821045,1471.9615649999014,False,vanilla_rag,0
oa_12,"At time 134 in context ctx_06, can u_0132 access res_0152?",0,No,1,1.0,0.4681854248046875,1472.6884060000884,False,vanilla_rag,0
oa_708,"At time 60 in context ctx_04, can u_0452 access res_0130?",1,No,0,0.0,0.36308160424232483,1472.3073699999532,False,vanilla_rag,0
oa_15,"At time 90 in context ctx_02, can u_0316 access res_0060?",0,No,1,1.0,0.44248107075691223,1471.3785470000857,False,vanilla_rag,0
oa_803,"At time 50 in context ctx_02, can u_0243 access res_0027?",1,No,0,0.0,0.38869571685791016,1474.0982079999867,False,vanilla_rag,0
oa_19,"At time 128 in context ctx_00, can u_0170 access res_0134?",0,No,1,1.0,0.44381824135780334,1473.8312199999655,False,vanilla_rag,0
oa_826,"At time 61 in context ctx_05, can u_0225 access res_0081?",1,No,0,0.0,0.4821377694606781,1471.9204479999917,False,vanilla_rag,0
oa_26,"At time 196 in context ctx_04, can u_0236 access res_0066?",0,No,1,1.0,0.4105551540851593,1472.8314950000367,False,vanilla_rag,0
oa_862,"At time 50 in context ctx_02, can u_0311 access res_0133?",1,No,0,0.0,0.39672431349754333,1474.1032719998657,False,vanilla_rag,0
oa_27,"At time 97 in context ctx_01, can u_0206 access res_0080?",0,No,1,1.0,0.516348659992218,1471.9238199998017,False,vanilla_rag,0
oa_889,"At time 58 in context ctx_02, can u_0096 access res_0140?",1,No,0,0.0,0.4542929232120514,1472.8879130000223,False,vanilla_rag,0
oa_58,"At time 66 in context ctx_02, can u_0019 access res_0022?",0,No,1,1.0,0.5317383408546448,1474.8178539998662,False,vanilla_rag,0
oa_948,"At time 58 in context ctx_02, can u_0471 access res_0114?",1,No,0,0.0,0.45527637004852295,1473.2992490000925,False,vanilla_rag,0
oa_63,"At time 136 in context ctx_00, can u_0252 access res_0175?",0,No,1,1.0,0.44934043288230896,1472.67252000006,False,vanilla_rag,0
oa_1019,"At time 59 in context ctx_03, can u_0465 access res_0056?",1,No,0,0.0,0.4205443859100342,1474.6951729998727,False,vanilla_rag,0
oa_64,"At time 190 in context ctx_06, can u_0133 access res_0162?",0,No,1,1.0,0.462263822555542,1473.1142569999065,False,vanilla_rag,0
oa_1083,"At time 52 in context ctx_04, can u_0300 access res_0103?",1,no,0,0.0,0.44384947419166565,1471.8764130000181,False,vanilla_rag,0
oa_69,"At time 157 in context ctx_05, can u_0162 access res_0029?",0,No,1,1.0,0.4830884039402008,1473.7151070000891,False,vanilla_rag,0
oa_1084,"At time 56 in context ctx_00, can u_0225 access res_0074?",1,No,0,0.0,0.44839227199554443,1472.9331650000859,False,vanilla_rag,0
oa_72,"At time 118 in context ctx_06, can u_0369 access res_0089?",0,No,1,1.0,0.5056214332580566,1470.5734650001432,False,vanilla_rag,0
oa_1101,"At time 58 in context ctx_02, can u_0127 access res_0114?",1,No,0,0.0,0.44206348061561584,1475.1431949998732,False,vanilla_rag,0
oa_79,"At time 108 in context ctx_04, can u_0206 access res_0157?",0,No,1,1.0,0.3962346613407135,1474.728980000009,False,vanilla_rag,0
oa_1277,"At time 58 in context ctx_02, can u_0243 access res_0114?",1,No,0,0.0,0.44518518447875977,1474.4396640001014,False,vanilla_rag,0
oa_81,"At time 64 in context ctx_00, can u_0378 access res_0078?",0,No,1,1.0,0.4512784481048584,1474.9748749998162,False,vanilla_rag,0
oa_1342,"At time 55 in context ctx_07, can u_0176 access res_0061?",1,No,0,0.0,0.43933725357055664,1474.5108609999988,False,vanilla_rag,0
oa_82,"At time 86 in context ctx_06, can u_0011 access res_0149?",0,No,1,1.0,0.5216230750083923,1476.438749999943,False,vanilla_rag,0
oa_1531,"At time 53 in context ctx_05, can u_0440 access res_0074?",1,No,0,0.0,0.4379183351993561,1474.4948190000287,False,vanilla_rag,0
oa_101,"At time 176 in context ctx_00, can u_0397 access res_0044?",0,No,1,1.0,0.4611956775188446,1474.0385899999637,False,vanilla_rag,0
oa_1551,"At time 51 in context ctx_03, can u_0190 access res_0156?",1,No,0,0.0,0.438132643699646,1476.3753889999407,False,vanilla_rag,0
oa_108,"At time 183 in context ctx_07, can u_0276 access res_0120?",0,No,1,1.0,0.5019996762275696,1476.9288330001018,False,vanilla_rag,0
oa_1668,"At time 53 in context ctx_05, can u_0020 access res_0024?",1,Yes,1,1.0,0.4262200593948364,1478.3333010000206,False,vanilla_rag,0
oa_115,"At time 94 in context ctx_06, can u_0007 access res_0152?",0,No,1,1.0,0.5092127323150635,1475.1524959999642,False,vanilla_rag,0
oa_1677,"At time 50 in context ctx_02, can u_0046 access res_0085?",1,No,0,0.0,0.3716796934604645,1476.0197300001892,False,vanilla_rag,0
oa_117,"At time 144 in context ctx_00, can u_0307 access res_0102?",0,No,1,1.0,0.40031683444976807,1475.9218899998814,False,vanilla_rag,0
oa_1762,"At time 54 in context ctx_06, can u_0225 access res_0077?",1,no,0,0.0,0.48670294880867004,1474.85671000004,False,vanilla_rag,0
oa_120,"At time 171 in context ctx_03, can u_0063 access res_0130?",0,No,1,1.0,0.46984973549842834,1475.857392999842,False,vanilla_rag,0
oa_1983,"At time 61 in context ctx_05, can u_0277 access res_0074?",1,No,0,0.0,0.46996521949768066,1476.5415449999182,False,vanilla_rag,0
oa_125,"At time 69 in context ctx_05, can u_0465 access res_0015?",0,No,1,1.0,0.5051425695419312,1475.71905399991,False,vanilla_rag,0
oa_1998,"At time 58 in context ctx_02, can u_0199 access res_0016?",1,No,0,0.0,0.4930705726146698,1478.1442609998976,False,vanilla_rag,0
oa_132,"At time 184 in context ctx_00, can u_0312 access res_0154?",0,No,1,1.0,0.47326627373695374,1474.785541999836,False,vanilla_rag,0
oa_2040,"At time 56 in context ctx_00, can u_0440 access res_0074?",1,No,0,0.0,0.4379492700099945,1475.187845000164,False,vanilla_rag,0
oa_152,"At time 96 in context ctx_00, can u_0156 access res_0128?",0,No,1,1.0,0.48518797755241394,1476.4265539999997,False,vanilla_rag,0
oa_2101,"At time 62 in context ctx_06, can u_0139 access res_0077?",1,No,0,0.0,0.475635290145874,1476.5318229999593,False,vanilla_rag,0
oa_165,"At time 103 in context ctx_07, can u_0315 access res_0188?",0,No,1,1.0,0.4686563014984131,1477.780063999944,False,vanilla_rag,0
oa_2127,"At time 50 in context ctx_02, can u_0020 access res_0124?",1,no,0,0.0,0.38090720772743225,1477.1122770000602,False,vanilla_rag,0
oa_167,"At time 68 in context ctx_04, can u_0073 access res_0039?",0,No,1,1.0,0.4793054759502411,1478.222962000018,False,vanilla_rag,0
oa_2131,"At time 57 in context ctx_01, can u_0481 access res_0145?",1,No,0,0.0,0.46240055561065674,1477.691525000182,False,vanilla_rag,0
oa_168,"At time 78 in context ctx_06, can u_0051 access res_0112?",0,No,1,1.0,0.46444931626319885,1478.5243100000116,False,vanilla_rag,0
oa_2133,"At time 56 in context ctx_00, can u_0225 access res_0027?",1,No,0,0.0,0.4334104061126709,1478.4706079999523,False,vanilla_rag,0
oa_177,"At time 180 in context ctx_04, can u_0240 access res_0124?",0,No,1,1.0,0.3876183032989502,1481.5699969999514,False,vanilla_rag,0
oa_2250,"At time 55 in context ctx_07, can u_0321 access res_0141?",1,No,0,0.0,0.4256330728530884,1477.531436999925,False,vanilla_rag,0
oa_178,"At time 65 in context ctx_01, can u_0104 access res_0071?",0,No,1,1.0,0.4319414794445038,1477.7336669999386,False,vanilla_rag,0
oa_2280,"At time 61 in context ctx_05, can u_0247 access res_0139?",1,No,0,0.0,0.46081647276878357,1478.1642390000798,False,vanilla_rag,0
oa_186,"At time 157 in context ctx_05, can u_0441 access res_0085?",0,No,1,1.0,0.45738720893859863,1477.9146819998914,False,vanilla_rag,0
oa_2374,"At time 56 in context ctx_00, can u_0020 access res_0055?",1,No,0,0.0,0.42009738087654114,1480.5225959999007,False,vanilla_rag,0
oa_201,"At time 116 in context ctx_04, can u_0457 access res_0045?",0,No,1,1.0,0.42032358050346375,1478.014339000083,False,vanilla_rag,0
oa_2411,"At time 53 in context ctx_05, can u_0471 access res_0074?",1,no,0,0.0,0.4372939169406891,1480.7639089999611,False,vanilla_rag,0
oa_209,"At time 110 in context ctx_06, can u_0171 access res_0122?",0,No,1,1.0,0.454465389251709,1484.8585879999519,False,vanilla_rag,0
oa_2522,"At time 59 in context ctx_03, can u_0096 access res_0056?",1,No,0,0.0,0.4460093677043915,1479.4376490001468,False,vanilla_rag,0
oa_218,"At time 153 in context ctx_01, can u_0386 access res_0023?",0,No,1,1.0,0.4377758800983429,1478.698058999953,False,vanilla_rag,0
oa_2551,"At time 52 in context ctx_04, can u_0286 access res_0147?",1,No,0,0.0,0.4225427210330963,1480.6171330001234,False,vanilla_rag,0
oa_226,"At time 65 in context ctx_01, can u_0171 access res_0040?",0,No,1,1.0,0.42304539680480957,1479.360411000016,False,vanilla_rag,0
oa_2641,"At time 56 in context ctx_00, can u_0247 access res_0074?",1,No,0,0.0,0.45075830817222595,1479.1594080002142,False,vanilla_rag,0
oa_228,"At time 145 in context ctx_01, can u_0110 access res_0128?",0,No,1,1.0,0.49129927158355713,1477.143635999937,False,vanilla_rag,0
oa_2770,"At time 54 in context ctx_06, can u_0247 access res_0077?",1,no,0,0.0,0.4878331124782562,1482.1241539998482,False,vanilla_rag,0
oa_240,"At time 104 in context ctx_00, can u_0457 access res_0157?",0,No,1,1.0,0.45962098240852356,1480.1918769999247,False,vanilla_rag,0
oa_2900,"At time 57 in context ctx_01, can u_0139 access res_0145?",1,no,0,0.0,0.43833982944488525,1480.381030999979,False,vanilla_rag,0
oa_246,"At time 112 in context ctx_00, can u_0123 access res_0127?",0,No,1,1.0,0.47475090622901917,1479.1780610000842,False,vanilla_rag,0
oa_2904,"At time 51 in context ctx_03, can u_0020 access res_0064?",1,No,0,0.0,0.39898550510406494,1479.7963309999886,False,vanilla_rag,0
oa_251,"At time 71 in context ctx_07, can u_0470 access res_0008?",0,no,1,1.0,0.4860619604587555,1480.4242330001216,False,vanilla_rag,0
oa_2927,"At time 58 in context ctx_02, can u_0127 access res_0077?",1,No,0,0.0,0.45342931151390076,1480.6647100001555,False,vanilla_rag,0
oa_258,"At time 135 in context ctx_07, can u_0401 access res_0042?",0,No,1,1.0,0.46536317467689514,1479.0965649999634,False,vanilla_rag,0
oa_3155,"At time 56 in context ctx_00, can u_0041 access res_0130?",1,No,0,0.0,0.4367315471172333,1480.599710000206,False,vanilla_rag,0
oa_265,"At time 187 in context ctx_03, can u_0245 access res_0030?",0,No,1,1.0,0.50495445728302,1481.3248359998852,False,vanilla_rag,0
oa_3204,"At time 56 in context ctx_00, can u_0277 access res_0027?",1,No,0,0.0,0.45066723227500916,1480.3275079998457,False,vanilla_rag,0
oa_270,"At time 108 in context ctx_04, can u_0475 access res_0106?",0,No,1,1.0,0.40270861983299255,1479.2919839999286,False,vanilla_rag,0
oa_3245,"At time 55 in context ctx_07, can u_0199 access res_0141?",1,No,0,0.0,0.4464243948459625,1479.5740569998088,False,vanilla_rag,0
oa_275,"At time 128 in context ctx_00, can u_0248 access res_0129?",0,No,1,1.0,0.42263472080230713,1479.888415000005,False,vanilla_rag,0
oa_3317,"At time 57 in context ctx_01, can u_0225 access res_0145?",1,No,0,0.0,0.4405452013015747,1481.488458000058,False,vanilla_rag,0
oa_288,"At time 64 in context ctx_00, can u_0092 access res_0194?",0,no,1,1.0,0.46041008830070496,1480.8054860000084,False,vanilla_rag,0
oa_3400,"At time 58 in context ctx_02, can u_0471 access res_0140?",1,No,0,0.0,0.442055344581604,1482.8352549998272,False,vanilla_rag,0
oa_290,"At time 195 in context ctx_03, can u_0162 access res_0132?",0,No,1,1.0,0.47495555877685547,1481.02014899996,False,vanilla_rag,0
oa_3420,"At time 62 in context ctx_06, can u_0481 access res_0036?",1,No,0,0.0,0.47262999415397644,1483.1902939999964,False,vanilla_rag,0
oa_292,"At time 179 in context ctx_03, can u_0141 access res_0192?",0,No,1,1.0,0.4433644711971283,1481.817385000113,False,vanilla_rag,0
oa_3442,"At time 59 in context ctx_03, can u_0452 access res_0056?",1,No,0,0.0,0.42723608016967773,1481.2585370000306,False,vanilla_rag,0
oa_294,"At time 122 in context ctx_02, can u_0305 access res_0022?",0,No,1,1.0,0.4740361273288727,1481.6269990001274,False,vanilla_rag,0
oa_3572,"At time 60 in context ctx_04, can u_0481 access res_0145?",1,No,0,0.0,0.4023250639438629,1482.1377129999291,False,vanilla_rag,0
oa_298,"At time 197 in context ctx_05, can u_0469 access res_0169?",0,No,1,1.0,0.48725321888923645,1481.5812530000585,False,vanilla_rag,0
oa_3678,"At time 56 in context ctx_00, can u_0471 access res_0140?",1,No,0,0.0,0.4436992108821869,1483.0144730001393,False,vanilla_rag,0
oa_309,"At time 198 in context ctx_06, can u_0377 access res_0147?",0,No,1,1.0,0.5013870596885681,1481.2215780000315,False,vanilla_rag,0
oa_3784,"At time 53 in context ctx_05, can u_0321 access res_0139?",1,No,0,0.0,0.430321604013443,1482.76620799993,False,vanilla_rag,0
oa_312,"At time 172 in context ctx_04, can u_0162 access res_0195?",0,No,1,1.0,0.44844576716423035,1484.0036269999928,False,vanilla_rag,0
oa_3853,"At time 50 in context ctx_02, can u_0221 access res_0066?",1,No,0,0.0,0.38928866386413574,1482.7186459999666,False,vanilla_rag,0
oa_316,"At time 93 in context ctx_05, can u_0352 access res_0088?",0,No,1,1.0,0.5144400596618652,1482.8708899999583,False,vanilla_rag,0
oa_3947,"At time 53 in context ctx_05, can u_0247 access res_0145?",1,No,0,0.0,0.43130138516426086,1482.8431700000237,False,vanilla_rag,0
oa_318,"At time 88 in context ctx_00, can u_0052 access res_0131?",0,No,1,1.0,0.4856623411178589,1483.4779140001046,False,vanilla_rag,0
oa_4008,"At time 62 in context ctx_06, can u_0096 access res_0036?",1,No,0,0.0,0.4715714752674103,1483.7517930000104,False,vanilla_rag,0
oa_322,"At time 133 in context ctx_05, can u_0475 access res_0026?",0,No,1,1.0,0.38924935460090637,1481.9682960001046,False,vanilla_rag,0
oa_4258,"At time 61 in context ctx_05, can u_0321 access res_0074?",1,No,0,0.0,0.4700019359588623,1482.168578000028,False,vanilla_rag,0
oa_327,"At time 173 in context ctx_05, can u_0109 access res_0006?",0,No,1,1.0,0.46558877825737,1482.0595319999939,False,vanilla_rag,0
oa_4270,"At time 54 in context ctx_06, can u_0243 access res_0020?",1,No,0,0.0,0.47926855087280273,1484.538511999972,False,vanilla_rag,0
oa_332,"At time 96 in context ctx_00, can u_0002 access res_0164?",0,No,1,1.0,0.4723258912563324,1482.885966999902,False,vanilla_rag,0
oa_4458,"At time 61 in context ctx_05, can u_0247 access res_0077?",1,No,0,0.0,0.4711379110813141,1484.2137329999332,False,vanilla_rag,0
oa_333,"At time 119 in context ctx_07, can u_0388 access res_0158?",0,No,1,1.0,0.5111070275306702,1483.2732579998265,False,vanilla_rag,0
oa_4580,"At time 60 in context ctx_04, can u_0452 access res_0145?",1,No,0,0.0,0.37233030796051025,1478.9644320001116,False,vanilla_rag,0
oa_337,"At time 68 in context ctx_04, can u_0331 access res_0092?",0,No,1,1.0,0.48629507422447205,1483.532797999942,False,vanilla_rag,0
oa_4588,"At time 58 in context ctx_02, can u_0041 access res_0140?",1,No,0,0.0,0.42956578731536865,1485.695029999988,False,vanilla_rag,0
oa_344,"At time 127 in context ctx_07, can u_0495 access res_0113?",0,No,1,1.0,0.36403903365135193,1483.3239590000176,False,vanilla_rag,0
oa_4590,"At time 61 in context ctx_05, can u_0199 access res_0125?",1,No,0,0.0,0.47818365693092346,1485.0955839999642,False,vanilla_rag,0
oa_346,"At time 158 in context ctx_06, can u_0301 access res_0141?",0,No,1,1.0,0.4766693413257599,1483.2478079999873,False,vanilla_rag,0
oa_4592,"At time 59 in context ctx_03, can u_0452 access res_0056?",1,No,0,0.0,0.42723608016967773,1484.09992400002,False,vanilla_rag,0
oa_370,"At time 95 in context ctx_07, can u_0041 access res_0145?",0,No,1,1.0,0.4854581356048584,1483.3824170000298,False,vanilla_rag,0
oa_4603,"At time 59 in context ctx_03, can u_0465 access res_0056?",1,No,0,0.0,0.4205443859100342,1482.9647199999272,False,vanilla_rag,0
oa_374,"At time 142 in context ctx_06, can u_0417 access res_0008?",0,No,1,1.0,0.4861553907394409,1482.9983990000528,False,vanilla_rag,0
oa_4667,"At time 62 in context ctx_06, can u_0167 access res_0048?",1,no,0,0.0,0.4856299161911011,1483.7934330000735,False,vanilla_rag,0
oa_378,"At time 72 in context ctx_00, can u_0103 access res_0130?",0,No,1,1.0,0.4590625762939453,1485.0539809999646,False,vanilla_rag,0
oa_4740,"At time 53 in context ctx_05, can u_0471 access res_0077?",1,No,0,0.0,0.4315829277038574,1487.2181569999157,False,vanilla_rag,0
oa_383,"At time 159 in context ctx_07, can u_0163 access res_0090?",0,No,1,1.0,0.4669018089771271,1485.365125000044,False,vanilla_rag,0
oa_4742,"At time 53 in context ctx_05, can u_0440 access res_0077?",1,No,0,0.0,0.4355764389038086,1484.3312360001164,False,vanilla_rag,0
oa_385,"At time 110 in context ctx_06, can u_0385 access res_0004?",0,No,1,1.0,0.42695021629333496,1483.3366989998922,False,vanilla_rag,0
oa_4777,"At time 50 in context ctx_02, can u_0465 access res_0016?",1,No,0,0.0,0.40449652075767517,1484.1102039999896,False,vanilla_rag,0
oa_395,"At time 85 in context ctx_05, can u_0321 access res_0119?",0,No,1,1.0,0.46623536944389343,1483.4804429999622,False,vanilla_rag,0
oa_4790,"At time 57 in context ctx_01, can u_0225 access res_0048?",1,No,0,0.0,0.4363437592983246,1485.2965469999617,False,vanilla_rag,0
oa_408,"At time 110 in context ctx_06, can u_0196 access res_0043?",0,No,1,1.0,0.4438578188419342,1483.5824649999267,False,vanilla_rag,0
oa_4837,"At time 53 in context ctx_05, can u_0176 access res_0140?",1,No,0,0.0,0.4406008720397949,1486.1769379999714,False,vanilla_rag,0
oa_429,"At time 82 in context ctx_02, can u_0197 access res_0093?",0,No,1,1.0,0.49285900592803955,1484.9814389999665,False,vanilla_rag,0
oa_4950,"At time 62 in context ctx_06, can u_0277 access res_0061?",1,No,0,0.0,0.4903534948825836,1485.0062779999007,False,vanilla_rag,0
oa_454,"At time 100 in context ctx_04, can u_0153 access res_0154?",0,No,1,1.0,0.3969220221042633,1485.1002610000705,False,vanilla_rag,0
oa_4971,"At time 57 in context ctx_01, can u_0199 access res_0048?",1,No,0,0.0,0.46852827072143555,1484.2873259999578,False,vanilla_rag,0
oa_473,"At time 135 in context ctx_07, can u_0080 access res_0062?",0,No,1,1.0,0.4470970630645752,1483.4615219999705,False,vanilla_rag,0
oa_475,"At time 180 in context ctx_04, can u_0256 access res_0030?",0,No,1,1.0,0.3854046165943146,1486.2379930000316,False,vanilla_rag,0
oa_492,"At time 194 in context ctx_02, can u_0422 access res_0128?",0,No,1,1.0,0.5044955611228943,1484.2653059999975,False,vanilla_rag,0
oa_493,"At time 92 in context ctx_04, can u_0427 access res_0032?",0,No,1,1.0,0.4492506980895996,1484.3427199998587,False,vanilla_rag,0
oa_500,"At time 87 in context ctx_07, can u_0186 access res_0142?",0,No,1,1.0,0.49592456221580505,1484.596035000095,False,vanilla_rag,0
oa_509,"At time 91 in context ctx_03, can u_0014 access res_0083?",0,No,1,1.0,0.5604674220085144,1485.9124649999558,False,vanilla_rag,0
oa_510,"At time 69 in context ctx_05, can u_0314 access res_0147?",0,No,1,1.0,0.511452853679657,1484.0761729999485,False,vanilla_rag,0
oa_515,"At time 152 in context ctx_00, can u_0062 access res_0129?",0,No,1,1.0,0.4716571271419525,1483.266796999942,False,vanilla_rag,0
oa_523,"At time 95 in context ctx_07, can u_0034 access res_0027?",0,No,1,1.0,0.4831443727016449,1485.1286389998677,False,vanilla_rag,0
oa_537,"At time 71 in context ctx_07, can u_0070 access res_0072?",0,No,1,1.0,0.4930999279022217,1484.1404769999826,False,vanilla_rag,0
oa_539,"At time 124 in context ctx_04, can u_0333 access res_0080?",0,No,1,1.0,0.4591110944747925,1481.7983289999574,False,vanilla_rag,0
oa_543,"At time 178 in context ctx_02, can u_0360 access res_0136?",0,No,1,1.0,0.4643058478832245,1485.7944549999047,False,vanilla_rag,0
oa_544,"At time 135 in context ctx_07, can u_0246 access res_0149?",0,No,1,1.0,0.44192811846733093,1482.4199849999786,False,vanilla_rag,0
oa_557,"At time 160 in context ctx_00, can u_0150 access res_0118?",0,No,1,1.0,0.40998828411102295,1483.0461149999792,False,vanilla_rag,0
oa_565,"At time 82 in context ctx_02, can u_0158 access res_0131?",0,No,1,1.0,0.4840559959411621,1482.3980460000712,False,vanilla_rag,0
oa_573,"At time 152 in context ctx_00, can u_0004 access res_0110?",0,No,1,1.0,0.48073169589042664,1480.8598480001365,False,vanilla_rag,0
oa_576,"At time 196 in context ctx_04, can u_0281 access res_0189?",0,No,1,1.0,0.45361053943634033,1481.7418620000353,False,vanilla_rag,0
oa_577,"At time 143 in context ctx_07, can u_0020 access res_0107?",0,No,1,1.0,0.46377047896385193,1483.9876010000808,False,vanilla_rag,0
oa_580,"At time 195 in context ctx_03, can u_0127 access res_0137?",0,no,1,1.0,0.4622139036655426,1486.39143399987,False,vanilla_rag,0
oa_599,"At time 178 in context ctx_02, can u_0402 access res_0050?",0,No,1,1.0,0.45669862627983093,1487.0260259999668,False,vanilla_rag,0
oa_606,"At time 110 in context ctx_06, can u_0112 access res_0187?",0,No,1,1.0,0.444454163312912,1482.5960250000207,False,vanilla_rag,0
oa_617,"At time 70 in context ctx_06, can u_0123 access res_0073?",0,No,1,1.0,0.4743596017360687,1482.734875999995,False,vanilla_rag,0
oa_625,"At time 67 in context ctx_03, can u_0418 access res_0008?",0,No,1,1.0,0.48205944895744324,1483.5527249999814,False,vanilla_rag,0
oa_638,"At time 78 in context ctx_06, can u_0062 access res_0031?",0,No,1,1.0,0.475279301404953,1485.2289090001705,False,vanilla_rag,0
oa_643,"At time 73 in context ctx_01, can u_0023 access res_0096?",0,No,1,1.0,0.5242509841918945,1482.887566000045,False,vanilla_rag,0
oa_647,"At time 156 in context ctx_04, can u_0429 access res_0189?",0,No,1,1.0,0.4607226550579071,1482.244921000074,False,vanilla_rag,0
oa_657,"At time 148 in context ctx_04, can u_0096 access res_0022?",0,No,1,1.0,0.4696662724018097,1482.0473429999765,False,vanilla_rag,0
oa_659,"At time 97 in context ctx_01, can u_0475 access res_0086?",0,No,1,1.0,0.5012519955635071,1482.6072820001173,False,vanilla_rag,0
oa_661,"At time 66 in context ctx_02, can u_0237 access res_0083?",0,No,1,1.0,0.5111960172653198,1482.4493080000138,False,vanilla_rag,0
oa_666,"At time 167 in context ctx_07, can u_0047 access res_0109?",0,No,1,1.0,0.49524399638175964,1485.0160720000076,False,vanilla_rag,0
oa_668,"At time 164 in context ctx_04, can u_0268 access res_0130?",0,No,1,1.0,0.48820605874061584,1483.9141069999187,False,vanilla_rag,0
oa_674,"At time 157 in context ctx_05, can u_0235 access res_0018?",0,No,1,1.0,0.49845385551452637,1482.715029000019,False,vanilla_rag,0
oa_683,"At time 163 in context ctx_03, can u_0169 access res_0020?",0,No,1,1.0,0.48866960406303406,1481.8117439999696,False,vanilla_rag,0
oa_688,"At time 175 in context ctx_07, can u_0474 access res_0198?",0,No,1,1.0,0.4523954391479492,1481.8564300001071,False,vanilla_rag,0
oa_692,"At time 148 in context ctx_04, can u_0236 access res_0173?",0,No,1,1.0,0.4456990957260132,1483.2070549998662,False,vanilla_rag,0
oa_693,"At time 112 in context ctx_00, can u_0304 access res_0014?",0,No,1,1.0,0.5041525959968567,1482.7237750000677,False,vanilla_rag,0
oa_698,"At time 82 in context ctx_02, can u_0062 access res_0169?",0,No,1,1.0,0.48516491055488586,1483.096420000038,False,vanilla_rag,0
oa_712,"At time 149 in context ctx_05, can u_0108 access res_0104?",0,No,1,1.0,0.4806372821331024,1483.1264709998777,False,vanilla_rag,0
oa_735,"At time 95 in context ctx_07, can u_0371 access res_0183?",0,No,1,1.0,0.49880239367485046,1484.0744579998955,False,vanilla_rag,0
oa_742,"At time 97 in context ctx_01, can u_0307 access res_0034?",0,No,1,1.0,0.5230706334114075,1485.2760280000439,False,vanilla_rag,0
oa_745,"At time 67 in context ctx_03, can u_0010 access res_0183?",0,No,1,1.0,0.5217556357383728,1483.9719039998727,False,vanilla_rag,0
oa_747,"At time 111 in context ctx_07, can u_0332 access res_0133?",0,No,1,1.0,0.48099517822265625,1485.098373000028,False,vanilla_rag,0
oa_749,"At time 163 in context ctx_03, can u_0133 access res_0173?",0,No,1,1.0,0.47555723786354065,1482.4458039997808,False,vanilla_rag,0
oa_750,"At time 119 in context ctx_07, can u_0395 access res_0081?",0,No,1,1.0,0.5221496224403381,1482.8621560000101,False,vanilla_rag,0
oa_758,"At time 95 in context ctx_07, can u_0434 access res_0133?",0,No,1,1.0,0.48883721232414246,1484.4705179998527,False,vanilla_rag,0
oa_764,"At time 142 in context ctx_06, can u_0149 access res_0115?",0,No,1,1.0,0.48248425126075745,1483.3808329999556,False,vanilla_rag,0
oa_765,"At time 173 in context ctx_05, can u_0470 access res_0151?",0,pol_047,0,0.0,0.4227796494960785,1482.2314900000038,False,vanilla_rag,0
oa_767,"At time 103 in context ctx_07, can u_0003 access res_0144?",0,No,1,1.0,0.45505034923553467,1483.6788990000969,False,vanilla_rag,0
oa_776,"At time 155 in context ctx_03, can u_0476 access res_0146?",0,No,1,1.0,0.46568605303764343,1481.586770999911,False,vanilla_rag,0
oa_801,"At time 122 in context ctx_02, can u_0282 access res_0176?",0,no,1,1.0,0.4733072817325592,1483.6841139999706,False,vanilla_rag,0
oa_809,"At time 161 in context ctx_01, can u_0310 access res_0170?",0,No,1,1.0,0.478918194770813,1483.799278000106,False,vanilla_rag,0
oa_812,"At time 120 in context ctx_00, can u_0427 access res_0166?",0,No,1,1.0,0.39572370052337646,1483.0627869998807,False,vanilla_rag,0
oa_814,"At time 98 in context ctx_02, can u_0116 access res_0151?",0,No,1,1.0,0.49696245789527893,1482.2897020001164,False,vanilla_rag,0
oa_820,"At time 75 in context ctx_03, can u_0069 access res_0153?",0,No,1,1.0,0.470662921667099,1482.2601280000072,False,vanilla_rag,0
oa_824,"At time 168 in context ctx_00, can u_0038 access res_0014?",0,No,1,1.0,0.43294036388397217,1482.2423789998993,False,vanilla_rag,0
oa_831,"At time 161 in context ctx_01, can u_0172 access res_0133?",0,No,1,1.0,0.49717509746551514,1484.6504590000222,False,vanilla_rag,0
oa_835,"At time 98 in context ctx_02, can u_0051 access res_0089?",0,No,1,1.0,0.526278555393219,1484.9079359998996,False,vanilla_rag,0
oa_840,"At time 166 in context ctx_06, can u_0149 access res_0120?",0,No,1,1.0,0.47858598828315735,1482.9902430001312,False,vanilla_rag,0
oa_857,"At time 104 in context ctx_00, can u_0485 access res_0168?",0,No,1,1.0,0.4923410415649414,1483.056409000028,False,vanilla_rag,0
oa_858,"At time 164 in context ctx_04, can u_0114 access res_0109?",0,No,1,1.0,0.4891151189804077,1484.6661480000876,False,vanilla_rag,0
oa_890,"At time 140 in context ctx_04, can u_0228 access res_0140?",0,No,1,1.0,0.42013058066368103,1482.364940000025,False,vanilla_rag,0
oa_893,"At time 88 in context ctx_00, can u_0434 access res_0126?",0,No,1,1.0,0.471531480550766,1483.6898459998338,False,vanilla_rag,0
oa_909,"At time 127 in context ctx_07, can u_0432 access res_0103?",0,No,1,1.0,0.35847750306129456,1481.0405700000047,False,vanilla_rag,0
oa_918,"At time 79 in context ctx_07, can u_0463 access res_0175?",0,No,1,1.0,0.4655957520008087,1483.522068999946,False,vanilla_rag,0
oa_920,"At time 124 in context ctx_04, can u_0404 access res_0056?",0,No,1,1.0,0.46631911396980286,1483.1770140001481,False,vanilla_rag,0
oa_929,"At time 150 in context ctx_06, can u_0417 access res_0039?",0,No,1,1.0,0.41300880908966064,1483.2053979998818,False,vanilla_rag,0
oa_937,"At time 65 in context ctx_01, can u_0158 access res_0045?",0,No,1,1.0,0.41782650351524353,1482.940638999935,False,vanilla_rag,0
oa_941,"At time 142 in context ctx_06, can u_0328 access res_0157?",0,No,1,1.0,0.48073187470436096,1483.1453130000227,False,vanilla_rag,0
oa_942,"At time 171 in context ctx_03, can u_0378 access res_0048?",0,No,1,1.0,0.4685031473636627,1483.0296529999032,False,vanilla_rag,0
oa_944,"At time 183 in context ctx_07, can u_0418 access res_0196?",0,No,1,1.0,0.48693862557411194,1482.888623000008,False,vanilla_rag,0
oa_950,"At time 186 in context ctx_02, can u_0223 access res_0116?",0,No,1,1.0,0.4520251452922821,1486.679161999973,False,vanilla_rag,0
oa_959,"At time 73 in context ctx_01, can u_0435 access res_0027?",0,No,1,1.0,0.4983009397983551,1484.4698160000007,False,vanilla_rag,0
oa_960,"At time 104 in context ctx_00, can u_0289 access res_0013?",0,No,1,1.0,0.522282063961029,1482.2012400002222,False,vanilla_rag,0
oa_968,"At time 200 in context ctx_00, can u_0050 access res_0166?",0,No,1,1.0,0.3935544192790985,1482.05132399994,False,vanilla_rag,0
oa_974,"At time 95 in context ctx_07, can u_0373 access res_0021?",0,No,1,1.0,0.4923391342163086,1482.6862350000738,False,vanilla_rag,0
oa_980,"At time 164 in context ctx_04, can u_0449 access res_0138?",0,No,1,1.0,0.45486244559288025,1483.2963329999984,False,vanilla_rag,0
oa_987,"At time 152 in context ctx_00, can u_0393 access res_0197?",0,No,1,1.0,0.48120203614234924,1484.350625999923,False,vanilla_rag,0
oa_989,"At time 189 in context ctx_05, can u_0255 access res_0067?",0,No,1,1.0,0.5005450248718262,1482.3960410001291,False,vanilla_rag,0
oa_994,"At time 192 in context ctx_00, can u_0297 access res_0042?",0,No,1,1.0,0.4104956388473511,1482.4028769999131,False,vanilla_rag,0
oa_995,"At time 127 in context ctx_07, can u_0200 access res_0008?",0,no,1,1.0,0.39244914054870605,1483.7077790000421,False,vanilla_rag,0
oa_1009,"At time 96 in context ctx_00, can u_0147 access res_0181?",0,No,1,1.0,0.49697086215019226,1484.2870059999314,False,vanilla_rag,0
oa_1010,"At time 184 in context ctx_00, can u_0336 access res_0005?",0,No,1,1.0,0.45760512351989746,1485.0102190000598,False,vanilla_rag,0
oa_1014,"At time 81 in context ctx_01, can u_0264 access res_0176?",0,No,1,1.0,0.4963068962097168,1484.991994999973,False,vanilla_rag,0
oa_1018,"At time 82 in context ctx_02, can u_0176 access res_0024?",0,No,1,1.0,0.46715012192726135,1482.645887999979,False,vanilla_rag,0
oa_1022,"At time 103 in context ctx_07, can u_0301 access res_0043?",0,No,1,1.0,0.4571469724178314,1483.4703779999927,False,vanilla_rag,0
oa_1025,"At time 127 in context ctx_07, can u_0402 access res_0036?",0,No,1,1.0,0.36340948939323425,1483.542854999996,False,vanilla_rag,0
oa_1041,"At time 89 in context ctx_01, can u_0115 access res_0052?",0,No,1,1.0,0.49438241124153137,1483.2137099999727,False,vanilla_rag,0
oa_1043,"At time 128 in context ctx_00, can u_0406 access res_0036?",0,No,1,1.0,0.4122644364833832,1482.2835580000628,False,vanilla_rag,0
oa_1062,"At time 125 in context ctx_05, can u_0355 access res_0067?",0,No,1,1.0,0.4741670787334442,1483.4763349999776,False,vanilla_rag,0
oa_1066,"At time 92 in context ctx_04, can u_0489 access res_0106?",0,No,1,1.0,0.4972945749759674,1483.852577999869,False,vanilla_rag,0
oa_1069,"At time 190 in context ctx_06, can u_0404 access res_0005?",0,No,1,1.0,0.463849276304245,1484.3269430000419,False,vanilla_rag,0
oa_1081,"At time 95 in context ctx_07, can u_0129 access res_0094?",0,No,1,1.0,0.5110569596290588,1483.6653920001481,False,vanilla_rag,0
oa_1087,"At time 74 in context ctx_02, can u_0224 access res_0181?",0,No,1,1.0,0.48470592498779297,1482.8286070001013,False,vanilla_rag,0
oa_1092,"At time 88 in context ctx_00, can u_0243 access res_0049?",0,No,1,1.0,0.49214625358581543,1483.5041640001236,False,vanilla_rag,0
oa_1104,"At time 67 in context ctx_03, can u_0403 access res_0083?",0,No,1,1.0,0.4941920340061188,1482.9287509999176,False,vanilla_rag,0
oa_1128,"At time 76 in context ctx_04, can u_0139 access res_0006?",0,No,1,1.0,0.4573421776294708,1482.8826350001236,False,vanilla_rag,0
oa_1134,"At time 79 in context ctx_07, can u_0303 access res_0153?",0,No,1,1.0,0.47266897559165955,1482.8639070001373,False,vanilla_rag,0
oa_1140,"At time 76 in context ctx_04, can u_0285 access res_0050?",0,No,1,1.0,0.44258251786231995,1484.1066090000368,False,vanilla_rag,0
oa_1143,"At time 156 in context ctx_04, can u_0165 access res_0045?",0,No,1,1.0,0.45638784766197205,1482.3274090001632,False,vanilla_rag,0
oa_1144,"At time 85 in context ctx_05, can u_0437 access res_0095?",0,No,1,1.0,0.4858720004558563,1482.9471919999833,False,vanilla_rag,0
oa_1154,"At time 143 in context ctx_07, can u_0384 access res_0129?",0,No,1,1.0,0.46291640400886536,1482.7637060000143,False,vanilla_rag,0
oa_1162,"At time 170 in context ctx_02, can u_0434 access res_0125?",0,No,1,1.0,0.426682710647583,1488.010433999989,False,vanilla_rag,0
oa_1165,"At time 73 in context ctx_01, can u_0485 access res_0095?",0,No,1,1.0,0.5137462019920349,1482.6768170000832,False,vanilla_rag,0
oa_1167,"At time 100 in context ctx_04, can u_0258 access res_0091?",0,No,1,1.0,0.42754659056663513,1482.1885119999934,False,vanilla_rag,0
oa_1169,"At time 65 in context ctx_01, can u_0405 access res_0158?",0,No,1,1.0,0.41638174653053284,1483.7912590000997,False,vanilla_rag,0
oa_1173,"At time 165 in context ctx_05, can u_0290 access res_0061?",0,No,1,1.0,0.4578488767147064,1483.8301610000144,False,vanilla_rag,0
oa_1193,"At time 199 in context ctx_07, can u_0300 access res_0073?",0,No,1,1.0,0.4670724868774414,1483.4671609999077,False,vanilla_rag,0
oa_1198,"At time 160 in context ctx_00, can u_0266 access res_0075?",0,No,1,1.0,0.4239097833633423,1482.1751699998913,False,vanilla_rag,0
oa_1203,"At time 191 in context ctx_07, can u_0412 access res_0033?",0,No,1,1.0,0.5067681670188904,1480.5217949999587,False,vanilla_rag,0
oa_1215,"At time 160 in context ctx_00, can u_0134 access res_0151?",0,No,1,1.0,0.4302648603916168,1482.8882630001772,False,vanilla_rag,0
oa_1219,"At time 99 in context ctx_03, can u_0083 access res_0095?",0,No,1,1.0,0.5088385939598083,1482.78184600008,False,vanilla_rag,0
oa_1224,"At time 163 in context ctx_03, can u_0161 access res_0034?",0,No,1,1.0,0.48756110668182373,1481.8477330002224,False,vanilla_rag,0
oa_1225,"At time 168 in context ctx_00, can u_0463 access res_0077?",0,No,1,1.0,0.42293110489845276,1482.3398819999056,False,vanilla_rag,0
oa_1237,"At time 86 in context ctx_06, can u_0226 access res_0020?",0,No,1,1.0,0.45971885323524475,1482.4061839999558,False,vanilla_rag,0
oa_1239,"At time 117 in context ctx_05, can u_0468 access res_0056?",0,No,1,1.0,0.48878562450408936,1482.812402000036,False,vanilla_rag,0
oa_1240,"At time 168 in context ctx_00, can u_0298 access res_0052?",0,No,1,1.0,0.4539986848831177,1482.2579040001074,False,vanilla_rag,0
oa_1256,"At time 138 in context ctx_02, can u_0314 access res_0081?",0,No,1,1.0,0.48916757106781006,1481.65344500012,False,vanilla_rag,0
oa_1260,"At time 90 in context ctx_02, can u_0009 access res_0101?",0,No,1,1.0,0.475987046957016,1482.7440920000754,False,vanilla_rag,0
oa_1265,"At time 80 in context ctx_00, can u_0413 access res_0132?",0,no,1,1.0,0.3550957143306732,1486.572785999897,False,vanilla_rag,0
oa_1275,"At time 195 in context ctx_03, can u_0003 access res_0114?",0,No,1,1.0,0.46217015385627747,1483.5729420001371,False,vanilla_rag,0
oa_1279,"At time 126 in context ctx_06, can u_0426 access res_0052?",0,No,1,1.0,0.47392043471336365,1481.7910169999777,False,vanilla_rag,0
oa_1281,"At time 64 in context ctx_00, can u_0238 access res_0173?",0,No,1,1.0,0.4305335283279419,1483.9954479998596,False,vanilla_rag,0
oa_1286,"At time 109 in context ctx_05, can u_0361 access res_0122?",0,No,1,1.0,0.46025264263153076,1483.6751020000065,False,vanilla_rag,0
oa_1291,"At time 186 in context ctx_02, can u_0149 access res_0167?",0,No,1,1.0,0.4624914228916168,1483.8350469999568,False,vanilla_rag,0
oa_1296,"At time 178 in context ctx_02, can u_0043 access res_0107?",0,No,1,1.0,0.47646722197532654,1487.3922149999999,False,vanilla_rag,0
oa_1311,"At time 175 in context ctx_07, can u_0000 access res_0114?",0,No,1,1.0,0.44526347517967224,1481.826614999818,False,vanilla_rag,0
oa_1316,"At time 167 in context ctx_07, can u_0495 access res_0064?",0,No,1,1.0,0.49433469772338867,1483.975940999926,False,vanilla_rag,0
oa_1326,"At time 132 in context ctx_04, can u_0163 access res_0174?",0,No,1,1.0,0.46868324279785156,1483.0649470000026,False,vanilla_rag,0
oa_1339,"At time 140 in context ctx_04, can u_0145 access res_0043?",0,No,1,1.0,0.43206676840782166,1481.8425169999045,False,vanilla_rag,0
oa_1341,"At time 64 in context ctx_00, can u_0313 access res_0168?",0,No,1,1.0,0.4614677429199219,1482.024741000032,False,vanilla_rag,0
oa_1357,"At time 170 in context ctx_02, can u_0483 access res_0129?",0,No,1,1.0,0.4408334195613861,1482.9615799999374,False,vanilla_rag,0
oa_1364,"At time 164 in context ctx_04, can u_0135 access res_0042?",0,No,1,1.0,0.4749898612499237,1483.5297259999152,False,vanilla_rag,0
oa_1387,"At time 105 in context ctx_01, can u_0116 access res_0085?",0,No,1,1.0,0.46546611189842224,1484.2566890001763,False,vanilla_rag,0
oa_1396,"At time 200 in context ctx_00, can u_0410 access res_0058?",0,No,1,1.0,0.40670129656791687,1483.0364029999146,False,vanilla_rag,0
oa_1431,"At time 140 in context ctx_04, can u_0475 access res_0138?",0,No,1,1.0,0.39802753925323486,1482.3961080001027,False,vanilla_rag,0
oa_1432,"At time 130 in context ctx_02, can u_0174 access res_0183?",0,No,1,1.0,0.44707807898521423,1482.44601600004,False,vanilla_rag,0
oa_1457,"At time 183 in context ctx_07, can u_0440 access res_0009?",0,No,1,1.0,0.49259963631629944,1483.953523000082,False,vanilla_rag,0
oa_1460,"At time 119 in context ctx_07, can u_0199 access res_0155?",0,No,1,1.0,0.520470917224884,1483.7817590000668,False,vanilla_rag,0
oa_1471,"At time 171 in context ctx_03, can u_0267 access res_0139?",0,No,1,1.0,0.46975764632225037,1483.25571700002,False,vanilla_rag,0
oa_1477,"At time 113 in context ctx_01, can u_0454 access res_0088?",0,No,1,1.0,0.47146353125572205,1483.8412249998782,False,vanilla_rag,0
oa_1490,"At time 85 in context ctx_05, can u_0441 access res_0128?",0,No,1,1.0,0.4663412570953369,1483.476512000152,False,vanilla_rag,0
oa_1492,"At time 141 in context ctx_05, can u_0078 access res_0036?",0,No,1,1.0,0.4653700292110443,1481.9317209999099,False,vanilla_rag,0
oa_1506,"At time 114 in context ctx_02, can u_0087 access res_0121?",0,No,1,1.0,0.47231200337409973,1483.9941809998436,False,vanilla_rag,0
oa_1507,"At time 103 in context ctx_07, can u_0257 access res_0134?",0,No,1,1.0,0.4491220712661743,1483.664996000016,False,vanilla_rag,0
oa_1515,"At time 107 in context ctx_03, can u_0292 access res_0186?",0,No,1,1.0,0.47306767106056213,1480.6681549998757,False,vanilla_rag,0
oa_1518,"At time 172 in context ctx_04, can u_0184 access res_0172?",0,No,1,1.0,0.45019641518592834,1481.603208000024,False,vanilla_rag,0
oa_1519,"At time 132 in context ctx_04, can u_0017 access res_0021?",0,No,1,1.0,0.4994336664676666,1482.8080259999297,False,vanilla_rag,0
oa_1529,"At time 178 in context ctx_02, can u_0364 access res_0168?",0,No,1,1.0,0.4510677754878998,1482.453752000083,False,vanilla_rag,0
oa_1540,"At time 83 in context ctx_03, can u_0481 access res_0105?",0,No,1,1.0,0.4865356981754303,1482.6209020000078,False,vanilla_rag,0
oa_1544,"At time 82 in context ctx_02, can u_0435 access res_0142?",0,No,1,1.0,0.4464317262172699,1484.2109030000756,False,vanilla_rag,0
oa_1549,"At time 124 in context ctx_04, can u_0105 access res_0103?",0,No,1,1.0,0.48536840081214905,1483.720473999938,False,vanilla_rag,0
oa_1559,"At time 173 in context ctx_05, can u_0163 access res_0156?",0,No,1,1.0,0.45855283737182617,1482.6737410000987,False,vanilla_rag,0
oa_1560,"At time 89 in context ctx_01, can u_0059 access res_0142?",0,No,1,1.0,0.49043598771095276,1482.1994769999947,False,vanilla_rag,0
oa_1565,"At time 130 in context ctx_02, can u_0293 access res_0180?",0,No,1,1.0,0.4434676468372345,1483.8393299999098,False,vanilla_rag,0
oa_1572,"At time 140 in context ctx_04, can u_0269 access res_0125?",0,No,1,1.0,0.4247224032878876,1483.8620909999918,False,vanilla_rag,0
oa_1575,"At time 70 in context ctx_06, can u_0320 access res_0129?",0,No,1,1.0,0.4456804096698761,1482.944254000131,False,vanilla_rag,0
oa_1594,"At time 169 in context ctx_01, can u_0374 access res_0024?",0,No,1,1.0,0.4165410101413727,1485.7782589999715,False,vanilla_rag,0
oa_1597,"At time 200 in context ctx_00, can u_0498 access res_0163?",0,No,1,1.0,0.42142578959465027,1482.7978309999708,False,vanilla_rag,0
oa_1605,"At time 93 in context ctx_05, can u_0002 access res_0030?",0,No,1,1.0,0.505821943283081,1483.7986919999366,False,vanilla_rag,0
oa_1621,"At time 200 in context ctx_00, can u_0436 access res_0012?",0,No,1,1.0,0.41108736395835876,1484.3517309998333,False,vanilla_rag,0
oa_1622,"At time 95 in context ctx_07, can u_0024 access res_0158?",0,No,1,1.0,0.47600317001342773,1483.1209409999246,False,vanilla_rag,0
oa_1626,"At time 116 in context ctx_04, can u_0115 access res_0077?",0,No,1,1.0,0.44674158096313477,1482.7823790001275,False,vanilla_rag,0
oa_1633,"At time 129 in context ctx_01, can u_0165 access res_0176?",0,No,1,1.0,0.46737006306648254,1481.8550439999854,False,vanilla_rag,0
oa_1652,"At time 143 in context ctx_07, can u_0059 access res_0197?",0,No,1,1.0,0.4760119915008545,1483.8527729998532,False,vanilla_rag,0
oa_1654,"At time 159 in context ctx_07, can u_0362 access res_0198?",0,No,1,1.0,0.47040483355522156,1487.4827570001798,False,vanilla_rag,0
oa_1664,"At time 145 in context ctx_01, can u_0323 access res_0091?",0,No,1,1.0,0.5113428235054016,1484.1515909999998,False,vanilla_rag,0
oa_1666,"At time 149 in context ctx_05, can u_0108 access res_0098?",0,No,1,1.0,0.49468228220939636,1482.0981629998187,False,vanilla_rag,0
oa_1671,"At time 98 in context ctx_02, can u_0327 access res_0059?",0,No,1,1.0,0.5156046748161316,1483.0501250000907,False,vanilla_rag,0
oa_1675,"At time 181 in context ctx_05, can u_0132 access res_0143?",0,no,1,1.0,0.4527713358402252,1487.3600119999537,False,vanilla_rag,0
oa_1685,"At time 96 in context ctx_00, can u_0407 access res_0126?",0,No,1,1.0,0.46804603934288025,1483.0079240000487,False,vanilla_rag,0
oa_1688,"At time 104 in context ctx_00, can u_0180 access res_0156?",0,No,1,1.0,0.47201624512672424,1481.4939840000534,False,vanilla_rag,0
oa_1697,"At time 94 in context ctx_06, can u_0278 access res_0103?",0,No,1,1.0,0.5180584192276001,1483.7491759999466,False,vanilla_rag,0
oa_1702,"At time 103 in context ctx_07, can u_0324 access res_0007?",0,no,1,1.0,0.44487428665161133,1482.0122249998349,False,vanilla_rag,0
oa_1703,"At time 156 in context ctx_04, can u_0129 access res_0026?",0,No,1,1.0,0.435052752494812,1483.317444000022,False,vanilla_rag,0
oa_1704,"At time 63 in context ctx_07, can u_0403 access res_0181?",0,No,1,1.0,0.4904343783855438,1484.4001789999766,False,vanilla_rag,0
oa_1722,"At time 119 in context ctx_07, can u_0105 access res_0095?",0,No,1,1.0,0.5245228409767151,1483.96601200011,False,vanilla_rag,0
oa_1725,"At time 126 in context ctx_06, can u_0277 access res_0156?",0,No,1,1.0,0.5040370225906372,1482.3088749999442,False,vanilla_rag,0
oa_1749,"At time 126 in context ctx_06, can u_0004 access res_0046?",0,No,1,1.0,0.4934675693511963,1482.7742940001372,False,vanilla_rag,0
oa_1767,"At time 98 in context ctx_02, can u_0286 access res_0170?",0,No,1,1.0,0.49455463886260986,1484.3357739998737,False,vanilla_rag,0
oa_1768,"At time 103 in context ctx_07, can u_0352 access res_0048?",0,No,1,1.0,0.4548013210296631,1483.7030039998353,False,vanilla_rag,0
oa_1769,"At time 75 in context ctx_03, can u_0055 access res_0046?",0,No,1,1.0,0.44210729002952576,1481.5015159999803,False,vanilla_rag,0
oa_1779,"At time 176 in context ctx_00, can u_0488 access res_0023?",0,No,1,1.0,0.45442748069763184,1480.609652000112,False,vanilla_rag,0
oa_1785,"At time 164 in context ctx_04, can u_0256 access res_0186?",0,No,1,1.0,0.4650155007839203,1482.0507169999928,False,vanilla_rag,0
oa_1789,"At time 180 in context ctx_04, can u_0414 access res_0139?",0,No,1,1.0,0.3680752217769623,1485.9806860001754,False,vanilla_rag,0
oa_1791,"At time 194 in context ctx_02, can u_0129 access res_0110?",0,No,1,1.0,0.5121334791183472,1484.277590000147,False,vanilla_rag,0
oa_1792,"At time 171 in context ctx_03, can u_0004 access res_0025?",0,No,1,1.0,0.4636717736721039,1483.075351000025,False,vanilla_rag,0
oa_1803,"At time 129 in context ctx_01, can u_0375 access res_0160?",0,No,1,1.0,0.4548954963684082,1481.8671870000344,False,vanilla_rag,0
oa_1806,"At time 65 in context ctx_01, can u_0052 access res_0159?",0,No,1,1.0,0.4084256589412689,1482.9738290000023,False,vanilla_rag,0
oa_1809,"At time 74 in context ctx_02, can u_0378 access res_0179?",0,No,1,1.0,0.49730244278907776,1483.6092360001203,False,vanilla_rag,0
oa_1810,"At time 84 in context ctx_04, can u_0111 access res_0018?",0,No,1,1.0,0.504737138748169,1482.6378440000099,False,vanilla_rag,0
oa_1816,"At time 152 in context ctx_00, can u_0356 access res_0128?",0,No,1,1.0,0.4657881557941437,1481.9877960001122,False,vanilla_rag,0
oa_1825,"At time 64 in context ctx_00, can u_0192 access res_0146?",0,No,1,1.0,0.4511655271053314,1482.857316999798,False,vanilla_rag,0
oa_1827,"At time 157 in context ctx_05, can u_0333 access res_0111?",0,No,1,1.0,0.4716099202632904,1481.4707520001775,False,vanilla_rag,0
oa_1843,"At time 110 in context ctx_06, can u_0130 access res_0146?",0,No,1,1.0,0.4166578948497772,1482.6373320001949,False,vanilla_rag,0
oa_1881,"At time 66 in context ctx_02, can u_0203 access res_0185?",0,No,1,1.0,0.4990728199481964,1482.7495140000337,False,vanilla_rag,0
oa_1888,"At time 117 in context ctx_05, can u_0326 access res_0179?",0,No,1,1.0,0.47211650013923645,1482.7773539998361,False,vanilla_rag,0
oa_1903,"At time 127 in context ctx_07, can u_0325 access res_0130?",0,No,1,1.0,0.36028826236724854,1484.8030319999452,False,vanilla_rag,0
oa_1907,"At time 115 in context ctx_03, can u_0081 access res_0043?",0,No,1,1.0,0.48465093970298767,1482.5976239999363,False,vanilla_rag,0
oa_1913,"At time 197 in context ctx_05, can u_0166 access res_0066?",0,No,1,1.0,0.4882700741291046,1482.3465429999487,False,vanilla_rag,0
oa_1929,"At time 94 in context ctx_06, can u_0059 access res_0012?",0,No,1,1.0,0.5380023717880249,1482.6782529999036,False,vanilla_rag,0
oa_1938,"At time 117 in context ctx_05, can u_0431 access res_0083?",0,No,1,1.0,0.4911991357803345,1482.9150069999741,False,vanilla_rag,0
oa_1954,"At time 133 in context ctx_05, can u_0026 access res_0019?",0,No,1,1.0,0.4295963943004608,1483.9394620000803,False,vanilla_rag,0
oa_1957,"At time 187 in context ctx_03, can u_0462 access res_0004?",0,No,1,1.0,0.49310722947120667,1483.6123410000255,False,vanilla_rag,0
oa_1961,"At time 87 in context ctx_07, can u_0230 access res_0006?",0,No,1,1.0,0.5092329978942871,1482.3803199999475,False,vanilla_rag,0
oa_1963,"At time 143 in context ctx_07, can u_0395 access res_0046?",0,No,1,1.0,0.4496218264102936,1481.784512999866,False,vanilla_rag,0
oa_1967,"At time 84 in context ctx_04, can u_0197 access res_0131?",0,No,1,1.0,0.4930417835712433,1484.0173100001266,False,vanilla_rag,0
oa_1989,"At time 172 in context ctx_04, can u_0355 access res_0189?",0,No,1,1.0,0.4310479164123535,1481.2832799998432,False,vanilla_rag,0
oa_1990,"At time 187 in context ctx_03, can u_0376 access res_0083?",0,No,1,1.0,0.5068253874778748,1483.6277110000538,False,vanilla_rag,0
oa_2031,"At time 163 in context ctx_03, can u_0377 access res_0185?",0,No,1,1.0,0.4763253927230835,1484.3016110000917,False,vanilla_rag,0
oa_2032,"At time 182 in context ctx_06, can u_0217 access res_0165?",0,No,1,1.0,0.4728006422519684,1486.9793630000459,False,vanilla_rag,0
oa_2052,"At time 83 in context ctx_03, can u_0231 access res_0050?",0,No,1,1.0,0.4831300675868988,1484.1820849999294,False,vanilla_rag,0
oa_2053,"At time 106 in context ctx_02, can u_0260 access res_0015?",0,No,1,1.0,0.4822261333465576,1483.6439109999446,False,vanilla_rag,0
oa_2055,"At time 153 in context ctx_01, can u_0106 access res_0022?",0,No,1,1.0,0.46056416630744934,1484.2156590000286,False,vanilla_rag,0
oa_2069,"At time 162 in context ctx_02, can u_0188 access res_0003?",0,No,1,1.0,0.4542435109615326,1482.6951430000008,False,vanilla_rag,0
oa_2084,"At time 102 in context ctx_06, can u_0036 access res_0104?",0,No,1,1.0,0.4347403347492218,1483.3315160001348,False,vanilla_rag,0
oa_2092,"At time 153 in context ctx_01, can u_0149 access res_0059?",0,No,1,1.0,0.4536294639110565,1484.5460520000415,False,vanilla_rag,0
oa_2104,"At time 144 in context ctx_00, can u_0371 access res_0081?",0,No,1,1.0,0.42679622769355774,1486.4103919999252,False,vanilla_rag,0
oa_2115,"At time 88 in context ctx_00, can u_0312 access res_0085?",0,No,1,1.0,0.4825350046157837,1484.8782030001075,False,vanilla_rag,0
oa_2121,"At time 72 in context ctx_00, can u_0298 access res_0110?",0,No,1,1.0,0.4702373743057251,1482.7321100001427,False,vanilla_rag,0
oa_2123,"At time 174 in context ctx_06, can u_0368 access res_0154?",0,No,1,1.0,0.4875892400741577,1483.460217000129,False,vanilla_rag,0
oa_2129,"At time 82 in context ctx_02, can u_0338 access res_0185?",0,No,1,1.0,0.4431320130825043,1482.8894229999605,False,vanilla_rag,0
oa_2130,"At time 190 in context ctx_06, can u_0426 access res_0117?",0,No,1,1.0,0.4276214838027954,1482.0661379999365,False,vanilla_rag,0
oa_2137,"At time 117 in context ctx_05, can u_0020 access res_0018?",0,No,1,1.0,0.5135560035705566,1481.9497290000072,False,vanilla_rag,0
oa_2146,"At time 200 in context ctx_00, can u_0044 access res_0119?",0,No,1,1.0,0.4055500030517578,1481.8060640000112,False,vanilla_rag,0
oa_2150,"At time 85 in context ctx_05, can u_0483 access res_0150?",0,No,1,1.0,0.465116411447525,1482.6041490000534,False,vanilla_rag,0
oa_2208,"At time 96 in context ctx_00, can u_0101 access res_0099?",0,No,1,1.0,0.5167896151542664,1483.377584999971,False,vanilla_rag,0
oa_2212,"At time 169 in context ctx_01, can u_0399 access res_0191?",0,No,1,1.0,0.4300921857357025,1484.4914819998394,False,vanilla_rag,0
oa_2220,"At time 197 in context ctx_05, can u_0208 access res_0190?",0,No,1,1.0,0.4930257499217987,1481.8129650000174,False,vanilla_rag,0
oa_2223,"At time 100 in context ctx_04, can u_0183 access res_0072?",0,No,1,1.0,0.4161088764667511,1482.3205820000567,False,vanilla_rag,0
oa_2254,"At time 167 in context ctx_07, can u_0308 access res_0095?",0,No,1,1.0,0.5093302726745605,1483.490490000122,False,vanilla_rag,0
oa_2257,"At time 129 in context ctx_01, can u_0394 access res_0155?",0,No,1,1.0,0.4738021790981293,1481.5617360000033,False,vanilla_rag,0
oa_2268,"At time 174 in context ctx_06, can u_0490 access res_0054?",0,no,1,1.0,0.4770294725894928,1483.2026920000771,False,vanilla_rag,0
oa_2282,"At time 177 in context ctx_01, can u_0003 access res_0107?",0,No,1,1.0,0.45492592453956604,1483.546954999838,False,vanilla_rag,0
oa_2293,"At time 122 in context ctx_02, can u_0362 access res_0184?",0,No,1,1.0,0.4729161262512207,1482.667210000045,False,vanilla_rag,0
oa_2294,"At time 173 in context ctx_05, can u_0470 access res_0103?",0,pol_047,0,0.0,0.43786776065826416,1481.588186999943,False,vanilla_rag,0
oa_2300,"At time 157 in context ctx_05, can u_0403 access res_0086?",0,No,1,1.0,0.4624443054199219,1481.7705860000387,False,vanilla_rag,0
oa_2308,"At time 80 in context ctx_00, can u_0317 access res_0176?",0,No,1,1.0,0.3872950077056885,1482.0992999998452,False,vanilla_rag,0
oa_2316,"At time 183 in context ctx_07, can u_0107 access res_0032?",0,No,1,1.0,0.507530152797699,1485.0721809998504,False,vanilla_rag,0
oa_2321,"At time 96 in context ctx_00, can u_0408 access res_0178?",0,No,1,1.0,0.4950471818447113,1483.3622899998318,False,vanilla_rag,0
oa_2351,"At time 143 in context ctx_07, can u_0459 access res_0196?",0,No,1,1.0,0.46826353669166565,1482.4426030002087,False,vanilla_rag,0
oa_2356,"At time 130 in context ctx_02, can u_0245 access res_0089?",0,No,1,1.0,0.45561492443084717,1480.9183719999055,False,vanilla_rag,0
oa_2358,"At time 86 in context ctx_06, can u_0409 access res_0116?",0,No,1,1.0,0.48340702056884766,1483.4257080001407,False,vanilla_rag,0
oa_2371,"At time 138 in context ctx_02, can u_0235 access res_0038?",0,No,1,1.0,0.4474879205226898,1482.7656749998823,False,vanilla_rag,0
oa_2372,"At time 161 in context ctx_01, can u_0344 access res_0178?",0,No,1,1.0,0.48305103182792664,1482.675517999951,False,vanilla_rag,0
oa_2373,"At time 184 in context ctx_00, can u_0405 access res_0146?",0,No,1,1.0,0.4666060507297516,1483.2581439998194,False,vanilla_rag,0
oa_2378,"At time 111 in context ctx_07, can u_0289 access res_0177?",0,No,1,1.0,0.4961126744747162,1482.7899550000438,False,vanilla_rag,0
oa_2384,"At time 107 in context ctx_03, can u_0275 access res_0163?",0,No,1,1.0,0.468102365732193,1482.4672170000213,False,vanilla_rag,0
oa_2394,"At time 106 in context ctx_02, can u_0117 access res_0164?",0,No,1,1.0,0.4603823721408844,1483.0942959999902,False,vanilla_rag,0
oa_2397,"At time 178 in context ctx_02, can u_0358 access res_0163?",0,No,1,1.0,0.4700283706188202,1486.9919960001425,False,vanilla_rag,0
oa_2402,"At time 104 in context ctx_00, can u_0149 access res_0090?",0,No,1,1.0,0.48645493388175964,1483.919483000136,False,vanilla_rag,0
oa_2403,"At time 170 in context ctx_02, can u_0165 access res_0184?",0,No,1,1.0,0.4375123977661133,1484.6512209999219,False,vanilla_rag,0
oa_2406,"At time 121 in context ctx_01, can u_0102 access res_0030?",0,No,1,1.0,0.5118420720100403,1482.8628720001689,False,vanilla_rag,0
oa_2414,"At time 72 in context ctx_00, can u_0011 access res_0195?",0,No,1,1.0,0.4973542392253876,1483.2081100000778,False,vanilla_rag,0
oa_2427,"At time 125 in context ctx_05, can u_0199 access res_0069?",0,No,1,1.0,0.4985874891281128,1482.9689699997743,False,vanilla_rag,0
oa_2441,"At time 157 in context ctx_05, can u_0343 access res_0040?",0,No,1,1.0,0.46048232913017273,1482.3629980000987,False,vanilla_rag,0
oa_2445,"At time 137 in context ctx_01, can u_0125 access res_0041?",0,No,1,1.0,0.4249540865421295,1483.1503099999281,False,vanilla_rag,0
oa_2449,"At time 117 in context ctx_05, can u_0263 access res_0042?",0,No,1,1.0,0.4882303774356842,1481.8604140000389,False,vanilla_rag,0
oa_2451,"At time 92 in context ctx_04, can u_0328 access res_0118?",0,No,1,1.0,0.4826812744140625,1482.3746310000843,False,vanilla_rag,0
oa_2452,"At time 96 in context ctx_00, can u_0223 access res_0159?",0,No,1,1.0,0.4930267333984375,1484.3487910000022,False,vanilla_rag,0
oa_2459,"At time 184 in context ctx_00, can u_0176 access res_0156?",0,No,1,1.0,0.4797305166721344,1484.2595519999122,False,vanilla_rag,0
oa_2461,"At time 147 in context ctx_03, can u_0134 access res_0054?",0,No,1,1.0,0.48075583577156067,1483.496520000017,False,vanilla_rag,0
oa_2466,"At time 196 in context ctx_04, can u_0190 access res_0030?",0,No,1,1.0,0.4445438086986542,1481.1713080000573,False,vanilla_rag,0
oa_2467,"At time 103 in context ctx_07, can u_0401 access res_0126?",0,No,1,1.0,0.43840956687927246,1482.3085289999653,False,vanilla_rag,0
oa_2469,"At time 200 in context ctx_00, can u_0063 access res_0084?",0,No,1,1.0,0.41304996609687805,1482.1667429998797,False,vanilla_rag,0
oa_2473,"At time 123 in context ctx_03, can u_0345 access res_0063?",0,No,1,1.0,0.44147762656211853,1482.8364039999542,False,vanilla_rag,0
oa_2477,"At time 164 in context ctx_04, can u_0240 access res_0045?",0,No,1,1.0,0.4831700325012207,1482.0338310000807,False,vanilla_rag,0
oa_2479,"At time 164 in context ctx_04, can u_0465 access res_0146?",0,No,1,1.0,0.4524608552455902,1483.746334999978,False,vanilla_rag,0
oa_2480,"At time 64 in context ctx_00, can u_0374 access res_0188?",0,No,1,1.0,0.4676687717437744,1484.275918999856,False,vanilla_rag,0
oa_2484,"At time 76 in context ctx_04, can u_0415 access res_0104?",0,No,1,1.0,0.44028007984161377,1482.871656000043,False,vanilla_rag,0
oa_2501,"At time 120 in context ctx_00, can u_0370 access res_0102?",0,No,1,1.0,0.42299187183380127,1482.3909310000545,False,vanilla_rag,0
oa_2503,"At time 197 in context ctx_05, can u_0018 access res_0112?",0,No,1,1.0,0.5132976174354553,1484.1111769999316,False,vanilla_rag,0
oa_2521,"At time 88 in context ctx_00, can u_0260 access res_0150?",0,No,1,1.0,0.47582635283470154,1482.437192999896,False,vanilla_rag,0
oa_2540,"At time 162 in context ctx_02, can u_0359 access res_0158?",0,No,1,1.0,0.4346560537815094,1481.4576569999645,False,vanilla_rag,0
oa_2541,"At time 76 in context ctx_04, can u_0402 access res_0154?",0,No,1,1.0,0.4524627923965454,1482.3845859998528,False,vanilla_rag,0
oa_2556,"At time 147 in context ctx_03, can u_0151 access res_0061?",0,No,1,1.0,0.4797995388507843,1482.1060850001686,False,vanilla_rag,0
oa_2578,"At time 173 in context ctx_05, can u_0395 access res_0187?",0,No,1,1.0,0.4612443745136261,1482.411030000094,False,vanilla_rag,0
oa_2587,"At time 152 in context ctx_00, can u_0056 access res_0123?",0,No,1,1.0,0.45052334666252136,1481.7986689999998,False,vanilla_rag,0
oa_2590,"At time 64 in context ctx_00, can u_0042 access res_0019?",0,No,1,1.0,0.4612579345703125,1484.1023080000468,False,vanilla_rag,0
oa_2597,"At time 164 in context ctx_04, can u_0107 access res_0044?",0,No,1,1.0,0.4895198345184326,1483.6107749999883,False,vanilla_rag,0
oa_2607,"At time 136 in context ctx_00, can u_0196 access res_0013?",0,No,1,1.0,0.4902336895465851,1482.252792000054,False,vanilla_rag,0
oa_2621,"At time 109 in context ctx_05, can u_0256 access res_0046?",0,No,1,1.0,0.44474291801452637,1481.9668740001362,False,vanilla_rag,0
oa_2626,"At time 181 in context ctx_05, can u_0136 access res_0115?",0,No,1,1.0,0.4434548616409302,1484.9169200001597,False,vanilla_rag,0
oa_2636,"At time 152 in context ctx_00, can u_0077 access res_0059?",0,No,1,1.0,0.47470927238464355,1483.7999379999474,False,vanilla_rag,0
oa_2653,"At time 89 in context ctx_01, can u_0332 access res_0093?",0,No,1,1.0,0.4951125383377075,1482.9776960000345,False,vanilla_rag,0
oa_2656,"At time 99 in context ctx_03, can u_0322 access res_0004?",0,No,1,1.0,0.4966218173503876,1483.6019730000771,False,vanilla_rag,0
oa_2658,"At time 86 in context ctx_06, can u_0226 access res_0129?",0,No,1,1.0,0.46744024753570557,1482.6270430000932,False,vanilla_rag,0
oa_2664,"At time 116 in context ctx_04, can u_0143 access res_0138?",0,No,1,1.0,0.4332328736782074,1482.701544000065,False,vanilla_rag,0
oa_2670,"At time 99 in context ctx_03, can u_0022 access res_0006?",0,No,1,1.0,0.49793973565101624,1483.7940039999467,False,vanilla_rag,0
oa_2678,"At time 137 in context ctx_01, can u_0089 access res_0072?",0,No,1,1.0,0.4494001865386963,1483.3319430001666,False,vanilla_rag,0
oa_2691,"At time 191 in context ctx_07, can u_0429 access res_0114?",0,No,1,1.0,0.5052827000617981,1481.7190359999586,False,vanilla_rag,0
oa_2704,"At time 154 in context ctx_02, can u_0498 access res_0046?",0,No,1,1.0,0.49846771359443665,1481.6725360001328,False,vanilla_rag,0
oa_2708,"At time 107 in context ctx_03, can u_0149 access res_0182?",0,No,1,1.0,0.48535051941871643,1481.297220999977,False,vanilla_rag,0
oa_2724,"At time 139 in context ctx_03, can u_0421 access res_0157?",0,No,1,1.0,0.42602595686912537,1484.8360189998857,False,vanilla_rag,0
oa_2725,"At time 169 in context ctx_01, can u_0122 access res_0090?",0,No,1,1.0,0.41768407821655273,1482.7729309999995,False,vanilla_rag,0
oa_2729,"At time 175 in context ctx_07, can u_0139 access res_0090?",0,No,1,1.0,0.43978962302207947,1481.9320050000897,False,vanilla_rag,0
oa_2731,"At time 188 in context ctx_04, can u_0030 access res_0086?",0,No,1,1.0,0.45877206325531006,1481.350822999957,False,vanilla_rag,0
oa_2736,"At time 77 in context ctx_05, can u_0336 access res_0007?",0,No,1,1.0,0.4802936017513275,1482.5793850000082,False,vanilla_rag,0
oa_2739,"At time 160 in context ctx_00, can u_0119 access res_0073?",0,No,1,1.0,0.43036308884620667,1482.8764579999643,False,vanilla_rag,0
oa_2744,"At time 93 in context ctx_05, can u_0488 access res_0095?",0,No,1,1.0,0.5188990235328674,1481.9185240000934,False,vanilla_rag,0
oa_2746,"At time 135 in context ctx_07, can u_0393 access res_0017?",0,No,1,1.0,0.49232399463653564,1481.0874770000737,False,vanilla_rag,0
oa_2751,"At time 195 in context ctx_03, can u_0314 access res_0077?",0,No,1,1.0,0.4617476165294647,1482.691124999974,False,vanilla_rag,0
oa_2761,"At time 176 in context ctx_00, can u_0460 access res_0169?",0,No,1,1.0,0.4589514434337616,1485.0687119999293,False,vanilla_rag,0
oa_2764,"At time 82 in context ctx_02, can u_0430 access res_0008?",0,No,1,1.0,0.4639343321323395,1483.3591999999953,False,vanilla_rag,0
oa_2767,"At time 129 in context ctx_01, can u_0001 access res_0059?",0,No,1,1.0,0.4801759421825409,1481.6428120000182,False,vanilla_rag,0
oa_2784,"At time 76 in context ctx_04, can u_0438 access res_0065?",0,No,1,1.0,0.4205923080444336,1483.0694370000401,False,vanilla_rag,0
oa_2787,"At time 65 in context ctx_01, can u_0221 access res_0115?",0,No,1,1.0,0.3982529640197754,1482.9081020000103,False,vanilla_rag,0
oa_2788,"At time 114 in context ctx_02, can u_0183 access res_0041?",0,No,1,1.0,0.47861751914024353,1483.318860000054,False,vanilla_rag,0
oa_2804,"At time 127 in context ctx_07, can u_0446 access res_0156?",0,No,1,1.0,0.33760932087898254,1482.746372000065,False,vanilla_rag,0
oa_2815,"At time 109 in context ctx_05, can u_0423 access res_0143?",0,No,1,1.0,0.4477202892303467,1483.777076000024,False,vanilla_rag,0
oa_2821,"At time 142 in context ctx_06, can u_0132 access res_0107?",0,No,1,1.0,0.4953292906284332,1481.4680009999392,False,vanilla_rag,0
oa_2829,"At time 152 in context ctx_00, can u_0031 access res_0091?",0,No,1,1.0,0.4782167375087738,1482.2503509999478,False,vanilla_rag,0
oa_2839,"At time 116 in context ctx_04, can u_0169 access res_0035?",0,No,1,1.0,0.45941486954689026,1481.1001430000488,False,vanilla_rag,0
oa_2843,"At time 94 in context ctx_06, can u_0360 access res_0028?",0,No,1,1.0,0.5056216716766357,1481.8950779999795,False,vanilla_rag,0
oa_2849,"At time 108 in context ctx_04, can u_0242 access res_0199?",0,No,1,1.0,0.4346907138824463,1485.0692620000245,False,vanilla_rag,0
oa_2869,"At time 197 in context ctx_05, can u_0147 access res_0062?",0,No,1,1.0,0.4926179349422455,1481.7229950001547,False,vanilla_rag,0
oa_2885,"At time 190 in context ctx_06, can u_0419 access res_0050?",0,No,1,1.0,0.4458204209804535,1481.0220449999179,False,vanilla_rag,0
oa_2887,"At time 108 in context ctx_04, can u_0421 access res_0151?",0,No,1,1.0,0.3952675759792328,1485.6037009999454,False,vanilla_rag,0
oa_2889,"At time 129 in context ctx_01, can u_0090 access res_0105?",0,No,1,1.0,0.4705224931240082,1482.2988109999642,False,vanilla_rag,0
oa_2898,"At time 155 in context ctx_03, can u_0262 access res_0151?",0,No,1,1.0,0.47922125458717346,1481.8331870001202,False,vanilla_rag,0
oa_2911,"At time 109 in context ctx_05, can u_0270 access res_0032?",0,No,1,1.0,0.4599114954471588,1483.9725350000208,False,vanilla_rag,0
oa_2920,"At time 180 in context ctx_04, can u_0148 access res_0003?",0,No,1,1.0,0.3953932821750641,1485.5077199999869,False,vanilla_rag,0
oa_2925,"At time 102 in context ctx_06, can u_0358 access res_0127?",0,No,1,1.0,0.4361023008823395,1481.5942480001922,False,vanilla_rag,0
oa_2933,"At time 146 in context ctx_02, can u_0023 access res_0011?",0,No,1,1.0,0.50725919008255,1481.5464640000755,False,vanilla_rag,0
oa_2936,"At time 83 in context ctx_03, can u_0001 access res_0052?",0,No,1,1.0,0.49179205298423767,1480.9297970000443,False,vanilla_rag,0
oa_2937,"At time 91 in context ctx_03, can u_0233 access res_0010?",0,No,1,1.0,0.5317732691764832,1481.5211410000302,False,vanilla_rag,0
oa_2942,"At time 152 in context ctx_00, can u_0419 access res_0065?",0,No,1,1.0,0.4489840567111969,1481.7498200000045,False,vanilla_rag,0
oa_2943,"At time 129 in context ctx_01, can u_0335 access res_0172?",0,No,1,1.0,0.4626355469226837,1483.4579389998908,False,vanilla_rag,0
oa_2956,"At time 157 in context ctx_05, can u_0143 access res_0149?",0,No,1,1.0,0.4814058244228363,1481.649741999945,False,vanilla_rag,0
oa_2962,"At time 121 in context ctx_01, can u_0214 access res_0026?",0,No,1,1.0,0.4861942529678345,1480.8213700000579,False,vanilla_rag,0
oa_2967,"At time 158 in context ctx_06, can u_0291 access res_0168?",0,No,1,1.0,0.49308064579963684,1481.4076459999796,False,vanilla_rag,0
oa_2996,"At time 125 in context ctx_05, can u_0423 access res_0047?",0,No,1,1.0,0.4754757583141327,1481.329641000002,False,vanilla_rag,0
oa_3005,"At time 157 in context ctx_05, can u_0164 access res_0137?",0,No,1,1.0,0.47371137142181396,1481.023352999955,False,vanilla_rag,0
oa_3008,"At time 114 in context ctx_02, can u_0393 access res_0160?",0,No,1,1.0,0.4632606506347656,1481.217418999904,False,vanilla_rag,0
oa_3017,"At time 169 in context ctx_01, can u_0239 access res_0024?",0,No,1,1.0,0.40876397490501404,1484.452876999967,False,vanilla_rag,0
oa_3023,"At time 63 in context ctx_07, can u_0117 access res_0006?",0,No,1,1.0,0.48337671160697937,1483.1252500000573,False,vanilla_rag,0
oa_3024,"At time 89 in context ctx_01, can u_0167 access res_0070?",0,No,1,1.0,0.5058531165122986,1484.3969579999339,False,vanilla_rag,0
oa_3032,"At time 199 in context ctx_07, can u_0375 access res_0148?",0,No,1,1.0,0.4588494300842285,1481.4161799999965,False,vanilla_rag,0
oa_3041,"At time 72 in context ctx_00, can u_0117 access res_0034?",0,No,1,1.0,0.4627901315689087,1482.6623429999017,False,vanilla_rag,0
oa_3043,"At time 153 in context ctx_01, can u_0367 access res_0058?",0,No,1,1.0,0.46053528785705566,1481.7746400001397,False,vanilla_rag,0
oa_3044,"At time 176 in context ctx_00, can u_0192 access res_0070?",0,no,1,1.0,0.4698740541934967,1481.4597920001233,False,vanilla_rag,0
oa_3045,"At time 69 in context ctx_05, can u_0456 access res_0195?",0,No,1,1.0,0.4968681335449219,1483.858102000113,False,vanilla_rag,0
oa_3047,"At time 173 in context ctx_05, can u_0267 access res_0092?",0,No,1,1.0,0.46206703782081604,1483.027396999887,False,vanilla_rag,0
oa_3051,"At time 107 in context ctx_03, can u_0297 access res_0065?",0,No,1,1.0,0.4753652513027191,1482.352444000071,False,vanilla_rag,0
oa_3076,"At time 115 in context ctx_03, can u_0411 access res_0181?",0,No,1,1.0,0.468982070684433,1482.5448599999618,False,vanilla_rag,0
oa_3083,"At time 144 in context ctx_00, can u_0179 access res_0129?",0,No,1,1.0,0.4236162006855011,1482.801419999987,False,vanilla_rag,0
oa_3085,"At time 196 in context ctx_04, can u_0156 access res_0044?",0,No,1,1.0,0.4223816692829132,1481.6000020000502,False,vanilla_rag,0
oa_3096,"At time 132 in context ctx_04, can u_0140 access res_0014?",0,No,1,1.0,0.49291977286338806,1482.654464999996,False,vanilla_rag,0
oa_3101,"At time 126 in context ctx_06, can u_0013 access res_0150?",0,No,1,1.0,0.5192611217498779,1481.925992000015,False,vanilla_rag,0
oa_3104,"At time 191 in context ctx_07, can u_0163 access res_0149?",0,No,1,1.0,0.5186040997505188,1482.05761600002,False,vanilla_rag,0
oa_3124,"At time 141 in context ctx_05, can u_0345 access res_0188?",0,No,1,1.0,0.47677040100097656,1484.6720939999614,False,vanilla_rag,0
oa_3131,"At time 178 in context ctx_02, can u_0430 access res_0129?",0,No,1,1.0,0.4619278907775879,1484.6609159999389,False,vanilla_rag,0
oa_3140,"At time 98 in context ctx_02, can u_0258 access res_0075?",0,No,1,1.0,0.519501268863678,1482.5154249999741,False,vanilla_rag,0
oa_3143,"At time 129 in context ctx_01, can u_0280 access res_0052?",0,No,1,1.0,0.45898839831352234,1483.1234739999672,False,vanilla_rag,0
oa_3147,"At time 112 in context ctx_00, can u_0107 access res_0196?",0,No,1,1.0,0.4982260763645172,1483.4295770001518,False,vanilla_rag,0
oa_3152,"At time 184 in context ctx_00, can u_0497 access res_0051?",0,No,1,1.0,0.468888521194458,1481.2366480000492,False,vanilla_rag,0
oa_3153,"At time 66 in context ctx_02, can u_0044 access res_0095?",0,no,1,1.0,0.5075798630714417,1481.8045819999952,False,vanilla_rag,0
oa_3167,"At time 182 in context ctx_06, can u_0094 access res_0071?",0,No,1,1.0,0.478780061006546,1482.302362999917,False,vanilla_rag,0
oa_3175,"At time 193 in context ctx_01, can u_0184 access res_0151?",0,No,1,1.0,0.4703340530395508,1481.950918999928,False,vanilla_rag,0
oa_3178,"At time 77 in context ctx_05, can u_0463 access res_0160?",0,No,1,1.0,0.478823184967041,1483.9464839999437,False,vanilla_rag,0
oa_3183,"At time 160 in context ctx_00, can u_0281 access res_0056?",0,No,1,1.0,0.43592166900634766,1483.0894570000055,False,vanilla_rag,0
oa_3202,"At time 193 in context ctx_01, can u_0046 access res_0151?",0,No,1,1.0,0.4371851980686188,1484.1817320000246,False,vanilla_rag,0
oa_3205,"At time 68 in context ctx_04, can u_0190 access res_0169?",0,No,1,1.0,0.4842628240585327,1482.6249489999554,False,vanilla_rag,0
oa_3211,"At time 85 in context ctx_05, can u_0226 access res_0137?",0,No,1,1.0,0.4620450437068939,1484.1658509999434,False,vanilla_rag,0
oa_3226,"At time 172 in context ctx_04, can u_0166 access res_0154?",0,No,1,1.0,0.42762258648872375,1484.083088000034,False,vanilla_rag,0
oa_3234,"At time 86 in context ctx_06, can u_0376 access res_0142?",0,No,1,1.0,0.48492762446403503,1483.200368000098,False,vanilla_rag,0
oa_3236,"At time 152 in context ctx_00, can u_0007 access res_0026?",0,No,1,1.0,0.45133543014526367,1481.164913999919,False,vanilla_rag,0
oa_3249,"At time 91 in context ctx_03, can u_0405 access res_0097?",0,No,1,1.0,0.5363405346870422,1483.813125999859,False,vanilla_rag,0
oa_3260,"At time 161 in context ctx_01, can u_0413 access res_0184?",0,No,1,1.0,0.47884926199913025,1482.7331999999842,False,vanilla_rag,0
oa_3263,"At time 77 in context ctx_05, can u_0217 access res_0160?",0,No,1,1.0,0.48653626441955566,1482.3459409999487,False,vanilla_rag,0
oa_3266,"At time 158 in context ctx_06, can u_0251 access res_0118?",0,No,1,1.0,0.46046164631843567,1485.0944310001069,False,vanilla_rag,0
oa_3267,"At time 141 in context ctx_05, can u_0110 access res_0118?",0,No,1,1.0,0.4605979919433594,1483.7437300000147,False,vanilla_rag,0
oa_3286,"At time 71 in context ctx_07, can u_0484 access res_0070?",0,No,1,1.0,0.4957594573497772,1483.0321370000092,False,vanilla_rag,0
oa_3291,"At time 134 in context ctx_06, can u_0048 access res_0128?",0,No,1,1.0,0.47119399905204773,1481.6116590000092,False,vanilla_rag,0
oa_3295,"At time 143 in context ctx_07, can u_0350 access res_0087?",0,No,1,1.0,0.4662357270717621,1482.421544999852,False,vanilla_rag,0
oa_3302,"At time 154 in context ctx_02, can u_0392 access res_0009?",0,No,1,1.0,0.5097612142562866,1483.6159639999096,False,vanilla_rag,0
oa_3304,"At time 70 in context ctx_06, can u_0332 access res_0032?",0,No,1,1.0,0.438477486371994,1483.3736719999706,False,vanilla_rag,0
oa_3320,"At time 156 in context ctx_04, can u_0494 access res_0017?",0,No,1,1.0,0.48724302649497986,1482.318707000104,False,vanilla_rag,0
oa_3325,"At time 140 in context ctx_04, can u_0258 access res_0095?",0,No,1,1.0,0.4392489492893219,1482.6088410000011,False,vanilla_rag,0
oa_3342,"At time 160 in context ctx_00, can u_0162 access res_0164?",0,No,1,1.0,0.4230981171131134,1482.9831570000351,False,vanilla_rag,0
oa_3347,"At time 173 in context ctx_05, can u_0454 access res_0092?",0,No,1,1.0,0.4522368013858795,1483.3862210000461,False,vanilla_rag,0
oa_3357,"At time 79 in context ctx_07, can u_0103 access res_0025?",0,No,1,1.0,0.4727117121219635,1483.6167840001053,False,vanilla_rag,0
oa_3365,"At time 131 in context ctx_03, can u_0372 access res_0195?",0,No,1,1.0,0.46971559524536133,1482.5903200000994,False,vanilla_rag,0
oa_3368,"At time 144 in context ctx_00, can u_0187 access res_0016?",0,No,1,1.0,0.43859925866127014,1481.2889209999867,False,vanilla_rag,0
oa_3394,"At time 79 in context ctx_07, can u_0273 access res_0172?",0,No,1,1.0,0.47274115681648254,1482.9506019998462,False,vanilla_rag,0
oa_3397,"At time 140 in context ctx_04, can u_0233 access res_0083?",0,No,1,1.0,0.43127918243408203,1481.5512019999915,False,vanilla_rag,0
oa_3398,"At time 185 in context ctx_01, can u_0499 access res_0010?",0,No,1,1.0,0.4746280908584595,1481.4268210000137,False,vanilla_rag,0
oa_3401,"At time 124 in context ctx_04, can u_0072 access res_0037?",0,No,1,1.0,0.4804252088069916,1483.415285000092,False,vanilla_rag,0
oa_3404,"At time 65 in context ctx_01, can u_0096 access res_0087?",0,No,1,1.0,0.4330621063709259,1484.3606379999983,False,vanilla_rag,0
oa_3414,"At time 113 in context ctx_01, can u_0461 access res_0073?",0,No,1,1.0,0.46760451793670654,1483.1667009998455,False,vanilla_rag,0
oa_3416,"At time 166 in context ctx_06, can u_0280 access res_0086?",0,No,1,1.0,0.4692446291446686,1481.4511189999848,False,vanilla_rag,0
oa_3417,"At time 172 in context ctx_04, can u_0105 access res_0006?",0,No,1,1.0,0.4461064040660858,1482.789000000139,False,vanilla_rag,0
oa_3422,"At time 79 in context ctx_07, can u_0309 access res_0077?",0,No,1,1.0,0.48063793778419495,1484.4498739998926,False,vanilla_rag,0
oa_3423,"At time 101 in context ctx_05, can u_0043 access res_0144?",0,No,1,1.0,0.4687623083591461,1483.8125139999647,False,vanilla_rag,0
oa_3426,"At time 112 in context ctx_00, can u_0183 access res_0004?",0,No,1,1.0,0.4919218122959137,1483.3035120000204,False,vanilla_rag,0
oa_3435,"At time 174 in context ctx_06, can u_0218 access res_0030?",0,No,1,1.0,0.4822255074977875,1483.2667860000583,False,vanilla_rag,0
oa_3438,"At time 185 in context ctx_01, can u_0329 access res_0125?",0,No,1,1.0,0.4303767681121826,1482.6673630000187,False,vanilla_rag,0
oa_3441,"At time 173 in context ctx_05, can u_0159 access res_0149?",0,No,1,1.0,0.4602489471435547,1483.353427999873,False,vanilla_rag,0
oa_3445,"At time 140 in context ctx_04, can u_0419 access res_0038?",0,No,1,1.0,0.38526058197021484,1483.2321449998744,False,vanilla_rag,0
oa_3454,"At time 97 in context ctx_01, can u_0125 access res_0196?",0,No,1,1.0,0.5197228789329529,1482.6588359999278,False,vanilla_rag,0
oa_3457,"At time 148 in context ctx_04, can u_0494 access res_0164?",0,No,1,1.0,0.46639183163642883,1481.9719879999411,False,vanilla_rag,0
oa_3458,"At time 161 in context ctx_01, can u_0121 access res_0180?",0,No,1,1.0,0.472776859998703,1481.7708730001868,False,vanilla_rag,0
oa_3465,"At time 157 in context ctx_05, can u_0296 access res_0132?",0,No,1,1.0,0.48513635993003845,1482.2471609998047,False,vanilla_rag,0
oa_3467,"At time 137 in context ctx_01, can u_0133 access res_0185?",0,No,1,1.0,0.4296187162399292,1483.8428900000054,False,vanilla_rag,0
oa_3475,"At time 96 in context ctx_00, can u_0453 access res_0104?",0,No,1,1.0,0.48643794655799866,1484.2514999998002,False,vanilla_rag,0
oa_3486,"At time 64 in context ctx_00, can u_0005 access res_0065?",0,No,1,1.0,0.44153162837028503,1483.2077050000407,False,vanilla_rag,0
oa_3489,"At time 110 in context ctx_06, can u_0146 access res_0199?",0,No,1,1.0,0.43182530999183655,1483.4785539999302,False,vanilla_rag,0
oa_3490,"At time 171 in context ctx_03, can u_0318 access res_0179?",0,No,1,1.0,0.4640732705593109,1482.6361410000573,False,vanilla_rag,0
oa_3492,"At time 86 in context ctx_06, can u_0035 access res_0076?",0,No,1,1.0,0.4732394218444824,1482.5068509999255,False,vanilla_rag,0
oa_3494,"At time 176 in context ctx_00, can u_0448 access res_0176?",0,No,1,1.0,0.4469927251338959,1483.1143179999344,False,vanilla_rag,0
oa_3531,"At time 78 in context ctx_06, can u_0075 access res_0034?",0,No,1,1.0,0.4793073236942291,1482.1296449999863,False,vanilla_rag,0
oa_3532,"At time 98 in context ctx_02, can u_0220 access res_0055?",0,No,1,1.0,0.49882492423057556,1482.1704159999172,False,vanilla_rag,0
oa_3536,"At time 187 in context ctx_03, can u_0263 access res_0036?",0,No,1,1.0,0.4955742359161377,1482.1176630000537,False,vanilla_rag,0
oa_3556,"At time 90 in context ctx_02, can u_0392 access res_0155?",0,No,1,1.0,0.45488348603248596,1481.8485050000163,False,vanilla_rag,0
oa_3567,"At time 158 in context ctx_06, can u_0332 access res_0082?",0,No,1,1.0,0.4811914265155792,1481.354673000169,False,vanilla_rag,0
oa_3615,"At time 98 in context ctx_02, can u_0314 access res_0191?",0,No,1,1.0,0.5285294055938721,1481.4854520000154,False,vanilla_rag,0
oa_3623,"At time 143 in context ctx_07, can u_0366 access res_0090?",0,No,1,1.0,0.45462965965270996,1482.192520000126,False,vanilla_rag,0
oa_3626,"At time 80 in context ctx_00, can u_0090 access res_0066?",0,No,1,1.0,0.38108041882514954,1487.5701869998466,False,vanilla_rag,0
oa_3637,"At time 146 in context ctx_02, can u_0013 access res_0148?",0,No,1,1.0,0.5063912272453308,1482.6762929999404,False,vanilla_rag,0
oa_3641,"At time 98 in context ctx_02, can u_0405 access res_0053?",0,No,1,1.0,0.5088071227073669,1482.0992070001466,False,vanilla_rag,0
oa_3642,"At time 136 in context ctx_00, can u_0046 access res_0026?",0,No,1,1.0,0.38505053520202637,1481.8832650000786,False,vanilla_rag,0
oa_3643,"At time 95 in context ctx_07, can u_0236 access res_0045?",0,No,1,1.0,0.4814547300338745,1482.716900000014,False,vanilla_rag,0
oa_3645,"At time 184 in context ctx_00, can u_0282 access res_0181?",0,No,1,1.0,0.48995164036750793,1483.5417159999906,False,vanilla_rag,0
oa_3648,"At time 189 in context ctx_05, can u_0028 access res_0190?",0,No,1,1.0,0.507382333278656,1483.2956469999772,False,vanilla_rag,0
oa_3654,"At time 196 in context ctx_04, can u_0475 access res_0054?",0,No,1,1.0,0.41675493121147156,1481.8236989999605,False,vanilla_rag,0
oa_3656,"At time 153 in context ctx_01, can u_0094 access res_0092?",0,No,1,1.0,0.4627489149570465,1480.9408929997971,False,vanilla_rag,0
oa_3659,"At time 120 in context ctx_00, can u_0326 access res_0072?",0,No,1,1.0,0.3925367593765259,1482.692287999953,False,vanilla_rag,0
oa_3669,"At time 72 in context ctx_00, can u_0371 access res_0144?",0,No,1,1.0,0.4690837562084198,1483.285498999976,False,vanilla_rag,0
oa_3671,"At time 139 in context ctx_03, can u_0150 access res_0041?",0,No,1,1.0,0.4438699781894684,1482.984315000067,False,vanilla_rag,0
oa_3674,"At time 89 in context ctx_01, can u_0446 access res_0031?",0,No,1,1.0,0.4766610562801361,1483.9552349999394,False,vanilla_rag,0
oa_3691,"At time 162 in context ctx_02, can u_0071 access res_0121?",0,No,1,1.0,0.4603687524795532,1482.948419999957,False,vanilla_rag,0
oa_3699,"At time 168 in context ctx_00, can u_0407 access res_0067?",0,No,1,1.0,0.4238119125366211,1481.4804189998085,False,vanilla_rag,0
oa_3710,"At time 64 in context ctx_00, can u_0485 access res_0064?",0,No,1,1.0,0.3983534872531891,1482.3044629999913,False,vanilla_rag,0
oa_3714,"At time 159 in context ctx_07, can u_0142 access res_0119?",0,No,1,1.0,0.4669050872325897,1486.063392999995,False,vanilla_rag,0
oa_3719,"At time 139 in context ctx_03, can u_0204 access res_0026?",0,No,1,1.0,0.4328019618988037,1486.3269729999047,False,vanilla_rag,0
oa_3731,"At time 94 in context ctx_06, can u_0418 access res_0018?",0,No,1,1.0,0.5201775431632996,1482.659329999933,False,vanilla_rag,0
oa_3751,"At time 89 in context ctx_01, can u_0269 access res_0048?",0,No,1,1.0,0.5119022727012634,1483.2090730001255,False,vanilla_rag,0
oa_3755,"At time 89 in context ctx_01, can u_0402 access res_0075?",0,No,1,1.0,0.4996289312839508,1483.0964010000116,False,vanilla_rag,0
oa_3757,"At time 95 in context ctx_07, can u_0038 access res_0097?",0,No,1,1.0,0.4820752441883087,1484.568735000039,False,vanilla_rag,0
oa_3759,"At time 123 in context ctx_03, can u_0322 access res_0169?",0,No,1,1.0,0.4659052789211273,1483.0408739999257,False,vanilla_rag,0
oa_3774,"At time 159 in context ctx_07, can u_0228 access res_0114?",0,No,1,1.0,0.4715980291366577,1484.1270759998224,False,vanilla_rag,0
oa_3788,"At time 95 in context ctx_07, can u_0304 access res_0116?",0,No,1,1.0,0.49161550402641296,1482.5221420001071,False,vanilla_rag,0
oa_3819,"At time 96 in context ctx_00, can u_0174 access res_0068?",0,No,1,1.0,0.5026805996894836,1483.0872150000687,False,vanilla_rag,0
oa_3824,"At time 169 in context ctx_01, can u_0413 access res_0157?",0,No,1,1.0,0.3795905113220215,1483.0722429999241,False,vanilla_rag,0
oa_3826,"At time 126 in context ctx_06, can u_0180 access res_0040?",0,No,1,1.0,0.4894758462905884,1481.458952000139,False,vanilla_rag,0
oa_3827,"At time 106 in context ctx_02, can u_0185 access res_0137?",0,No,1,1.0,0.4769660234451294,1482.1456159997979,False,vanilla_rag,0
oa_3833,"At time 168 in context ctx_00, can u_0126 access res_0043?",0,No,1,1.0,0.39930081367492676,1483.2208930001798,False,vanilla_rag,0
oa_3852,"At time 75 in context ctx_03, can u_0177 access res_0054?",0,No,1,1.0,0.46996453404426575,1483.2058560000405,False,vanilla_rag,0
oa_3857,"At time 143 in context ctx_07, can u_0254 access res_0183?",0,No,1,1.0,0.4595717489719391,1482.165632000033,False,vanilla_rag,0
oa_3861,"At time 163 in context ctx_03, can u_0145 access res_0115?",0,No,1,1.0,0.4668964147567749,1483.116635999977,False,vanilla_rag,0
oa_3862,"At time 139 in context ctx_03, can u_0045 access res_0170?",0,No,1,1.0,0.4400610029697418,1482.8143110000838,False,vanilla_rag,0
oa_3863,"At time 196 in context ctx_04, can u_0393 access res_0171?",0,No,1,1.0,0.43857190012931824,1482.6223649999974,False,vanilla_rag,0
oa_3867,"At time 198 in context ctx_06, can u_0413 access res_0027?",0,No,1,1.0,0.47742295265197754,1483.1151579999187,False,vanilla_rag,0
oa_3872,"At time 184 in context ctx_00, can u_0422 access res_0030?",0,No,1,1.0,0.4602450132369995,1480.8201060000101,False,vanilla_rag,0
oa_3877,"At time 75 in context ctx_03, can u_0369 access res_0116?",0,No,1,1.0,0.46119222044944763,1482.3621389998607,False,vanilla_rag,0
oa_3883,"At time 181 in context ctx_05, can u_0160 access res_0121?",0,No,1,1.0,0.4523116648197174,1488.2928310000807,False,vanilla_rag,0
oa_3896,"At time 76 in context ctx_04, can u_0030 access res_0049?",0,No,1,1.0,0.4527864456176758,1483.7278469999546,False,vanilla_rag,0
oa_3903,"At time 77 in context ctx_05, can u_0026 access res_0096?",0,No,1,1.0,0.4876861572265625,1482.4263420000534,False,vanilla_rag,0
oa_3904,"At time 149 in context ctx_05, can u_0340 access res_0059?",0,No,1,1.0,0.47103166580200195,1482.1712190000653,False,vanilla_rag,0
oa_3905,"At time 175 in context ctx_07, can u_0470 access res_0158?",0,No,1,1.0,0.44357895851135254,1483.3928030000152,False,vanilla_rag,0
oa_3907,"At time 170 in context ctx_02, can u_0372 access res_0044?",0,No,1,1.0,0.4484843313694,1482.652969000128,False,vanilla_rag,0
oa_3916,"At time 182 in context ctx_06, can u_0432 access res_0028?",0,No,1,1.0,0.46932271122932434,1483.0183520000446,False,vanilla_rag,0
oa_3924,"At time 79 in context ctx_07, can u_0069 access res_0077?",0,No,1,1.0,0.4749135971069336,1483.1628779998027,False,vanilla_rag,0
oa_3925,"At time 68 in context ctx_04, can u_0248 access res_0124?",0,No,1,1.0,0.458072692155838,1484.463126000037,False,vanilla_rag,0
oa_3941,"At time 178 in context ctx_02, can u_0069 access res_0073?",0,No,1,1.0,0.47729945182800293,1483.3011089999673,False,vanilla_rag,0
oa_3943,"At time 186 in context ctx_02, can u_0140 access res_0013?",0,No,1,1.0,0.46954014897346497,1481.2156370001048,False,vanilla_rag,0
oa_3950,"At time 108 in context ctx_04, can u_0350 access res_0021?",0,No,1,1.0,0.3976898491382599,1483.105033000129,False,vanilla_rag,0
oa_3959,"At time 114 in context ctx_02, can u_0226 access res_0132?",0,No,1,1.0,0.43668100237846375,1481.4904820000265,False,vanilla_rag,0
oa_3980,"At time 70 in context ctx_06, can u_0042 access res_0089?",0,No,1,1.0,0.4660458266735077,1482.218499000055,False,vanilla_rag,0
oa_3982,"At time 83 in context ctx_03, can u_0031 access res_0051?",0,No,1,1.0,0.4789597690105438,1481.689342999971,False,vanilla_rag,0
oa_3984,"At time 171 in context ctx_03, can u_0106 access res_0070?",0,No,1,1.0,0.480045884847641,1480.4881309999018,False,vanilla_rag,0
oa_3991,"At time 79 in context ctx_07, can u_0030 access res_0150?",0,No,1,1.0,0.45640790462493896,1481.7970269998568,False,vanilla_rag,0
oa_3996,"At time 196 in context ctx_04, can u_0224 access res_0067?",0,No,1,1.0,0.4233267605304718,1486.7288230000213,False,vanilla_rag,0
oa_4002,"At time 106 in context ctx_02, can u_0242 access res_0105?",0,No,1,1.0,0.4694068431854248,1485.6354989999545,False,vanilla_rag,0
oa_4004,"At time 146 in context ctx_02, can u_0103 access res_0004?",0,No,1,1.0,0.4917891323566437,1481.7527019999943,False,vanilla_rag,0
oa_4016,"At time 82 in context ctx_02, can u_0176 access res_0078?",0,No,1,1.0,0.4854513108730316,1483.0301819999931,False,vanilla_rag,0
oa_4029,"At time 116 in context ctx_04, can u_0450 access res_0121?",0,No,1,1.0,0.4065137207508087,1483.7733440001557,False,vanilla_rag,0
oa_4035,"At time 143 in context ctx_07, can u_0014 access res_0059?",0,No,1,1.0,0.4998569190502167,1482.5615309998739,False,vanilla_rag,0
oa_4036,"At time 156 in context ctx_04, can u_0473 access res_0180?",0,pol_047,0,0.0,0.4378982484340668,1481.786818000046,False,vanilla_rag,0
oa_4042,"At time 109 in context ctx_05, can u_0430 access res_0141?",0,No,1,1.0,0.45082521438598633,1481.7907389999618,False,vanilla_rag,0
oa_4043,"At time 171 in context ctx_03, can u_0246 access res_0142?",0,No,1,1.0,0.44917941093444824,1482.7576499999395,False,vanilla_rag,0
oa_4050,"At time 153 in context ctx_01, can u_0452 access res_0077?",0,No,1,1.0,0.4410189092159271,1482.3465470001338,False,vanilla_rag,0
oa_4051,"At time 186 in context ctx_02, can u_0074 access res_0041?",0,No,1,1.0,0.4678376615047455,1482.544394999877,False,vanilla_rag,0
oa_4058,"At time 162 in context ctx_02, can u_0397 access res_0066?",0,No,1,1.0,0.45475682616233826,1483.1448340000861,False,vanilla_rag,0
oa_4059,"At time 125 in context ctx_05, can u_0319 access res_0111?",0,No,1,1.0,0.46854591369628906,1482.4333539997951,False,vanilla_rag,0
oa_4068,"At time 68 in context ctx_04, can u_0031 access res_0017?",0,No,1,1.0,0.49859127402305603,1482.3731060000682,False,vanilla_rag,0
oa_4072,"At time 107 in context ctx_03, can u_0118 access res_0119?",0,No,1,1.0,0.4595020115375519,1485.45874499996,False,vanilla_rag,0
oa_4076,"At time 131 in context ctx_03, can u_0115 access res_0098?",0,No,1,1.0,0.4761674106121063,1482.9385299999558,False,vanilla_rag,0
oa_4077,"At time 101 in context ctx_05, can u_0406 access res_0009?",0,No,1,1.0,0.4793255031108856,1481.9355849999738,False,vanilla_rag,0
oa_4083,"At time 128 in context ctx_00, can u_0499 access res_0013?",0,No,1,1.0,0.4608316421508789,1483.4428269998625,False,vanilla_rag,0
oa_4084,"At time 160 in context ctx_00, can u_0059 access res_0142?",0,No,1,1.0,0.4260353147983551,1482.2189999999864,False,vanilla_rag,0
oa_4108,"At time 194 in context ctx_02, can u_0346 access res_0069?",0,No,1,1.0,0.5097770094871521,1482.0314260000487,False,vanilla_rag,0
oa_4115,"At time 162 in context ctx_02, can u_0284 access res_0095?",0,No,1,1.0,0.46845492720603943,1482.8786840000703,False,vanilla_rag,0
oa_4125,"At time 103 in context ctx_07, can u_0483 access res_0079?",0,No,1,1.0,0.46352434158325195,1483.3082779998676,False,vanilla_rag,0
oa_4134,"At time 154 in context ctx_02, can u_0119 access res_0064?",0,No,1,1.0,0.4869903028011322,1482.281055000385,False,vanilla_rag,0
oa_4136,"At time 106 in context ctx_02, can u_0436 access res_0155?",0,No,1,1.0,0.4370846748352051,1482.3100960002193,False,vanilla_rag,0
oa_4152,"At time 118 in context ctx_06, can u_0393 access res_0102?",0,No,1,1.0,0.4923055171966553,1482.3867220002285,False,vanilla_rag,0
oa_4154,"At time 154 in context ctx_02, can u_0482 access res_0136?",0,No,1,1.0,0.4888332188129425,1482.3380859997997,False,vanilla_rag,0
oa_4161,"At time 143 in context ctx_07, can u_0051 access res_0024?",0,No,1,1.0,0.43375977873802185,1486.2379589999364,False,vanilla_rag,0
oa_4164,"At time 71 in context ctx_07, can u_0359 access res_0100?",0,No,1,1.0,0.484963059425354,1482.238330999735,False,vanilla_rag,0
oa_4166,"At time 197 in context ctx_05, can u_0129 access res_0038?",0,No,1,1.0,0.48084262013435364,1482.61357399997,False,vanilla_rag,0
oa_4188,"At time 177 in context ctx_01, can u_0057 access res_0143?",0,No,1,1.0,0.4341479241847992,1482.7852779999375,False,vanilla_rag,0
oa_4231,"At time 142 in context ctx_06, can u_0159 access res_0021?",0,No,1,1.0,0.49644574522972107,1481.3750210000762,False,vanilla_rag,0
oa_4243,"At time 67 in context ctx_03, can u_0468 access res_0075?",0,No,1,1.0,0.4934622347354889,1483.3762600001137,False,vanilla_rag,0
oa_4251,"At time 137 in context ctx_01, can u_0320 access res_0070?",0,No,1,1.0,0.435731440782547,1482.4904560000505,False,vanilla_rag,0
oa_4260,"At time 76 in context ctx_04, can u_0369 access res_0059?",0,No,1,1.0,0.472791463136673,1483.3034019998195,False,vanilla_rag,0
oa_4266,"At time 135 in context ctx_07, can u_0096 access res_0090?",0,No,1,1.0,0.46649715304374695,1482.4910319998708,False,vanilla_rag,0
oa_4269,"At time 198 in context ctx_06, can u_0214 access res_0180?",0,No,1,1.0,0.48904797434806824,1483.4704509999028,False,vanilla_rag,0
oa_4274,"At time 163 in context ctx_03, can u_0264 access res_0194?",0,No,1,1.0,0.47157779335975647,1482.5222770000437,False,vanilla_rag,0
oa_4284,"At time 64 in context ctx_00, can u_0391 access res_0010?",0,No,1,1.0,0.47729089856147766,1482.6014920004127,False,vanilla_rag,0
oa_4287,"At time 152 in context ctx_00, can u_0478 access res_0076?",0,No,1,1.0,0.46539506316185,1481.1491339996792,False,vanilla_rag,0
oa_4290,"At time 108 in context ctx_04, can u_0029 access res_0017?",0,No,1,1.0,0.44195565581321716,1481.4473800001906,False,vanilla_rag,0
oa_4297,"At time 185 in context ctx_01, can u_0202 access res_0096?",0,No,1,1.0,0.46454039216041565,1482.536466000056,False,vanilla_rag,0
oa_4301,"At time 142 in context ctx_06, can u_0269 access res_0105?",0,No,1,1.0,0.5051630735397339,1483.1893390000914,False,vanilla_rag,0
oa_4307,"At time 147 in context ctx_03, can u_0196 access res_0190?",0,No,1,1.0,0.48708581924438477,1484.1930720003802,False,vanilla_rag,0
oa_4309,"At time 179 in context ctx_03, can u_0108 access res_0043?",0,No,1,1.0,0.4414041042327881,1483.4677190001457,False,vanilla_rag,0
oa_4321,"At time 143 in context ctx_07, can u_0006 access res_0046?",0,No,1,1.0,0.4427753984928131,1483.9892540003348,False,vanilla_rag,0
oa_4328,"At time 95 in context ctx_07, can u_0383 access res_0115?",0,No,1,1.0,0.4878491461277008,1482.836462999785,False,vanilla_rag,0
oa_4335,"At time 160 in context ctx_00, can u_0126 access res_0008?",0,No,1,1.0,0.41652002930641174,1484.0192659999047,False,vanilla_rag,0
oa_4337,"At time 158 in context ctx_06, can u_0479 access res_0045?",0,No,1,1.0,0.4819914400577545,1483.4831650000524,False,vanilla_rag,0
oa_4340,"At time 134 in context ctx_06, can u_0091 access res_0168?",0,No,1,1.0,0.4893210828304291,1482.5856170000407,False,vanilla_rag,0
oa_4343,"At time 192 in context ctx_00, can u_0413 access res_0068?",0,No,1,1.0,0.37560030817985535,1482.6548360001652,False,vanilla_rag,0
oa_4362,"At time 125 in context ctx_05, can u_0052 access res_0114?",0,No,1,1.0,0.4726691246032715,1481.9939240001077,False,vanilla_rag,0
oa_4368,"At time 166 in context ctx_06, can u_0432 access res_0177?",0,No,1,1.0,0.47179579734802246,1482.3096640002404,False,vanilla_rag,0
oa_4376,"At time 143 in context ctx_07, can u_0345 access res_0092?",0,No,1,1.0,0.46659407019615173,1484.581566000088,False,vanilla_rag,0
oa_4386,"At time 196 in context ctx_04, can u_0268 access res_0012?",0,no,1,1.0,0.4594149887561798,1482.4345150000227,False,vanilla_rag,0
oa_4406,"At time 134 in context ctx_06, can u_0296 access res_0192?",0,No,1,1.0,0.4858691692352295,1482.2274460002518,False,vanilla_rag,0
oa_4420,"At time 123 in context ctx_03, can u_0379 access res_0015?",0,No,1,1.0,0.483710378408432,1482.987632000004,False,vanilla_rag,0
oa_4426,"At time 175 in context ctx_07, can u_0084 access res_0055?",0,No,1,1.0,0.4475419819355011,1481.5084940000816,False,vanilla_rag,0
oa_4428,"At time 123 in context ctx_03, can u_0037 access res_0026?",0,No,1,1.0,0.433617502450943,1482.3939769999015,False,vanilla_rag,0
oa_4435,"At time 73 in context ctx_01, can u_0078 access res_0098?",0,No,1,1.0,0.5295882821083069,1483.691540000109,False,vanilla_rag,0
oa_4446,"At time 78 in context ctx_06, can u_0101 access res_0134?",0,No,1,1.0,0.4871874153614044,1481.8994610000118,False,vanilla_rag,0
oa_4448,"At time 171 in context ctx_03, can u_0072 access res_0058?",0,No,1,1.0,0.47916340827941895,1481.3026749998244,False,vanilla_rag,0
oa_4456,"At time 80 in context ctx_00, can u_0228 access res_0039?",0,No,1,1.0,0.38742494583129883,1482.253942999705,False,vanilla_rag,0
oa_4459,"At time 119 in context ctx_07, can u_0045 access res_0019?",0,No,1,1.0,0.5322842001914978,1482.1738609998647,False,vanilla_rag,0
oa_4476,"At time 113 in context ctx_01, can u_0183 access res_0132?",0,no,1,1.0,0.46981778740882874,1482.8030479998233,False,vanilla_rag,0
oa_4482,"At time 196 in context ctx_04, can u_0290 access res_0009?",0,no,1,1.0,0.44245484471321106,1482.663053000124,False,vanilla_rag,0
oa_4484,"At time 136 in context ctx_00, can u_0259 access res_0058?",0,No,1,1.0,0.4464484453201294,1484.2603960000815,False,vanilla_rag,0
oa_4493,"At time 180 in context ctx_04, can u_0126 access res_0110?",0,No,1,1.0,0.3854406177997589,1485.8166540002458,False,vanilla_rag,0
oa_4494,"At time 74 in context ctx_02, can u_0392 access res_0038?",0,No,1,1.0,0.47248968482017517,1483.0659399999604,False,vanilla_rag,0
oa_4495,"At time 154 in context ctx_02, can u_0153 access res_0078?",0,No,1,1.0,0.510301411151886,1483.23284099979,False,vanilla_rag,0
oa_4498,"At time 103 in context ctx_07, can u_0379 access res_0147?",0,No,1,1.0,0.46960142254829407,1483.7914859999728,False,vanilla_rag,0
oa_4506,"At time 194 in context ctx_02, can u_0431 access res_0060?",0,No,1,1.0,0.49706795811653137,1484.386263000033,False,vanilla_rag,0
oa_4512,"At time 74 in context ctx_02, can u_0421 access res_0186?",0,No,1,1.0,0.4497976303100586,1483.811505000176,False,vanilla_rag,0
oa_4515,"At time 172 in context ctx_04, can u_0449 access res_0045?",0,No,1,1.0,0.4181884527206421,1483.01288499988,False,vanilla_rag,0
oa_4521,"At time 74 in context ctx_02, can u_0078 access res_0042?",0,No,1,1.0,0.48757192492485046,1484.364610999819,False,vanilla_rag,0
oa_4526,"At time 82 in context ctx_02, can u_0025 access res_0168?",0,No,1,1.0,0.47220298647880554,1484.2611240001133,False,vanilla_rag,0
oa_4558,"At time 168 in context ctx_00, can u_0499 access res_0032?",0,No,1,1.0,0.4416360557079315,1484.6312620002209,False,vanilla_rag,0
oa_4561,"At time 180 in context ctx_04, can u_0287 access res_0003?",0,No,1,1.0,0.39518463611602783,1488.5041040001852,False,vanilla_rag,0
oa_4573,"At time 191 in context ctx_07, can u_0276 access res_0008?",0,No,1,1.0,0.5110836029052734,1483.8305039997977,False,vanilla_rag,0
oa_4574,"At time 142 in context ctx_06, can u_0312 access res_0068?",0,No,1,1.0,0.5086309909820557,1484.1594990002704,False,vanilla_rag,0
oa_4585,"At time 148 in context ctx_04, can u_0345 access res_0190?",0,No,1,1.0,0.4622977674007416,1481.6060670000297,False,vanilla_rag,0
oa_4594,"At time 74 in context ctx_02, can u_0215 access res_0014?",0,No,1,1.0,0.49435070157051086,1482.730753999931,False,vanilla_rag,0
oa_4599,"At time 181 in context ctx_05, can u_0204 access res_0124?",0,No,1,1.0,0.46239733695983887,1487.4348460002693,False,vanilla_rag,0
oa_4605,"At time 190 in context ctx_06, can u_0074 access res_0121?",0,No,1,1.0,0.46668413281440735,1482.7573239999765,False,vanilla_rag,0
oa_4617,"At time 71 in context ctx_07, can u_0464 access res_0010?",0,No,1,1.0,0.4821068048477173,1482.4967710001147,False,vanilla_rag,0
oa_4624,"At time 160 in context ctx_00, can u_0463 access res_0077?",0,No,1,1.0,0.4185570478439331,1481.3913949997186,False,vanilla_rag,0
oa_4638,"At time 158 in context ctx_06, can u_0461 access res_0093?",0,No,1,1.0,0.48387959599494934,1484.153736999815,False,vanilla_rag,0
oa_4640,"At time 124 in context ctx_04, can u_0344 access res_0028?",0,No,1,1.0,0.46995922923088074,1484.2274459997498,False,vanilla_rag,0
oa_4642,"At time 187 in context ctx_03, can u_0201 access res_0181?",0,No,1,1.0,0.5137510299682617,1483.2224040001165,False,vanilla_rag,0
oa_4648,"At time 173 in context ctx_05, can u_0295 access res_0012?",0,No,1,1.0,0.48034775257110596,1481.0851379997985,False,vanilla_rag,0
oa_4649,"At time 188 in context ctx_04, can u_0227 access res_0087?",0,No,1,1.0,0.4679858684539795,1481.841182000153,False,vanilla_rag,0
oa_4654,"At time 165 in context ctx_05, can u_0162 access res_0137?",0,pol_013,0,0.0,0.463695764541626,1481.7225270003291,False,vanilla_rag,0
oa_4656,"At time 153 in context ctx_01, can u_0417 access res_0072?",0,No,1,1.0,0.43934059143066406,1482.3952289998488,False,vanilla_rag,0
oa_4662,"At time 165 in context ctx_05, can u_0346 access res_0035?",0,No,1,1.0,0.4253711402416229,1482.189452000057,False,vanilla_rag,0
oa_4663,"At time 77 in context ctx_05, can u_0289 access res_0000?",0,No,1,1.0,0.49534115195274353,1483.7445410003056,False,vanilla_rag,0
oa_4677,"At time 191 in context ctx_07, can u_0180 access res_0045?",0,No,1,1.0,0.5006560683250427,1483.487456000148,False,vanilla_rag,0
oa_4701,"At time 94 in context ctx_06, can u_0185 access res_0164?",0,No,1,1.0,0.49074414372444153,1483.2389329999387,False,vanilla_rag,0
oa_4704,"At time 197 in context ctx_05, can u_0163 access res_0181?",0,No,1,1.0,0.496162086725235,1481.5649350002786,False,vanilla_rag,0
oa_4705,"At time 178 in context ctx_02, can u_0474 access res_0177?",0,No,1,1.0,0.45594313740730286,1480.8519719999822,False,vanilla_rag,0
oa_4709,"At time 187 in context ctx_03, can u_0364 access res_0109?",0,No,1,1.0,0.4920934736728668,1481.7220840000118,False,vanilla_rag,0
oa_4713,"At time 191 in context ctx_07, can u_0241 access res_0011?",0,No,1,1.0,0.5277864933013916,1481.1904680000225,False,vanilla_rag,0
oa_4715,"At time 188 in context ctx_04, can u_0107 access res_0094?",0,No,1,1.0,0.48688971996307373,1483.5783110002012,False,vanilla_rag,0
oa_4718,"At time 187 in context ctx_03, can u_0128 access res_0185?",0,No,1,1.0,0.5099825859069824,1484.1039779998937,False,vanilla_rag,0
oa_4725,"At time 89 in context ctx_01, can u_0250 access res_0064?",0,No,1,1.0,0.46958982944488525,1483.8181109998914,False,vanilla_rag,0
oa_4729,"At time 117 in context ctx_05, can u_0340 access res_0025?",0,No,1,1.0,0.47589585185050964,1482.1479819997876,False,vanilla_rag,0
oa_4734,"At time 186 in context ctx_02, can u_0333 access res_0116?",0,No,1,1.0,0.45038041472435,1485.3813439999612,False,vanilla_rag,0
oa_4743,"At time 130 in context ctx_02, can u_0323 access res_0035?",0,No,1,1.0,0.42995381355285645,1484.4563629999357,False,vanilla_rag,0
oa_4748,"At time 124 in context ctx_04, can u_0140 access res_0096?",0,No,1,1.0,0.4955194294452667,1482.5908540001365,False,vanilla_rag,0
oa_4754,"At time 185 in context ctx_01, can u_0317 access res_0173?",0,No,1,1.0,0.43357518315315247,1483.5062040001503,False,vanilla_rag,0
oa_4756,"At time 196 in context ctx_04, can u_0147 access res_0111?",0,No,1,1.0,0.4170536994934082,1481.827093999982,False,vanilla_rag,0
oa_4758,"At time 171 in context ctx_03, can u_0412 access res_0075?",0,No,1,1.0,0.46821853518486023,1481.7183519999162,False,vanilla_rag,0
oa_4772,"At time 162 in context ctx_02, can u_0425 access res_0117?",0,No,1,1.0,0.4227144420146942,1483.8565310001286,False,vanilla_rag,0
oa_4779,"At time 155 in context ctx_03, can u_0320 access res_0178?",0,No,1,1.0,0.4768635034561157,1483.4825009997985,False,vanilla_rag,0
oa_4781,"At time 80 in context ctx_00, can u_0211 access res_0026?",0,No,1,1.0,0.3629911243915558,1482.8585579998617,False,vanilla_rag,0
oa_4791,"At time 139 in context ctx_03, can u_0043 access res_0063?",0,No,1,1.0,0.42907631397247314,1482.5279490000867,False,vanilla_rag,0
oa_4809,"At time 154 in context ctx_02, can u_0107 access res_0198?",0,No,1,1.0,0.5185879468917847,1481.7632730000696,False,vanilla_rag,0
oa_4811,"At time 97 in context ctx_01, can u_0217 access res_0163?",0,No,1,1.0,0.5084707140922546,1481.8640519997643,False,vanilla_rag,0
oa_4813,"At time 118 in context ctx_06, can u_0459 access res_0041?",0,No,1,1.0,0.48952940106391907,1481.2762240003394,False,vanilla_rag,0
oa_4820,"At time 157 in context ctx_05, can u_0054 access res_0107?",0,No,1,1.0,0.48033031821250916,1482.819420999931,False,vanilla_rag,0
oa_4831,"At time 138 in context ctx_02, can u_0151 access res_0047?",0,No,1,1.0,0.46948865056037903,1483.1600709999293,False,vanilla_rag,0
oa_4840,"At time 196 in context ctx_04, can u_0456 access res_0107?",0,No,1,1.0,0.41635170578956604,1483.7332080001033,False,vanilla_rag,0
oa_4849,"At time 156 in context ctx_04, can u_0466 access res_0146?",0,No,1,1.0,0.43304863572120667,1483.3501610000894,False,vanilla_rag,0
oa_4853,"At time 100 in context ctx_04, can u_0290 access res_0052?",0,No,1,1.0,0.4130736291408539,1482.6175260000127,False,vanilla_rag,0
oa_4859,"At time 186 in context ctx_02, can u_0145 access res_0166?",0,No,1,1.0,0.4566720426082611,1484.6571729999596,False,vanilla_rag,0
oa_4861,"At time 133 in context ctx_05, can u_0093 access res_0132?",0,No,1,1.0,0.43711236119270325,1483.3248800000547,False,vanilla_rag,0
oa_4869,"At time 85 in context ctx_05, can u_0452 access res_0051?",0,No,1,1.0,0.44727063179016113,1483.5782390000531,False,vanilla_rag,0
oa_4874,"At time 101 in context ctx_05, can u_0122 access res_0032?",0,No,1,1.0,0.4739213287830353,1482.0879449998756,False,vanilla_rag,0
oa_4875,"At time 109 in context ctx_05, can u_0123 access res_0051?",0,No,1,1.0,0.4494013786315918,1480.9191529998316,False,vanilla_rag,0
oa_4884,"At time 141 in context ctx_05, can u_0471 access res_0033?",0,No,1,1.0,0.47488510608673096,1484.6633990000555,False,vanilla_rag,0
oa_4906,"At time 119 in context ctx_07, can u_0075 access res_0193?",0,No,1,1.0,0.5151730179786682,1484.4440819997544,False,vanilla_rag,0
oa_4907,"At time 76 in context ctx_04, can u_0097 access res_0155?",0,No,1,1.0,0.46674394607543945,1483.1791599999633,False,vanilla_rag,0
oa_4911,"At time 198 in context ctx_06, can u_0260 access res_0131?",0,No,1,1.0,0.5007984042167664,1480.9170339999582,False,vanilla_rag,0
oa_4919,"At time 147 in context ctx_03, can u_0419 access res_0009?",0,No,1,1.0,0.47373732924461365,1481.7061559997455,False,vanilla_rag,0
oa_4930,"At time 93 in context ctx_05, can u_0161 access res_0159?",0,No,1,1.0,0.5201714634895325,1481.1820079999052,False,vanilla_rag,0
oa_4933,"At time 176 in context ctx_00, can u_0062 access res_0033?",0,No,1,1.0,0.4522222578525543,1480.9355649999816,False,vanilla_rag,0
oa_4936,"At time 86 in context ctx_06, can u_0442 access res_0163?",0,No,1,1.0,0.46868348121643066,1482.5964309998199,False,vanilla_rag,0
oa_4946,"At time 106 in context ctx_02, can u_0490 access res_0124?",0,No,1,1.0,0.4512878954410553,1481.6160519999357,False,vanilla_rag,0
oa_4947,"At time 193 in context ctx_01, can u_0389 access res_0108?",0,No,1,1.0,0.4773429334163666,1482.4700829999529,False,vanilla_rag,0
oa_4952,"At time 112 in context ctx_00, can u_0084 access res_0117?",0,No,1,1.0,0.48367395997047424,1482.4292479997894,False,vanilla_rag,0
oa_4962,"At time 133 in context ctx_05, can u_0379 access res_0066?",0,No,1,1.0,0.4326446056365967,1481.2511090003682,False,vanilla_rag,0
oa_4969,"At time 142 in context ctx_06, can u_0130 access res_0132?",0,No,1,1.0,0.4926144778728485,1482.3554939998758,False,vanilla_rag,0
oa_4972,"At time 135 in context ctx_07, can u_0449 access res_0049?",0,No,1,1.0,0.45145654678344727,1482.015770000089,False,vanilla_rag,0
oa_4979,"At time 157 in context ctx_05, can u_0350 access res_0148?",0,No,1,1.0,0.46738389134407043,1481.7607019999741,False,vanilla_rag,0
