qid,question,gold,prediction,em,f1,confidence,latency_ms,abstained,x_method,x_rank
oa_331,"At time 58 in context ctx_02, can u_0041 access res_0016?",1,No,0,0.0,0.475724458694458,6435.515600023791,False,vanilla_rag,0
oa_0,"At time 83 in context ctx_03, can u_0045 access res_0134?",0,no,1,1.0,0.4881149232387543,3085.0799998734146,False,vanilla_rag,0
oa_365,"At time 55 in context ctx_07, can u_0481 access res_0048?",1,no,0,0.0,0.4352909028530121,3049.9770999886096,False,vanilla_rag,0
oa_1,"At time 142 in context ctx_06, can u_0029 access res_0098?",0,no,1,1.0,0.5088228583335876,2977.9999998863786,False,vanilla_rag,0
oa_589,"At time 55 in context ctx_07, can u_0247 access res_0048?",1,No,0,0.0,0.42223796248435974,760.9508000314236,False,vanilla_rag,0
oa_2,"At time 93 in context ctx_05, can u_0276 access res_0026?",0,No,1,1.0,0.4917597472667694,2901.981299975887,False,vanilla_rag,0
oa_604,"At time 58 in context ctx_02, can u_0127 access res_0125?",1,no,0,0.0,0.43565425276756287,2888.861099956557,False,vanilla_rag,0
oa_9,"At time 124 in context ctx_04, can u_0442 access res_0154?",0,No,1,1.0,0.4450956881046295,3204.8067001160234,False,vanilla_rag,0
oa_685,"At time 51 in context ctx_03, can u_0138 access res_0156?",1,No,0,0.0,0.40600454807281494,3218.383700121194,False,vanilla_rag,0
oa_12,"At time 134 in context ctx_06, can u_0132 access res_0152?",0,no,1,1.0,0.46818533539772034,3115.5093000270426,False,vanilla_rag,0
oa_708,"At time 60 in context ctx_04, can u_0452 access res_0130?",1,No,0,0.0,0.36308154463768005,808.449300006032,False,vanilla_rag,0
oa_15,"At time 90 in context ctx_02, can u_0316 access res_0060?",0,No,1,1.0,0.44248101115226746,745.4960001632571,False,vanilla_rag,0
oa_803,"At time 50 in context ctx_02, can u_0243 access res_0016?",1,No,0,0.0,0.4191824495792389,798.4645001124591,False,vanilla_rag,0
oa_19,"At time 128 in context ctx_00, can u_0170 access res_0134?",0,no,1,1.0,0.44381821155548096,2951.2426999863237,False,vanilla_rag,0
oa_826,"At time 61 in context ctx_05, can u_0225 access res_0139?",1,no,0,0.0,0.45461198687553406,3026.082399999723,False,vanilla_rag,0
oa_26,"At time 196 in context ctx_04, can u_0236 access res_0066?",0,No,1,1.0,0.4105551540851593,2918.713500024751,False,vanilla_rag,0
oa_862,"At time 50 in context ctx_02, can u_0311 access res_0066?",1,No,0,0.0,0.38540562987327576,760.685799876228,False,vanilla_rag,0
oa_27,"At time 97 in context ctx_01, can u_0206 access res_0080?",0,No,1,1.0,0.516348659992218,2792.76129999198,False,vanilla_rag,0
oa_889,"At time 58 in context ctx_02, can u_0096 access res_0180?",1,No,0,0.0,0.45789802074432373,2855.065999785438,False,vanilla_rag,0
oa_58,"At time 66 in context ctx_02, can u_0019 access res_0022?",0,no,1,1.0,0.53173828125,2743.9923000056297,False,vanilla_rag,0
oa_948,"At time 58 in context ctx_02, can u_0471 access res_0077?",1,no,0,0.0,0.45918628573417664,2978.235699934885,False,vanilla_rag,0
oa_63,"At time 136 in context ctx_00, can u_0252 access res_0175?",0,No,1,1.0,0.44934046268463135,3047.9991000611335,False,vanilla_rag,0
oa_1019,"At time 59 in context ctx_03, can u_0465 access res_0056?",1,No,0,0.0,0.42054426670074463,3219.18460004963,False,vanilla_rag,0
oa_64,"At time 190 in context ctx_06, can u_0133 access res_0162?",0,no,1,1.0,0.4622637927532196,3069.718800019473,False,vanilla_rag,0
oa_1083,"At time 52 in context ctx_04, can u_0300 access res_0055?",1,No,0,0.0,0.4261448383331299,2946.0971001535654,False,vanilla_rag,0
oa_69,"At time 157 in context ctx_05, can u_0162 access res_0029?",0,no,1,1.0,0.4830884039402008,2847.2138999495655,False,vanilla_rag,0
oa_1084,"At time 56 in context ctx_00, can u_0225 access res_0074?",1,no,0,0.0,0.44839227199554443,2848.456900101155,False,vanilla_rag,0
oa_72,"At time 118 in context ctx_06, can u_0369 access res_0089?",0,no,1,1.0,0.5056214332580566,2894.6116999723017,False,vanilla_rag,0
oa_1101,"At time 58 in context ctx_02, can u_0127 access res_0077?",1,no,0,0.0,0.45342931151390076,2771.354299969971,False,vanilla_rag,0
oa_79,"At time 108 in context ctx_04, can u_0206 access res_0157?",0,No,1,1.0,0.3962346017360687,3090.2801000047475,False,vanilla_rag,0
oa_1277,"At time 58 in context ctx_02, can u_0243 access res_0077?",1,No,0,0.0,0.45563361048698425,806.9045001175255,False,vanilla_rag,0
oa_81,"At time 64 in context ctx_00, can u_0378 access res_0078?",0,No,1,1.0,0.45127829909324646,817.793000023812,False,vanilla_rag,0
oa_1342,"At time 55 in context ctx_07, can u_0176 access res_0061?",1,No,0,0.0,0.43933728337287903,868.8413000199944,False,vanilla_rag,0
oa_82,"At time 86 in context ctx_06, can u_0011 access res_0149?",0,no,1,1.0,0.5216230750083923,2953.0012998729944,False,vanilla_rag,0
oa_1531,"At time 53 in context ctx_05, can u_0440 access res_0125?",1,No,0,0.0,0.43292704224586487,2933.847399894148,False,vanilla_rag,0
oa_101,"At time 176 in context ctx_00, can u_0397 access res_0044?",0,no,1,1.0,0.4611956775188446,2945.5484999343753,False,vanilla_rag,0
oa_1551,"At time 51 in context ctx_03, can u_0190 access res_0156?",1,No,0,0.0,0.438132643699646,666.7726000305265,False,vanilla_rag,0
oa_108,"At time 183 in context ctx_07, can u_0276 access res_0120?",0,No,1,1.0,0.50199955701828,713.8241999782622,False,vanilla_rag,0
oa_1668,"At time 53 in context ctx_05, can u_0020 access res_0035?",1,no,0,0.0,0.4327869713306427,2907.393299974501,False,vanilla_rag,0
oa_115,"At time 94 in context ctx_06, can u_0007 access res_0152?",0,no,1,1.0,0.5092127323150635,2907.1543999016285,False,vanilla_rag,0
oa_1677,"At time 50 in context ctx_02, can u_0046 access res_0140?",1,No,0,0.0,0.3726680278778076,2834.4713000115007,False,vanilla_rag,0
oa_117,"At time 144 in context ctx_00, can u_0307 access res_0102?",0,No,1,1.0,0.4003168046474457,719.2019999492913,False,vanilla_rag,0
oa_1762,"At time 54 in context ctx_06, can u_0225 access res_0061?",1,No,0,0.0,0.4951665699481964,736.1294999718666,False,vanilla_rag,0
oa_120,"At time 171 in context ctx_03, can u_0063 access res_0130?",0,No,1,1.0,0.46984991431236267,762.6274998765439,False,vanilla_rag,0
oa_1983,"At time 61 in context ctx_05, can u_0277 access res_0125?",1,no,0,0.0,0.4641968309879303,2910.844400059432,False,vanilla_rag,0
oa_125,"At time 69 in context ctx_05, can u_0465 access res_0015?",0,No,1,1.0,0.5051425695419312,3098.324300022796,False,vanilla_rag,0
oa_1998,"At time 58 in context ctx_02, can u_0199 access res_0130?",1,no,0,0.0,0.46932247281074524,3153.003699844703,False,vanilla_rag,0
oa_132,"At time 184 in context ctx_00, can u_0312 access res_0154?",0,No,1,1.0,0.47326621413230896,3010.6303000357,False,vanilla_rag,0
oa_2040,"At time 56 in context ctx_00, can u_0440 access res_0074?",1,No,0,0.0,0.43794921040534973,2958.573899930343,False,vanilla_rag,0
oa_152,"At time 96 in context ctx_00, can u_0156 access res_0128?",0,no,1,1.0,0.48518791794776917,2906.9960000924766,False,vanilla_rag,0
oa_2101,"At time 62 in context ctx_06, can u_0139 access res_0061?",1,no,0,0.0,0.4851343631744385,794.0412999596447,False,vanilla_rag,0
oa_165,"At time 103 in context ctx_07, can u_0315 access res_0188?",0,No,1,1.0,0.4686562716960907,697.8499998804182,False,vanilla_rag,0
oa_2127,"At time 50 in context ctx_02, can u_0020 access res_0130?",1,No,0,0.0,0.3837643563747406,2834.6961000934243,False,vanilla_rag,0
oa_167,"At time 68 in context ctx_04, can u_0073 access res_0039?",0,No,1,1.0,0.4793055057525635,2791.189800016582,False,vanilla_rag,0
oa_2131,"At time 57 in context ctx_01, can u_0481 access res_0145?",1,no,0,0.0,0.4624004364013672,2795.0623999349773,False,vanilla_rag,0
oa_168,"At time 78 in context ctx_06, can u_0051 access res_0112?",0,No,1,1.0,0.4644491970539093,3034.815999912098,False,vanilla_rag,0
oa_2133,"At time 56 in context ctx_00, can u_0225 access res_0139?",1,No,0,0.0,0.43492117524147034,3002.7512998785824,False,vanilla_rag,0
oa_177,"At time 180 in context ctx_04, can u_0240 access res_0124?",0,no,1,1.0,0.3876183331012726,3005.0344998016953,False,vanilla_rag,0
oa_2250,"At time 55 in context ctx_07, can u_0321 access res_0141?",1,No,0,0.0,0.42563310265541077,3022.7779999841005,False,vanilla_rag,0
oa_178,"At time 65 in context ctx_01, can u_0104 access res_0071?",0,no,1,1.0,0.43194136023521423,2964.2696999944746,False,vanilla_rag,0
oa_2280,"At time 61 in context ctx_05, can u_0247 access res_0016?",1,No,0,0.0,0.4880312979221344,2960.934800095856,False,vanilla_rag,0
oa_186,"At time 157 in context ctx_05, can u_0441 access res_0085?",0,no,1,1.0,0.45738711953163147,2819.086299976334,False,vanilla_rag,0
oa_2374,"At time 56 in context ctx_00, can u_0020 access res_0124?",1,No The given facts do not provide any information about whether u_0020 can access res_012,0,0.0,0.4197714328765869,2794.4960000459105,False,vanilla_rag,0
oa_201,"At time 116 in context ctx_04, can u_0457 access res_0045?",0,no,1,1.0,0.42032361030578613,2813.4985000360757,False,vanilla_rag,0
oa_2411,"At time 53 in context ctx_05, can u_0471 access res_0125?",1,No,0,0.0,0.43453601002693176,697.1078999340534,False,vanilla_rag,0
oa_209,"At time 110 in context ctx_06, can u_0171 access res_0122?",0,no,1,1.0,0.454465389251709,2803.7304000463337,False,vanilla_rag,0
oa_2522,"At time 59 in context ctx_03, can u_0096 access res_0056?",1,No,0,0.0,0.44600939750671387,682.4338000733405,False,vanilla_rag,0
oa_218,"At time 153 in context ctx_01, can u_0386 access res_0023?",0,no,1,1.0,0.4377758502960205,3065.2203999925405,False,vanilla_rag,0
oa_2551,"At time 52 in context ctx_04, can u_0286 access res_0152?",1,No,0,0.0,0.42389151453971863,2963.2198000326753,False,vanilla_rag,0
oa_226,"At time 65 in context ctx_01, can u_0171 access res_0040?",0,no,1,1.0,0.4230453670024872,3012.194500071928,False,vanilla_rag,0
oa_2641,"At time 56 in context ctx_00, can u_0247 access res_0074?",1,No,0,0.0,0.45075830817222595,2969.086099881679,False,vanilla_rag,0
oa_228,"At time 145 in context ctx_01, can u_0110 access res_0128?",0,no,1,1.0,0.49129918217658997,2906.5155999269336,False,vanilla_rag,0
oa_2770,"At time 54 in context ctx_06, can u_0247 access res_0061?",1,No,0,0.0,0.4968889057636261,780.5772998835891,False,vanilla_rag,0
oa_240,"At time 104 in context ctx_00, can u_0457 access res_0157?",0,no,1,1.0,0.45962104201316833,2885.8036999590695,False,vanilla_rag,0
oa_2900,"At time 57 in context ctx_01, can u_0139 access res_0145?",1,No,0,0.0,0.43833985924720764,2857.277999864891,False,vanilla_rag,0
oa_246,"At time 112 in context ctx_00, can u_0123 access res_0127?",0,No,1,1.0,0.4747508764266968,2793.4602999594063,False,vanilla_rag,0
oa_2904,"At time 51 in context ctx_03, can u_0020 access res_0055?",1,No,0,0.0,0.420119047164917,3084.7306998912245,False,vanilla_rag,0
oa_251,"At time 71 in context ctx_07, can u_0470 access res_0008?",0,no,1,1.0,0.4860619306564331,3041.324899997562,False,vanilla_rag,0
oa_2927,"At time 58 in context ctx_02, can u_0127 access res_0141?",1,No,0,0.0,0.4387352466583252,728.990999981761,False,vanilla_rag,0
oa_258,"At time 135 in context ctx_07, can u_0401 access res_0042?",0,No,1,1.0,0.46536311507225037,756.7487999331206,False,vanilla_rag,0
oa_3155,"At time 56 in context ctx_00, can u_0041 access res_0130?",1,no,0,0.0,0.4367314279079437,2951.363099971786,False,vanilla_rag,0
oa_265,"At time 187 in context ctx_03, can u_0245 access res_0030?",0,no,1,1.0,0.5049543976783752,2969.494399847463,False,vanilla_rag,0
oa_3204,"At time 56 in context ctx_00, can u_0277 access res_0139?",1,No,0,0.0,0.4554786682128906,780.0107998773456,False,vanilla_rag,0
oa_270,"At time 108 in context ctx_04, can u_0475 access res_0106?",0,no,1,1.0,0.40270864963531494,3119.673600187525,False,vanilla_rag,0
oa_3245,"At time 55 in context ctx_07, can u_0199 access res_0141?",1,No,0,0.0,0.44642433524131775,2942.8107000421733,False,vanilla_rag,0
oa_275,"At time 128 in context ctx_00, can u_0248 access res_0129?",0,no,1,1.0,0.42263469099998474,2836.731599876657,False,vanilla_rag,0
oa_3317,"At time 57 in context ctx_01, can u_0225 access res_0145?",1,no,0,0.0,0.4405451714992523,2796.2557000573725,False,vanilla_rag,0
oa_288,"At time 64 in context ctx_00, can u_0092 access res_0194?",0,No,1,1.0,0.4604099690914154,3042.569999815896,False,vanilla_rag,0
oa_3400,"At time 58 in context ctx_02, can u_0471 access res_0180?",1,No,0,0.0,0.4417257606983185,3015.6709998846054,False,vanilla_rag,0
oa_290,"At time 195 in context ctx_03, can u_0162 access res_0132?",0,No,1,1.0,0.47495555877685547,3057.8467999584973,False,vanilla_rag,0
oa_3420,"At time 62 in context ctx_06, can u_0481 access res_0048?",1,no,0,0.0,0.48135876655578613,3085.39540017955,False,vanilla_rag,0
oa_292,"At time 179 in context ctx_03, can u_0141 access res_0192?",0,No,1,1.0,0.4433644115924835,715.9217998851091,False,vanilla_rag,0
oa_3442,"At time 59 in context ctx_03, can u_0452 access res_0056?",1,No,0,0.0,0.4272359609603882,3027.5519001297653,False,vanilla_rag,0
oa_294,"At time 122 in context ctx_02, can u_0305 access res_0022?",0,no,1,1.0,0.4740361273288727,2847.842700080946,False,vanilla_rag,0
oa_3572,"At time 60 in context ctx_04, can u_0481 access res_0145?",1,no,0,0.0,0.4023250341415405,2845.416700001806,False,vanilla_rag,0
oa_298,"At time 197 in context ctx_05, can u_0469 access res_0169?",0,no,1,1.0,0.48725318908691406,2770.6681001000106,False,vanilla_rag,0
oa_3678,"At time 56 in context ctx_00, can u_0471 access res_0027?",1,no,0,0.0,0.44112566113471985,2751.3439999893308,False,vanilla_rag,0
oa_309,"At time 198 in context ctx_06, can u_0377 access res_0147?",0,No,1,1.0,0.5013869404792786,3055.7369000744075,False,vanilla_rag,0
oa_3784,"At time 53 in context ctx_05, can u_0321 access res_0016?",1,No,0,0.0,0.452526718378067,775.1949999947101,False,vanilla_rag,0
oa_312,"At time 172 in context ctx_04, can u_0162 access res_0195?",0,No,1,1.0,0.44844576716423035,2938.540899893269,False,vanilla_rag,0
oa_3853,"At time 50 in context ctx_02, can u_0221 access res_0133?",1,No,0,0.0,0.40352728962898254,778.6111000459641,False,vanilla_rag,0
oa_316,"At time 93 in context ctx_05, can u_0352 access res_0088?",0,no,1,1.0,0.5144399404525757,3017.839200096205,False,vanilla_rag,0
oa_3947,"At time 53 in context ctx_05, can u_0247 access res_0141?",1,None,0,0.0,0.4287964403629303,3122.886599972844,False,vanilla_rag,0
oa_318,"At time 88 in context ctx_00, can u_0052 access res_0131?",0,no,1,1.0,0.4856623113155365,2855.9842000249773,False,vanilla_rag,0
oa_4008,"At time 62 in context ctx_06, can u_0096 access res_0048?",1,no,0,0.0,0.4811582565307617,2917.8579999133945,False,vanilla_rag,0
oa_322,"At time 133 in context ctx_05, can u_0475 access res_0026?",0,No,1,1.0,0.3892492353916168,712.9087001085281,False,vanilla_rag,0
oa_4258,"At time 61 in context ctx_05, can u_0321 access res_0125?",1,No,0,0.0,0.45202359557151794,2778.514399891719,False,vanilla_rag,0
oa_327,"At time 173 in context ctx_05, can u_0109 access res_0006?",0,no,1,1.0,0.46558868885040283,2949.9571002088487,False,vanilla_rag,0
oa_4270,"At time 54 in context ctx_06, can u_0243 access res_0140?",1,No,0,0.0,0.47666361927986145,722.4499001167715,False,vanilla_rag,0
oa_332,"At time 96 in context ctx_00, can u_0002 access res_0164?",0,no,1,1.0,0.4723259508609772,2868.654399877414,False,vanilla_rag,0
oa_4458,"At time 61 in context ctx_05, can u_0247 access res_0077?",1,no,0,0.0,0.4711378812789917,3048.1489000376314,False,vanilla_rag,0
oa_333,"At time 119 in context ctx_07, can u_0388 access res_0158?",0,No,1,1.0,0.5111069679260254,801.8342000432312,False,vanilla_rag,0
oa_4580,"At time 60 in context ctx_04, can u_0452 access res_0145?",1,No,0,0.0,0.3723301887512207,3024.340899894014,False,vanilla_rag,0
oa_337,"At time 68 in context ctx_04, can u_0331 access res_0092?",0,no,1,1.0,0.4862949848175049,2966.1816998850554,False,vanilla_rag,0
oa_4588,"At time 58 in context ctx_02, can u_0041 access res_0180?",1,no,0,0.0,0.4301501214504242,2902.057900093496,False,vanilla_rag,0
oa_344,"At time 127 in context ctx_07, can u_0495 access res_0113?",0,no,1,1.0,0.36403897404670715,2924.586799927056,False,vanilla_rag,0
oa_4590,"At time 61 in context ctx_05, can u_0199 access res_0081?",1,No,0,0.0,0.4982210695743561,2784.0033997781575,False,vanilla_rag,0
oa_346,"At time 158 in context ctx_06, can u_0301 access res_0141?",0,No,1,1.0,0.47666922211647034,2863.189300056547,False,vanilla_rag,0
oa_4592,"At time 59 in context ctx_03, can u_0452 access res_0056?",1,No,0,0.0,0.4272359609603882,2833.3966999780387,False,vanilla_rag,0
oa_370,"At time 95 in context ctx_07, can u_0041 access res_0145?",0,no,1,1.0,0.4854581356048584,2989.7507999558,False,vanilla_rag,0
oa_4603,"At time 59 in context ctx_03, can u_0465 access res_0056?",1,No,0,0.0,0.42054426670074463,3022.0052001532167,False,vanilla_rag,0
oa_374,"At time 142 in context ctx_06, can u_0417 access res_0008?",0,no,1,1.0,0.48615536093711853,2983.5004000924528,False,vanilla_rag,0
oa_4667,"At time 62 in context ctx_06, can u_0167 access res_0077?",1,No,0,0.0,0.4807620346546173,2846.0504000540823,False,vanilla_rag,0
oa_378,"At time 72 in context ctx_00, can u_0103 access res_0130?",0,no,1,1.0,0.4590625762939453,2895.482099847868,False,vanilla_rag,0
oa_4740,"At time 53 in context ctx_05, can u_0471 access res_0077?",1,None,0,0.0,0.4315829575061798,2885.124099906534,False,vanilla_rag,0
oa_383,"At time 159 in context ctx_07, can u_0163 access res_0090?",0,No,1,1.0,0.46690186858177185,2809.2404000926763,False,vanilla_rag,0
oa_4742,"At time 53 in context ctx_05, can u_0440 access res_0077?",1,No,0,0.0,0.4355764389038086,2820.201699854806,False,vanilla_rag,0
oa_385,"At time 110 in context ctx_06, can u_0385 access res_0004?",0,No,1,1.0,0.4269501864910126,750.5218998994678,False,vanilla_rag,0
oa_4777,"At time 50 in context ctx_02, can u_0465 access res_0130?",1,No,0,0.0,0.3716970384120941,2806.879999814555,False,vanilla_rag,0
oa_395,"At time 85 in context ctx_05, can u_0321 access res_0119?",0,No,1,1.0,0.46623530983924866,3013.9029999263585,False,vanilla_rag,0
oa_4790,"At time 57 in context ctx_01, can u_0225 access res_0056?",1,no,0,0.0,0.44126448035240173,3137.188300024718,False,vanilla_rag,0
oa_408,"At time 110 in context ctx_06, can u_0196 access res_0043?",0,no,1,1.0,0.4438578188419342,3067.409300012514,False,vanilla_rag,0
oa_4837,"At time 53 in context ctx_05, can u_0176 access res_0020?",1,No,0,0.0,0.4423978626728058,2871.0129000246525,False,vanilla_rag,0
oa_429,"At time 82 in context ctx_02, can u_0197 access res_0093?",0,No,1,1.0,0.49285900592803955,794.307799777016,False,vanilla_rag,0
oa_4950,"At time 62 in context ctx_06, can u_0277 access res_0036?",1,no,0,0.0,0.47158798575401306,2894.9151998385787,False,vanilla_rag,0
oa_454,"At time 100 in context ctx_04, can u_0153 access res_0154?",0,No,1,1.0,0.3969219923019409,2800.662999972701,False,vanilla_rag,0
oa_4971,"At time 57 in context ctx_01, can u_0199 access res_0056?",1,No,0,0.0,0.46080589294433594,720.2168998774141,False,vanilla_rag,0
oa_473,"At time 135 in context ctx_07, can u_0080 access res_0062?",0,No,1,1.0,0.4470970332622528,2839.09730007872,False,vanilla_rag,0
oa_475,"At time 180 in context ctx_04, can u_0256 access res_0030?",0,No,1,1.0,0.3854045867919922,2815.481600118801,False,vanilla_rag,0
oa_492,"At time 194 in context ctx_02, can u_0422 access res_0128?",0,No,1,1.0,0.5044956207275391,2779.355099890381,False,vanilla_rag,0
oa_493,"At time 92 in context ctx_04, can u_0427 access res_0032?",0,no,1,1.0,0.44925060868263245,3134.549899958074,False,vanilla_rag,0
oa_500,"At time 87 in context ctx_07, can u_0186 access res_0142?",0,No,1,1.0,0.49592456221580505,3038.337299833074,False,vanilla_rag,0
oa_509,"At time 91 in context ctx_03, can u_0014 access res_0083?",0,no,1,1.0,0.5604674220085144,2930.020699976012,False,vanilla_rag,0
oa_510,"At time 69 in context ctx_05, can u_0314 access res_0147?",0,No,1,1.0,0.5114527344703674,2889.613199979067,False,vanilla_rag,0
oa_515,"At time 152 in context ctx_00, can u_0062 access res_0129?",0,No,1,1.0,0.47165706753730774,770.6168999429792,False,vanilla_rag,0
oa_523,"At time 95 in context ctx_07, can u_0034 access res_0027?",0,no,1,1.0,0.48314428329467773,2866.1117998417467,False,vanilla_rag,0
oa_537,"At time 71 in context ctx_07, can u_0070 access res_0072?",0,no,1,1.0,0.4930998980998993,2943.7684000004083,False,vanilla_rag,0
oa_539,"At time 124 in context ctx_04, can u_0333 access res_0080?",0,No,1,1.0,0.45911112427711487,739.0588000416756,False,vanilla_rag,0
oa_543,"At time 178 in context ctx_02, can u_0360 access res_0136?",0,No,1,1.0,0.4643058478832245,730.198300210759,False,vanilla_rag,0
oa_544,"At time 135 in context ctx_07, can u_0246 access res_0149?",0,No,1,1.0,0.44192811846733093,2853.0186999123544,False,vanilla_rag,0
oa_557,"At time 160 in context ctx_00, can u_0150 access res_0118?",0,No,1,1.0,0.40998825430870056,716.3140000775456,False,vanilla_rag,0
oa_565,"At time 82 in context ctx_02, can u_0158 access res_0131?",0,No,1,1.0,0.4840559959411621,709.4872000161558,False,vanilla_rag,0
oa_573,"At time 152 in context ctx_00, can u_0004 access res_0110?",0,no,1,1.0,0.48073163628578186,2852.00299997814,False,vanilla_rag,0
oa_576,"At time 196 in context ctx_04, can u_0281 access res_0189?",0,no,1,1.0,0.45361045002937317,2859.440900152549,False,vanilla_rag,0
oa_577,"At time 143 in context ctx_07, can u_0020 access res_0107?",0,No,1,1.0,0.4637705385684967,776.8013998866081,False,vanilla_rag,0
oa_580,"At time 195 in context ctx_03, can u_0127 access res_0137?",0,No,1,1.0,0.46221378445625305,3123.9263999741524,False,vanilla_rag,0
oa_599,"At time 178 in context ctx_02, can u_0402 access res_0050?",0,No,1,1.0,0.45669856667518616,3015.063700033352,False,vanilla_rag,0
oa_606,"At time 110 in context ctx_06, can u_0112 access res_0187?",0,No,1,1.0,0.44445422291755676,760.6391999870539,False,vanilla_rag,0
oa_617,"At time 70 in context ctx_06, can u_0123 access res_0073?",0,No,1,1.0,0.4743596315383911,2976.0317001491785,False,vanilla_rag,0
oa_625,"At time 67 in context ctx_03, can u_0418 access res_0008?",0,No,1,1.0,0.48205944895744324,733.8645998388529,False,vanilla_rag,0
oa_638,"At time 78 in context ctx_06, can u_0062 access res_0031?",0,no,1,1.0,0.475279301404953,2969.50350003317,False,vanilla_rag,0
oa_643,"At time 73 in context ctx_01, can u_0023 access res_0096?",0,no,1,1.0,0.5242510437965393,2850.839100079611,False,vanilla_rag,0
oa_647,"At time 156 in context ctx_04, can u_0429 access res_0189?",0,No,1,1.0,0.46072256565093994,2793.4620999731123,False,vanilla_rag,0
oa_657,"At time 148 in context ctx_04, can u_0096 access res_0022?",0,no,1,1.0,0.4696662724018097,2852.4646000005305,False,vanilla_rag,0
oa_659,"At time 97 in context ctx_01, can u_0475 access res_0086?",0,no,1,1.0,0.5012519359588623,2790.3966000303626,False,vanilla_rag,0
oa_661,"At time 66 in context ctx_02, can u_0237 access res_0083?",0,No,1,1.0,0.5111960768699646,695.9098998922855,False,vanilla_rag,0
oa_666,"At time 167 in context ctx_07, can u_0047 access res_0109?",0,No,1,1.0,0.49524399638175964,687.5781998969615,False,vanilla_rag,0
oa_668,"At time 164 in context ctx_04, can u_0268 access res_0130?",0,No,1,1.0,0.48820602893829346,730.6849998421967,False,vanilla_rag,0
oa_674,"At time 157 in context ctx_05, can u_0235 access res_0018?",0,No,1,1.0,0.49845388531684875,2752.388599794358,False,vanilla_rag,0
oa_683,"At time 163 in context ctx_03, can u_0169 access res_0020?",0,No,1,1.0,0.4886695444583893,675.5939999129623,False,vanilla_rag,0
oa_688,"At time 175 in context ctx_07, can u_0474 access res_0198?",0,no,1,1.0,0.4523955285549164,3171.754200011492,False,vanilla_rag,0
oa_692,"At time 148 in context ctx_04, can u_0236 access res_0173?",0,no,1,1.0,0.4456990659236908,2937.178600113839,False,vanilla_rag,0
oa_693,"At time 112 in context ctx_00, can u_0304 access res_0014?",0,no,1,1.0,0.5041525363922119,2946.65229995735,False,vanilla_rag,0
oa_698,"At time 82 in context ctx_02, can u_0062 access res_0169?",0,No,1,1.0,0.4851648807525635,761.1231999471784,False,vanilla_rag,0
oa_712,"At time 149 in context ctx_05, can u_0108 access res_0104?",0,No,1,1.0,0.48063722252845764,2978.9958000183105,False,vanilla_rag,0
oa_735,"At time 95 in context ctx_07, can u_0371 access res_0183?",0,No,1,1.0,0.4988023340702057,2927.39659990184,False,vanilla_rag,0
oa_742,"At time 97 in context ctx_01, can u_0307 access res_0034?",0,no,1,1.0,0.5230705738067627,2852.479400113225,False,vanilla_rag,0
oa_745,"At time 67 in context ctx_03, can u_0010 access res_0183?",0,No,1,1.0,0.521755576133728,2937.069599982351,False,vanilla_rag,0
oa_747,"At time 111 in context ctx_07, can u_0332 access res_0133?",0,No,1,1.0,0.48099514842033386,684.5348998904228,False,vanilla_rag,0
oa_749,"At time 163 in context ctx_03, can u_0133 access res_0173?",0,no,1,1.0,0.47555723786354065,2960.2366001345217,False,vanilla_rag,0
oa_750,"At time 119 in context ctx_07, can u_0395 access res_0081?",0,No,1,1.0,0.5221495628356934,2978.659600019455,False,vanilla_rag,0
oa_758,"At time 95 in context ctx_07, can u_0434 access res_0133?",0,No,1,1.0,0.4888371527194977,776.5736000146717,False,vanilla_rag,0
oa_764,"At time 142 in context ctx_06, can u_0149 access res_0115?",0,No,1,1.0,0.4824843406677246,2985.809399979189,False,vanilla_rag,0
oa_765,"At time 173 in context ctx_05, can u_0470 access res_0151?",0,no,1,1.0,0.42277970910072327,2979.435399873182,False,vanilla_rag,0
oa_767,"At time 103 in context ctx_07, can u_0003 access res_0144?",0,No,1,1.0,0.4550502598285675,2991.106400033459,False,vanilla_rag,0
oa_776,"At time 155 in context ctx_03, can u_0476 access res_0146?",0,No,1,1.0,0.46568605303764343,2919.749400112778,False,vanilla_rag,0
oa_801,"At time 122 in context ctx_02, can u_0282 access res_0176?",0,No,1,1.0,0.473307341337204,3032.3153000790626,False,vanilla_rag,0
oa_809,"At time 161 in context ctx_01, can u_0310 access res_0170?",0,no,1,1.0,0.4789182245731354,2798.786300001666,False,vanilla_rag,0
oa_812,"At time 120 in context ctx_00, can u_0427 access res_0166?",0,No,1,1.0,0.3957238495349884,2731.3554000575095,False,vanilla_rag,0
oa_814,"At time 98 in context ctx_02, can u_0116 access res_0151?",0,No,1,1.0,0.49696245789527893,2899.930299958214,False,vanilla_rag,0
oa_820,"At time 75 in context ctx_03, can u_0069 access res_0153?",0,No,1,1.0,0.47066283226013184,3327.284600120038,False,vanilla_rag,0
oa_824,"At time 168 in context ctx_00, can u_0038 access res_0014?",0,no,1,1.0,0.4329403340816498,3021.639100043103,False,vanilla_rag,0
oa_831,"At time 161 in context ctx_01, can u_0172 access res_0133?",0,no,1,1.0,0.497175008058548,3014.0907000750303,False,vanilla_rag,0
oa_835,"At time 98 in context ctx_02, can u_0051 access res_0089?",0,no,1,1.0,0.526278555393219,2955.585800111294,False,vanilla_rag,0
oa_840,"At time 166 in context ctx_06, can u_0149 access res_0120?",0,No,1,1.0,0.47858598828315735,2888.530199881643,False,vanilla_rag,0
oa_857,"At time 104 in context ctx_00, can u_0485 access res_0168?",0,No,1,1.0,0.4923410713672638,2810.544299893081,False,vanilla_rag,0
oa_858,"At time 164 in context ctx_04, can u_0114 access res_0109?",0,No,1,1.0,0.4891152083873749,2898.9299999084324,False,vanilla_rag,0
oa_890,"At time 140 in context ctx_04, can u_0228 access res_0140?",0,No,1,1.0,0.42013058066368103,686.8058000691235,False,vanilla_rag,0
oa_893,"At time 88 in context ctx_00, can u_0434 access res_0126?",0,No,1,1.0,0.471531480550766,2803.935999982059,False,vanilla_rag,0
oa_909,"At time 127 in context ctx_07, can u_0432 access res_0103?",0,No,1,1.0,0.35847747325897217,720.6630997825414,False,vanilla_rag,0
oa_918,"At time 79 in context ctx_07, can u_0463 access res_0175?",0,No,1,1.0,0.46559572219848633,2796.4979999233037,False,vanilla_rag,0
oa_920,"At time 124 in context ctx_04, can u_0404 access res_0056?",0,no,1,1.0,0.46631911396980286,3302.4071999825537,False,vanilla_rag,0
oa_929,"At time 150 in context ctx_06, can u_0417 access res_0039?",0,No,1,1.0,0.41300880908966064,3198.7634000834078,False,vanilla_rag,0
oa_937,"At time 65 in context ctx_01, can u_0158 access res_0045?",0,no,1,1.0,0.41782641410827637,3087.289299815893,False,vanilla_rag,0
oa_941,"At time 142 in context ctx_06, can u_0328 access res_0157?",0,no,1,1.0,0.48073187470436096,3078.1355001963675,False,vanilla_rag,0
oa_942,"At time 171 in context ctx_03, can u_0378 access res_0048?",0,No,1,1.0,0.4685031473636627,2972.9344001971185,False,vanilla_rag,0
oa_944,"At time 183 in context ctx_07, can u_0418 access res_0196?",0,No,1,1.0,0.4869386851787567,783.7612999137491,False,vanilla_rag,0
oa_950,"At time 186 in context ctx_02, can u_0223 access res_0116?",0,No,1,1.0,0.45202508568763733,773.9250999875367,False,vanilla_rag,0
oa_959,"At time 73 in context ctx_01, can u_0435 access res_0027?",0,no,1,1.0,0.4983009099960327,2957.749699940905,False,vanilla_rag,0
oa_960,"At time 104 in context ctx_00, can u_0289 access res_0013?",0,no,1,1.0,0.522282063961029,2805.0381001085043,False,vanilla_rag,0
oa_968,"At time 200 in context ctx_00, can u_0050 access res_0166?",0,no,1,1.0,0.39355430006980896,2875.089299865067,False,vanilla_rag,0
oa_974,"At time 95 in context ctx_07, can u_0373 access res_0021?",0,no,1,1.0,0.492339164018631,3079.397900030017,False,vanilla_rag,0
oa_980,"At time 164 in context ctx_04, can u_0449 access res_0138?",0,no,1,1.0,0.45486247539520264,2976.7772001214325,False,vanilla_rag,0
oa_987,"At time 152 in context ctx_00, can u_0393 access res_0197?",0,no,1,1.0,0.481202095746994,2964.7213998250663,False,vanilla_rag,0
oa_989,"At time 189 in context ctx_05, can u_0255 access res_0067?",0,No,1,1.0,0.5005449652671814,768.8649999909103,False,vanilla_rag,0
oa_994,"At time 192 in context ctx_00, can u_0297 access res_0042?",0,No,1,1.0,0.4104956388473511,708.9589999523014,False,vanilla_rag,0
oa_995,"At time 127 in context ctx_07, can u_0200 access res_0008?",0,No,1,1.0,0.3924492299556732,724.129999987781,False,vanilla_rag,0
oa_1009,"At time 96 in context ctx_00, can u_0147 access res_0181?",0,no,1,1.0,0.49697086215019226,2914.120800094679,False,vanilla_rag,0
oa_1010,"At time 184 in context ctx_00, can u_0336 access res_0005?",0,no,1,1.0,0.4576052129268646,2915.671199792996,False,vanilla_rag,0
oa_1014,"At time 81 in context ctx_01, can u_0264 access res_0176?",0,No,1,1.0,0.4963068664073944,2857.4099999386817,False,vanilla_rag,0
oa_1018,"At time 82 in context ctx_02, can u_0176 access res_0024?",0,No,1,1.0,0.46715012192726135,691.791599849239,False,vanilla_rag,0
oa_1022,"At time 103 in context ctx_07, can u_0301 access res_0043?",0,No,1,1.0,0.4571470022201538,2661.5945000667125,False,vanilla_rag,0
oa_1025,"At time 127 in context ctx_07, can u_0402 access res_0036?",0,No,1,1.0,0.36340948939323425,2916.886999970302,False,vanilla_rag,0
oa_1041,"At time 89 in context ctx_01, can u_0115 access res_0052?",0,no,1,1.0,0.49438247084617615,3112.027599941939,False,vanilla_rag,0
oa_1043,"At time 128 in context ctx_00, can u_0406 access res_0036?",0,no,1,1.0,0.4122643768787384,3099.2397000081837,False,vanilla_rag,0
oa_1062,"At time 125 in context ctx_05, can u_0355 access res_0067?",0,No,1,1.0,0.47416701912879944,2993.7666999176145,False,vanilla_rag,0
oa_1066,"At time 92 in context ctx_04, can u_0489 access res_0106?",0,No,1,1.0,0.4972945749759674,783.688300056383,False,vanilla_rag,0
oa_1069,"At time 190 in context ctx_06, can u_0404 access res_0005?",0,no,1,1.0,0.4638492166996002,2950.305099831894,False,vanilla_rag,0
oa_1081,"At time 95 in context ctx_07, can u_0129 access res_0094?",0,No,1,1.0,0.5110569596290588,750.6007999181747,False,vanilla_rag,0
oa_1087,"At time 74 in context ctx_02, can u_0224 access res_0181?",0,no,1,1.0,0.4847058951854706,2920.547599904239,False,vanilla_rag,0
oa_1092,"At time 88 in context ctx_00, can u_0243 access res_0049?",0,no,1,1.0,0.49214625358581543,2886.760300025344,False,vanilla_rag,0
oa_1104,"At time 67 in context ctx_03, can u_0403 access res_0083?",0,No,1,1.0,0.4941920042037964,2849.2487999610603,False,vanilla_rag,0
oa_1128,"At time 76 in context ctx_04, can u_0139 access res_0006?",0,No,1,1.0,0.45734211802482605,2795.126900076866,False,vanilla_rag,0
oa_1134,"At time 79 in context ctx_07, can u_0303 access res_0153?",0,No,1,1.0,0.47266891598701477,2946.5361998882145,False,vanilla_rag,0
oa_1140,"At time 76 in context ctx_04, can u_0285 access res_0050?",0,no,1,1.0,0.44258251786231995,3149.8547000810504,False,vanilla_rag,0
oa_1143,"At time 156 in context ctx_04, can u_0165 access res_0045?",0,No,1,1.0,0.4563877582550049,774.5743999257684,False,vanilla_rag,0
oa_1144,"At time 85 in context ctx_05, can u_0437 access res_0095?",0,no,1,1.0,0.4858720302581787,3050.798799842596,False,vanilla_rag,0
oa_1154,"At time 143 in context ctx_07, can u_0384 access res_0129?",0,No,1,1.0,0.4629164934158325,719.0202998463064,False,vanilla_rag,0
oa_1162,"At time 170 in context ctx_02, can u_0434 access res_0125?",0,No,1,1.0,0.42668262124061584,2979.0527999866754,False,vanilla_rag,0
oa_1165,"At time 73 in context ctx_01, can u_0485 access res_0095?",0,no,1,1.0,0.5137461423873901,2853.891800157726,False,vanilla_rag,0
oa_1167,"At time 100 in context ctx_04, can u_0258 access res_0091?",0,No,1,1.0,0.4275464713573456,2925.1966001465917,False,vanilla_rag,0
oa_1169,"At time 65 in context ctx_01, can u_0405 access res_0158?",0,No,1,1.0,0.4163818061351776,2844.535799929872,False,vanilla_rag,0
oa_1173,"At time 165 in context ctx_05, can u_0290 access res_0061?",0,no,1,1.0,0.45784878730773926,2693.2467999868095,False,vanilla_rag,0
oa_1193,"At time 199 in context ctx_07, can u_0300 access res_0073?",0,No,1,1.0,0.4670724868774414,722.7254000026733,False,vanilla_rag,0
oa_1198,"At time 160 in context ctx_00, can u_0266 access res_0075?",0,no,1,1.0,0.4239096939563751,2904.6954999212176,False,vanilla_rag,0
oa_1203,"At time 191 in context ctx_07, can u_0412 access res_0033?",0,No,1,1.0,0.5067681670188904,3088.7790999840945,False,vanilla_rag,0
oa_1215,"At time 160 in context ctx_00, can u_0134 access res_0151?",0,No,1,1.0,0.430264949798584,2978.169099893421,False,vanilla_rag,0
oa_1219,"At time 99 in context ctx_03, can u_0083 access res_0095?",0,No,1,1.0,0.5088385939598083,2949.5118998456746,False,vanilla_rag,0
oa_1224,"At time 163 in context ctx_03, can u_0161 access res_0034?",0,No,1,1.0,0.48756107687950134,790.9404002130032,False,vanilla_rag,0
oa_1225,"At time 168 in context ctx_00, can u_0463 access res_0077?",0,no,1,1.0,0.422931045293808,2942.7338000386953,False,vanilla_rag,0
oa_1237,"At time 86 in context ctx_06, can u_0226 access res_0020?",0,No,1,1.0,0.4597187936306,2917.6660000812262,False,vanilla_rag,0
oa_1239,"At time 117 in context ctx_05, can u_0468 access res_0056?",0,No,1,1.0,0.4887855350971222,2835.957100149244,False,vanilla_rag,0
oa_1240,"At time 168 in context ctx_00, can u_0298 access res_0052?",0,No,1,1.0,0.45399877429008484,706.0446001123637,False,vanilla_rag,0
oa_1256,"At time 138 in context ctx_02, can u_0314 access res_0081?",0,no,1,1.0,0.48916754126548767,2726.1973000131547,False,vanilla_rag,0
oa_1260,"At time 90 in context ctx_02, can u_0009 access res_0101?",0,no,1,1.0,0.47598695755004883,2914.982299786061,False,vanilla_rag,0
oa_1265,"At time 80 in context ctx_00, can u_0413 access res_0132?",0,no,1,1.0,0.3550955355167389,3198.110800003633,False,vanilla_rag,0
oa_1275,"At time 195 in context ctx_03, can u_0003 access res_0114?",0,No,1,1.0,0.46217024326324463,3179.727999959141,False,vanilla_rag,0
oa_1279,"At time 126 in context ctx_06, can u_0426 access res_0052?",0,No,1,1.0,0.4739205837249756,2997.8108999785036,False,vanilla_rag,0
oa_1281,"At time 64 in context ctx_00, can u_0238 access res_0173?",0,No,1,1.0,0.4305334985256195,3011.326199863106,False,vanilla_rag,0
oa_1286,"At time 109 in context ctx_05, can u_0361 access res_0122?",0,No,1,1.0,0.46025267243385315,2901.5344998333603,False,vanilla_rag,0
oa_1291,"At time 186 in context ctx_02, can u_0149 access res_0167?",0,No,1,1.0,0.4624914824962616,2842.707399977371,False,vanilla_rag,0
oa_1296,"At time 178 in context ctx_02, can u_0043 access res_0107?",0,No,1,1.0,0.476467102766037,742.8657000418752,False,vanilla_rag,0
oa_1311,"At time 175 in context ctx_07, can u_0000 access res_0114?",0,no,1,1.0,0.4452633857727051,2845.6017000135034,False,vanilla_rag,0
oa_1316,"At time 167 in context ctx_07, can u_0495 access res_0064?",0,No,1,1.0,0.4943346083164215,727.113600121811,False,vanilla_rag,0
oa_1326,"At time 132 in context ctx_04, can u_0163 access res_0174?",0,No,1,1.0,0.4686831533908844,2784.332900075242,False,vanilla_rag,0
oa_1339,"At time 140 in context ctx_04, can u_0145 access res_0043?",0,No,1,1.0,0.4320666491985321,789.6122999954969,False,vanilla_rag,0
oa_1341,"At time 64 in context ctx_00, can u_0313 access res_0168?",0,no,1,1.0,0.46146783232688904,3032.8365000896156,False,vanilla_rag,0
oa_1357,"At time 170 in context ctx_02, can u_0483 access res_0129?",0,No,1,1.0,0.44083335995674133,3299.7514999005944,False,vanilla_rag,0
oa_1364,"At time 164 in context ctx_04, can u_0135 access res_0042?",0,No,1,1.0,0.4749898910522461,3180.9757999144495,False,vanilla_rag,0
oa_1387,"At time 105 in context ctx_01, can u_0116 access res_0085?",0,no,1,1.0,0.46546614170074463,3080.2998000290245,False,vanilla_rag,0
oa_1396,"At time 200 in context ctx_00, can u_0410 access res_0058?",0,no,1,1.0,0.4067012369632721,2894.350500078872,False,vanilla_rag,0
oa_1431,"At time 140 in context ctx_04, can u_0475 access res_0138?",0,no,1,1.0,0.39802753925323486,2779.3249001260847,False,vanilla_rag,0
oa_1432,"At time 130 in context ctx_02, can u_0174 access res_0183?",0,no,1,1.0,0.44707807898521423,2889.970799908042,False,vanilla_rag,0
oa_1457,"At time 183 in context ctx_07, can u_0440 access res_0009?",0,No,1,1.0,0.49259963631629944,694.0667999442667,False,vanilla_rag,0
oa_1460,"At time 119 in context ctx_07, can u_0199 access res_0155?",0,No,1,1.0,0.520470917224884,760.9359999187291,False,vanilla_rag,0
oa_1471,"At time 171 in context ctx_03, can u_0267 access res_0139?",0,No,1,1.0,0.46975764632225037,2779.7132001724094,False,vanilla_rag,0
oa_1477,"At time 113 in context ctx_01, can u_0454 access res_0088?",0,no,1,1.0,0.4714634418487549,3001.9339001737535,False,vanilla_rag,0
oa_1490,"At time 85 in context ctx_05, can u_0441 access res_0128?",0,no,1,1.0,0.4663412272930145,3077.8447999618948,False,vanilla_rag,0
oa_1492,"At time 141 in context ctx_05, can u_0078 access res_0036?",0,No,1,1.0,0.46536996960639954,727.3589998949319,False,vanilla_rag,0
oa_1506,"At time 114 in context ctx_02, can u_0087 access res_0121?",0,No,1,1.0,0.47231200337409973,752.733499975875,False,vanilla_rag,0
oa_1507,"At time 103 in context ctx_07, can u_0257 access res_0134?",0,No,1,1.0,0.4491221010684967,2972.9141001589596,False,vanilla_rag,0
oa_1515,"At time 107 in context ctx_03, can u_0292 access res_0186?",0,No,1,1.0,0.4730677604675293,2936.944500077516,False,vanilla_rag,0
oa_1518,"At time 172 in context ctx_04, can u_0184 access res_0172?",0,no,1,1.0,0.45019641518592834,2932.982799829915,False,vanilla_rag,0
oa_1519,"At time 132 in context ctx_04, can u_0017 access res_0021?",0,no,1,1.0,0.4994337260723114,2913.2672999985516,False,vanilla_rag,0
oa_1529,"At time 178 in context ctx_02, can u_0364 access res_0168?",0,No,1,1.0,0.4510677754878998,787.8550998866558,False,vanilla_rag,0
oa_1540,"At time 83 in context ctx_03, can u_0481 access res_0105?",0,no,1,1.0,0.48653578758239746,2751.5967001672834,False,vanilla_rag,0
oa_1544,"At time 82 in context ctx_02, can u_0435 access res_0142?",0,No,1,1.0,0.44643163681030273,2739.6815998945385,False,vanilla_rag,0
oa_1549,"At time 124 in context ctx_04, can u_0105 access res_0103?",0,No,1,1.0,0.4853684902191162,2897.276199888438,False,vanilla_rag,0
oa_1559,"At time 173 in context ctx_05, can u_0163 access res_0156?",0,no,1,1.0,0.458552747964859,3046.108700102195,False,vanilla_rag,0
oa_1560,"At time 89 in context ctx_01, can u_0059 access res_0142?",0,no,1,1.0,0.49043604731559753,3078.7546997889876,False,vanilla_rag,0
oa_1565,"At time 130 in context ctx_02, can u_0293 access res_0180?",0,No,1,1.0,0.4434677064418793,752.6503999251872,False,vanilla_rag,0
oa_1572,"At time 140 in context ctx_04, can u_0269 access res_0125?",0,No,1,1.0,0.4247224032878876,2923.0465998407453,False,vanilla_rag,0
oa_1575,"At time 70 in context ctx_06, can u_0320 access res_0129?",0,no,1,1.0,0.4456804096698761,2962.1623000130057,False,vanilla_rag,0
oa_1594,"At time 169 in context ctx_01, can u_0374 access res_0024?",0,No,1,1.0,0.4165409803390503,688.9130000490695,False,vanilla_rag,0
oa_1597,"At time 200 in context ctx_00, can u_0498 access res_0163?",0,no,1,1.0,0.4214257001876831,2798.7222999799997,False,vanilla_rag,0
oa_1605,"At time 93 in context ctx_05, can u_0002 access res_0030?",0,No,1,1.0,0.505821943283081,2827.930200146511,False,vanilla_rag,0
oa_1621,"At time 200 in context ctx_00, can u_0436 access res_0012?",0,No,1,1.0,0.4110872745513916,2883.56429990381,False,vanilla_rag,0
oa_1622,"At time 95 in context ctx_07, can u_0024 access res_0158?",0,No,1,1.0,0.4760032892227173,2816.130300052464,False,vanilla_rag,0
oa_1626,"At time 116 in context ctx_04, can u_0115 access res_0077?",0,No,1,1.0,0.4467415511608124,2827.111299848184,False,vanilla_rag,0
oa_1633,"At time 129 in context ctx_01, can u_0165 access res_0176?",0,No,1,1.0,0.4673701226711273,3023.926299996674,False,vanilla_rag,0
oa_1652,"At time 143 in context ctx_07, can u_0059 access res_0197?",0,No,1,1.0,0.4760119915008545,3019.2003999836743,False,vanilla_rag,0
oa_1654,"At time 159 in context ctx_07, can u_0362 access res_0198?",0,No,1,1.0,0.47040486335754395,838.1614000536501,False,vanilla_rag,0
oa_1664,"At time 145 in context ctx_01, can u_0323 access res_0091?",0,no,1,1.0,0.5113428235054016,2985.2603999897838,False,vanilla_rag,0
oa_1666,"At time 149 in context ctx_05, can u_0108 access res_0098?",0,No,1,1.0,0.49468234181404114,780.0163999199867,False,vanilla_rag,0
oa_1671,"At time 98 in context ctx_02, can u_0327 access res_0059?",0,No,1,1.0,0.515604555606842,2918.7905001454055,False,vanilla_rag,0
oa_1675,"At time 181 in context ctx_05, can u_0132 access res_0143?",0,no,1,1.0,0.4527713358402252,2993.4428001288325,False,vanilla_rag,0
oa_1685,"At time 96 in context ctx_00, can u_0407 access res_0126?",0,No,1,1.0,0.468046098947525,2823.2412999495864,False,vanilla_rag,0
oa_1688,"At time 104 in context ctx_00, can u_0180 access res_0156?",0,No,1,1.0,0.47201624512672424,2817.4857997801155,False,vanilla_rag,0
oa_1697,"At time 94 in context ctx_06, can u_0278 access res_0103?",0,No,1,1.0,0.5180583596229553,804.7295000869781,False,vanilla_rag,0
oa_1702,"At time 103 in context ctx_07, can u_0324 access res_0007?",0,No,1,1.0,0.44487425684928894,791.0007000900805,False,vanilla_rag,0
oa_1703,"At time 156 in context ctx_04, can u_0129 access res_0026?",0,No,1,1.0,0.435052752494812,3111.5657999180257,False,vanilla_rag,0
oa_1704,"At time 63 in context ctx_07, can u_0403 access res_0181?",0,No,1,1.0,0.4904344081878662,3065.0507998652756,False,vanilla_rag,0
oa_1722,"At time 119 in context ctx_07, can u_0105 access res_0095?",0,No,1,1.0,0.5245227813720703,774.3328001815826,False,vanilla_rag,0
oa_1725,"At time 126 in context ctx_06, can u_0277 access res_0156?",0,No,1,1.0,0.5040370225906372,2954.993300139904,False,vanilla_rag,0
oa_1749,"At time 126 in context ctx_06, can u_0004 access res_0046?",0,no,1,1.0,0.4934675991535187,2880.408899858594,False,vanilla_rag,0
oa_1767,"At time 98 in context ctx_02, can u_0286 access res_0170?",0,No,1,1.0,0.49455466866493225,2982.2937999852,False,vanilla_rag,0
oa_1768,"At time 103 in context ctx_07, can u_0352 access res_0048?",0,No,1,1.0,0.4548013210296631,2899.755399907008,False,vanilla_rag,0
oa_1769,"At time 75 in context ctx_03, can u_0055 access res_0046?",0,No,1,1.0,0.442107230424881,684.6147000323981,False,vanilla_rag,0
oa_1779,"At time 176 in context ctx_00, can u_0488 access res_0023?",0,no,1,1.0,0.45442748069763184,2741.634799866006,False,vanilla_rag,0
oa_1785,"At time 164 in context ctx_04, can u_0256 access res_0186?",0,no,1,1.0,0.4650155007839203,2699.6104000136256,False,vanilla_rag,0
oa_1789,"At time 180 in context ctx_04, can u_0414 access res_0139?",0,No,1,1.0,0.36807525157928467,2826.977099990472,False,vanilla_rag,0
oa_1791,"At time 194 in context ctx_02, can u_0129 access res_0110?",0,No,1,1.0,0.5121335387229919,686.0979998018593,False,vanilla_rag,0
oa_1792,"At time 171 in context ctx_03, can u_0004 access res_0025?",0,No,1,1.0,0.4636716842651367,749.3378000799567,False,vanilla_rag,0
oa_1803,"At time 129 in context ctx_01, can u_0375 access res_0160?",0,no,1,1.0,0.4548954665660858,3150.720000034198,False,vanilla_rag,0
oa_1806,"At time 65 in context ctx_01, can u_0052 access res_0159?",0,No,1,1.0,0.4084256589412689,3006.1653000302613,False,vanilla_rag,0
oa_1809,"At time 74 in context ctx_02, can u_0378 access res_0179?",0,no,1,1.0,0.49730241298675537,3037.3100000433624,False,vanilla_rag,0
oa_1810,"At time 84 in context ctx_04, can u_0111 access res_0018?",0,no,1,1.0,0.504737138748169,3007.539999904111,False,vanilla_rag,0
oa_1816,"At time 152 in context ctx_00, can u_0356 access res_0128?",0,no,1,1.0,0.46578821539878845,3040.8213001210243,False,vanilla_rag,0
oa_1825,"At time 64 in context ctx_00, can u_0192 access res_0146?",0,no,1,1.0,0.45116546750068665,2882.70780001767,False,vanilla_rag,0
oa_1827,"At time 157 in context ctx_05, can u_0333 access res_0111?",0,No,1,1.0,0.4716099798679352,2840.9122999291867,False,vanilla_rag,0
oa_1843,"At time 110 in context ctx_06, can u_0130 access res_0146?",0,No,1,1.0,0.41665780544281006,2855.4402000736445,False,vanilla_rag,0
oa_1881,"At time 66 in context ctx_02, can u_0203 access res_0185?",0,no,1,1.0,0.4990728199481964,3020.8143000490963,False,vanilla_rag,0
oa_1888,"At time 117 in context ctx_05, can u_0326 access res_0179?",0,No,1,1.0,0.4721163809299469,3317.488400032744,False,vanilla_rag,0
oa_1903,"At time 127 in context ctx_07, can u_0325 access res_0130?",0,No,1,1.0,0.36028823256492615,3543.0980999954045,False,vanilla_rag,0
oa_1907,"At time 115 in context ctx_03, can u_0081 access res_0043?",0,No,1,1.0,0.48465093970298767,3429.841799894348,False,vanilla_rag,0
oa_1913,"At time 197 in context ctx_05, can u_0166 access res_0066?",0,no,1,1.0,0.4882700443267822,3266.269600018859,False,vanilla_rag,0
oa_1929,"At time 94 in context ctx_06, can u_0059 access res_0012?",0,no,1,1.0,0.5380023121833801,3296.0924999788404,False,vanilla_rag,0
oa_1938,"At time 117 in context ctx_05, can u_0431 access res_0083?",0,No,1,1.0,0.4911991059780121,2983.0018000211567,False,vanilla_rag,0
oa_1954,"At time 133 in context ctx_05, can u_0026 access res_0019?",0,No,1,1.0,0.42959651350975037,2884.5816999673843,False,vanilla_rag,0
oa_1957,"At time 187 in context ctx_03, can u_0462 access res_0004?",0,No,1,1.0,0.49310722947120667,2731.6991998814046,False,vanilla_rag,0
oa_1961,"At time 87 in context ctx_07, can u_0230 access res_0006?",0,No,1,1.0,0.5092329978942871,3403.587199980393,False,vanilla_rag,0
oa_1963,"At time 143 in context ctx_07, can u_0395 access res_0046?",0,No,1,1.0,0.44962188601493835,3163.0555998999625,False,vanilla_rag,0
oa_1967,"At time 84 in context ctx_04, can u_0197 access res_0131?",0,No,1,1.0,0.4930417537689209,3117.207600036636,False,vanilla_rag,0
oa_1989,"At time 172 in context ctx_04, can u_0355 access res_0189?",0,No,1,1.0,0.4310479164123535,3012.7467000856996,False,vanilla_rag,0
oa_1990,"At time 187 in context ctx_03, can u_0376 access res_0083?",0,No,1,1.0,0.5068253874778748,795.1356000266969,False,vanilla_rag,0
oa_2031,"At time 163 in context ctx_03, can u_0377 access res_0185?",0,No,1,1.0,0.4763253629207611,707.2897001635283,False,vanilla_rag,0
oa_2032,"At time 182 in context ctx_06, can u_0217 access res_0165?",0,No,1,1.0,0.4728006422519684,797.9139999952167,False,vanilla_rag,0
oa_2052,"At time 83 in context ctx_03, can u_0231 access res_0050?",0,No,1,1.0,0.48312997817993164,3115.0028000120074,False,vanilla_rag,0
oa_2053,"At time 106 in context ctx_02, can u_0260 access res_0015?",0,No,1,1.0,0.48222610354423523,752.6872998569161,False,vanilla_rag,0
oa_2055,"At time 153 in context ctx_01, can u_0106 access res_0022?",0,no,1,1.0,0.46056413650512695,2907.8852999955416,False,vanilla_rag,0
oa_2069,"At time 162 in context ctx_02, can u_0188 access res_0003?",0,No,1,1.0,0.454243540763855,2906.4314998686314,False,vanilla_rag,0
oa_2084,"At time 102 in context ctx_06, can u_0036 access res_0104?",0,No,1,1.0,0.4347403943538666,3238.592800218612,False,vanilla_rag,0
oa_2092,"At time 153 in context ctx_01, can u_0149 access res_0059?",0,no,1,1.0,0.45362940430641174,3344.6235998999327,False,vanilla_rag,0
oa_2104,"At time 144 in context ctx_00, can u_0371 access res_0081?",0,No,1,1.0,0.4267962872982025,786.7764998227358,False,vanilla_rag,0
oa_2115,"At time 88 in context ctx_00, can u_0312 access res_0085?",0,No,1,1.0,0.48253488540649414,3675.382500048727,False,vanilla_rag,0
oa_2121,"At time 72 in context ctx_00, can u_0298 access res_0110?",0,No,1,1.0,0.4702374041080475,3566.876099910587,False,vanilla_rag,0
oa_2123,"At time 174 in context ctx_06, can u_0368 access res_0154?",0,No,1,1.0,0.4875892102718353,3102.2779000923038,False,vanilla_rag,0
oa_2129,"At time 82 in context ctx_02, can u_0338 access res_0185?",0,no,1,1.0,0.4431321322917938,3209.5953999087214,False,vanilla_rag,0
oa_2130,"At time 190 in context ctx_06, can u_0426 access res_0117?",0,no,1,1.0,0.427621454000473,3502.590699819848,False,vanilla_rag,0
oa_2137,"At time 117 in context ctx_05, can u_0020 access res_0018?",0,No,1,1.0,0.5135560035705566,3317.5839001778513,False,vanilla_rag,0
oa_2146,"At time 200 in context ctx_00, can u_0044 access res_0119?",0,No,1,1.0,0.4055500030517578,858.4944999311119,False,vanilla_rag,0
oa_2150,"At time 85 in context ctx_05, can u_0483 access res_0150?",0,No,1,1.0,0.4651165306568146,3126.1460999958217,False,vanilla_rag,0
oa_2208,"At time 96 in context ctx_00, can u_0101 access res_0099?",0,no,1,1.0,0.5167896151542664,2933.697799919173,False,vanilla_rag,0
oa_2212,"At time 169 in context ctx_01, can u_0399 access res_0191?",0,No,1,1.0,0.4300921857357025,779.112100135535,False,vanilla_rag,0
oa_2220,"At time 197 in context ctx_05, can u_0208 access res_0190?",0,No,1,1.0,0.49302566051483154,2969.984099967405,False,vanilla_rag,0
oa_2223,"At time 100 in context ctx_04, can u_0183 access res_0072?",0,No,1,1.0,0.4161088764667511,757.7402000315487,False,vanilla_rag,0
oa_2254,"At time 167 in context ctx_07, can u_0308 access res_0095?",0,No,1,1.0,0.5093302130699158,2940.007699886337,False,vanilla_rag,0
oa_2257,"At time 129 in context ctx_01, can u_0394 access res_0155?",0,no,1,1.0,0.47380220890045166,2949.322400148958,False,vanilla_rag,0
oa_2268,"At time 174 in context ctx_06, can u_0490 access res_0054?",0,no,1,1.0,0.477029412984848,2842.2930999659,False,vanilla_rag,0
oa_2282,"At time 177 in context ctx_01, can u_0003 access res_0107?",0,No,1,1.0,0.4549259841442108,2775.176400085911,False,vanilla_rag,0
oa_2293,"At time 122 in context ctx_02, can u_0362 access res_0184?",0,No,1,1.0,0.47291621565818787,3094.575099879876,False,vanilla_rag,0
oa_2294,"At time 173 in context ctx_05, can u_0470 access res_0103?",0,no,1,1.0,0.43786779046058655,2979.921899968758,False,vanilla_rag,0
oa_2300,"At time 157 in context ctx_05, can u_0403 access res_0086?",0,No,1,1.0,0.4624442756175995,3031.6284999717027,False,vanilla_rag,0
oa_2308,"At time 80 in context ctx_00, can u_0317 access res_0176?",0,No,1,1.0,0.3872949182987213,794.2031000275165,False,vanilla_rag,0
oa_2316,"At time 183 in context ctx_07, can u_0107 access res_0032?",0,No,1,1.0,0.5075302720069885,716.4993998594582,False,vanilla_rag,0
oa_2321,"At time 96 in context ctx_00, can u_0408 access res_0178?",0,No,1,1.0,0.4950471818447113,2970.408800058067,False,vanilla_rag,0
oa_2351,"At time 143 in context ctx_07, can u_0459 access res_0196?",0,No,1,1.0,0.46826350688934326,784.9794998764992,False,vanilla_rag,0
oa_2356,"At time 130 in context ctx_02, can u_0245 access res_0089?",0,No,1,1.0,0.45561495423316956,2933.6180000100285,False,vanilla_rag,0
oa_2358,"At time 86 in context ctx_06, can u_0409 access res_0116?",0,no,1,1.0,0.48340699076652527,2839.102900121361,False,vanilla_rag,0
oa_2371,"At time 138 in context ctx_02, can u_0235 access res_0038?",0,no,1,1.0,0.44748783111572266,2913.2012999616563,False,vanilla_rag,0
oa_2372,"At time 161 in context ctx_01, can u_0344 access res_0178?",0,no,1,1.0,0.48305103182792664,2768.431799951941,False,vanilla_rag,0
oa_2373,"At time 184 in context ctx_00, can u_0405 access res_0146?",0,no,1,1.0,0.4666060209274292,2787.764099892229,False,vanilla_rag,0
oa_2378,"At time 111 in context ctx_07, can u_0289 access res_0177?",0,No,1,1.0,0.4961127042770386,3042.47450013645,False,vanilla_rag,0
oa_2384,"At time 107 in context ctx_03, can u_0275 access res_0163?",0,No,1,1.0,0.468102365732193,3111.8610000703484,False,vanilla_rag,0
oa_2394,"At time 106 in context ctx_02, can u_0117 access res_0164?",0,No,1,1.0,0.46038225293159485,743.666100082919,False,vanilla_rag,0
oa_2397,"At time 178 in context ctx_02, can u_0358 access res_0163?",0,No,1,1.0,0.4700283706188202,745.9680000320077,False,vanilla_rag,0
oa_2402,"At time 104 in context ctx_00, can u_0149 access res_0090?",0,no,1,1.0,0.4864548146724701,3056.503399973735,False,vanilla_rag,0
oa_2403,"At time 170 in context ctx_02, can u_0165 access res_0184?",0,No,1,1.0,0.4375123977661133,727.1734999958426,False,vanilla_rag,0
oa_2406,"At time 121 in context ctx_01, can u_0102 access res_0030?",0,No,1,1.0,0.5118420720100403,816.9051001314074,False,vanilla_rag,0
oa_2414,"At time 72 in context ctx_00, can u_0011 access res_0195?",0,no,1,1.0,0.49735406041145325,2907.0448998827487,False,vanilla_rag,0
oa_2427,"At time 125 in context ctx_05, can u_0199 access res_0069?",0,No,1,1.0,0.4985874593257904,756.5005000215024,False,vanilla_rag,0
oa_2441,"At time 157 in context ctx_05, can u_0343 access res_0040?",0,no,1,1.0,0.46048232913017273,2785.2638999465853,False,vanilla_rag,0
oa_2445,"At time 137 in context ctx_01, can u_0125 access res_0041?",0,no,1,1.0,0.4249541759490967,2725.6163000129163,False,vanilla_rag,0
oa_2449,"At time 117 in context ctx_05, can u_0263 access res_0042?",0,No,1,1.0,0.4882303774356842,2795.462799957022,False,vanilla_rag,0
oa_2451,"At time 92 in context ctx_04, can u_0328 access res_0118?",0,No,1,1.0,0.4826812446117401,3253.8211999926716,False,vanilla_rag,0
oa_2452,"At time 96 in context ctx_00, can u_0223 access res_0159?",0,no,1,1.0,0.4930267035961151,2959.3328998889774,False,vanilla_rag,0
oa_2459,"At time 184 in context ctx_00, can u_0176 access res_0156?",0,no,1,1.0,0.4797305166721344,3029.32700002566,False,vanilla_rag,0
oa_2461,"At time 147 in context ctx_03, can u_0134 access res_0054?",0,No,1,1.0,0.48075568675994873,787.4251001048833,False,vanilla_rag,0
oa_2466,"At time 196 in context ctx_04, can u_0190 access res_0030?",0,no,1,1.0,0.444543719291687,2952.961999922991,False,vanilla_rag,0
oa_2467,"At time 103 in context ctx_07, can u_0401 access res_0126?",0,No,1,1.0,0.4384096562862396,2873.6550000030547,False,vanilla_rag,0
oa_2469,"At time 200 in context ctx_00, can u_0063 access res_0084?",0,No,1,1.0,0.41304993629455566,2843.7125000637025,False,vanilla_rag,0
oa_2473,"At time 123 in context ctx_03, can u_0345 access res_0063?",0,No,1,1.0,0.4414776563644409,703.367100097239,False,vanilla_rag,0
oa_2477,"At time 164 in context ctx_04, can u_0240 access res_0045?",0,no,1,1.0,0.4831700325012207,2885.2160999085754,False,vanilla_rag,0
oa_2479,"At time 164 in context ctx_04, can u_0465 access res_0146?",0,no,1,1.0,0.45246079564094543,2765.2422999963164,False,vanilla_rag,0
oa_2480,"At time 64 in context ctx_00, can u_0374 access res_0188?",0,No,1,1.0,0.4676688015460968,3042.3524000216275,False,vanilla_rag,0
oa_2484,"At time 76 in context ctx_04, can u_0415 access res_0104?",0,no,1,1.0,0.44028007984161377,3149.5377998799086,False,vanilla_rag,0
oa_2501,"At time 120 in context ctx_00, can u_0370 access res_0102?",0,No,1,1.0,0.42299187183380127,744.3036998156458,False,vanilla_rag,0
oa_2503,"At time 197 in context ctx_05, can u_0018 access res_0112?",0,No,1,1.0,0.5132973790168762,2991.391200106591,False,vanilla_rag,0
oa_2521,"At time 88 in context ctx_00, can u_0260 access res_0150?",0,no,1,1.0,0.4758263826370239,2936.8219000753015,False,vanilla_rag,0
oa_2540,"At time 162 in context ctx_02, can u_0359 access res_0158?",0,No,1,1.0,0.43465614318847656,759.796799859032,False,vanilla_rag,0
oa_2541,"At time 76 in context ctx_04, can u_0402 access res_0154?",0,no,1,1.0,0.4524628221988678,2928.3862998709083,False,vanilla_rag,0
oa_2556,"At time 147 in context ctx_03, can u_0151 access res_0061?",0,No,1,1.0,0.4797995984554291,799.9348000157624,False,vanilla_rag,0
oa_2578,"At time 173 in context ctx_05, can u_0395 access res_0187?",0,yes,0,0.0,0.46124422550201416,2916.624799836427,False,vanilla_rag,0
oa_2587,"At time 152 in context ctx_00, can u_0056 access res_0123?",0,no,1,1.0,0.45052340626716614,2858.311800053343,False,vanilla_rag,0
oa_2590,"At time 64 in context ctx_00, can u_0042 access res_0019?",0,no,1,1.0,0.4612579643726349,2741.7703000828624,False,vanilla_rag,0
oa_2597,"At time 164 in context ctx_04, can u_0107 access res_0044?",0,No,1,1.0,0.4895198345184326,2782.3698001448065,False,vanilla_rag,0
oa_2607,"At time 136 in context ctx_00, can u_0196 access res_0013?",0,pol_019,0,0.0,0.4902336597442627,2036.0755999572575,False,vanilla_rag,0
oa_2621,"At time 109 in context ctx_05, can u_0256 access res_0046?",0,no,1,1.0,0.4447430372238159,3162.646599812433,False,vanilla_rag,0
oa_2626,"At time 181 in context ctx_05, can u_0136 access res_0115?",0,No,1,1.0,0.4434548318386078,807.3863000608981,False,vanilla_rag,0
oa_2636,"At time 152 in context ctx_00, can u_0077 access res_0059?",0,no,1,1.0,0.47470927238464355,2893.720799824223,False,vanilla_rag,0
oa_2653,"At time 89 in context ctx_01, can u_0332 access res_0093?",0,no,1,1.0,0.4951125383377075,2955.2666998934,False,vanilla_rag,0
oa_2656,"At time 99 in context ctx_03, can u_0322 access res_0004?",0,No,1,1.0,0.4966218173503876,778.1239000614733,False,vanilla_rag,0
oa_2658,"At time 86 in context ctx_06, can u_0226 access res_0129?",0,No,1,1.0,0.46744027733802795,2932.3680999223143,False,vanilla_rag,0
oa_2664,"At time 116 in context ctx_04, can u_0143 access res_0138?",0,No,1,1.0,0.4332328140735626,2849.3250000756234,False,vanilla_rag,0
oa_2670,"At time 99 in context ctx_03, can u_0022 access res_0006?",0,No,1,1.0,0.4979398250579834,2839.887300040573,False,vanilla_rag,0
oa_2678,"At time 137 in context ctx_01, can u_0089 access res_0072?",0,no,1,1.0,0.4494001567363739,2727.213599951938,False,vanilla_rag,0
oa_2691,"At time 191 in context ctx_07, can u_0429 access res_0114?",0,No,1,1.0,0.5052826404571533,2772.570700151846,False,vanilla_rag,0
oa_2704,"At time 154 in context ctx_02, can u_0498 access res_0046?",0,No,1,1.0,0.4984678030014038,2959.159499965608,False,vanilla_rag,0
oa_2708,"At time 107 in context ctx_03, can u_0149 access res_0182?",0,No,1,1.0,0.4853505790233612,3233.5343998856843,False,vanilla_rag,0
oa_2724,"At time 139 in context ctx_03, can u_0421 access res_0157?",0,no,1,1.0,0.42602595686912537,2938.377399928868,False,vanilla_rag,0
oa_2725,"At time 169 in context ctx_01, can u_0122 access res_0090?",0,No,1,1.0,0.41768404841423035,3073.8289000000805,False,vanilla_rag,0
oa_2729,"At time 175 in context ctx_07, can u_0139 access res_0090?",0,No,1,1.0,0.4397895634174347,2936.360300052911,False,vanilla_rag,0
oa_2731,"At time 188 in context ctx_04, can u_0030 access res_0086?",0,no,1,1.0,0.45877203345298767,2939.0041001606733,False,vanilla_rag,0
oa_2736,"At time 77 in context ctx_05, can u_0336 access res_0007?",0,no,1,1.0,0.4802936613559723,2849.0670998580754,False,vanilla_rag,0
oa_2739,"At time 160 in context ctx_00, can u_0119 access res_0073?",0,no,1,1.0,0.43036308884620667,2824.3239000439644,False,vanilla_rag,0
oa_2744,"At time 93 in context ctx_05, can u_0488 access res_0095?",0,No,1,1.0,0.5188990235328674,2845.3629999421537,False,vanilla_rag,0
oa_2746,"At time 135 in context ctx_07, can u_0393 access res_0017?",0,No,1,1.0,0.49232396483421326,810.0111000239849,False,vanilla_rag,0
oa_2751,"At time 195 in context ctx_03, can u_0314 access res_0077?",0,No,1,1.0,0.46174755692481995,831.636100076139,False,vanilla_rag,0
oa_2761,"At time 176 in context ctx_00, can u_0460 access res_0169?",0,no,1,1.0,0.4589513838291168,3221.462800167501,False,vanilla_rag,0
oa_2764,"At time 82 in context ctx_02, can u_0430 access res_0008?",0,no,1,1.0,0.4639343321323395,3013.138300040737,False,vanilla_rag,0
oa_2767,"At time 129 in context ctx_01, can u_0001 access res_0059?",0,no,1,1.0,0.4801758825778961,3073.371500009671,False,vanilla_rag,0
oa_2784,"At time 76 in context ctx_04, can u_0438 access res_0065?",0,no,1,1.0,0.42059218883514404,2897.589100059122,False,vanilla_rag,0
oa_2787,"At time 65 in context ctx_01, can u_0221 access res_0115?",0,no,1,1.0,0.3982529640197754,3020.5274000763893,False,vanilla_rag,0
oa_2788,"At time 114 in context ctx_02, can u_0183 access res_0041?",0,No,1,1.0,0.47861751914024353,3043.2392999064177,False,vanilla_rag,0
oa_2804,"At time 127 in context ctx_07, can u_0446 access res_0156?",0,No,1,1.0,0.33760929107666016,749.0276000462472,False,vanilla_rag,0
oa_2815,"At time 109 in context ctx_05, can u_0423 access res_0143?",0,no,1,1.0,0.4477201998233795,2877.6640999130905,False,vanilla_rag,0
oa_2821,"At time 142 in context ctx_06, can u_0132 access res_0107?",0,no,1,1.0,0.4953292906284332,2796.858999878168,False,vanilla_rag,0
oa_2829,"At time 152 in context ctx_00, can u_0031 access res_0091?",0,no,1,1.0,0.4782167673110962,3264.9044999852777,False,vanilla_rag,0
oa_2839,"At time 116 in context ctx_04, can u_0169 access res_0035?",0,No,1,1.0,0.45941486954689026,3212.6986000221223,False,vanilla_rag,0
oa_2843,"At time 94 in context ctx_06, can u_0360 access res_0028?",0,no,1,1.0,0.5056217312812805,3192.3540998250246,False,vanilla_rag,0
oa_2849,"At time 108 in context ctx_04, can u_0242 access res_0199?",0,No,1,1.0,0.4346906840801239,805.7291998993605,False,vanilla_rag,0
oa_2869,"At time 197 in context ctx_05, can u_0147 access res_0062?",0,no,1,1.0,0.49261799454689026,2983.994900016114,False,vanilla_rag,0
oa_2885,"At time 190 in context ctx_06, can u_0419 access res_0050?",0,no,1,1.0,0.4458203613758087,2982.3977001942694,False,vanilla_rag,0
oa_2887,"At time 108 in context ctx_04, can u_0421 access res_0151?",0,None,0,0.0,0.395267516374588,3018.431100063026,False,vanilla_rag,0
oa_2889,"At time 129 in context ctx_01, can u_0090 access res_0105?",0,no,1,1.0,0.470522403717041,2787.702400004491,False,vanilla_rag,0
oa_2898,"At time 155 in context ctx_03, can u_0262 access res_0151?",0,No,1,1.0,0.47922125458717346,729.8723000567406,False,vanilla_rag,0
oa_2911,"At time 109 in context ctx_05, can u_0270 access res_0032?",0,No,1,1.0,0.45991143584251404,2748.7645999062806,False,vanilla_rag,0
oa_2920,"At time 180 in context ctx_04, can u_0148 access res_0003?",0,No,1,1.0,0.39539337158203125,700.6902999710292,False,vanilla_rag,0
oa_2925,"At time 102 in context ctx_06, can u_0358 access res_0127?",0,no,1,1.0,0.4361023008823395,2736.1604999750853,False,vanilla_rag,0
oa_2933,"At time 146 in context ctx_02, can u_0023 access res_0011?",0,No,1,1.0,0.50725919008255,3122.6188000291586,False,vanilla_rag,0
oa_2936,"At time 83 in context ctx_03, can u_0001 access res_0052?",0,No,1,1.0,0.49179205298423767,2953.1541999895126,False,vanilla_rag,0
oa_2937,"At time 91 in context ctx_03, can u_0233 access res_0010?",0,No,1,1.0,0.5317732691764832,813.7380999978632,False,vanilla_rag,0
oa_2942,"At time 152 in context ctx_00, can u_0419 access res_0065?",0,yes,0,0.0,0.4489840567111969,3104.2804999742657,False,vanilla_rag,0
oa_2943,"At time 129 in context ctx_01, can u_0335 access res_0172?",0,no,1,1.0,0.4626356065273285,2993.523599812761,False,vanilla_rag,0
oa_2956,"At time 157 in context ctx_05, can u_0143 access res_0149?",0,No,1,1.0,0.48140570521354675,2878.327799960971,False,vanilla_rag,0
oa_2962,"At time 121 in context ctx_01, can u_0214 access res_0026?",0,no,1,1.0,0.48619428277015686,3083.07689987123,False,vanilla_rag,0
oa_2967,"At time 158 in context ctx_06, can u_0291 access res_0168?",0,no,1,1.0,0.4930807054042816,2933.184599969536,False,vanilla_rag,0
oa_2996,"At time 125 in context ctx_05, can u_0423 access res_0047?",0,No,1,1.0,0.4754757881164551,3107.846099883318,False,vanilla_rag,0
oa_3005,"At time 157 in context ctx_05, can u_0164 access res_0137?",0,no,1,1.0,0.4737113416194916,3150.7846999447793,False,vanilla_rag,0
oa_3008,"At time 114 in context ctx_02, can u_0393 access res_0160?",0,No,1,1.0,0.46326062083244324,704.3022001162171,False,vanilla_rag,0
oa_3017,"At time 169 in context ctx_01, can u_0239 access res_0024?",0,No,1,1.0,0.4087638854980469,772.1333999652416,False,vanilla_rag,0
oa_3023,"At time 63 in context ctx_07, can u_0117 access res_0006?",0,no,1,1.0,0.48337674140930176,2926.8742001149803,False,vanilla_rag,0
oa_3024,"At time 89 in context ctx_01, can u_0167 access res_0070?",0,no,1,1.0,0.5058531165122986,3002.5839000009,False,vanilla_rag,0
oa_3032,"At time 199 in context ctx_07, can u_0375 access res_0148?",0,No,1,1.0,0.45884940028190613,2906.5600000321865,False,vanilla_rag,0
oa_3041,"At time 72 in context ctx_00, can u_0117 access res_0034?",0,no,1,1.0,0.46279001235961914,2932.2883000131696,False,vanilla_rag,0
oa_3043,"At time 153 in context ctx_01, can u_0367 access res_0058?",0,no,1,1.0,0.46053531765937805,2848.03540003486,False,vanilla_rag,0
oa_3044,"At time 176 in context ctx_00, can u_0192 access res_0070?",0,no,1,1.0,0.46987414360046387,3069.7500000242144,False,vanilla_rag,0
oa_3045,"At time 69 in context ctx_05, can u_0456 access res_0195?",0,No,1,1.0,0.4968680441379547,3205.7845999952406,False,vanilla_rag,0
oa_3047,"At time 173 in context ctx_05, can u_0267 access res_0092?",0,no,1,1.0,0.46206703782081604,3161.1299000214785,False,vanilla_rag,0
oa_3051,"At time 107 in context ctx_03, can u_0297 access res_0065?",0,No,1,1.0,0.4753652811050415,2988.5251000523567,False,vanilla_rag,0
oa_3076,"At time 115 in context ctx_03, can u_0411 access res_0181?",0,No,1,1.0,0.46898210048675537,2903.6939998622984,False,vanilla_rag,0
oa_3083,"At time 144 in context ctx_00, can u_0179 access res_0129?",0,No,1,1.0,0.4236161708831787,809.691600035876,False,vanilla_rag,0
oa_3085,"At time 196 in context ctx_04, can u_0156 access res_0044?",0,no,1,1.0,0.42238178849220276,2980.144999921322,False,vanilla_rag,0
oa_3096,"At time 132 in context ctx_04, can u_0140 access res_0014?",0,no,1,1.0,0.49291977286338806,2828.6836999468505,False,vanilla_rag,0
oa_3101,"At time 126 in context ctx_06, can u_0013 access res_0150?",0,yes,0,0.0,0.5192610621452332,2770.992400124669,False,vanilla_rag,0
oa_3104,"At time 191 in context ctx_07, can u_0163 access res_0149?",0,No,1,1.0,0.5186042189598083,698.555100010708,False,vanilla_rag,0
oa_3124,"At time 141 in context ctx_05, can u_0345 access res_0188?",0,No,1,1.0,0.4767703115940094,2807.792699895799,False,vanilla_rag,0
oa_3131,"At time 178 in context ctx_02, can u_0430 access res_0129?",0,No,1,1.0,0.4619279205799103,700.0464999582618,False,vanilla_rag,0
oa_3140,"At time 98 in context ctx_02, can u_0258 access res_0075?",0,no,1,1.0,0.519501268863678,2772.5680998992175,False,vanilla_rag,0
oa_3143,"At time 129 in context ctx_01, can u_0280 access res_0052?",0,No,1,1.0,0.4589882791042328,703.0250998213887,False,vanilla_rag,0
oa_3147,"At time 112 in context ctx_00, can u_0107 access res_0196?",0,No,1,1.0,0.49822601675987244,752.1506999619305,False,vanilla_rag,0
oa_3152,"At time 184 in context ctx_00, can u_0497 access res_0051?",0,no,1,1.0,0.46888864040374756,3171.6921001207083,False,vanilla_rag,0
oa_3153,"At time 66 in context ctx_02, can u_0044 access res_0095?",0,No,1,1.0,0.5075798034667969,767.0530998148024,False,vanilla_rag,0
oa_3167,"At time 182 in context ctx_06, can u_0094 access res_0071?",0,No,1,1.0,0.478780061006546,3076.118899974972,False,vanilla_rag,0
oa_3175,"At time 193 in context ctx_01, can u_0184 access res_0151?",0,No,1,1.0,0.4703340232372284,3148.9961000625044,False,vanilla_rag,0
oa_3178,"At time 77 in context ctx_05, can u_0463 access res_0160?",0,No The given facts do not provide any information about whether u_0463 can access res_016,1,1.0,0.4788232743740082,2939.041000092402,False,vanilla_rag,0
oa_3183,"At time 160 in context ctx_00, can u_0281 access res_0056?",0,No,1,1.0,0.4359215199947357,2858.813999919221,False,vanilla_rag,0
oa_3202,"At time 193 in context ctx_01, can u_0046 access res_0151?",0,No,1,1.0,0.4371853172779083,750.5912999622524,False,vanilla_rag,0
oa_3205,"At time 68 in context ctx_04, can u_0190 access res_0169?",0,No,1,1.0,0.48426270484924316,734.5545999705791,False,vanilla_rag,0
oa_3211,"At time 85 in context ctx_05, can u_0226 access res_0137?",0,no,1,1.0,0.46204498410224915,2861.979000037536,False,vanilla_rag,0
oa_3226,"At time 172 in context ctx_04, can u_0166 access res_0154?",0,No,1,1.0,0.42762264609336853,2856.3918999861926,False,vanilla_rag,0
oa_3234,"At time 86 in context ctx_06, can u_0376 access res_0142?",0,No The given facts do not provide any information about whether u_0376 can access res_014,1,1.0,0.48492762446403503,3076.5404000412673,False,vanilla_rag,0
oa_3236,"At time 152 in context ctx_00, can u_0007 access res_0026?",0,no,1,1.0,0.4513354003429413,3094.5751999970526,False,vanilla_rag,0
oa_3249,"At time 91 in context ctx_03, can u_0405 access res_0097?",0,no,1,1.0,0.536340594291687,3073.110400000587,False,vanilla_rag,0
oa_3260,"At time 161 in context ctx_01, can u_0413 access res_0184?",0,no,1,1.0,0.478849321603775,2999.985900009051,False,vanilla_rag,0
oa_3263,"At time 77 in context ctx_05, can u_0217 access res_0160?",0,no,1,1.0,0.4865362346172333,3020.0944000389427,False,vanilla_rag,0
oa_3266,"At time 158 in context ctx_06, can u_0251 access res_0118?",0,pol_025,0,0.0,0.4604616165161133,2995.6150997895747,False,vanilla_rag,0
oa_3267,"At time 141 in context ctx_05, can u_0110 access res_0118?",0,No,1,1.0,0.4605979919433594,2922.492900164798,False,vanilla_rag,0
oa_3286,"At time 71 in context ctx_07, can u_0484 access res_0070?",0,No The given facts do not provide any information about whether u_0484 can access res_007,1,1.0,0.4957594573497772,2739.17519999668,False,vanilla_rag,0
oa_3291,"At time 134 in context ctx_06, can u_0048 access res_0128?",0,No,1,1.0,0.47119393944740295,2740.1682999916375,False,vanilla_rag,0
oa_3295,"At time 143 in context ctx_07, can u_0350 access res_0087?",0,No,1,1.0,0.4662356674671173,2790.090600028634,False,vanilla_rag,0
oa_3302,"At time 154 in context ctx_02, can u_0392 access res_0009?",0,no,1,1.0,0.5097612738609314,2772.1488000825047,False,vanilla_rag,0
oa_3304,"At time 70 in context ctx_06, can u_0332 access res_0032?",0,no,1,1.0,0.438477486371994,3136.91100012511,False,vanilla_rag,0
oa_3320,"At time 156 in context ctx_04, can u_0494 access res_0017?",0,no,1,1.0,0.4872429668903351,3093.4534000698477,False,vanilla_rag,0
oa_3325,"At time 140 in context ctx_04, can u_0258 access res_0095?",0,no,1,1.0,0.43924903869628906,3244.7277000173926,False,vanilla_rag,0
oa_3342,"At time 160 in context ctx_00, can u_0162 access res_0164?",0,No,1,1.0,0.423098087310791,709.5584999769926,False,vanilla_rag,0
oa_3347,"At time 173 in context ctx_05, can u_0454 access res_0092?",0,No,1,1.0,0.4522368907928467,3142.6651999354362,False,vanilla_rag,0
oa_3357,"At time 79 in context ctx_07, can u_0103 access res_0025?",0,No,1,1.0,0.4727116823196411,750.070400070399,False,vanilla_rag,0
oa_3365,"At time 131 in context ctx_03, can u_0372 access res_0195?",0,no,1,1.0,0.46971556544303894,2894.9526001233608,False,vanilla_rag,0
oa_3368,"At time 144 in context ctx_00, can u_0187 access res_0016?",0,No,1,1.0,0.43859922885894775,2840.822000056505,False,vanilla_rag,0
oa_3394,"At time 79 in context ctx_07, can u_0273 access res_0172?",0,no,1,1.0,0.472741037607193,2823.314500041306,False,vanilla_rag,0
oa_3397,"At time 140 in context ctx_04, can u_0233 access res_0083?",0,No,1,1.0,0.4312792122364044,2724.5951001532376,False,vanilla_rag,0
oa_3398,"At time 185 in context ctx_01, can u_0499 access res_0010?",0,No,1,1.0,0.4746280610561371,2751.737599959597,False,vanilla_rag,0
oa_3401,"At time 124 in context ctx_04, can u_0072 access res_0037?",0,No,1,1.0,0.4804252088069916,2733.9987999293953,False,vanilla_rag,0
oa_3404,"At time 65 in context ctx_01, can u_0096 access res_0087?",0,No,1,1.0,0.4330621659755707,3473.079700022936,False,vanilla_rag,0
oa_3414,"At time 113 in context ctx_01, can u_0461 access res_0073?",0,no,1,1.0,0.46760448813438416,3187.2568000108004,False,vanilla_rag,0
oa_3416,"At time 166 in context ctx_06, can u_0280 access res_0086?",0,no,1,1.0,0.4692446291446686,3107.5089999940246,False,vanilla_rag,0
oa_3417,"At time 172 in context ctx_04, can u_0105 access res_0006?",0,No,1,1.0,0.4461064338684082,3229.9760000314564,False,vanilla_rag,0
oa_3422,"At time 79 in context ctx_07, can u_0309 access res_0077?",0,No,1,1.0,0.4806378185749054,2997.211799956858,False,vanilla_rag,0
oa_3423,"At time 101 in context ctx_05, can u_0043 access res_0144?",0,No,1,1.0,0.46876224875450134,784.370900131762,False,vanilla_rag,0
oa_3426,"At time 112 in context ctx_00, can u_0183 access res_0004?",0,No,1,1.0,0.4919217526912689,805.7335999328643,False,vanilla_rag,0
oa_3435,"At time 174 in context ctx_06, can u_0218 access res_0030?",0,no,1,1.0,0.48222553730010986,2890.349500114098,False,vanilla_rag,0
oa_3438,"At time 185 in context ctx_01, can u_0329 access res_0125?",0,No,1,1.0,0.4303767681121826,2877.763499971479,False,vanilla_rag,0
oa_3441,"At time 173 in context ctx_05, can u_0159 access res_0149?",0,no,1,1.0,0.4602489769458771,2915.7388999592513,False,vanilla_rag,0
oa_3445,"At time 140 in context ctx_04, can u_0419 access res_0038?",0,no,1,1.0,0.38526058197021484,2784.99300009571,False,vanilla_rag,0
oa_3454,"At time 97 in context ctx_01, can u_0125 access res_0196?",0,no,1,1.0,0.5197229981422424,3161.1480000428855,False,vanilla_rag,0
oa_3457,"At time 148 in context ctx_04, can u_0494 access res_0164?",0,no,1,1.0,0.4663918912410736,3132.1171999443322,False,vanilla_rag,0
oa_3458,"At time 161 in context ctx_01, can u_0121 access res_0180?",0,No,1,1.0,0.4727769196033478,766.008900012821,False,vanilla_rag,0
oa_3465,"At time 157 in context ctx_05, can u_0296 access res_0132?",0,no,1,1.0,0.48513635993003845,2946.7917000874877,False,vanilla_rag,0
oa_3467,"At time 137 in context ctx_01, can u_0133 access res_0185?",0,no,1,1.0,0.4296187460422516,2987.9737000446767,False,vanilla_rag,0
oa_3475,"At time 96 in context ctx_00, can u_0453 access res_0104?",0,no,1,1.0,0.4864378273487091,3069.071799982339,False,vanilla_rag,0
oa_3486,"At time 64 in context ctx_00, can u_0005 access res_0065?",0,no,1,1.0,0.44153156876564026,2979.508699849248,False,vanilla_rag,0
oa_3489,"At time 110 in context ctx_06, can u_0146 access res_0199?",0,no,1,1.0,0.43182530999183655,2854.8256000503898,False,vanilla_rag,0
oa_3490,"At time 171 in context ctx_03, can u_0318 access res_0179?",0,No,1,1.0,0.4640733003616333,705.2776000928134,False,vanilla_rag,0
oa_3492,"At time 86 in context ctx_06, can u_0035 access res_0076?",0,No,1,1.0,0.4732395112514496,2696.585200028494,False,vanilla_rag,0
oa_3494,"At time 176 in context ctx_00, can u_0448 access res_0176?",0,No,1,1.0,0.44699275493621826,2855.2666001487523,False,vanilla_rag,0
oa_3531,"At time 78 in context ctx_06, can u_0075 access res_0034?",0,no,1,1.0,0.4793073236942291,3092.9934999439865,False,vanilla_rag,0
oa_3532,"At time 98 in context ctx_02, can u_0220 access res_0055?",0,no,1,1.0,0.4988248646259308,3077.460200060159,False,vanilla_rag,0
oa_3536,"At time 187 in context ctx_03, can u_0263 access res_0036?",0,No,1,1.0,0.4955742359161377,731.7987999413162,False,vanilla_rag,0
oa_3556,"At time 90 in context ctx_02, can u_0392 access res_0155?",0,No,1,1.0,0.4548834264278412,841.3048998918384,False,vanilla_rag,0
oa_3567,"At time 158 in context ctx_06, can u_0332 access res_0082?",0,no,1,1.0,0.48119139671325684,3029.1889999061823,False,vanilla_rag,0
oa_3615,"At time 98 in context ctx_02, can u_0314 access res_0191?",0,No,1,1.0,0.5285294651985168,789.6732999943197,False,vanilla_rag,0
oa_3623,"At time 143 in context ctx_07, can u_0366 access res_0090?",0,No,1,1.0,0.45462965965270996,788.284300127998,False,vanilla_rag,0
oa_3626,"At time 80 in context ctx_00, can u_0090 access res_0066?",0,no,1,1.0,0.3810802698135376,2949.563300004229,False,vanilla_rag,0
oa_3637,"At time 146 in context ctx_02, can u_0013 access res_0148?",0,no,1,1.0,0.5063912272453308,2936.427199980244,False,vanilla_rag,0
oa_3641,"At time 98 in context ctx_02, can u_0405 access res_0053?",0,no,1,1.0,0.5088071227073669,2969.6635000873357,False,vanilla_rag,0
oa_3642,"At time 136 in context ctx_00, can u_0046 access res_0026?",0,no,1,1.0,0.38505056500434875,2796.046599978581,False,vanilla_rag,0
oa_3643,"At time 95 in context ctx_07, can u_0236 access res_0045?",0,no,1,1.0,0.48145461082458496,2787.4072999693453,False,vanilla_rag,0
oa_3645,"At time 184 in context ctx_00, can u_0282 access res_0181?",0,No,1,1.0,0.4899516999721527,3042.046000016853,False,vanilla_rag,0
oa_3648,"At time 189 in context ctx_05, can u_0028 access res_0190?",0,No,1,1.0,0.507382333278656,3061.471899971366,False,vanilla_rag,0
oa_3654,"At time 196 in context ctx_04, can u_0475 access res_0054?",0,no,1,1.0,0.416754812002182,3125.4332000389695,False,vanilla_rag,0
oa_3656,"At time 153 in context ctx_01, can u_0094 access res_0092?",0,no,1,1.0,0.4627489149570465,3017.6682001911104,False,vanilla_rag,0
oa_3659,"At time 120 in context ctx_00, can u_0326 access res_0072?",0,No,1,1.0,0.39253678917884827,759.0338999871165,False,vanilla_rag,0
oa_3669,"At time 72 in context ctx_00, can u_0371 access res_0144?",0,No,1,1.0,0.46908366680145264,2969.253299990669,False,vanilla_rag,0
oa_3671,"At time 139 in context ctx_03, can u_0150 access res_0041?",0,No,1,1.0,0.44387006759643555,2932.6766000594944,False,vanilla_rag,0
oa_3674,"At time 89 in context ctx_01, can u_0446 access res_0031?",0,No,1,1.0,0.4766611158847809,2820.289900060743,False,vanilla_rag,0
oa_3691,"At time 162 in context ctx_02, can u_0071 access res_0121?",0,No,1,1.0,0.4603687822818756,734.290599822998,False,vanilla_rag,0
oa_3699,"At time 168 in context ctx_00, can u_0407 access res_0067?",0,No,1,1.0,0.42381179332733154,2813.807599944994,False,vanilla_rag,0
oa_3710,"At time 64 in context ctx_00, can u_0485 access res_0064?",0,no,1,1.0,0.3983534872531891,3003.78999998793,False,vanilla_rag,0
oa_3714,"At time 159 in context ctx_07, can u_0142 access res_0119?",0,no,1,1.0,0.46690502762794495,3010.1125000510365,False,vanilla_rag,0
oa_3719,"At time 139 in context ctx_03, can u_0204 access res_0026?",0,No,1,1.0,0.4328020513057709,791.1366000771523,False,vanilla_rag,0
oa_3731,"At time 94 in context ctx_06, can u_0418 access res_0018?",0,no,1,1.0,0.5201775431632996,2932.627599919215,False,vanilla_rag,0
oa_3751,"At time 89 in context ctx_01, can u_0269 access res_0048?",0,No,1,1.0,0.511902391910553,2987.8692000638694,False,vanilla_rag,0
oa_3755,"At time 89 in context ctx_01, can u_0402 access res_0075?",0,No,1,1.0,0.49962887167930603,3020.194600103423,False,vanilla_rag,0
oa_3757,"At time 95 in context ctx_07, can u_0038 access res_0097?",0,No,1,1.0,0.48207521438598633,817.2925999388099,False,vanilla_rag,0
oa_3759,"At time 123 in context ctx_03, can u_0322 access res_0169?",0,No,1,1.0,0.4659053385257721,2824.5663999114186,False,vanilla_rag,0
oa_3774,"At time 159 in context ctx_07, can u_0228 access res_0114?",0,No,1,1.0,0.4715980589389801,2849.5253000874072,False,vanilla_rag,0
oa_3788,"At time 95 in context ctx_07, can u_0304 access res_0116?",0,No,1,1.0,0.4916154146194458,2829.1142999660224,False,vanilla_rag,0
oa_3819,"At time 96 in context ctx_00, can u_0174 access res_0068?",0,no,1,1.0,0.5026804804801941,2887.5529000069946,False,vanilla_rag,0
oa_3824,"At time 169 in context ctx_01, can u_0413 access res_0157?",0,No,1,1.0,0.37959054112434387,700.8189000189304,False,vanilla_rag,0
oa_3826,"At time 126 in context ctx_06, can u_0180 access res_0040?",0,no,1,1.0,0.4894757568836212,2982.358600012958,False,vanilla_rag,0
oa_3827,"At time 106 in context ctx_02, can u_0185 access res_0137?",0,No,1,1.0,0.4769660234451294,704.93120001629,False,vanilla_rag,0
oa_3833,"At time 168 in context ctx_00, can u_0126 access res_0043?",0,No,1,1.0,0.39930081367492676,803.0203999951482,False,vanilla_rag,0
oa_3852,"At time 75 in context ctx_03, can u_0177 access res_0054?",0,no,1,1.0,0.46996450424194336,2961.603600066155,False,vanilla_rag,0
oa_3857,"At time 143 in context ctx_07, can u_0254 access res_0183?",0,No,1,1.0,0.4595717191696167,847.493999870494,False,vanilla_rag,0
oa_3861,"At time 163 in context ctx_03, can u_0145 access res_0115?",0,no,1,1.0,0.4668963849544525,2945.0979998800904,False,vanilla_rag,0
oa_3862,"At time 139 in context ctx_03, can u_0045 access res_0170?",0,No,1,1.0,0.4400610625743866,2931.331600062549,False,vanilla_rag,0
oa_3863,"At time 196 in context ctx_04, can u_0393 access res_0171?",0,no,1,1.0,0.4385717809200287,2887.3798998538405,False,vanilla_rag,0
oa_3867,"At time 198 in context ctx_06, can u_0413 access res_0027?",0,no,1,1.0,0.47742292284965515,2853.99299999699,False,vanilla_rag,0
oa_3872,"At time 184 in context ctx_00, can u_0422 access res_0030?",0,no,1,1.0,0.4602450430393219,2807.7306000050157,False,vanilla_rag,0
oa_3877,"At time 75 in context ctx_03, can u_0369 access res_0116?",0,No,1,1.0,0.46119216084480286,788.1000000052154,False,vanilla_rag,0
oa_3883,"At time 181 in context ctx_05, can u_0160 access res_0121?",0,No,1,1.0,0.4523116648197174,673.1195000465959,False,vanilla_rag,0
oa_3896,"At time 76 in context ctx_04, can u_0030 access res_0049?",0,No,1,1.0,0.4527864158153534,3060.756799997762,False,vanilla_rag,0
oa_3903,"At time 77 in context ctx_05, can u_0026 access res_0096?",0,No,1,1.0,0.48768627643585205,3307.6565000228584,False,vanilla_rag,0
oa_3904,"At time 149 in context ctx_05, can u_0340 access res_0059?",0,No,1,1.0,0.4710315763950348,801.3036998454481,False,vanilla_rag,0
oa_3905,"At time 175 in context ctx_07, can u_0470 access res_0158?",0,no,1,1.0,0.44357892870903015,3013.3567000739276,False,vanilla_rag,0
oa_3907,"At time 170 in context ctx_02, can u_0372 access res_0044?",0,No,1,1.0,0.4484844207763672,2941.981100011617,False,vanilla_rag,0
oa_3916,"At time 182 in context ctx_06, can u_0432 access res_0028?",0,no,1,1.0,0.46932268142700195,2940.766799962148,False,vanilla_rag,0
oa_3924,"At time 79 in context ctx_07, can u_0069 access res_0077?",0,No,1,1.0,0.47491344809532166,2977.6061999145895,False,vanilla_rag,0
oa_3925,"At time 68 in context ctx_04, can u_0248 access res_0124?",0,No,1,1.0,0.4580726623535156,2845.1194998342544,False,vanilla_rag,0
oa_3941,"At time 178 in context ctx_02, can u_0069 access res_0073?",0,No,1,1.0,0.47729936242103577,722.1068998333067,False,vanilla_rag,0
oa_3943,"At time 186 in context ctx_02, can u_0140 access res_0013?",0,no,1,1.0,0.4695400893688202,2859.1698999516666,False,vanilla_rag,0
oa_3950,"At time 108 in context ctx_04, can u_0350 access res_0021?",0,No,1,1.0,0.3976898491382599,2978.112299926579,False,vanilla_rag,0
oa_3959,"At time 114 in context ctx_02, can u_0226 access res_0132?",0,No,1,1.0,0.43668103218078613,3037.4591001309454,False,vanilla_rag,0
oa_3980,"At time 70 in context ctx_06, can u_0042 access res_0089?",0,no,1,1.0,0.4660457670688629,3073.9532001316547,False,vanilla_rag,0
oa_3982,"At time 83 in context ctx_03, can u_0031 access res_0051?",0,No,1,1.0,0.4789597690105438,707.0917000528425,False,vanilla_rag,0
oa_3984,"At time 171 in context ctx_03, can u_0106 access res_0070?",0,No,1,1.0,0.480045884847641,2931.108299875632,False,vanilla_rag,0
oa_3991,"At time 79 in context ctx_07, can u_0030 access res_0150?",0,No,1,1.0,0.4564078748226166,725.4325000103563,False,vanilla_rag,0
oa_3996,"At time 196 in context ctx_04, can u_0224 access res_0067?",0,No,1,1.0,0.4233267307281494,2973.2949999161065,False,vanilla_rag,0
oa_4002,"At time 106 in context ctx_02, can u_0242 access res_0105?",0,No,1,1.0,0.46940693259239197,736.6003000643104,False,vanilla_rag,0
oa_4004,"At time 146 in context ctx_02, can u_0103 access res_0004?",0,No,1,1.0,0.4917891323566437,2897.3738001659513,False,vanilla_rag,0
oa_4016,"At time 82 in context ctx_02, can u_0176 access res_0078?",0,No,1,1.0,0.4854513108730316,2871.721399948001,False,vanilla_rag,0
oa_4029,"At time 116 in context ctx_04, can u_0450 access res_0121?",0,no,1,1.0,0.4065137803554535,2814.8836998734623,False,vanilla_rag,0
oa_4035,"At time 143 in context ctx_07, can u_0014 access res_0059?",0,No,1,1.0,0.4998569190502167,3010.9170000068843,False,vanilla_rag,0
oa_4036,"At time 156 in context ctx_04, can u_0473 access res_0180?",0,no,1,1.0,0.4378981590270996,3049.808499868959,False,vanilla_rag,0
oa_4042,"At time 109 in context ctx_05, can u_0430 access res_0141?",0,no,1,1.0,0.45082521438598633,2981.0037999413908,False,vanilla_rag,0
oa_4043,"At time 171 in context ctx_03, can u_0246 access res_0142?",0,No,1,1.0,0.44917944073677063,795.3276999760419,False,vanilla_rag,0
oa_4050,"At time 153 in context ctx_01, can u_0452 access res_0077?",0,no,1,1.0,0.44101881980895996,3006.447199964896,False,vanilla_rag,0
oa_4051,"At time 186 in context ctx_02, can u_0074 access res_0041?",0,No,1,1.0,0.4678376019001007,769.1552001051605,False,vanilla_rag,0
oa_4058,"At time 162 in context ctx_02, can u_0397 access res_0066?",0,No,1,1.0,0.45475682616233826,2909.4068999402225,False,vanilla_rag,0
oa_4059,"At time 125 in context ctx_05, can u_0319 access res_0111?",0,no,1,1.0,0.4685458838939667,2886.3069999497384,False,vanilla_rag,0
oa_4068,"At time 68 in context ctx_04, can u_0031 access res_0017?",0,No,1,1.0,0.49859121441841125,713.8739000074565,False,vanilla_rag,0
oa_4072,"At time 107 in context ctx_03, can u_0118 access res_0119?",0,No,1,1.0,0.4595019817352295,2777.775499969721,False,vanilla_rag,0
oa_4076,"At time 131 in context ctx_03, can u_0115 access res_0098?",0,No,1,1.0,0.47616735100746155,2828.781899996102,False,vanilla_rag,0
oa_4077,"At time 101 in context ctx_05, can u_0406 access res_0009?",0,No,1,1.0,0.4793255031108856,705.3183000534773,False,vanilla_rag,0
oa_4083,"At time 128 in context ctx_00, can u_0499 access res_0013?",0,no,1,1.0,0.4608316421508789,2751.2705998960882,False,vanilla_rag,0
oa_4084,"At time 160 in context ctx_00, can u_0059 access res_0142?",0,No,1,1.0,0.4260352849960327,707.8265000600368,False,vanilla_rag,0
oa_4108,"At time 194 in context ctx_02, can u_0346 access res_0069?",0,no,1,1.0,0.5097770690917969,3108.091800007969,False,vanilla_rag,0
oa_4115,"At time 162 in context ctx_02, can u_0284 access res_0095?",0,no,1,1.0,0.4684549570083618,3311.764399986714,False,vanilla_rag,0
oa_4125,"At time 103 in context ctx_07, can u_0483 access res_0079?",0,No,1,1.0,0.46352434158325195,756.7217999603599,False,vanilla_rag,0
oa_4134,"At time 154 in context ctx_02, can u_0119 access res_0064?",0,No,1,1.0,0.4869903028011322,729.4395000208169,False,vanilla_rag,0
oa_4136,"At time 106 in context ctx_02, can u_0436 access res_0155?",0,No,1,1.0,0.4370846748352051,791.7949000839144,False,vanilla_rag,0
oa_4152,"At time 118 in context ctx_06, can u_0393 access res_0102?",0,no,1,1.0,0.4923054873943329,2952.559500001371,False,vanilla_rag,0
oa_4154,"At time 154 in context ctx_02, can u_0482 access res_0136?",0,No,1,1.0,0.4888332784175873,789.5045999903232,False,vanilla_rag,0
oa_4161,"At time 143 in context ctx_07, can u_0051 access res_0024?",0,No,1,1.0,0.43375977873802185,3035.423400113359,False,vanilla_rag,0
oa_4164,"At time 71 in context ctx_07, can u_0359 access res_0100?",0,No,1,1.0,0.48496314883232117,2965.2935001067817,False,vanilla_rag,0
oa_4166,"At time 197 in context ctx_05, can u_0129 access res_0038?",0,no,1,1.0,0.48084259033203125,2793.293100083247,False,vanilla_rag,0
oa_4188,"At time 177 in context ctx_01, can u_0057 access res_0143?",0,no,1,1.0,0.4341479539871216,2803.2883000560105,False,vanilla_rag,0
oa_4231,"At time 142 in context ctx_06, can u_0159 access res_0021?",0,no,1,1.0,0.4964456856250763,2809.567700140178,False,vanilla_rag,0
oa_4243,"At time 67 in context ctx_03, can u_0468 access res_0075?",0,No,1,1.0,0.4934622347354889,2973.8119000103325,False,vanilla_rag,0
oa_4251,"At time 137 in context ctx_01, can u_0320 access res_0070?",0,no,1,1.0,0.435731440782547,3092.638500034809,False,vanilla_rag,0
oa_4260,"At time 76 in context ctx_04, can u_0369 access res_0059?",0,No The given facts do not provide any information about whether u_0369 can access res_005,1,1.0,0.4727914333343506,3001.49769987911,False,vanilla_rag,0
oa_4266,"At time 135 in context ctx_07, can u_0096 access res_0090?",0,no,1,1.0,0.46649715304374695,2962.3064999468625,False,vanilla_rag,0
oa_4269,"At time 198 in context ctx_06, can u_0214 access res_0180?",0,No,1,1.0,0.48904791474342346,792.566099902615,False,vanilla_rag,0
oa_4274,"At time 163 in context ctx_03, can u_0264 access res_0194?",0,no,1,1.0,0.4715776741504669,2916.9304999522865,False,vanilla_rag,0
oa_4284,"At time 64 in context ctx_00, can u_0391 access res_0010?",0,no,1,1.0,0.4772908389568329,2952.5101999752223,False,vanilla_rag,0
oa_4287,"At time 152 in context ctx_00, can u_0478 access res_0076?",0,no,1,1.0,0.4653949737548828,2795.600299956277,False,vanilla_rag,0
oa_4290,"At time 108 in context ctx_04, can u_0029 access res_0017?",0,no,1,1.0,0.44195556640625,2796.020200010389,False,vanilla_rag,0
oa_4297,"At time 185 in context ctx_01, can u_0202 access res_0096?",0,No,1,1.0,0.46454039216041565,736.7115998640656,False,vanilla_rag,0
oa_4301,"At time 142 in context ctx_06, can u_0269 access res_0105?",0,No,1,1.0,0.5051630735397339,3131.0419000219554,False,vanilla_rag,0
oa_4307,"At time 147 in context ctx_03, can u_0196 access res_0190?",0,No,1,1.0,0.4870857298374176,795.9226001985371,False,vanilla_rag,0
oa_4309,"At time 179 in context ctx_03, can u_0108 access res_0043?",0,No,1,1.0,0.4414041340351105,800.1845001708716,False,vanilla_rag,0
oa_4321,"At time 143 in context ctx_07, can u_0006 access res_0046?",0,No,1,1.0,0.4427753984928131,3027.9916001018137,False,vanilla_rag,0
oa_4328,"At time 95 in context ctx_07, can u_0383 access res_0115?",0,No,1,1.0,0.4878492057323456,777.7613999787718,False,vanilla_rag,0
oa_4335,"At time 160 in context ctx_00, can u_0126 access res_0008?",0,No,1,1.0,0.41652002930641174,2986.162200104445,False,vanilla_rag,0
oa_4337,"At time 158 in context ctx_06, can u_0479 access res_0045?",0,No,1,1.0,0.4819914400577545,3086.594899883494,False,vanilla_rag,0
oa_4340,"At time 134 in context ctx_06, can u_0091 access res_0168?",0,No,1,1.0,0.4893210828304291,2898.309899959713,False,vanilla_rag,0
oa_4343,"At time 192 in context ctx_00, can u_0413 access res_0068?",0,No,1,1.0,0.37560030817985535,2864.263999974355,False,vanilla_rag,0
oa_4362,"At time 125 in context ctx_05, can u_0052 access res_0114?",0,No,1,1.0,0.4726690948009491,697.2793999593705,False,vanilla_rag,0
oa_4368,"At time 166 in context ctx_06, can u_0432 access res_0177?",0,no,1,1.0,0.4717957675457001,2809.7820000257343,False,vanilla_rag,0
oa_4376,"At time 143 in context ctx_07, can u_0345 access res_0092?",0,No,1,1.0,0.46659407019615173,715.6962999142706,False,vanilla_rag,0
oa_4386,"At time 196 in context ctx_04, can u_0268 access res_0012?",0,no,1,1.0,0.4594150483608246,2761.960499919951,False,vanilla_rag,0
oa_4406,"At time 134 in context ctx_06, can u_0296 access res_0192?",0,No,1,1.0,0.4858691692352295,717.9805000778288,False,vanilla_rag,0
oa_4420,"At time 123 in context ctx_03, can u_0379 access res_0015?",0,No,1,1.0,0.48371052742004395,2760.2421999908984,False,vanilla_rag,0
oa_4426,"At time 175 in context ctx_07, can u_0084 access res_0055?",0,no,1,1.0,0.4475420415401459,2765.0444998871535,False,vanilla_rag,0
oa_4428,"At time 123 in context ctx_03, can u_0037 access res_0026?",0,No,1,1.0,0.43361759185791016,2837.2440999373794,False,vanilla_rag,0
oa_4435,"At time 73 in context ctx_01, can u_0078 access res_0098?",0,yes,0,0.0,0.5295882821083069,2906.1032000463456,False,vanilla_rag,0
oa_4446,"At time 78 in context ctx_06, can u_0101 access res_0134?",0,No,1,1.0,0.48718735575675964,809.6219000872225,False,vanilla_rag,0
oa_4448,"At time 171 in context ctx_03, can u_0072 access res_0058?",0,no,1,1.0,0.479163259267807,2988.952800165862,False,vanilla_rag,0
oa_4456,"At time 80 in context ctx_00, can u_0228 access res_0039?",0,No,1,1.0,0.38742485642433167,2989.9180999491364,False,vanilla_rag,0
oa_4459,"At time 119 in context ctx_07, can u_0045 access res_0019?",0,No,1,1.0,0.5322842001914978,3007.7484999783337,False,vanilla_rag,0
oa_4476,"At time 113 in context ctx_01, can u_0183 access res_0132?",0,No,1,1.0,0.46981778740882874,770.6740000285208,False,vanilla_rag,0
oa_4482,"At time 196 in context ctx_04, can u_0290 access res_0009?",0,no,1,1.0,0.44245490431785583,2908.9981999713928,False,vanilla_rag,0
oa_4484,"At time 136 in context ctx_00, can u_0259 access res_0058?",0,no,1,1.0,0.44644853472709656,2919.9487001169473,False,vanilla_rag,0
oa_4493,"At time 180 in context ctx_04, can u_0126 access res_0110?",0,no,1,1.0,0.38544073700904846,2875.3196999896318,False,vanilla_rag,0
oa_4494,"At time 74 in context ctx_02, can u_0392 access res_0038?",0,no,1,1.0,0.47248968482017517,2897.961199982092,False,vanilla_rag,0
oa_4495,"At time 154 in context ctx_02, can u_0153 access res_0078?",0,No,1,1.0,0.5103015303611755,2983.513900078833,False,vanilla_rag,0
oa_4498,"At time 103 in context ctx_07, can u_0379 access res_0147?",0,No,1,1.0,0.46960148215293884,742.3672000877559,False,vanilla_rag,0
oa_4506,"At time 194 in context ctx_02, can u_0431 access res_0060?",0,No,1,1.0,0.49706777930259705,3034.134600078687,False,vanilla_rag,0
oa_4512,"At time 74 in context ctx_02, can u_0421 access res_0186?",0,No,1,1.0,0.4497976303100586,2992.149999830872,False,vanilla_rag,0
oa_4515,"At time 172 in context ctx_04, can u_0449 access res_0045?",0,No The given facts do not provide any information about whether u_0449 can access res_004,1,1.0,0.4181884527206421,3045.292899943888,False,vanilla_rag,0
oa_4521,"At time 74 in context ctx_02, can u_0078 access res_0042?",0,no,1,1.0,0.48757192492485046,2973.693300038576,False,vanilla_rag,0
oa_4526,"At time 82 in context ctx_02, can u_0025 access res_0168?",0,No,1,1.0,0.4722028970718384,2859.6342999953777,False,vanilla_rag,0
oa_4558,"At time 168 in context ctx_00, can u_0499 access res_0032?",0,no,1,1.0,0.4416360557079315,2900.8504000958055,False,vanilla_rag,0
oa_4561,"At time 180 in context ctx_04, can u_0287 access res_0003?",0,no,1,1.0,0.39518463611602783,2795.1561000663787,False,vanilla_rag,0
oa_4573,"At time 191 in context ctx_07, can u_0276 access res_0008?",0,No,1,1.0,0.5110835433006287,680.1274998579174,False,vanilla_rag,0
oa_4574,"At time 142 in context ctx_06, can u_0312 access res_0068?",0,no,1,1.0,0.5086309909820557,2978.9795000106096,False,vanilla_rag,0
oa_4585,"At time 148 in context ctx_04, can u_0345 access res_0190?",0,No,1,1.0,0.4622977077960968,2998.2759000267833,False,vanilla_rag,0
oa_4594,"At time 74 in context ctx_02, can u_0215 access res_0014?",0,No,1,1.0,0.49435070157051086,835.9935998450965,False,vanilla_rag,0
oa_4599,"At time 181 in context ctx_05, can u_0204 access res_0124?",0,No,1,1.0,0.46239742636680603,737.0464000850916,False,vanilla_rag,0
oa_4605,"At time 190 in context ctx_06, can u_0074 access res_0121?",0,no,1,1.0,0.4666840732097626,3104.1399999521673,False,vanilla_rag,0
oa_4617,"At time 71 in context ctx_07, can u_0464 access res_0010?",0,No,1,1.0,0.4821068048477173,2933.216900099069,False,vanilla_rag,0
oa_4624,"At time 160 in context ctx_00, can u_0463 access res_0077?",0,No,1,1.0,0.41855692863464355,2943.031000206247,False,vanilla_rag,0
oa_4638,"At time 158 in context ctx_06, can u_0461 access res_0093?",0,no,1,1.0,0.48387959599494934,2882.092400221154,False,vanilla_rag,0
oa_4640,"At time 124 in context ctx_04, can u_0344 access res_0028?",0,No,1,1.0,0.46995922923088074,2831.3625999726355,False,vanilla_rag,0
oa_4642,"At time 187 in context ctx_03, can u_0201 access res_0181?",0,No,1,1.0,0.5137508511543274,766.1744998767972,False,vanilla_rag,0
oa_4648,"At time 173 in context ctx_05, can u_0295 access res_0012?",0,no,1,1.0,0.4803476631641388,2827.1216999273747,False,vanilla_rag,0
oa_4649,"At time 188 in context ctx_04, can u_0227 access res_0087?",0,no,1,1.0,0.4679858684539795,2865.7098000403494,False,vanilla_rag,0
oa_4654,"At time 165 in context ctx_05, can u_0162 access res_0137?",0,no,1,1.0,0.463695764541626,2769.974600058049,False,vanilla_rag,0
oa_4656,"At time 153 in context ctx_01, can u_0417 access res_0072?",0,no,1,1.0,0.43934062123298645,3039.3144998233765,False,vanilla_rag,0
oa_4662,"At time 165 in context ctx_05, can u_0346 access res_0035?",0,no,1,1.0,0.4253710210323334,3380.282999947667,False,vanilla_rag,0
oa_4663,"At time 77 in context ctx_05, can u_0289 access res_0000?",0,No,1,1.0,0.49534106254577637,3193.8073001801968,False,vanilla_rag,0
oa_4677,"At time 191 in context ctx_07, can u_0180 access res_0045?",0,No,1,1.0,0.5006560683250427,2973.8382999785244,False,vanilla_rag,0
oa_4701,"At time 94 in context ctx_06, can u_0185 access res_0164?",0,No,1,1.0,0.49074414372444153,762.7061000093818,False,vanilla_rag,0
oa_4704,"At time 197 in context ctx_05, can u_0163 access res_0181?",0,no,1,1.0,0.496162086725235,2972.8012999985367,False,vanilla_rag,0
oa_4705,"At time 178 in context ctx_02, can u_0474 access res_0177?",0,no,1,1.0,0.4559430778026581,2903.4694000147283,False,vanilla_rag,0
oa_4709,"At time 187 in context ctx_03, can u_0364 access res_0109?",0,no,1,1.0,0.4920934736728668,2861.1555001698434,False,vanilla_rag,0
oa_4713,"At time 191 in context ctx_07, can u_0241 access res_0011?",0,No,1,1.0,0.5277864933013916,710.0253999233246,False,vanilla_rag,0
oa_4715,"At time 188 in context ctx_04, can u_0107 access res_0094?",0,no,1,1.0,0.48688969016075134,2890.9774001222104,False,vanilla_rag,0
oa_4718,"At time 187 in context ctx_03, can u_0128 access res_0185?",0,No,1,1.0,0.5099825263023376,829.7514000441879,False,vanilla_rag,0
oa_4725,"At time 89 in context ctx_01, can u_0250 access res_0064?",0,no,1,1.0,0.46958979964256287,3145.594700006768,False,vanilla_rag,0
oa_4729,"At time 117 in context ctx_05, can u_0340 access res_0025?",0,No,1,1.0,0.47589579224586487,2964.3953999038786,False,vanilla_rag,0
oa_4734,"At time 186 in context ctx_02, can u_0333 access res_0116?",0,No,1,1.0,0.4503803551197052,741.1625999957323,False,vanilla_rag,0
oa_4743,"At time 130 in context ctx_02, can u_0323 access res_0035?",0,No,1,1.0,0.42995384335517883,2984.516400145367,False,vanilla_rag,0
oa_4748,"At time 124 in context ctx_04, can u_0140 access res_0096?",0,No,1,1.0,0.49551936984062195,2980.98889994435,False,vanilla_rag,0
oa_4754,"At time 185 in context ctx_01, can u_0317 access res_0173?",0,no,1,1.0,0.43357518315315247,2860.392300179228,False,vanilla_rag,0
oa_4756,"At time 196 in context ctx_04, can u_0147 access res_0111?",0,No,1,1.0,0.41705361008644104,2773.681899998337,False,vanilla_rag,0
oa_4758,"At time 171 in context ctx_03, can u_0412 access res_0075?",0,No,1,1.0,0.46821847558021545,2829.2223000898957,False,vanilla_rag,0
oa_4772,"At time 162 in context ctx_02, can u_0425 access res_0117?",0,No,1,1.0,0.4227144718170166,699.7025001328439,False,vanilla_rag,0
oa_4779,"At time 155 in context ctx_03, can u_0320 access res_0178?",0,no,1,1.0,0.47686347365379333,3083.824299974367,False,vanilla_rag,0
oa_4781,"At time 80 in context ctx_00, can u_0211 access res_0026?",0,No,1,1.0,0.3629910945892334,2991.558999987319,False,vanilla_rag,0
oa_4791,"At time 139 in context ctx_03, can u_0043 access res_0063?",0,No,1,1.0,0.42907634377479553,807.2828000877053,False,vanilla_rag,0
oa_4809,"At time 154 in context ctx_02, can u_0107 access res_0198?",0,No,1,1.0,0.5185879468917847,2889.2971000168473,False,vanilla_rag,0
oa_4811,"At time 97 in context ctx_01, can u_0217 access res_0163?",0,no,1,1.0,0.5084705948829651,2910.2392999920994,False,vanilla_rag,0
oa_4813,"At time 118 in context ctx_06, can u_0459 access res_0041?",0,no,1,1.0,0.48952940106391907,3004.100800026208,False,vanilla_rag,0
oa_4820,"At time 157 in context ctx_05, can u_0054 access res_0107?",0,no,1,1.0,0.480330228805542,2899.746699957177,False,vanilla_rag,0
oa_4831,"At time 138 in context ctx_02, can u_0151 access res_0047?",0,No,1,1.0,0.46948865056037903,2926.06749990955,False,vanilla_rag,0
oa_4840,"At time 196 in context ctx_04, can u_0456 access res_0107?",0,no,1,1.0,0.4163517653942108,2749.2029001004994,False,vanilla_rag,0
oa_4849,"At time 156 in context ctx_04, can u_0466 access res_0146?",0,no,1,1.0,0.43304863572120667,2836.9950000196695,False,vanilla_rag,0
oa_4853,"At time 100 in context ctx_04, can u_0290 access res_0052?",0,No,1,1.0,0.4130736291408539,723.6144000198692,False,vanilla_rag,0
oa_4859,"At time 186 in context ctx_02, can u_0145 access res_0166?",0,No,1,1.0,0.4566720426082611,2812.463500071317,False,vanilla_rag,0
oa_4861,"At time 133 in context ctx_05, can u_0093 access res_0132?",0,No,1,1.0,0.43711236119270325,718.8102998770773,False,vanilla_rag,0
oa_4869,"At time 85 in context ctx_05, can u_0452 access res_0051?",0,no,1,1.0,0.4472707211971283,2818.4392999392003,False,vanilla_rag,0
oa_4874,"At time 101 in context ctx_05, can u_0122 access res_0032?",0,No,1,1.0,0.4739213287830353,690.3937000315636,False,vanilla_rag,0
oa_4875,"At time 109 in context ctx_05, can u_0123 access res_0051?",0,No,1,1.0,0.4494013488292694,849.9705998692662,False,vanilla_rag,0
oa_4884,"At time 141 in context ctx_05, can u_0471 access res_0033?",0,no,1,1.0,0.47488507628440857,3137.444900115952,False,vanilla_rag,0
oa_4906,"At time 119 in context ctx_07, can u_0075 access res_0193?",0,no,1,1.0,0.5151730179786682,3042.1364000067115,False,vanilla_rag,0
oa_4907,"At time 76 in context ctx_04, can u_0097 access res_0155?",0,No,1,1.0,0.4667440354824066,775.007100077346,False,vanilla_rag,0
oa_4911,"At time 198 in context ctx_06, can u_0260 access res_0131?",0,no,1,1.0,0.5007982850074768,2935.0507999770343,False,vanilla_rag,0
oa_4919,"At time 147 in context ctx_03, can u_0419 access res_0009?",0,no,1,1.0,0.4737371504306793,2978.007599944249,False,vanilla_rag,0
oa_4930,"At time 93 in context ctx_05, can u_0161 access res_0159?",0,yes,0,0.0,0.5201714634895325,2940.2713999152184,False,vanilla_rag,0
oa_4933,"At time 176 in context ctx_00, can u_0062 access res_0033?",0,no,1,1.0,0.4522223472595215,2832.163400016725,False,vanilla_rag,0
oa_4936,"At time 86 in context ctx_06, can u_0442 access res_0163?",0,No,1,1.0,0.4686833620071411,2756.7489000502974,False,vanilla_rag,0
oa_4946,"At time 106 in context ctx_02, can u_0490 access res_0124?",0,No,1,1.0,0.4512878954410553,2800.9205001872033,False,vanilla_rag,0
oa_4947,"At time 193 in context ctx_01, can u_0389 access res_0108?",0,no,1,1.0,0.477342814207077,2926.170299993828,False,vanilla_rag,0
oa_4952,"At time 112 in context ctx_00, can u_0084 access res_0117?",0,No,1,1.0,0.48367390036582947,816.0119000822306,False,vanilla_rag,0
oa_4962,"At time 133 in context ctx_05, can u_0379 access res_0066?",0,No,1,1.0,0.43264463543891907,3035.408099880442,False,vanilla_rag,0
oa_4969,"At time 142 in context ctx_06, can u_0130 access res_0132?",0,no,1,1.0,0.4926145076751709,3105.595299974084,False,vanilla_rag,0
oa_4972,"At time 135 in context ctx_07, can u_0449 access res_0049?",0,No,1,1.0,0.45145663619041443,2974.51169998385,False,vanilla_rag,0
oa_4979,"At time 157 in context ctx_05, can u_0350 access res_0148?",0,no,1,1.0,0.46738386154174805,2931.3413000199944,False,vanilla_rag,0
